Frame,Hydrogen,Donor,Acceptor(s),Donor-Hydrogen Distance,Hydrogen-Acceptor(s) Distance(s),Donor-Acceptor(s) Distance(s),Angle(A-H-D)
0,1,0,[np.int64(180)],0.9685650182627217,[np.float64(2.350759757347042)],[np.float64(3.141222080139853)],[np.float64(138.35866384274968)]
0,2,0,,0.9685650182627303,,,
0,4,3,[np.int64(183)],0.9685650182625721,[np.float64(2.3702670859171304)],[np.float64(3.0014816062910255)],[np.float64(122.28701610347309)]
0,5,3,,0.9685650182625685,,,
0,7,6,[np.int64(186)],0.968565018262742,[np.float64(1.9277408131403386)],[np.float64(2.8669596822501555)],[np.float64(162.690014018183)]
0,8,6,[np.int64(3)],0.9685650182627425,[np.float64(2.028692481155944)],[np.float64(2.8210609127781376)],[np.float64(137.65756999398553)]
0,10,9,[np.int64(387)],0.968565018262726,[np.float64(2.100793089332035)],[np.float64(2.9640802160699464)],[np.float64(147.5559176210045)]
0,11,9,,0.9685650182627417,,,
0,13,12,,0.9685650182627628,,,
0,14,12,[np.int64(9)],0.9685650182627461,[np.float64(2.1807411539132207)],[np.float64(3.0685094423317407)],[np.float64(151.77246016497716)]
0,16,15,[np.int64(42)],0.9685650182627188,[np.float64(1.9711960852242811)],[np.float64(2.898193446192509)],[np.float64(159.46339025544708)]
0,17,15,,0.968565018262727,,,
0,19,18,[np.int64(396)],0.9685650182627434,[np.float64(2.0246622253010527)],[np.float64(2.7245870806745156)],[np.float64(127.47084570372692)]
0,20,18,,0.9685650182626436,,,
0,22,21,[np.int64(165)],0.9685650182626762,[np.float64(2.0840917926628757)],[np.float64(2.9990422081148433)],[np.float64(156.87229790142695)]
0,23,21,,0.968565018262772,,,
0,25,24,,0.9685650182627208,,,
0,26,24,[np.int64(402)],0.9685650182627268,[np.float64(2.1590122348605107)],[np.float64(3.0841307937726645)],[np.float64(159.30445357958254)]
0,28,27,,0.9685650182626655,,,
0,29,27,[np.int64(114)],0.9685650182627503,[np.float64(2.27264942859881)],[np.float64(2.9768155927210853)],[np.float64(128.79675846526675)]
0,31,30,,0.9685650182627672,,,
0,32,30,,0.9685650182627478,,,
0,34,33,,0.9685650182625954,,,
0,35,33,,0.9685650182625739,,,
0,37,36,,0.9685650182626451,,,
0,38,36,,0.9685650182627397,,,
0,40,39,,0.9685650182627311,,,
0,41,39,[np.int64(36)],0.9685650182627381,[np.float64(2.062059146912769)],[np.float64(2.949210342973314)],[np.float64(151.4165741384872)]
0,43,42,,0.9685650182625994,,,
0,44,42,,0.9685650182625991,,,
0,46,45,[np.int64(72)],0.9685650182627193,[np.float64(2.3952786835169655)],[np.float64(3.3621392886927897)],[np.float64(175.97157773577734)]
0,47,45,,0.9685650182627327,,,
0,49,48,,0.9685650182627453,,,
0,50,48,[np.int64(39)],0.9685650182627291,[np.float64(2.2121350427140647)],[np.float64(3.0276342216017444)],[np.float64(141.09972452194052)]
0,52,51,,0.9685650182625767,,,
0,53,51,,0.9685650182625732,,,
0,55,54,[np.int64(57)],0.9685650182624909,[np.float64(2.107052527963311)],[np.float64(3.0184082926215057)],[np.float64(156.14679632245276)]
0,56,54,[np.int64(324)],0.968565018262677,[np.float64(2.396072136143326)],[np.float64(3.1943666745577306)],[np.float64(139.41021169205305)]
0,58,57,[np.int64(60)],0.9685650182627248,[np.float64(2.3996029260594867)],[np.float64(3.087965436021765)],[np.float64(127.64908764701985)]
0,59,57,[np.int64(30)],0.96856501826273,[np.float64(2.2827635686009193)],[np.float64(2.957585478721861)],[np.float64(125.98385735679555)]
0,61,60,,0.96856501826276,,,
0,62,60,,0.9685650182626706,,,
0,64,63,,0.9685650182625131,,,
0,65,63,,0.9685650182625992,,,
0,67,66,,0.9685650182626545,,,
0,68,66,[np.int64(39)],0.9685650182627555,[np.float64(2.07454894079511)],[np.float64(2.9676289545373953)],[np.float64(152.51066493893245)]
0,70,69,,0.96856501826274,,,
0,71,69,,0.9685650182626598,,,
0,73,72,,0.9685650182625803,,,
0,74,72,,0.9685650182624927,,,
0,76,75,[np.int64(72)],0.9685650182627292,[np.float64(2.1124759154921673)],[np.float64(2.9549948086271254)],[np.float64(144.49629929768244)]
0,77,75,[np.int64(66)],0.9685650182627353,[np.float64(2.2919228254556807)],[np.float64(3.0066058346843896)],[np.float64(129.91299745186475)]
0,79,78,[np.int64(153)],0.9685650182627396,[np.float64(2.2809645209024088)],[np.float64(3.187484420252218)],[np.float64(155.45167323542358)]
0,80,78,[np.int64(51)],0.9685650182627339,[np.float64(1.9567975995867042)],[np.float64(2.9084043102679527)],[np.float64(166.88101626858284)]
0,82,81,[np.int64(261)],0.9685650182627249,[np.float64(2.2206804830950846)],[np.float64(3.049996842797993)],[np.float64(142.94278179573115)]
0,83,81,,0.9685650182627313,,,
0,85,84,,0.968565018262597,,,
0,86,84,,0.9685650182625968,,,
0,88,87,[np.int64(267)],0.9685650182627249,[np.float64(2.161031386246967)],[np.float64(2.9368312748873784)],[np.float64(136.10854523992595)]
0,89,87,,0.96856501826273,,,
0,91,90,,0.9685650182627239,,,
0,92,90,[np.int64(117)],0.9685650182627422,[np.float64(2.2519367331399094)],[np.float64(3.0215508304098506)],[np.float64(135.66935203421724)]
0,94,93,,0.9685650182627548,,,
0,95,93,[np.int64(90)],0.9685650182627449,[np.float64(2.387770789017286)],[np.float64(3.053827216595272)],[np.float64(125.50451314021507)]
0,97,96,[np.int64(123)],0.968565018262723,[np.float64(1.9382252402868911)],[np.float64(2.8501171393070863)],[np.float64(155.93778882968755)]
0,98,96,[np.int64(9)],0.9685650182627321,[np.float64(2.1201336899858374)],[np.float64(3.0280623838150516)],[np.float64(155.46264672028585)]
0,100,99,[np.int64(102)],0.9685650182626737,[np.float64(2.3648554595790516)],[np.float64(3.0177284267841453)],[np.float64(124.21668240239832)]
0,101,99,[np.int64(126)],0.9685650182626795,[np.float64(2.345482413437427)],[np.float64(3.11939232116333)],[np.float64(136.4169071376024)]
0,103,102,[np.int64(246)],0.9685650182627672,[np.float64(2.324890257319072)],[np.float64(3.205161587999708)],[np.float64(150.76151078649673)]
0,104,102,[np.int64(105)],0.9685650182627663,[np.float64(2.3671525199898045)],[np.float64(3.1900929058393683)],[np.float64(142.44371124206293)]
0,106,105,,0.9685650182627228,,,
0,107,105,[np.int64(483)],0.9685650182627332,[np.float64(2.3832371794206506)],[np.float64(3.1578992702794246)],[np.float64(136.60101565330743)]
0,109,108,,0.968565018262667,,,
0,110,108,[np.int64(33)],0.9685650182627598,[np.float64(2.3179849994776327)],[np.float64(3.0371000887950435)],[np.float64(130.4434354818489)]
0,112,111,,0.9685650182626775,,,
0,113,111,,0.9685650182627631,,,
0,115,114,[np.int64(87)],0.9685650182625077,[np.float64(2.3650641819950713)],[np.float64(3.2441741038540903)],[np.float64(150.6409848050508)]
0,116,114,[np.int64(294)],0.9685650182625865,[np.float64(2.1901797880105023)],[np.float64(3.0839448079830527)],[np.float64(152.86554018488735)]
0,118,117,,0.9685650182627137,,,
0,119,117,,0.9685650182627119,,,
0,121,120,,0.9685650182627108,,,
0,122,120,[np.int64(117)],0.968565018262713,[np.float64(2.11562625148106)],[np.float64(3.0001439220326085)],[np.float64(151.07121243994703)]
0,124,123,,0.968565018262511,,,
0,125,123,,0.968565018262517,,,
0,127,126,,0.9685650182627187,,,
0,128,126,,0.9685650182627348,,,
0,130,129,[np.int64(132)],0.9685650182626658,[np.float64(1.9789223749696367)],[np.float64(2.8134067577758746)],[np.float64(142.98739344297744)]
0,131,129,,0.9685650182626615,,,
0,133,132,,0.9685650182625636,,,
0,134,132,,0.9685650182625738,,,
0,136,135,[np.int64(138)],0.9685650182625586,[np.float64(2.0174341289977122)],[np.float64(2.945316478771043)],[np.float64(159.76052894798926)]
0,137,135,[np.int64(405)],0.9685650182626486,[np.float64(2.218956581283145)],[np.float64(3.1718785148908983)],[np.float64(167.6492228664889)]
0,139,138,,0.968565018262713,,,
0,140,138,[np.int64(111)],0.9685650182627198,[np.float64(2.235101636344742)],[np.float64(2.935463240615841)],[np.float64(128.29494954885163)]
0,142,141,,0.9685650182627451,,,
0,143,141,,0.9685650182626555,,,
0,145,144,,0.9685650182625781,,,
0,146,144,[np.int64(414)],0.9685650182625769,[np.float64(2.207782932198468)],[np.float64(2.8628161453640995)],[np.float64(123.86690456838464)]
0,148,147,,0.9685650182627261,,,
0,149,147,[np.int64(120)],0.9685650182627334,[np.float64(2.0750754162928855)],[np.float64(3.0101628051086284)],[np.float64(161.7284827339466)]
0,151,150,,0.9685650182627485,,,
0,152,150,[np.int64(147)],0.9685650182626737,[np.float64(1.888455411411965)],[np.float64(2.730754962708641)],[np.float64(143.81675205217408)]
0,154,153,,0.9685650182625751,,,
0,155,153,[np.int64(156)],0.968565018262587,[np.float64(2.330033224304509)],[np.float64(3.0134321151533716)],[np.float64(126.95648373749748)]
0,157,156,[np.int64(153)],0.968565018262734,[np.float64(2.2935878426386953)],[np.float64(3.0134321151533716)],[np.float64(130.44281111392647)]
0,158,156,[np.int64(147)],0.9685650182627312,[np.float64(2.3178512225641734)],[np.float64(2.983721557997703)],[np.float64(125.2605003740242)]
0,160,159,,0.9685650182627233,,,
0,161,159,,0.9685650182627276,,,
0,163,162,,0.9685650182627221,,,
0,164,162,,0.9685650182627328,,,
0,166,165,,0.9685650182625942,,,
0,167,165,[np.int64(543)],0.9685650182625865,[np.float64(2.3395213248642994)],[np.float64(3.266033847439045)],[np.float64(159.88396910995337)]
0,169,168,[np.int64(24)],0.9685650182627408,[np.float64(2.199183491010512)],[np.float64(2.8635000493691636)],[np.float64(124.69862767071237)]
0,170,168,,0.9685650182627517,,,
0,172,171,[np.int64(549)],0.9685650182627336,[np.float64(2.128948929614761)],[np.float64(2.972750362469233)],[np.float64(144.72188450018214)]
0,173,171,[np.int64(180)],0.9685650182627461,[np.float64(2.243012156505904)],[np.float64(3.1416145380979033)],[np.float64(153.85761252014711)]
0,175,174,,0.9685650182627594,,,
0,176,174,[np.int64(171)],0.9685650182627424,[np.float64(2.2607892623388053)],[np.float64(3.1257063560958245)],[np.float64(148.16767757830203)]
0,178,177,[np.int64(204)],0.968565018262734,[np.float64(2.0601229772766896)],[np.float64(2.923990036325367)],[np.float64(147.54675451844545)]
0,179,177,[np.int64(252)],0.9685650182627403,[np.float64(2.238852818499431)],[np.float64(2.8553698647231203)],[np.float64(120.52129803456894)]
0,181,180,[np.int64(183)],0.9685650182627616,[np.float64(2.3062339052158722)],[np.float64(2.9951811230305534)],[np.float64(127.41357159999498)]
0,182,180,,0.9685650182626641,,,
0,184,183,[np.int64(3)],0.9685650182627558,[np.float64(2.071902974131172)],[np.float64(3.0014816062910255)],[np.float64(160.27278141016)]
0,185,183,[np.int64(210)],0.9685650182627513,[np.float64(2.3075533995993833)],[np.float64(3.2094231548789187)],[np.float64(154.58623760156544)]
0,187,186,[np.int64(177)],0.9685650182627086,[np.float64(2.3486712656362845)],[np.float64(3.1326027816569737)],[np.float64(137.58298065136398)]
0,188,186,,0.9685650182627125,,,
0,190,189,[np.int64(198)],0.9685650182627596,[np.float64(2.3022596359738587)],[np.float64(2.997611892418865)],[np.float64(128.0235944405022)]
0,191,189,,0.9685650182627553,,,
0,193,192,,0.9685650182626796,,,
0,194,192,,0.9685650182627649,,,
0,196,195,[np.int64(168)],0.9685650182625765,[np.float64(2.3643220933833557)],[np.float64(3.2678066024266195)],[np.float64(154.98620247965)]
0,197,195,[np.int64(51)],0.9685650182625651,[np.float64(2.2060695882963697)],[np.float64(2.9411634617897824)],[np.float64(131.7495237816395)]
0,199,198,[np.int64(171)],0.9685650182627114,[np.float64(2.367292176222905)],[np.float64(2.9840994505566387)],[np.float64(121.01197960235321)]
0,200,198,,0.9685650182627055,,,
0,202,201,[np.int64(192)],0.9685650182627488,[np.float64(2.2198547380255262)],[np.float64(3.166460610451634)],[np.float64(165.36344402294947)]
0,203,201,,0.9685650182626484,,,
0,205,204,,0.9685650182625144,,,
0,206,204,[np.int64(231)],0.9685650182625949,[np.float64(2.0427125875906924)],[np.float64(2.958363628430347)],[np.float64(156.95131140039257)]
0,208,207,,0.9685650182627188,,,
0,209,207,[np.int64(198)],0.9685650182627179,[np.float64(2.2633911161916007)],[np.float64(3.215102444150446)],[np.float64(167.21773699318874)]
0,211,210,[np.int64(213)],0.9685650182627287,[np.float64(1.6251889542017726)],[np.float64(2.5432385280938488)],[np.float64(156.5737842655046)]
0,212,210,[np.int64(237)],0.9685650182627247,[np.float64(2.090543034434893)],[np.float64(2.9430777969996282)],[np.float64(145.8964909336544)]
0,214,213,[np.int64(288)],0.9685650182625719,[np.float64(2.2854857528813732)],[np.float64(3.2334653076664237)],[np.float64(165.8913219332729)]
0,215,213,,0.9685650182625786,,,
0,217,216,[np.int64(219)],0.9685650182625545,[np.float64(2.354760328274463)],[np.float64(3.1365097698357682)],[np.float64(137.34415876846498)]
0,218,216,[np.int64(486)],0.9685650182626452,[np.float64(2.2908285104787405)],[np.float64(3.231547265505902)],[np.float64(163.59091104020044)]
0,220,219,,0.9685650182627287,,,
0,221,219,,0.9685650182627276,,,
0,223,222,,0.9685650182627404,,,
0,224,222,[np.int64(297)],0.968565018262647,[np.float64(2.3200808373270982)],[np.float64(3.075580774475505)],[np.float64(134.28961957025356)]
0,226,225,,0.9685650182625775,,,
0,227,225,[np.int64(312)],0.9685650182625738,[np.float64(2.203042765635671)],[np.float64(2.896155672658137)],[np.float64(127.47062374265693)]
0,229,228,,0.9685650182627346,,,
0,230,228,[np.int64(201)],0.9685650182627376,[np.float64(1.9931633066757357)],[np.float64(2.955306625020498)],[np.float64(171.95509935707437)]
0,232,231,,0.9685650182627629,,,
0,233,231,,0.9685650182625857,,,
0,235,234,[np.int64(54)],0.9685650182624266,[np.float64(2.178005923298394)],[np.float64(2.8133390277857675)],[np.float64(121.95639541845148)]
0,236,234,[np.int64(237)],0.9685650182624154,[np.float64(2.268579279724329)],[np.float64(3.144012457453549)],[np.float64(149.8560328765725)]
0,238,237,[np.int64(507)],0.9685650182627408,[np.float64(2.254818562356436)],[np.float64(3.1876207670338714)],[np.float64(161.3534026998561)]
0,239,237,[np.int64(228)],0.9685650182627317,[np.float64(1.9451235607248503)],[np.float64(2.769603232822453)],[np.float64(141.50596319128462)]
0,241,240,,0.9685650182626488,,,
0,242,240,[np.int64(213)],0.9685650182627502,[np.float64(1.8863304591323686)],[np.float64(2.828906023157563)],[np.float64(163.6528739214209)]
0,244,243,,0.96856501826272,,,
0,245,243,,0.9685650182627336,,,
0,247,246,,0.9685650182625056,,,
0,248,246,[np.int64(624)],0.9685650182625021,[np.float64(2.313367161877886)],[np.float64(3.276436595619345)],[np.float64(172.72836066820653)]
0,250,249,[np.int64(105)],0.9685650182627314,[np.float64(2.040426867356064)],[np.float64(2.881816594432828)],[np.float64(144.1410288433468)]
0,251,249,[np.int64(246)],0.9685650182627358,[np.float64(2.068298738926798)],[np.float64(2.822672583289807)],[np.float64(133.3732939095665)]
0,253,252,[np.int64(255)],0.9685650182627317,[np.float64(2.317069573947257)],[np.float64(3.1837235714748298)],[np.float64(148.55184600953274)]
0,254,252,[np.int64(261)],0.9685650182627481,[np.float64(2.2432431722784267)],[np.float64(3.1358796314582613)],[np.float64(152.7586427434172)]
0,256,255,,0.9685650182626702,,,
0,257,255,,0.968565018262762,,,
0,259,258,[np.int64(285)],0.9685650182627453,[np.float64(2.1288911981505287)],[np.float64(2.952522289536321)],[np.float64(141.94099523118243)]
0,260,258,[np.int64(171)],0.9685650182626525,[np.float64(2.1017084638562973)],[np.float64(3.055729536246253)],[np.float64(167.99127382486105)]
0,262,261,[np.int64(639)],0.9685650182627396,[np.float64(2.0162782263418273)],[np.float64(2.7894604353482233)],[np.float64(135.328323200661)]
0,263,261,,0.9685650182626453,,,
0,265,264,,0.968565018262758,,,
0,266,264,[np.int64(291)],0.9685650182627472,[np.float64(2.2282816624553807)],[np.float64(3.163024438306084)],[np.float64(161.8356944081133)]
0,268,267,[np.int64(294)],0.9685650182627171,[np.float64(2.344305007605949)],[np.float64(3.252727444238009)],[np.float64(155.92991221411722)]
0,269,267,,0.9685650182627136,,,
0,271,270,,0.968565018262667,,,
0,272,270,[np.int64(195)],0.9685650182627469,[np.float64(2.3611788613050524)],[np.float64(3.171906476266143)],[np.float64(140.86307240457307)]
0,274,273,,0.9685650182626792,,,
0,275,273,[np.int64(270)],0.9685650182627568,[np.float64(2.3558647612174384)],[np.float64(3.0227551681257636)],[np.float64(125.48036017850586)]
0,277,276,,0.9685650182625831,,,
0,278,276,,0.9685650182625719,,,
0,280,279,[np.int64(252)],0.9685650182627262,[np.float64(2.1659990686604034)],[np.float64(3.051681667914934)],[np.float64(151.37806180309798)]
0,281,279,[np.int64(204)],0.968565018262736,[np.float64(2.2653051822309185)],[np.float64(3.0985424159725468)],[np.float64(143.58266226819842)]
0,283,282,,0.9685650182627182,,,
0,284,282,[np.int64(279)],0.9685650182627257,[np.float64(2.0358893863656613)],[np.float64(2.990412185722552)],[np.float64(168.14055575668925)]
0,286,285,,0.9685650182625936,,,
0,287,285,,0.9685650182625941,,,
0,289,288,,0.9685650182627185,,,
0,290,288,,0.9685650182627319,,,
0,292,291,[np.int64(318)],0.968565018262735,[np.float64(2.269781853027067)],[np.float64(2.922734827612827)],[np.float64(123.90035176269113)]
0,293,291,[np.int64(282)],0.9685650182627324,[np.float64(2.361812960437545)],[np.float64(3.2206775857501304)],[np.float64(147.4499808676609)]
0,295,294,[np.int64(321)],0.9685650182625631,[np.float64(2.1536655654463193)],[np.float64(2.900644682359172)],[np.float64(132.85176219579628)]
0,296,294,[np.int64(291)],0.9685650182625695,[np.float64(1.956896284127458)],[np.float64(2.7123114695306714)],[np.float64(133.07813610009356)]
0,298,297,[np.int64(300)],0.9685650182625644,[np.float64(2.255400059841715)],[np.float64(3.185938174590863)],[np.float64(160.77095269764308)]
0,299,297,[np.int64(567)],0.9685650182626533,[np.float64(2.3058018154823725)],[np.float64(3.257256195876712)],[np.float64(167.1559899428193)]
0,301,300,,0.9685650182627428,,,
0,302,300,,0.9685650182627412,,,
0,304,303,,0.9685650182627413,,,
0,305,303,,0.968565018262647,,,
0,307,306,,0.968565018262512,,,
0,308,306,,0.9685650182625125,,,
0,310,309,,0.9685650182627479,,,
0,311,309,[np.int64(282)],0.968565018262745,[np.float64(2.1007598326583077)],[np.float64(2.9645274982288594)],[np.float64(147.63068224545927)]
0,313,312,,0.9685650182627373,,,
0,314,312,,0.9685650182626603,,,
0,316,315,,0.968565018262576,,,
0,317,315,[np.int64(318)],0.9685650182624921,[np.float64(2.366096895576235)],[np.float64(3.0317168357867788)],[np.float64(125.39502044389911)]
0,319,318,[np.int64(315)],0.9685650182627431,[np.float64(2.1450044184223813)],[np.float64(3.0317168357867788)],[np.float64(151.51519588467352)]
0,320,318,,0.9685650182627362,,,
0,322,321,[np.int64(591)],0.9685650182626528,[np.float64(2.3672860010570873)],[np.float64(3.2592839162716944)],[np.float64(152.8584839099576)]
0,323,321,,0.9685650182626605,,,
0,325,324,,0.9685650182625798,,,
0,326,324,[np.int64(333)],0.9685650182625799,[np.float64(2.342952445253133)],[np.float64(3.0349121072835588)],[np.float64(127.82245089563649)]
0,328,327,,0.9685650182625074,,,
0,329,327,,0.9685650182624996,,,
0,331,330,[np.int64(510)],0.9685650182625593,[np.float64(1.923869453656825)],[np.float64(2.727665670764526)],[np.float64(138.72255381609418)]
0,332,330,[np.int64(327)],0.9685650182625615,[np.float64(2.087873915001814)],[np.float64(2.7916514830817922)],[np.float64(128.10703997479484)]
0,334,333,[np.int64(342)],0.9685650182627453,[np.float64(2.3291301523979966)],[np.float64(3.2308792410459177)],[np.float64(154.59768378183432)]
0,335,333,[np.int64(360)],0.9685650182626624,[np.float64(2.0811338377966315)],[np.float64(2.925732434258245)],[np.float64(144.7116847815206)]
0,337,336,,0.9685650182627592,,,
0,338,336,[np.int64(333)],0.9685650182627529,[np.float64(2.3896659791228907)],[np.float64(3.14937981551882)],[np.float64(134.94240445635978)]
0,340,339,[np.int64(366)],0.968565018262652,[np.float64(2.151115246622056)],[np.float64(3.0825356021559216)],[np.float64(160.85878326809433)]
0,341,339,[np.int64(414)],0.9685650182626577,[np.float64(2.069600849666048)],[np.float64(2.761523036902055)],[np.float64(126.85546514993814)]
0,343,342,[np.int64(345)],0.9685650182627631,[np.float64(2.2147519765885564)],[np.float64(2.925885989061555)],[np.float64(129.30334903346198)]
0,344,342,,0.9685650182626776,,,
0,346,345,[np.int64(489)],0.9685650182627643,[np.float64(2.3369958523823593)],[np.float64(3.053011556384482)],[np.float64(130.18646243801382)]
0,347,345,[np.int64(372)],0.9685650182627665,[np.float64(2.3278989567175885)],[np.float64(3.2847762923679333)],[np.float64(169.40225352671763)]
0,349,348,,0.9685650182627221,,,
0,350,348,,0.9685650182627261,,,
0,352,351,,0.9685650182626026,,,
0,353,351,[np.int64(378)],0.9685650182625963,[np.float64(2.100234882090161)],[np.float64(2.861048165183806)],[np.float64(134.20247073057442)]
0,355,354,,0.9685650182627543,,,
0,356,354,[np.int64(534)],0.9685650182627377,[np.float64(2.1759778215022103)],[np.float64(2.861621868405603)],[np.float64(126.64578880710478)]
0,358,357,,0.968565018262599,,,
0,359,357,[np.int64(354)],0.9685650182625807,[np.float64(2.3658835368984277)],[np.float64(3.015321147244176)],[np.float64(123.90721899310489)]
0,361,360,,0.9685650182627167,,,
0,362,360,[np.int64(369)],0.9685650182627229,[np.float64(2.31408800204041)],[np.float64(3.0031309028231394)],[np.float64(127.44822738637447)]
0,364,363,,0.96856501826272,,,
0,365,363,[np.int64(360)],0.9685650182627138,[np.float64(2.336119703148282)],[np.float64(2.9973114253065156)],[np.float64(124.88659978058656)]
0,367,366,[np.int64(357)],0.9685650182625094,[np.float64(2.3927546177780328)],[np.float64(3.199682530123069)],[np.float64(140.46185157736812)]
0,368,366,,0.9685650182626067,,,
0,370,369,[np.int64(513)],0.9685650182626534,[np.float64(2.2809501907397522)],[np.float64(3.17124036263878)],[np.float64(152.40631227773397)]
0,371,369,,0.968565018262735,,,
0,373,372,[np.int64(375)],0.9685650182627605,[np.float64(1.856096639791625)],[np.float64(2.70325149250854)],[np.float64(144.42331520896502)]
0,374,372,[np.int64(363)],0.9685650182627509,[np.float64(2.2687647950488663)],[np.float64(3.097856190198113)],[np.float64(143.02998994102046)]
0,376,375,,0.9685650182625688,,,
0,377,375,,0.9685650182625745,,,
0,379,378,[np.int64(381)],0.9685650182625798,[np.float64(2.065778293396022)],[np.float64(2.944870643257188)],[np.float64(150.03287291163787)]
0,380,378,[np.int64(0)],0.9685650182626757,[np.float64(2.216147949298924)],[np.float64(3.135056656711327)],[np.float64(157.95660485618788)]
0,382,381,,0.9685650182627384,,,
0,383,381,,0.9685650182627407,,,
0,385,384,,0.9685650182627386,,,
0,386,384,[np.int64(459)],0.9685650182626456,[np.float64(2.334960471315329)],[np.float64(3.1224237398293955)],[np.float64(137.96284535373354)]
0,388,387,,0.9685650182625123,,,
0,389,387,,0.9685650182626031,,,
0,391,390,,0.9685650182627428,,,
0,392,390,[np.int64(363)],0.9685650182627421,[np.float64(2.3008705179722417)],[np.float64(3.075127079240785)],[np.float64(136.3364236874013)]
0,394,393,,0.9685650182627386,,,
0,395,393,,0.9685650182626593,,,
0,397,396,,0.9685650182625551,,,
0,398,396,,0.9685650182625629,,,
0,400,399,[np.int64(396)],0.9685650182627524,[np.float64(2.0939867817196736)],[np.float64(2.963080944941171)],[np.float64(148.45581420964012)]
0,401,399,[np.int64(390)],0.9685650182627453,[np.float64(2.0229482411051194)],[np.float64(2.886041146582568)],[np.float64(147.331294021397)]
0,403,402,[np.int64(477)],0.9685650182627172,[np.float64(2.2986015422369235)],[np.float64(3.259934835980303)],[np.float64(171.64989537706262)]
0,404,402,[np.int64(375)],0.9685650182627148,[np.float64(2.0398104881464154)],[np.float64(2.934049461537959)],[np.float64(152.6506740090143)]
0,406,405,,0.968565018262547,,,
0,407,405,,0.9685650182625604,,,
0,409,408,,0.968565018262444,,,
0,410,408,,0.9685650182624411,,,
0,412,411,,0.9685650182626533,,,
0,413,411,[np.int64(408)],0.9685650182627473,[np.float64(1.9817018507400959)],[np.float64(2.8153995673170433)],[np.float64(142.88609175183979)]
0,415,414,[np.int64(423)],0.9685650182627235,[np.float64(2.2690079087306287)],[np.float64(3.2347247659216127)],[np.float64(174.75067265630506)]
0,416,414,[np.int64(441)],0.9685650182627433,[np.float64(1.9696425115570972)],[np.float64(2.9160461721306263)],[np.float64(165.01568631810693)]
0,418,417,,0.968565018262669,,,
0,419,417,,0.9685650182627559,,,
0,421,420,[np.int64(447)],0.9685650182627271,[np.float64(2.0738104769602725)],[np.float64(2.9992146617358713)],[np.float64(159.24265043583264)]
0,422,420,[np.int64(333)],0.9685650182627242,[np.float64(2.2860243263571287)],[np.float64(2.909614130634923)],[np.float64(121.31860842876439)]
0,424,423,[np.int64(153)],0.9685650182627501,[np.float64(1.9262965437395327)],[np.float64(2.769888798595078)],[np.float64(144.12324969694785)]
0,425,423,[np.int64(567)],0.968565018262656,[np.float64(2.122530136591364)],[np.float64(3.012744748155316)],[np.float64(152.09025919185325)]
0,427,426,[np.int64(570)],0.9685650182627521,[np.float64(2.255777695073455)],[np.float64(2.9653748032601004)],[np.float64(129.2845847450955)]
0,428,426,[np.int64(453)],0.9685650182627477,[np.float64(2.3528091329215526)],[np.float64(3.1410915702837148)],[np.float64(138.10528152691182)]
0,430,429,,0.9685650182627079,,,
0,431,429,[np.int64(159)],0.9685650182627126,[np.float64(2.143280402770369)],[np.float64(3.0555971928692327)],[np.float64(156.41167350988704)]
0,433,432,[np.int64(441)],0.9685650182627493,[np.float64(2.346931750481752)],[np.float64(3.0819773941299373)],[np.float64(132.17493676057842)]
0,434,432,[np.int64(357)],0.9685650182627323,[np.float64(2.0335440307821853)],[np.float64(2.9519490814101945)],[np.float64(157.5457051494354)]
0,436,435,,0.968565018262764,,,
0,437,435,,0.9685650182627409,,,
0,439,438,[np.int64(411)],0.9685650182625977,[np.float64(2.196628580313106)],[np.float64(3.1230437082506577)],[np.float64(159.6706676974459)]
0,440,438,,0.9685650182625805,,,
0,442,441,[np.int64(432)],0.9685650182627227,[np.float64(2.2324789352056826)],[np.float64(3.0819773941299373)],[np.float64(145.79316411333886)]
0,443,441,,0.9685650182627223,,,
0,445,444,,0.9685650182627139,,,
0,446,444,[np.int64(441)],0.9685650182627185,[np.float64(2.1128015093047376)],[np.float64(2.962416294624337)],[np.float64(145.5222977903139)]
0,448,447,[np.int64(438)],0.9685650182625111,[np.float64(2.393158787381902)],[np.float64(3.154890175193275)],[np.float64(135.17429941932522)]
0,449,447,[np.int64(360)],0.968565018262518,[np.float64(2.3280521037374418)],[np.float64(3.0756028166618314)],[np.float64(133.44901737569347)]
0,451,450,,0.9685650182627331,,,
0,452,450,[np.int64(441)],0.9685650182627271,[np.float64(2.2464178231069707)],[np.float64(3.0862205509679064)],[np.float64(144.44421963155042)]
0,454,453,[np.int64(480)],0.9685650182627517,[np.float64(2.3714462751203533)],[np.float64(3.0583263885565715)],[np.float64(127.42075298206028)]
0,455,453,,0.9685650182626581,,,
0,457,456,[np.int64(483)],0.9685650182625636,[np.float64(2.086859249420292)],[np.float64(2.870343373403676)],[np.float64(136.77728676496167)]
0,458,456,[np.int64(453)],0.9685650182625692,[np.float64(1.8933397197451)],[np.float64(2.7033730555147555)],[np.float64(139.41523585300365)]
0,460,459,[np.int64(462)],0.9685650182625658,[np.float64(2.105778298644416)],[np.float64(3.0022239331599643)],[np.float64(153.19757127033043)]
0,461,459,[np.int64(81)],0.9685650182626572,[np.float64(2.2951472933502637)],[np.float64(3.221051284680033)],[np.float64(159.68140002654982)]
0,463,462,,0.9685650182627388,,,
0,464,462,[np.int64(435)],0.968565018262743,[np.float64(2.083379944380221)],[np.float64(2.8083202964963117)],[np.float64(130.25855413562005)]
0,466,465,,0.9685650182627731,,,
0,467,465,,0.9685650182625859,,,
0,469,468,,0.9685650182625871,,,
0,470,468,,0.9685650182625869,,,
0,472,471,,0.9685650182627475,,,
0,473,471,[np.int64(444)],0.9685650182627493,[np.float64(1.99199657279728)],[np.float64(2.9266691809698147)],[np.float64(161.4941041022079)]
0,475,474,,0.9685650182627364,,,
0,476,474,,0.9685650182626582,,,
0,478,477,,0.9685650182625634,,,
0,479,477,[np.int64(480)],0.9685650182625778,[np.float64(2.330186951225262)],[np.float64(2.940014052805267)],[np.float64(120.27675243522502)]
0,481,480,[np.int64(477)],0.9685650182627569,[np.float64(2.2486249345863607)],[np.float64(2.940014052805267)],[np.float64(127.45954413856057)]
0,482,480,[np.int64(471)],0.9685650182627483,[np.float64(1.9863399404196995)],[np.float64(2.889730930016117)],[np.float64(154.2902928602086)]
0,484,483,,0.9685650182627269,,,
0,485,483,[np.int64(456)],0.9685650182627219,[np.float64(2.0877337459160703)],[np.float64(2.870343373403676)],[np.float64(136.67632243776274)]
0,487,486,[np.int64(342)],0.9685650182627213,[np.float64(2.3649390298504405)],[np.float64(2.9906538022323157)],[np.float64(121.78334926364157)]
0,488,486,,0.9685650182627296,,,
0,490,489,,0.9685650182625876,,,
0,491,489,,0.9685650182625826,,,
0,493,492,[np.int64(348)],0.9685650182627349,[np.float64(2.1775820177817655)],[np.float64(2.842063466120579)],[np.float64(124.63351781351719)]
0,494,492,[np.int64(489)],0.9685650182627406,[np.float64(2.265599807808686)],[np.float64(2.908881156260513)],[np.float64(123.00370648967352)]
0,496,495,[np.int64(504)],0.9685650182627111,[np.float64(2.19927137897634)],[np.float64(3.1256610928718436)],[np.float64(159.66823773583621)]
0,497,495,[np.int64(522)],0.9685650182627275,[np.float64(1.9277747297894423)],[np.float64(2.8521602901853753)],[np.float64(158.74749493504058)]
0,499,498,,0.9685650182627485,,,
0,500,498,,0.9685650182627357,,,
0,502,501,[np.int64(528)],0.968565018262747,[np.float64(2.0103316152011708)],[np.float64(2.9651850456259936)],[np.float64(168.25721754292982)]
0,503,501,[np.int64(576)],0.9685650182626568,[np.float64(2.260742583052746)],[np.float64(3.061063566800909)],[np.float64(139.31801083654005)]
0,505,504,,0.9685650182627422,,,
0,506,504,,0.968565018262648,,,
0,508,507,,0.9685650182626762,,,
0,509,507,,0.9685650182627715,,,
0,511,510,,0.9685650182627411,,,
0,512,510,,0.9685650182627414,,,
0,514,513,,0.968565018262759,,,
0,515,513,,0.9685650182627447,,,
0,517,516,[np.int64(513)],0.9685650182627649,[np.float64(2.2745862327088227)],[np.float64(3.131002378199432)],[np.float64(146.90439745159307)]
0,518,516,[np.int64(372)],0.9685650182627495,[np.float64(2.2390395095554076)],[np.float64(3.0786938256601792)],[np.float64(144.40610325873342)]
0,520,519,[np.int64(492)],0.9685650182625835,[np.float64(2.253063701634701)],[np.float64(3.205260537875067)],[np.float64(167.39484090651317)]
0,521,519,,0.9685650182625661,,,
0,523,522,,0.9685650182625676,,,
0,524,522,,0.9685650182625652,,,
0,526,525,,0.9685650182627288,,,
0,527,525,[np.int64(522)],0.9685650182627331,[np.float64(2.186784796806721)],[np.float64(3.079210999244024)],[np.float64(152.61562992056494)]
0,529,528,[np.int64(519)],0.96856501826258,[np.float64(2.3408785922737945)],[np.float64(3.2018201136733424)],[np.float64(147.72149086836257)]
0,530,528,[np.int64(603)],0.9685650182625856,[np.float64(2.124287083875913)],[np.float64(2.882490541116059)],[np.float64(133.9904118479105)]
0,532,531,[np.int64(351)],0.9685650182627434,[np.float64(2.2519796558971987)],[np.float64(3.14217926337658)],[np.float64(152.33785108981968)]
0,533,531,,0.968565018262736,,,
0,535,534,,0.9685650182627393,,,
0,536,534,,0.9685650182627364,,,
0,538,537,[np.int64(564)],0.9685650182624136,[np.float64(2.227817739484375)],[np.float64(2.861481551741191)],[np.float64(121.99814497727156)]
0,539,537,[np.int64(534)],0.9685650182624086,[np.float64(2.17612516098024)],[np.float64(2.834822344621137)],[np.float64(124.0875298212486)]
0,541,540,[np.int64(543)],0.9685650182625624,[np.float64(1.9395337801411199)],[np.float64(2.8203147814614287)],[np.float64(150.01515285785243)]
0,542,540,[np.int64(162)],0.9685650182626468,[np.float64(2.2634084421914977)],[np.float64(3.220681802061105)],[np.float64(169.5400855066539)]
0,544,543,,0.968565018262646,,,
0,545,543,[np.int64(516)],0.9685650182626543,[np.float64(2.2554659408916393)],[np.float64(2.9016133665898813)],[np.float64(123.2272730299625)]
0,547,546,[np.int64(168)],0.9685650182627593,[np.float64(2.1051870194470936)],[np.float64(2.7528535799902416)],[np.float64(122.78620784977272)]
0,548,546,,0.9685650182626678,,,
0,550,549,,0.9685650182625903,,,
0,551,549,,0.9685650182625865,,,
0,553,552,,0.9685650182627443,,,
0,554,552,[np.int64(525)],0.9685650182627437,[np.float64(2.2174248186502945)],[np.float64(3.1068936592505922)],[np.float64(152.14378115728323)]
0,556,555,,0.9685650182627578,,,
0,557,555,,0.968565018262681,,,
0,559,558,[np.int64(378)],0.9685650182625664,[np.float64(2.0896217415476706)],[np.float64(2.814100664211651)],[np.float64(130.23331251240944)]
0,560,558,[np.int64(561)],0.9685650182625879,[np.float64(2.31514663748253)],[np.float64(3.068676901191539)],[np.float64(134.06030095438666)]
0,562,561,[np.int64(558)],0.9685650182626689,[np.float64(2.184640453379566)],[np.float64(3.068676901191539)],[np.float64(151.13080043517652)]
0,563,561,[np.int64(552)],0.9685650182627675,[np.float64(1.9978446835770567)],[np.float64(2.7763928669885223)],[np.float64(135.8924696333091)]
0,565,564,,0.968565018262721,,,
0,566,564,[np.int64(537)],0.968565018262716,[np.float64(2.044545018685131)],[np.float64(2.861481551741191)],[np.float64(140.81346269049254)]
0,568,567,[np.int64(594)],0.9685650182627245,[np.float64(2.3849900587946467)],[np.float64(3.2848719613469872)],[np.float64(154.33089861843814)]
0,569,567,,0.9685650182627401,,,
0,571,570,,0.9685650182625807,,,
0,572,570,,0.9685650182625819,,,
0,574,573,[np.int64(429)],0.9685650182627195,[np.float64(2.1329936049289904)],[np.float64(2.8847671892380116)],[np.float64(133.30721387217523)]
0,575,573,[np.int64(600)],0.9685650182627271,[np.float64(2.333772875050411)],[np.float64(3.124767634573726)],[np.float64(138.37894968904575)]
0,577,576,[np.int64(585)],0.9685650182627131,[np.float64(2.3284510739856885)],[np.float64(3.181561936997988)],[np.float64(146.52950091077358)]
0,578,576,[np.int64(603)],0.9685650182627386,[np.float64(2.2534143310729657)],[np.float64(2.984407788527702)],[np.float64(131.46942966951522)]
0,580,579,,0.9685650182627417,,,
0,581,579,,0.9685650182627311,,,
0,583,582,[np.int64(609)],0.9685650182627249,[np.float64(2.095195421442855)],[np.float64(2.994085691214537)],[np.float64(153.63787767026594)]
0,584,582,,0.9685650182627241,,,
0,586,585,[np.int64(315)],0.9685650182625958,[np.float64(1.9936569836192501)],[np.float64(2.720252289404159)],[np.float64(130.08832891958107)]
0,587,585,,0.9685650182625176,,,
0,589,588,[np.int64(408)],0.9685650182627417,[np.float64(2.21364856464231)],[np.float64(3.1003265876118773)],[np.float64(151.6456458593277)]
0,590,588,[np.int64(615)],0.9685650182627412,[np.float64(2.2845248179265263)],[np.float64(3.2384019417919587)],[np.float64(168.08496912804097)]
0,592,591,,0.9685650182627077,,,
0,593,591,,0.9685650182627117,,,
0,595,594,,0.96856501826275,,,
0,596,594,,0.9685650182627379,,,
0,598,597,,0.9685650182626777,,,
0,599,597,,0.9685650182627606,,,
0,601,600,[np.int64(573)],0.9685650182625776,[np.float64(2.3987282983438822)],[np.float64(3.124767634573726)],[np.float64(131.38805453961044)]
0,602,600,,0.9685650182625747,,,
0,604,603,[np.int64(594)],0.968565018262714,[np.float64(2.3633846441951984)],[np.float64(3.167624459831518)],[np.float64(140.0593730542844)]
0,605,603,[np.int64(606)],0.9685650182627091,[np.float64(2.297033150522537)],[np.float64(3.0405232318167448)],[np.float64(132.9234025279216)]
0,607,606,,0.968565018262716,,,
0,608,606,[np.int64(603)],0.9685650182627145,[np.float64(2.273030921038958)],[np.float64(3.0405232318167448)],[np.float64(135.4896124973317)]
0,610,609,,0.9685650182625754,,,
0,611,609,,0.9685650182625749,,,
0,613,612,,0.9685650182626498,,,
0,614,612,[np.int64(603)],0.9685650182627469,[np.float64(2.033038381198298)],[np.float64(2.9743507353955243)],[np.float64(163.4650962018401)]
0,616,615,[np.int64(618)],0.9685650182627418,[np.float64(1.892518131537364)],[np.float64(2.8102448697546305)],[np.float64(157.1248330174898)]
0,617,615,,0.9685650182627326,,,
0,619,618,[np.int64(645)],0.968565018262571,[np.float64(1.9429045131153466)],[np.float64(2.835583068288675)],[np.float64(152.14372414246054)]
0,620,618,,0.9685650182625734,,,
0,622,621,[np.int64(624)],0.9685650182624905,[np.float64(2.229604394816363)],[np.float64(3.0420979658443255)],[np.float64(140.76002743864075)]
0,623,621,[np.int64(243)],0.9685650182625848,[np.float64(2.309513194144354)],[np.float64(3.2343903460297865)],[np.float64(159.45622859797186)]
0,625,624,,0.9685650182627153,,,
0,626,624,[np.int64(597)],0.9685650182627208,[np.float64(2.04148400764045)],[np.float64(2.8797269195004853)],[np.float64(143.69784367235826)]
0,628,627,,0.9685650182627581,,,
0,629,627,[np.int64(540)],0.9685650182626632,[np.float64(2.2676245570904308)],[np.float64(3.117462679550578)],[np.float64(145.92157637085532)]
0,631,630,,0.968565018262513,,,
0,632,630,,0.9685650182626075,,,
0,634,633,,0.9685650182627272,,,
0,635,633,[np.int64(606)],0.9685650182627243,[np.float64(1.9935456865137307)],[np.float64(2.9360014720264904)],[np.float64(163.76498929776665)]
0,637,636,,0.9685650182627724,,,
0,638,636,,0.968565018262584,,,
0,640,639,[np.int64(459)],0.9685650182625851,[np.float64(2.0722250241753284)],[np.float64(2.828789876873937)],[np.float64(133.63090909745102)]
0,641,639,[np.int64(642)],0.9685650182624936,[np.float64(2.2415321819858356)],[np.float64(3.0096003501167274)],[np.float64(135.4638042586844)]
0,643,642,[np.int64(639)],0.9685650182627498,[np.float64(2.052303380497084)],[np.float64(3.0096003501167274)],[np.float64(169.3914044688415)]
0,644,642,,0.9685650182627396,,,
0,646,645,,0.9685650182627251,,,
0,647,645,[np.int64(618)],0.9685650182627238,[np.float64(2.130986273670723)],[np.float64(2.835583068288675)],[np.float64(128.35067729896906)]
50,1,0,,0.9685650182625579,,,
50,2,0,,0.9685650182625639,,,
50,4,3,[np.int64(183)],0.9685650182625062,[np.float64(2.2566470097552744)],[np.float64(3.038721593710341)],[np.float64(137.11932098326292)]
50,5,3,[np.int64(30)],0.9685650182624993,[np.float64(1.9482101329053179)],[np.float64(2.8790691676345372)],[np.float64(160.4060417738733)]
50,7,6,[np.int64(186)],0.9685650182627269,[np.float64(2.3289919526601857)],[np.float64(3.255458843948112)],[np.float64(159.8597678191495)]
50,8,6,[np.int64(3)],0.9685650182627401,[np.float64(2.177797495479226)],[np.float64(3.1278190164310273)],[np.float64(166.512636978791)]
50,10,9,[np.int64(387)],0.9685650182625819,[np.float64(1.9182710351464194)],[np.float64(2.8073702505632863)],[np.float64(151.42943240259314)]
50,11,9,[np.int64(18)],0.9685650182625818,[np.float64(1.9216932992446343)],[np.float64(2.655595502683585)],[np.float64(130.57186295348717)]
50,13,12,[np.int64(39)],0.9685650182626047,[np.float64(1.8713144282309668)],[np.float64(2.797320447316754)],[np.float64(159.03778631486725)]
50,14,12,,0.9685650182626034,,,
50,16,15,[np.int64(42)],0.968565018262718,[np.float64(2.1339488625436216)],[np.float64(3.0201272736350337)],[np.float64(151.3989167795819)]
50,17,15,[np.int64(6)],0.9685650182627238,[np.float64(1.8777420982496134)],[np.float64(2.8065986403872483)],[np.float64(159.76622837833204)]
50,19,18,[np.int64(162)],0.9685650182625801,[np.float64(1.951040795485963)],[np.float64(2.7101539297354273)],[np.float64(133.47231621330218)]
50,20,18,[np.int64(21)],0.968565018262488,[np.float64(1.846581769532651)],[np.float64(2.785408064106688)],[np.float64(162.44704066825125)]
50,22,21,,0.9685650182627393,,,
50,23,21,[np.int64(12)],0.9685650182627449,[np.float64(2.1962683314893865)],[np.float64(3.0597834152874044)],[np.float64(147.81185566729877)]
50,25,24,,0.9685650182625665,,,
50,26,24,[np.int64(402)],0.9685650182625725,[np.float64(2.0058156065801183)],[np.float64(2.7149497831416416)],[np.float64(128.32575724835556)]
50,28,27,[np.int64(36)],0.9685650182626654,[np.float64(2.0348368216328243)],[np.float64(2.926416223841669)],[np.float64(152.15146588582104)]
50,29,27,[np.int64(54)],0.9685650182625718,[np.float64(1.911192606596454)],[np.float64(2.8662334633898214)],[np.float64(168.24002888399227)]
50,31,30,[np.int64(27)],0.9685650182626155,[np.float64(2.0165111594103213)],[np.float64(2.7598337114112823)],[np.float64(131.96959239569355)]
50,32,30,[np.int64(57)],0.9685650182626061,[np.float64(2.2329877083524257)],[np.float64(2.995203697625732)],[np.float64(134.78013983357388)]
50,34,33,[np.int64(6)],0.9685650182625732,[np.float64(2.0500775281697665)],[np.float64(2.7258191215495122)],[np.float64(125.19977616378941)]
50,35,33,[np.int64(213)],0.9685650182625823,[np.float64(1.9688410358277515)],[np.float64(2.9002185627075607)],[np.float64(160.57543608224128)]
50,37,36,,0.9685650182625849,,,
50,38,36,[np.int64(123)],0.9685650182625858,[np.float64(1.9519373989853526)],[np.float64(2.848098755100816)],[np.float64(152.81545730546546)]
50,40,39,[np.int64(30)],0.9685650182627438,[np.float64(2.053409539778469)],[np.float64(2.976492718551926)],[np.float64(158.656104420038)]
50,41,39,[np.int64(66)],0.9685650182627452,[np.float64(2.044786577953968)],[np.float64(2.9647756806789696)],[np.float64(157.92417198515994)]
50,43,42,[np.int64(39)],0.9685650182624198,[np.float64(2.343305554473044)],[np.float64(3.2670261689091045)],[np.float64(159.22910557580485)]
50,44,42,[np.int64(33)],0.9685650182624259,[np.float64(1.990236582833102)],[np.float64(2.7763085679377104)],[np.float64(136.76315710916842)]
50,46,45,[np.int64(36)],0.9685650182625637,[np.float64(2.394179211048951)],[np.float64(3.2874402681324213)],[np.float64(153.1284151612917)]
50,47,45,[np.int64(18)],0.9685650182626514,[np.float64(2.22682123499405)],[np.float64(3.1060490753550343)],[np.float64(150.39999310250528)]
50,49,48,,0.9685650182626665,,,
50,50,48,[np.int64(75)],0.9685650182626587,[np.float64(2.060458727301982)],[np.float64(2.966761376620046)],[np.float64(155.0220571686104)]
50,52,51,[np.int64(42)],0.9685650182623952,[np.float64(2.078521054006425)],[np.float64(2.835135076557301)],[np.float64(133.658243043236)]
50,53,51,,0.9685650182624895,,,
50,55,54,[np.int64(57)],0.9685650182624912,[np.float64(1.7192021111099698)],[np.float64(2.639656627882502)],[np.float64(157.37446751573367)]
50,56,54,,0.9685650182625828,,,
50,58,57,[np.int64(237)],0.968565018262586,[np.float64(2.1534994575551973)],[np.float64(3.0163059949064057)],[np.float64(147.6055937525565)]
50,59,57,[np.int64(60)],0.9685650182625893,[np.float64(2.094020996982877)],[np.float64(2.7603274606991337)],[np.float64(124.4794426725639)]
50,61,60,[np.int64(240)],0.9685650182626179,[np.float64(2.2243158075134546)],[np.float64(3.158038575243347)],[np.float64(161.55800966660473)]
50,62,60,[np.int64(33)],0.968565018262522,[np.float64(2.034568721823225)],[np.float64(2.8461682612949524)],[np.float64(140.0890285586235)]
50,64,63,,0.96856501826245,,,
50,65,63,[np.int64(150)],0.9685650182624437,[np.float64(1.9433604892087157)],[np.float64(2.8379758210861863)],[np.float64(152.5049136645983)]
50,67,66,[np.int64(63)],0.968565018262657,[np.float64(2.216643302329637)],[np.float64(3.1330521790044306)],[np.float64(157.40672242994614)]
50,68,66,[np.int64(336)],0.9685650182625732,[np.float64(2.0383229228763518)],[np.float64(2.9458148830716415)],[np.float64(155.220437509317)]
50,70,69,[np.int64(144)],0.9685650182626131,[np.float64(2.104755961123655)],[np.float64(3.0489655296367877)],[np.float64(164.4566430068375)]
50,71,69,[np.int64(339)],0.9685650182625177,[np.float64(2.396635850353129)],[np.float64(3.2878570698284433)],[np.float64(152.7682187269485)]
50,73,72,,0.9685650182624259,,,
50,74,72,[np.int64(342)],0.9685650182624218,[np.float64(2.076592030837718)],[np.float64(2.7673604904729725)],[np.float64(126.76944373066915)]
50,76,75,[np.int64(72)],0.9685650182625831,[np.float64(1.9844435246169012)],[np.float64(2.9180254182425864)],[np.float64(161.18612110512953)]
50,77,75,,0.9685650182625842,,,
50,79,78,[np.int64(348)],0.9685650182625694,[np.float64(1.9118700059420568)],[np.float64(2.805213157731897)],[np.float64(152.19250429285466)]
50,80,78,[np.int64(69)],0.9685650182625795,[np.float64(2.384691371490057)],[np.float64(3.314072724166346)],[np.float64(160.63850187451087)]
50,82,81,,0.9685650182625808,,,
50,83,81,,0.9685650182625829,,,
50,85,84,[np.int64(264)],0.9685650182624238,[np.float64(2.107050641119592)],[np.float64(2.7935467284637823)],[np.float64(126.46989235936411)]
50,86,84,,0.9685650182624184,,,
50,88,87,[np.int64(267)],0.9685650182625705,[np.float64(2.204220543163731)],[np.float64(3.1465951064229127)],[np.float64(163.99512035255043)]
50,89,87,,0.9685650182625709,,,
50,91,90,[np.int64(15)],0.9685650182625822,[np.float64(2.2150909523885223)],[np.float64(2.8573518985955455)],[np.float64(122.72517245592009)]
50,92,90,,0.9685650182625917,,,
50,94,93,[np.int64(96)],0.9685650182625877,[np.float64(1.9359628124503936)],[np.float64(2.7836628818168334)],[np.float64(144.75344432160375)]
50,95,93,,0.9685650182625782,,,
50,97,96,,0.9685650182625862,,,
50,98,96,,0.968565018262587,,,
50,100,99,[np.int64(102)],0.9685650182625948,[np.float64(1.872110003530062)],[np.float64(2.7091606085470565)],[np.float64(143.00969028571697)]
50,101,99,[np.int64(126)],0.9685650182625027,[np.float64(2.3818544920732196)],[np.float64(3.279762448880723)],[np.float64(153.95729333390574)]
50,103,102,[np.int64(246)],0.9685650182627578,[np.float64(2.1138794008961455)],[np.float64(2.8789116534287564)],[np.float64(134.72413230947328)]
50,104,102,,0.9685650182627593,,,
50,106,105,,0.9685650182627015,,,
50,107,105,[np.int64(102)],0.9685650182627152,[np.float64(2.2796551966173992)],[np.float64(2.9382073057392635)],[np.float64(124.45077994455914)]
50,109,108,[np.int64(135)],0.9685650182625829,[np.float64(2.20328244393171)],[np.float64(3.1277574948269042)],[np.float64(159.215790405559)]
50,110,108,[np.int64(117)],0.9685650182625783,[np.float64(2.3311610565826895)],[np.float64(2.943010704969036)],[np.float64(120.4552363841865)]
50,112,111,[np.int64(84)],0.9685650182625963,[np.float64(2.359078248000221)],[np.float64(2.978028611732318)],[np.float64(121.17046607952523)]
50,113,111,[np.int64(120)],0.9685650182625779,[np.float64(2.3153121334769207)],[np.float64(3.129092013662116)],[np.float64(141.1399025296041)]
50,115,114,,0.9685650182625057,,,
50,116,114,[np.int64(27)],0.9685650182625064,[np.float64(2.1165775154276583)],[np.float64(2.876149345204444)],[np.float64(134.11779344174576)]
50,118,117,[np.int64(42)],0.9685650182626473,[np.float64(2.080681998018232)],[np.float64(2.9896091535421574)],[np.float64(155.59482639709972)]
50,119,117,[np.int64(144)],0.9685650182626463,[np.float64(1.822263263855036)],[np.float64(2.747151996222976)],[np.float64(158.66646289070735)]
50,121,120,[np.int64(147)],0.9685650182625598,[np.float64(2.014772978803343)],[np.float64(2.8885734581965257)],[np.float64(149.02878667244426)]
50,122,120,[np.int64(117)],0.9685650182625533,[np.float64(2.1325678269067074)],[np.float64(2.856977590997385)],[np.float64(130.38059289699353)]
50,124,123,[np.int64(132)],0.9685650182624438,[np.float64(1.9218386501266749)],[np.float64(2.7022052924880438)],[np.float64(135.83046837842673)]
50,125,123,[np.int64(150)],0.9685650182624489,[np.float64(2.2281705660256703)],[np.float64(2.860107439682572)],[np.float64(121.84493282113901)]
50,127,126,[np.int64(153)],0.9685650182625731,[np.float64(2.052702586296925)],[np.float64(2.7615712558094545)],[np.float64(128.48587005570292)]
50,128,126,[np.int64(117)],0.9685650182625808,[np.float64(2.334040645907754)],[np.float64(3.237244403519139)],[np.float64(154.88514936266026)]
50,130,129,[np.int64(132)],0.9685650182625831,[np.float64(2.220998895489304)],[np.float64(3.1079914250405607)],[np.float64(151.71468433922502)]
50,131,129,,0.9685650182625742,,,
50,133,132,[np.int64(105)],0.968565018262563,[np.float64(2.2891976670411287)],[np.float64(2.92167433417692)],[np.float64(122.1177524870933)]
50,134,132,,0.9685650182625625,,,
50,136,135,[np.int64(138)],0.9685650182624105,[np.float64(1.9066537857452073)],[np.float64(2.7428457624129474)],[np.float64(143.00120187902985)]
50,137,135,[np.int64(315)],0.9685650182624967,[np.float64(2.322448443021248)],[np.float64(2.9379176220788756)],[np.float64(120.73853638411033)]
50,139,138,[np.int64(141)],0.9685650182625926,[np.float64(1.8380079883431224)],[np.float64(2.7817116924293734)],[np.float64(163.9413781486515)]
50,140,138,[np.int64(111)],0.9685650182625842,[np.float64(2.2848902469767656)],[np.float64(3.2090902497072324)],[np.float64(159.26421888190984)]
50,142,141,,0.9685650182626055,,,
50,143,141,[np.int64(321)],0.9685650182625016,[np.float64(1.9204818948897437)],[np.float64(2.7109855265619007)],[np.float64(137.05139159590186)]
50,145,144,[np.int64(135)],0.9685650182624492,[np.float64(1.8881309578961991)],[np.float64(2.834396228483918)],[np.float64(164.86251240258838)]
50,146,144,[np.int64(414)],0.9685650182624446,[np.float64(2.219570523204252)],[np.float64(3.1700995247187134)],[np.float64(166.73728593638828)]
50,148,147,[np.int64(417)],0.9685650182625812,[np.float64(2.245636293184746)],[np.float64(3.039594138254831)],[np.float64(138.50213769209762)]
50,149,147,[np.int64(144)],0.9685650182625901,[np.float64(2.1843504548203745)],[np.float64(2.9008108237140684)],[np.float64(129.7411023854012)]
50,151,150,,0.9685650182627553,,,
50,152,150,,0.9685650182626705,,,
50,154,153,[np.int64(78)],0.9685650182624912,[np.float64(2.1588823127993932)],[np.float64(2.9430750147933313)],[np.float64(137.08548882479369)]
50,155,153,,0.9685650182624921,,,
50,157,156,[np.int64(147)],0.9685650182627584,[np.float64(2.2268906210781307)],[np.float64(2.9597898486995713)],[np.float64(131.58519713818842)]
50,158,156,[np.int64(159)],0.9685650182627692,[np.float64(1.9400483256132874)],[np.float64(2.7887992009767264)],[np.float64(144.92083640189614)]
50,160,159,[np.int64(303)],0.9685650182625555,[np.float64(2.0540536304002472)],[np.float64(2.991858980877864)],[np.float64(162.4596044923465)]
50,161,159,[np.int64(132)],0.9685650182625629,[np.float64(2.3187227861317354)],[np.float64(2.994292526275937)],[np.float64(126.17455193207626)]
50,163,162,,0.9685650182627354,,,
50,164,162,[np.int64(189)],0.9685650182627463,[np.float64(1.7355686751165087)],[np.float64(2.6886170111189225)],[np.float64(167.19006722062133)]
50,166,165,[np.int64(174)],0.9685650182624436,[np.float64(2.0995770981821638)],[np.float64(2.958967304505246)],[np.float64(146.95200065241602)]
50,167,165,,0.9685650182624329,,,
50,169,168,[np.int64(24)],0.9685650182627393,[np.float64(1.8797380360322908)],[np.float64(2.827024548722987)],[np.float64(165.20267395819633)]
50,170,168,[np.int64(165)],0.9685650182627532,[np.float64(2.1766878820453592)],[np.float64(3.0956216210975214)],[np.float64(157.90185872241764)]
50,172,171,[np.int64(549)],0.9685650182627227,[np.float64(2.3761798657946462)],[np.float64(3.247561934581224)],[np.float64(149.40832399208026)]
50,173,171,[np.int64(180)],0.9685650182627308,[np.float64(1.9324554016489206)],[np.float64(2.8212404132956057)],[np.float64(151.40763142614583)]
50,175,174,,0.9685650182625974,,,
50,176,174,,0.9685650182625946,,,
50,178,177,,0.9685650182626507,,,
50,179,177,[np.int64(252)],0.9685650182626567,[np.float64(1.7437165957166976)],[np.float64(2.684415635807089)],[np.float64(162.8388629187926)]
50,181,180,[np.int64(183)],0.9685650182625938,[np.float64(2.116914150125383)],[np.float64(2.973811590834285)],[np.float64(146.6157225765034)]
50,182,180,[np.int64(207)],0.9685650182625057,[np.float64(1.619510812437475)],[np.float64(2.5421395787435506)],[np.float64(157.65045066503706)]
50,184,183,[np.int64(186)],0.9685650182626766,[np.float64(2.0045938148785845)],[np.float64(2.9039522652039724)],[np.float64(153.5414273866141)]
50,185,183,,0.9685650182626766,,,
50,187,186,[np.int64(177)],0.9685650182626447,[np.float64(2.096478996362886)],[np.float64(2.829390772965094)],[np.float64(131.1451111138338)]
50,188,186,[np.int64(564)],0.9685650182626481,[np.float64(2.036458048072183)],[np.float64(2.7007803997926776)],[np.float64(124.05229381043506)]
50,190,189,[np.int64(216)],0.9685650182627412,[np.float64(2.2394880384024853)],[np.float64(3.0847875000186074)],[np.float64(145.20454411576003)]
50,191,189,[np.int64(192)],0.9685650182627428,[np.float64(2.1219353987101006)],[np.float64(3.0830569631655322)],[np.float64(171.42463557297484)]
50,193,192,[np.int64(201)],0.9685650182626785,[np.float64(2.3828810956514537)],[np.float64(3.0442406248606924)],[np.float64(125.05396239846652)]
50,194,192,[np.int64(48)],0.96856501826267,[np.float64(1.8239945204096322)],[np.float64(2.619145509723875)],[np.float64(137.25612962598274)]
50,196,195,[np.int64(168)],0.9685650182625913,[np.float64(1.9749283811856229)],[np.float64(2.7799860715564746)],[np.float64(139.0588177297808)]
50,197,195,[np.int64(51)],0.96856501826259,[np.float64(2.0898029065416526)],[np.float64(3.033920073097243)],[np.float64(164.40961737011628)]
50,199,198,[np.int64(171)],0.9685650182625672,[np.float64(2.3834009004057144)],[np.float64(3.001281483859846)],[np.float64(121.16031117427687)]
50,200,198,,0.96856501826257,,,
50,202,201,[np.int64(198)],0.9685650182627347,[np.float64(2.3090442804712246)],[np.float64(3.0974553054925176)],[np.float64(138.00763982176915)]
50,203,201,,0.9685650182627354,,,
50,205,204,[np.int64(270)],0.9685650182624231,[np.float64(2.3428764918422442)],[np.float64(3.165392709371285)],[np.float64(142.33281642324772)]
50,206,204,[np.int64(201)],0.968565018262423,[np.float64(2.3799073352053477)],[np.float64(3.2010623260567876)],[np.float64(142.23972413865917)]
50,208,207,[np.int64(234)],0.9685650182627162,[np.float64(1.801335673139841)],[np.float64(2.5385793491507767)],[np.float64(130.39769798308245)]
50,209,207,[np.int64(198)],0.9685650182627233,[np.float64(1.8265633044845817)],[np.float64(2.7619417529827994)],[np.float64(161.41983285339703)]
50,211,210,[np.int64(30)],0.9685650182627448,[np.float64(2.0401712482834515)],[np.float64(2.954242122798283)],[np.float64(156.60338240030984)]
50,212,210,[np.int64(207)],0.9685650182627383,[np.float64(1.7225834632225927)],[np.float64(2.6868879597148534)],[np.float64(173.28168755015676)]
50,214,213,"[np.int64(288), np.int64(315)]",0.9685650182624891,"[np.float64(2.0776774550356394), np.float64(2.2194232549947794)]","[np.float64(2.8223730433008254), np.float64(3.087540494579447)]","[np.float64(132.3429977360155), np.float64(148.5812765519955)]"
50,215,213,,0.968565018262394,,,
50,217,216,,0.9685650182624026,,,
50,218,216,,0.9685650182624922,,,
50,220,219,[np.int64(75)],0.9685650182625724,[np.float64(1.976383179782102)],[np.float64(2.936110871857935)],[np.float64(170.5484418221272)]
50,221,219,[np.int64(222)],0.9685650182625722,[np.float64(2.158096651891036)],[np.float64(3.0633717877260493)],[np.float64(154.99724697207026)]
50,223,222,[np.int64(492)],0.9685650182626792,[np.float64(2.1059435736300873)],[np.float64(2.9120055838283756)],[np.float64(139.5994518812284)]
50,224,222,,0.968565018262582,,,
50,226,225,[np.int64(495)],0.9685650182625747,[np.float64(2.06331342524117)],[np.float64(2.949851421050106)],[np.float64(151.31110035250288)]
50,227,225,[np.int64(312)],0.9685650182625722,[np.float64(1.9766963221459664)],[np.float64(2.9438687721612014)],[np.float64(176.2494096877587)]
50,229,228,,0.9685650182625967,,,
50,230,228,[np.int64(231)],0.9685650182625971,[np.float64(1.8824528721003093)],[np.float64(2.7137292289780985)],[np.float64(142.2316666495948)]
50,232,231,[np.int64(306)],0.9685650182626006,[np.float64(2.11883938126865)],[np.float64(3.0591191551172257)],[np.float64(163.26410315557843)]
50,233,231,[np.int64(222)],0.9685650182625188,[np.float64(2.100779844724761)],[np.float64(2.993495124997816)],[np.float64(152.49825448764975)]
50,235,234,[np.int64(54)],0.9685650182624024,[np.float64(2.3206954751565267)],[np.float64(3.2102195523678043)],[np.float64(152.34078947351108)]
50,236,234,[np.int64(237)],0.9685650182624002,[np.float64(2.0368290648302394)],[np.float64(2.931577684880214)],[np.float64(152.73885117027396)]
50,238,237,[np.int64(240)],0.9685650182627429,[np.float64(2.1413547418035614)],[np.float64(2.843421491503082)],[np.float64(128.13531838900715)]
50,239,237,[np.int64(210)],0.9685650182627569,[np.float64(2.386564852876684)],[np.float64(3.2366745477203795)],[np.float64(146.21201191245262)]
50,241,240,[np.int64(231)],0.9685650182625835,[np.float64(2.2120592323676425)],[np.float64(3.1303571981836287)],[np.float64(157.8146392547412)]
50,242,240,"[np.int64(315), np.int64(213)]",0.9685650182625836,"[np.float64(2.236352001250477), np.float64(2.344206325914186)]","[np.float64(3.0970605299782084), np.float64(3.0208128691053613)]","[np.float64(147.46888627067648), np.float64(126.35540662902055)]"
50,244,243,[np.int64(168)],0.9685650182627266,[np.float64(2.3769103331033197)],[np.float64(3.168967747345863)],[np.float64(138.61385008908243)]
50,245,243,[np.int64(99)],0.968565018262732,[np.float64(1.8155178950775435)],[np.float64(2.654828489277646)],[np.float64(143.14029906581405)]
50,247,246,[np.int64(249)],0.9685650182624383,[np.float64(2.3630100779988994)],[np.float64(3.098202252992968)],[np.float64(132.2363331312687)]
50,248,246,,0.9685650182624316,,,
50,250,249,[np.int64(162)],0.9685650182625858,[np.float64(2.0657980769309345)],[np.float64(3.027895670491931)],[np.float64(171.9730148589767)]
50,251,249,[np.int64(105)],0.9685650182625917,[np.float64(1.8407091600719716)],[np.float64(2.685123250681696)],[np.float64(143.9686345395905)]
50,253,252,[np.int64(255)],0.9685650182627206,[np.float64(2.1318193222166912)],[np.float64(2.8111947130617136)],[np.float64(125.8752371832811)]
50,254,252,[np.int64(261)],0.9685650182627282,[np.float64(1.7555978709464064)],[np.float64(2.6010173141182804)],[np.float64(143.82057563883325)]
50,256,255,[np.int64(258)],0.9685650182625934,[np.float64(2.237027507218058)],[np.float64(3.1976298237650225)],[np.float64(171.20210361556047)]
50,257,255,[np.int64(264)],0.9685650182625847,[np.float64(2.1231411782059517)],[np.float64(2.9850358384817857)],[np.float64(147.39362985647674)]
50,259,258,[np.int64(285)],0.9685650182626521,[np.float64(2.0062655710547195)],[np.float64(2.943733682878662)],[np.float64(162.29647276828825)]
50,260,258,[np.int64(171)],0.968565018262659,[np.float64(2.058668939761234)],[np.float64(2.837481878079275)],[np.float64(136.13264036004483)]
50,262,261,[np.int64(264)],0.9685650182626084,[np.float64(1.9956924651255923)],[np.float64(2.780979643715046)],[np.float64(136.68774732823363)]
50,263,261,[np.int64(288)],0.968565018262519,[np.float64(2.00135279600382)],[np.float64(2.8843533048838723)],[np.float64(150.55099083258972)]
50,265,264,,0.9685650182625871,,,
50,266,264,[np.int64(291)],0.9685650182625899,[np.float64(2.0091757831543555)],[np.float64(2.7192413410786886)],[np.float64(128.43455668123914)]
50,268,267,[np.int64(180)],0.9685650182627213,[np.float64(1.803583403367968)],[np.float64(2.7091898927358637)],[np.float64(154.319584117989)]
50,269,267,[np.int64(258)],0.9685650182627247,[np.float64(1.9939994353906876)],[np.float64(2.698180598096159)],[np.float64(127.773528206358)]
50,271,270,[np.int64(195)],0.9685650182626674,[np.float64(1.8155747704526672)],[np.float64(2.708905399023593)],[np.float64(151.94480381338562)]
50,272,270,[np.int64(243)],0.9685650182626635,[np.float64(1.9312138115079622)],[np.float64(2.792537630970708)],[np.float64(146.80603837704248)]
50,274,273,,0.9685650182627393,,,
50,275,273,[np.int64(276)],0.968565018262738,[np.float64(1.9327048240332934)],[np.float64(2.870183571088747)],[np.float64(162.19048201955627)]
50,277,276,[np.int64(249)],0.9685650182625096,[np.float64(1.8885443418592551)],[np.float64(2.782381665826766)],[np.float64(152.22747205407805)]
50,278,276,[np.int64(285)],0.9685650182625096,[np.float64(2.078571000128575)],[np.float64(3.0109240159085258)],[np.float64(160.99969043653888)]
50,280,279,[np.int64(204)],0.9685650182626432,[np.float64(1.9826890131796644)],[np.float64(2.7963923196291898)],[np.float64(140.19695280737676)]
50,281,279,[np.int64(270)],0.9685650182626488,[np.float64(2.0891366042835013)],[np.float64(2.8957442165398644)],[np.float64(139.61819891307476)]
50,283,282,,0.9685650182625732,,,
50,284,282,[np.int64(279)],0.9685650182625708,[np.float64(2.295567620429429)],[np.float64(3.0294394631927295)],[np.float64(131.90048617487065)]
50,286,285,[np.int64(198)],0.968565018262443,[np.float64(2.1556184220920143)],[np.float64(2.7817586538153676)],[np.float64(121.04356581321231)]
50,287,285,,0.96856501826243,,,
50,289,288,[np.int64(108)],0.9685650182625782,[np.float64(2.376836021613147)],[np.float64(3.1587019222091577)],[np.float64(137.41401431809135)]
50,290,288,[np.int64(318)],0.968565018262584,[np.float64(2.3740310293399443)],[np.float64(3.036245695890908)],[np.float64(125.10469542585774)]
50,292,291,[np.int64(288)],0.9685650182627442,[np.float64(2.1537122416758807)],[np.float64(2.9128217107263072)],[np.float64(134.1875206615059)]
50,293,291,[np.int64(282)],0.9685650182627373,[np.float64(1.8097315899700959)],[np.float64(2.743970131383289)],[np.float64(161.0721583001677)]
50,295,294,,0.9685650182624216,,,
50,296,294,,0.9685650182624251,,,
50,298,297,[np.int64(300)],0.9685650182624155,[np.float64(2.2115054582366236)],[np.float64(2.9253762627568842)],[np.float64(129.5695283603389)]
50,299,297,[np.int64(567)],0.9685650182625074,[np.float64(1.9286673037543431)],[np.float64(2.69867390339133)],[np.float64(134.63588395529678)]
50,301,300,[np.int64(156)],0.9685650182625828,[np.float64(1.9858171898516466)],[np.float64(2.873638940690314)],[np.float64(151.36268212480545)]
50,302,300,[np.int64(273)],0.9685650182625856,[np.float64(2.018007565734028)],[np.float64(2.9564171872577782)],[np.float64(162.58372960414437)]
50,304,303,,0.9685650182626165,,,
50,305,303,,0.9685650182625194,,,
50,307,306,,0.9685650182624413,,,
50,308,306,,0.9685650182624456,,,
50,310,309,[np.int64(579)],0.968565018262579,[np.float64(1.9775974505720637)],[np.float64(2.8916986998649667)],[np.float64(156.49173476008002)]
50,311,309,[np.int64(306)],0.9685650182625822,[np.float64(2.300366399144174)],[np.float64(3.1815790637793318)],[np.float64(150.87403353382288)]
50,313,312,,0.9685650182625993,,,
50,314,312,[np.int64(309)],0.9685650182625073,[np.float64(2.3713546649316135)],[np.float64(3.189121834004732)],[np.float64(141.78239847982246)]
50,316,315,[np.int64(318)],0.9685650182624036,[np.float64(2.186366989213037)],[np.float64(3.0831187657743553)],[np.float64(153.40941282386902)]
50,317,315,[np.int64(306)],0.9685650182623983,[np.float64(1.93329939991854)],[np.float64(2.639820562649633)],[np.float64(127.75197523526982)]
50,319,318,,0.9685650182627334,,,
50,320,318,[np.int64(309)],0.9685650182627391,[np.float64(1.8040987434578688)],[np.float64(2.696907564463496)],[np.float64(151.81609078189425)]
50,322,321,[np.int64(234)],0.9685650182627386,[np.float64(2.1424021022765043)],[np.float64(2.848997267288348)],[np.float64(128.59312145518635)]
50,323,321,[np.int64(294)],0.9685650182627487,[np.float64(2.2127909729217325)],[np.float64(3.1776184709717987)],[np.float64(173.96365250117427)]
50,325,324,"[np.int64(504), np.int64(351)]",0.9685650182625759,"[np.float64(1.9668884905110837), np.float64(1.9736102711092731)]","[np.float64(2.6641609884648854), np.float64(2.691485510509795)]","[np.float64(126.96232286070034), np.float64(129.09375912962437)]"
50,326,324,[np.int64(327)],0.9685650182625876,[np.float64(1.8500594400842278)],[np.float64(2.707409811872686)],[np.float64(145.94629285031263)]
50,328,327,[np.int64(507)],0.9685650182624298,[np.float64(2.0542739033391872)],[np.float64(2.9328592549846717)],[np.float64(149.9207955659729)]
50,329,327,,0.9685650182624274,,,
50,331,330,,0.9685650182625672,,,
50,332,330,,0.9685650182625802,,,
50,334,333,,0.9685650182625763,,,
50,335,333,[np.int64(324)],0.9685650182625904,[np.float64(2.3671235567535267)],[np.float64(3.0246995471541007)],[np.float64(124.6548128048041)]
50,337,336,[np.int64(345)],0.9685650182625891,[np.float64(2.3588721864622655)],[np.float64(3.0001685425360667)],[np.float64(123.14841612761084)]
50,338,336,,0.968565018262589,,,
50,340,339,[np.int64(366)],0.9685650182625869,[np.float64(1.9167751840737377)],[np.float64(2.8030391650208593)],[np.float64(150.91680855677467)]
50,341,339,[np.int64(414)],0.9685650182625912,[np.float64(2.114879512854743)],[np.float64(3.0744005738785942)],[np.float64(170.54193559791818)]
50,343,342,[np.int64(345)],0.9685650182625914,[np.float64(2.0627200357462048)],[np.float64(2.997311109873886)],[np.float64(161.57565920468147)]
50,344,342,[np.int64(369)],0.9685650182625024,[np.float64(2.0924474227174996)],[np.float64(2.914661872700158)],[np.float64(141.65057652175412)]
50,346,345,[np.int64(489)],0.968565018262593,[np.float64(1.9626037926711144)],[np.float64(2.7644883779666)],[np.float64(138.61544910470909)]
50,347,345,[np.int64(372)],0.9685650182625952,[np.float64(1.918046538935902)],[np.float64(2.7035317393633336)],[np.float64(136.43128260005295)]
50,349,348,,0.9685650182625735,,,
50,350,348,,0.968565018262573,,,
50,352,351,[np.int64(354)],0.9685650182626004,[np.float64(2.1201558774535303)],[np.float64(2.9343289354906577)],[np.float64(140.67647745023854)]
50,353,351,[np.int64(438)],0.9685650182626007,[np.float64(2.060140151237046)],[np.float64(2.779640100823014)],[np.float64(129.60554723225772)]
50,355,354,[np.int64(534)],0.9685650182627639,[np.float64(2.3297009713137276)],[np.float64(3.1565394605574233)],[np.float64(142.8720822152408)]
50,356,354,[np.int64(327)],0.9685650182627559,[np.float64(1.873355739135675)],[np.float64(2.6325463140634118)],[np.float64(133.168475791354)]
50,358,357,[np.int64(330)],0.9685650182624294,[np.float64(1.9449844717554283)],[np.float64(2.8584222093077205)],[np.float64(156.28350682001638)]
50,359,357,[np.int64(432)],0.968565018262433,[np.float64(2.132131342856766)],[np.float64(2.856324174567482)],[np.float64(130.35648756921742)]
50,361,360,,0.9685650182625835,,,
50,362,360,,0.9685650182625853,,,
50,364,363,[np.int64(354)],0.9685650182627431,[np.float64(2.0958198195480238)],[np.float64(2.8710998382062916)],[np.float64(135.84186892423497)]
50,365,363,[np.int64(366)],0.9685650182627409,[np.float64(1.986296662400829)],[np.float64(2.942105583095148)],[np.float64(168.65199434533878)]
50,367,366,[np.int64(357)],0.9685650182625987,[np.float64(2.0407705107208645)],[np.float64(2.9284599824301187)],[np.float64(151.4648560932957)]
50,368,366,[np.int64(393)],0.9685650182626022,[np.float64(1.9852837345216885)],[np.float64(2.8675622572619166)],[np.float64(150.38736680539841)]
50,370,369,,0.9685650182627272,,,
50,371,369,[np.int64(456)],0.9685650182627304,[np.float64(2.009157332332278)],[np.float64(2.7192466476216035)],[np.float64(128.43691004040755)]
50,373,372,[np.int64(399)],0.9685650182625755,[np.float64(2.2689869061106647)],[np.float64(3.0183119513881684)],[np.float64(133.46850123250525)]
50,374,372,[np.int64(363)],0.9685650182625791,[np.float64(1.8860761816377076)],[np.float64(2.7748489500199427)],[np.float64(151.28909478387845)]
50,376,375,,0.9685650182624199,,,
50,377,375,,0.9685650182624174,,,
50,379,378,[np.int64(381)],0.9685650182624168,[np.float64(1.830488627594455)],[np.float64(2.7625833309231496)],[np.float64(160.52676547018712)]
50,380,378,[np.int64(558)],0.9685650182625052,[np.float64(2.1379011646349575)],[np.float64(2.9012385654172217)],[np.float64(134.61076926537137)]
50,382,381,,0.9685650182625815,,,
50,383,381,,0.9685650182625862,,,
50,385,384,,0.9685650182625812,,,
50,386,384,,0.9685650182624889,,,
50,388,387,[np.int64(378)],0.9685650182624475,[np.float64(2.1107924220327337)],[np.float64(2.8636000156372465)],[np.float64(133.34649074039942)]
50,389,387,[np.int64(360)],0.9685650182624448,[np.float64(2.360777288615099)],[np.float64(3.2057741379276354)],[np.float64(145.428438645585)]
50,391,390,,0.9685650182626004,,,
50,392,390,[np.int64(363)],0.9685650182625999,[np.float64(2.3280757648116834)],[np.float64(3.2889724199010013)],[np.float64(171.4174717829693)]
50,394,393,[np.int64(384)],0.9685650182626022,[np.float64(1.9789699149321915)],[np.float64(2.9373546111421147)],[np.float64(169.85724851167012)]
50,395,393,,0.9685650182625171,,,
50,397,396,[np.int64(399)],0.9685650182624145,[np.float64(1.9798121090691538)],[np.float64(2.7696596494698627)],[np.float64(137.1840331374269)]
50,398,396,,0.9685650182624028,,,
50,400,399,[np.int64(21)],0.9685650182627292,[np.float64(2.0410657154281164)],[np.float64(2.891818204628371)],[np.float64(145.50273656198598)]
50,401,399,[np.int64(390)],0.9685650182627378,[np.float64(2.0063912334911165)],[np.float64(2.891128009489734)],[np.float64(150.86541734707563)]
50,403,402,,0.9685650182625859,,,
50,404,402,,0.9685650182625954,,,
50,406,405,,0.9685650182626433,,,
50,407,405,[np.int64(330)],0.9685650182626528,[np.float64(1.9765254668340582)],[np.float64(2.8152858128051164)],[np.float64(143.58225838571155)]
50,409,408,[np.int64(411)],0.9685650182624213,[np.float64(2.17040565901989)],[np.float64(3.046015872628226)],[np.float64(149.68406178908896)]
50,410,408,[np.int64(138)],0.9685650182624114,[np.float64(2.356651485817317)],[np.float64(3.3062088150290636)],[np.float64(166.50468471541134)]
50,412,411,,0.968565018262583,,,
50,413,411,[np.int64(141)],0.9685650182625877,[np.float64(2.1045350996812777)],[np.float64(2.7529015200164926)],[np.float64(122.8479530254701)]
50,415,414,[np.int64(441)],0.9685650182625913,[np.float64(2.131967622775228)],[np.float64(3.0210050636793486)],[np.float64(151.8992052723197)]
50,416,414,[np.int64(417)],0.9685650182625998,[np.float64(1.7406667408838363)],[np.float64(2.6053260993152536)],[np.float64(146.74422727008658)]
50,418,417,[np.int64(420)],0.9685650182627343,[np.float64(1.961116728998972)],[np.float64(2.7228693187453237)],[np.float64(133.81068349926235)]
50,419,417,[np.int64(426)],0.9685650182627306,[np.float64(2.010711060581456)],[np.float64(2.7731424857879032)],[np.float64(134.072468275318)]
50,421,420,[np.int64(447)],0.9685650182627197,[np.float64(1.8242095618431482)],[np.float64(2.769682418423486)],[np.float64(164.5043109562583)]
50,422,420,[np.int64(411)],0.9685650182627249,[np.float64(1.9645498799642356)],[np.float64(2.817514748421371)],[np.float64(145.6205896120092)]
50,424,423,,0.9685650182627448,,,
50,425,423,[np.int64(567)],0.9685650182626528,[np.float64(1.8290228833838094)],[np.float64(2.7944411671913643)],[np.float64(174.28727472973125)]
50,427,426,[np.int64(156)],0.9685650182626756,[np.float64(2.2819978395357037)],[np.float64(3.047978574235925)],[np.float64(135.3448520054824)]
50,428,426,,0.9685650182626767,,,
50,430,429,[np.int64(159)],0.9685650182626417,[np.float64(2.021561214370298)],[np.float64(2.947596225452336)],[np.float64(159.31124239864945)]
50,431,429,,0.9685650182626496,,,
50,433,432,,0.9685650182626677,,,
50,434,432,[np.int64(441)],0.9685650182626651,[np.float64(2.0660279243941377)],[np.float64(2.8088469147601085)],[np.float64(132.09756178848278)]
50,436,435,[np.int64(444)],0.9685650182626087,[np.float64(1.934319645227669)],[np.float64(2.837132650175049)],[np.float64(154.0629941195485)]
50,437,435,[np.int64(408)],0.9685650182625954,[np.float64(1.9378953837142023)],[np.float64(2.6003721943887688)],[np.float64(123.43471943037912)]
50,439,438,,0.9685650182624194,,,
50,440,438,[np.int64(465)],0.9685650182624188,[np.float64(1.7656352428328217)],[np.float64(2.5286181949282596)],[np.float64(133.13090131344336)]
50,442,441,,0.9685650182627048,,,
50,443,441,,0.9685650182627149,,,
50,445,444,[np.int64(453)],0.9685650182626535,[np.float64(1.729558420437141)],[np.float64(2.693299526089657)],[np.float64(172.85629713775336)]
50,446,444,[np.int64(441)],0.9685650182626494,[np.float64(2.204683363621857)],[np.float64(2.9633004105740177)],[np.float64(134.29324221569985)]
50,448,447,[np.int64(474)],0.9685650182625767,[np.float64(2.322143845434713)],[np.float64(3.0926762477132956)],[np.float64(135.9701902120673)]
50,449,447,,0.9685650182625812,,,
50,451,450,,0.9685650182625631,,,
50,452,450,,0.9685650182625647,,,
50,454,453,[np.int64(597)],0.9685650182627343,[np.float64(2.007910280268584)],[np.float64(2.7896200106281626)],[np.float64(136.30249397198844)]
50,455,453,[np.int64(450)],0.9685650182627318,[np.float64(2.059215000287314)],[np.float64(2.8346270442894896)],[np.float64(135.73602271307197)]
50,457,456,,0.968565018262425,,,
50,458,456,[np.int64(600)],0.9685650182624226,[np.float64(2.32029524290931)],[np.float64(3.113329957417059)],[np.float64(138.5884508680424)]
50,460,459,[np.int64(462)],0.9685650182624107,[np.float64(1.832423609043848)],[np.float64(2.7508493086293226)],[np.float64(157.15807213566202)]
50,461,459,[np.int64(81)],0.9685650182624994,[np.float64(2.035597067435244)],[np.float64(2.820334700404912)],[np.float64(136.75827074144067)]
50,463,462,,0.968565018262568,,,
50,464,462,[np.int64(471)],0.9685650182625649,[np.float64(1.9067658505891636)],[np.float64(2.842247590193063)],[np.float64(161.58418506183702)]
50,466,465,[np.int64(645)],0.9685650182626793,[np.float64(1.976190791041096)],[np.float64(2.923287581674845)],[np.float64(165.260362813847)]
50,467,465,,0.9685650182625798,,,
50,469,468,[np.int64(459)],0.9685650182624416,[np.float64(1.7310608364520361)],[np.float64(2.692022122877641)],[np.float64(171.03150233792556)]
50,470,468,[np.int64(393)],0.9685650182624413,[np.float64(2.0032435474908357)],[np.float64(2.822554486678181)],[np.float64(140.99911815504603)]
50,472,471,[np.int64(468)],0.9685650182625939,[np.float64(2.309613830204275)],[np.float64(3.2055582539078378)],[np.float64(153.4774260598668)]
50,473,471,[np.int64(480)],0.9685650182625937,[np.float64(2.147700908370576)],[np.float64(2.8769877439338254)],[np.float64(130.94288897021366)]
50,475,474,[np.int64(96)],0.9685650182627542,[np.float64(2.278203528795395)],[np.float64(3.0526107809428003)],[np.float64(136.29100811585397)]
50,476,474,[np.int64(471)],0.9685650182626601,[np.float64(1.8140463480053124)],[np.float64(2.65239427174208)],[np.float64(142.99655849704806)]
50,478,477,,0.9685650182624921,,,
50,479,477,,0.9685650182624918,,,
50,481,480,,0.9685650182625961,,,
50,482,480,[np.int64(102)],0.9685650182626068,[np.float64(2.1896244045206794)],[np.float64(3.02971748487263)],[np.float64(144.34844857036757)]
50,484,483,,0.9685650182625913,,,
50,485,483,[np.int64(627)],0.968565018262592,[np.float64(2.0962113919713414)],[np.float64(3.0507886146811627)],[np.float64(168.21854253721014)]
50,487,486,[np.int64(342)],0.9685650182625712,[np.float64(2.178507730146842)],[np.float64(3.110271278920478)],[np.float64(160.98478568077658)]
50,488,486,[np.int64(513)],0.9685650182625788,[np.float64(2.335720489490494)],[np.float64(2.9842687009775513)],[np.float64(123.72596087837482)]
50,490,489,[np.int64(486)],0.9685650182625805,[np.float64(2.0769386448556997)],[np.float64(2.832905821025024)],[np.float64(133.5806641587577)]
50,491,489,[np.int64(219)],0.968565018262584,[np.float64(1.8152427584621875)],[np.float64(2.736794249259072)],[np.float64(157.8484712937578)]
50,493,492,,0.9685650182625628,,,
50,494,492,,0.9685650182625616,,,
50,496,495,[np.int64(504)],0.9685650182626535,[np.float64(1.9596948978814293)],[np.float64(2.869325027543006)],[np.float64(155.50449693093773)]
50,497,495,,0.9685650182626617,,,
50,499,498,[np.int64(228)],0.9685650182625973,[np.float64(2.2116195813115254)],[np.float64(2.8482581583772593)],[np.float64(122.20394240736971)]
50,500,498,[np.int64(495)],0.9685650182625961,[np.float64(1.9866641106822693)],[np.float64(2.897185616295257)],[np.float64(155.74574473172447)]
50,502,501,[np.int64(528)],0.9685650182626508,[np.float64(2.0371288326387953)],[np.float64(2.996861346511638)],[np.float64(170.59743285115354)]
50,503,501,,0.9685650182626541,,,
50,505,504,[np.int64(507)],0.968565018262759,[np.float64(1.9877819841570143)],[np.float64(2.715542317132921)],[np.float64(130.1879292054955)]
50,506,504,[np.int64(531)],0.9685650182626739,[np.float64(1.816307958690024)],[np.float64(2.6332114209024216)],[np.float64(140.0364925397436)]
50,508,507,"[np.int64(534), np.int64(510)]",0.9685650182627611,"[np.float64(2.1967562409001706), np.float64(2.209518264109233)]","[np.float64(2.8894601921282947), np.float64(2.884135245396165)]","[np.float64(127.4083961515439), np.float64(125.70854090585135)]"
50,509,507,,0.9685650182627594,,,
50,511,510,,0.9685650182625717,,,
50,512,510,[np.int64(240)],0.968565018262569,[np.float64(2.2317082873313967)],[np.float64(2.9486656066007964)],[np.float64(129.950671485159)]
50,514,513,,0.9685650182627291,,,
50,515,513,[np.int64(369)],0.9685650182627287,[np.float64(2.0839563435406463)],[np.float64(2.7670600335148943)],[np.float64(126.04917207684296)]
50,517,516,,0.9685650182626107,,,
50,518,516,,0.9685650182625986,,,
50,520,519,,0.9685650182624115,,,
50,521,519,[np.int64(594)],0.9685650182625078,[np.float64(2.093360109506552)],[np.float64(2.908871236747417)],[np.float64(140.77254234121588)]
50,523,522,[np.int64(513)],0.9685650182627413,[np.float64(1.8244872518389763)],[np.float64(2.7095454329962765)],[np.float64(150.45701025381567)]
50,524,522,[np.int64(549)],0.9685650182627424,[np.float64(2.215177402454491)],[np.float64(2.8992992771692467)],[np.float64(126.63917043401456)]
50,526,525,[np.int64(522)],0.9685650182625737,[np.float64(2.119539290515002)],[np.float64(2.9205656147705867)],[np.float64(139.0092405927576)]
50,527,525,[np.int64(534)],0.968565018262568,[np.float64(2.0950298188685905)],[np.float64(2.844719912016941)],[np.float64(132.9494150759805)]
50,529,528,[np.int64(537)],0.968565018262451,[np.float64(2.188753556381071)],[np.float64(2.980773806754865)],[np.float64(138.10901431114712)]
50,530,528,[np.int64(555)],0.9685650182624516,[np.float64(2.3153546273153993)],[np.float64(3.2358836780291487)],[np.float64(158.46176444870153)]
50,532,531,[np.int64(351)],0.968565018262594,[np.float64(1.8720366877240522)],[np.float64(2.7435510457514924)],[np.float64(148.2720382652011)]
50,533,531,[np.int64(618)],0.9685650182625859,[np.float64(1.964570846876809)],[np.float64(2.8064107306232295)],[np.float64(143.9863163740908)]
50,535,534,[np.int64(561)],0.9685650182627588,[np.float64(2.3988235338971253)],[np.float64(3.2574497647999894)],[np.float64(147.48639711748828)]
50,536,534,[np.int64(531)],0.9685650182626612,[np.float64(2.0720746596603963)],[np.float64(2.691819404631915)],[np.float64(120.12107473114777)]
50,538,537,,0.9685650182624155,,,
50,539,537,,0.9685650182624168,,,
50,541,540,[np.int64(543)],0.9685650182624916,[np.float64(1.9073042402417169)],[np.float64(2.8527407981875657)],[np.float64(164.60950094639568)]
50,542,540,[np.int64(162)],0.9685650182624932,[np.float64(1.7656987605773729)],[np.float64(2.606991764588836)],[np.float64(143.24990882133514)]
50,544,543,[np.int64(516)],0.968565018262583,[np.float64(2.066390352070073)],[np.float64(2.862896075437712)],[np.float64(138.2869506424889)]
50,545,543,,0.9685650182625816,,,
50,547,546,[np.int64(168)],0.9685650182626792,[np.float64(2.3748177838500673)],[np.float64(3.2641747570031687)],[np.float64(152.40348069681718)]
50,548,546,[np.int64(555)],0.9685650182625829,[np.float64(2.1799843640997327)],[np.float64(3.1050602584128133)],[np.float64(159.32497366018086)]
50,550,549,[np.int64(540)],0.9685650182624478,[np.float64(1.7237106853233886)],[np.float64(2.6618377772956325)],[np.float64(162.02537795960959)]
50,551,549,,0.9685650182624507,,,
50,553,552,[np.int64(549)],0.968565018262586,[np.float64(1.9472784875888076)],[np.float64(2.877741011887989)],[np.float64(160.3013874694909)]
50,554,552,[np.int64(525)],0.9685650182625928,[np.float64(2.1296252823985355)],[np.float64(3.0877730785362747)],[np.float64(169.85964325399257)]
50,556,555,[np.int64(177)],0.9685650182627736,[np.float64(1.6539381725376066)],[np.float64(2.5696184483870894)],[np.float64(156.10605521402752)]
50,557,555,[np.int64(564)],0.9685650182625841,[np.float64(2.1640055617617118)],[np.float64(3.0308052758515713)],[np.float64(148.25258957424268)]
50,559,558,,0.9685650182624235,,,
50,560,558,[np.int64(645)],0.9685650182624221,[np.float64(1.9177841836379763)],[np.float64(2.707737410902217)],[np.float64(136.97401033970274)]
50,562,561,[np.int64(183)],0.9685650182626666,[np.float64(2.3155693450887194)],[np.float64(3.118531268633364)],[np.float64(139.7842814483503)]
50,563,561,[np.int64(552)],0.9685650182626764,[np.float64(1.9540848428295414)],[np.float64(2.894867973530901)],[np.float64(163.19673150603805)]
50,565,564,,0.9685650182626486,,,
50,566,564,[np.int64(561)],0.968565018262657,[np.float64(1.9716846203760567)],[np.float64(2.9119919450110094)],[np.float64(163.0781214112909)]
50,568,567,,0.9685650182625718,,,
50,569,567,[np.int64(594)],0.9685650182625825,[np.float64(1.697477268093145)],[np.float64(2.6497496208638873)],[np.float64(166.82064403578457)]
50,571,570,[np.int64(579)],0.9685650182624421,[np.float64(2.2057048439114597)],[np.float64(3.1633529351569454)],[np.float64(169.67510309216735)]
50,572,570,[np.int64(300)],0.9685650182624308,[np.float64(2.140091755811705)],[np.float64(2.853075745342009)],[np.float64(129.23151790391992)]
50,574,573,[np.int64(570)],0.9685650182626498,[np.float64(2.307505218727593)],[np.float64(3.0472124411933823)],[np.float64(132.5514655113576)]
50,575,573,[np.int64(582)],0.9685650182626555,[np.float64(2.029461985388226)],[np.float64(2.7168616210591185)],[np.float64(126.24762385975644)]
50,577,576,[np.int64(306)],0.968565018262566,[np.float64(2.2047849938288784)],[np.float64(3.1545512307785004)],[np.float64(166.44551510939854)]
50,578,576,[np.int64(585)],0.9685650182625696,[np.float64(2.114194357160347)],[np.float64(2.872707268045681)],[np.float64(133.99142344976784)]
50,580,579,[np.int64(588)],0.9685650182627334,[np.float64(2.1016773827118578)],[np.float64(2.824439241783758)],[np.float64(130.09853687323582)]
50,581,579,[np.int64(576)],0.9685650182627283,[np.float64(1.9337194305117253)],[np.float64(2.805386041637635)],[np.float64(148.4685740741515)]
50,583,582,[np.int64(609)],0.9685650182625622,[np.float64(2.3371737238286374)],[np.float64(3.0907585729430154)],[np.float64(134.12832987250485)]
50,584,582,[np.int64(495)],0.9685650182625684,[np.float64(2.245360477522541)],[np.float64(2.9617956736609323)],[np.float64(129.9421009539677)]
50,586,585,,0.9685650182626078,,,
50,587,585,[np.int64(405)],0.9685650182625215,[np.float64(1.8816437455167105)],[np.float64(2.7620787702457923)],[np.float64(149.80331065692434)]
50,589,588,[np.int64(408)],0.9685650182627411,[np.float64(2.0825239274643867)],[np.float64(2.9474930585063537)],[np.float64(147.774601786957)]
50,590,588,[np.int64(591)],0.9685650182627399,[np.float64(2.0966056327316718)],[np.float64(2.8973137476517117)],[np.float64(138.9007063810053)]
50,592,591,[np.int64(582)],0.9685650182625744,[np.float64(2.288283171516012)],[np.float64(2.9626838620855205)],[np.float64(125.96263372108656)]
50,593,591,[np.int64(618)],0.968565018262573,[np.float64(2.2643937062268056)],[np.float64(2.906454392914011)],[np.float64(122.88889393788982)]
50,595,594,,0.9685650182625726,,,
50,596,594,[np.int64(603)],0.9685650182626655,[np.float64(2.368183116094729)],[np.float64(3.317957064887593)],[np.float64(166.59143636850513)]
50,598,597,[np.int64(594)],0.9685650182626797,[np.float64(1.8288137437286445)],[np.float64(2.671961460980645)],[np.float64(143.7431391967206)]
50,599,597,,0.9685650182626687,,,
50,601,600,[np.int64(513)],0.9685650182625835,[np.float64(2.2174895195300377)],[np.float64(2.916951964026653)],[np.float64(128.1459948553759)]
50,602,600,[np.int64(573)],0.9685650182625803,[np.float64(2.064727846072417)],[np.float64(2.722056083653525)],[np.float64(123.51404164964806)]
50,604,603,[np.int64(606)],0.9685650182626462,[np.float64(2.029819458721562)],[np.float64(2.9103584929813975)],[np.float64(150.19491411673116)]
50,605,603,[np.int64(630)],0.9685650182625528,[np.float64(1.9308779284405673)],[np.float64(2.810501352425742)],[np.float64(149.79420763632183)]
50,607,606,[np.int64(615)],0.9685650182627353,[np.float64(2.254390205363757)],[np.float64(3.189158828157625)],[np.float64(161.8744165922158)]
50,608,606,[np.int64(579)],0.9685650182627317,[np.float64(1.7464991085890746)],[np.float64(2.693217001500705)],[np.float64(164.81296623808947)]
50,610,609,,0.9685650182624496,,,
50,611,609,,0.9685650182624519,,,
50,613,612,[np.int64(603)],0.968565018262715,[np.float64(2.0924473380892064)],[np.float64(2.8678769642345108)],[np.float64(135.8482753552073)]
50,614,612,[np.int64(585)],0.968565018262719,[np.float64(1.9429764401966245)],[np.float64(2.876932137552318)],[np.float64(161.2220375971089)]
50,616,615,,0.9685650182627358,,,
50,617,615,[np.int64(612)],0.9685650182627372,[np.float64(1.7638527201245988)],[np.float64(2.7283241835436205)],[np.float64(173.4424701783745)]
50,619,618,,0.9685650182624854,,,
50,620,618,,0.9685650182624899,,,
50,622,621,,0.9685650182625571,,,
50,623,621,[np.int64(630)],0.9685650182626541,[np.float64(2.223786792712567)],[np.float64(3.0202185123521685)],[np.float64(138.7424433494818)]
50,625,624,[np.int64(627)],0.9685650182626497,[np.float64(1.9571021861761724)],[np.float64(2.9045356822835764)],[np.float64(165.35322906808742)]
50,626,624,[np.int64(597)],0.968565018262557,[np.float64(2.0981334810664913)],[np.float64(2.787091607178425)],[np.float64(126.67600637072651)]
50,628,627,[np.int64(249)],0.9685650182626174,[np.float64(2.1928255764681706)],[np.float64(3.017617698273537)],[np.float64(142.26614045871207)]
50,629,627,,0.968565018262513,,,
50,631,630,,0.9685650182625885,,,
50,632,630,[np.int64(252)],0.9685650182625791,[np.float64(2.3996322138316515)],[np.float64(3.2724352812351625)],[np.float64(149.6773396990148)]
50,634,633,[np.int64(624)],0.9685650182627235,[np.float64(1.846390183614845)],[np.float64(2.635926857143669)],[np.float64(136.64892225237836)]
50,635,633,[np.int64(255)],0.9685650182627292,[np.float64(2.258420051727809)],[np.float64(3.0647341325020165)],[np.float64(140.05471495681357)]
50,637,636,,0.9685650182626138,,,
50,638,636,[np.int64(633)],0.9685650182625154,[np.float64(2.2857743304794114)],[np.float64(3.021577166790886)],[np.float64(132.07389583576543)]
50,640,639,,0.968565018262558,,,
50,641,639,[np.int64(642)],0.9685650182625597,[np.float64(2.106883006646702)],[np.float64(3.0649798465447393)],[np.float64(169.81773119445953)]
50,643,642,[np.int64(633)],0.9685650182626696,[np.float64(2.0441743271058113)],[np.float64(2.87205754310085)],[np.float64(142.27246251116708)]
50,644,642,[np.int64(615)],0.968565018262672,[np.float64(2.176085563957047)],[np.float64(2.851166970694461)],[np.float64(125.63056719816046)]
50,646,645,[np.int64(636)],0.9685650182625768,[np.float64(2.3392813192293427)],[np.float64(3.0798249389503534)],[np.float64(132.73254548775415)]
50,647,645,[np.int64(267)],0.9685650182625849,[np.float64(2.136696690391086)],[np.float64(2.7831580683107844)],[np.float64(122.80354842500114)]
100,1,0,[np.int64(9)],0.9685650182625537,[np.float64(2.241262551581911)],[np.float64(2.8554002449235387)],[np.float64(120.32245336686485)]
100,2,0,[np.int64(378)],0.9685650182625641,[np.float64(2.355341113917954)],[np.float64(3.183369484281725)],[np.float64(143.08846657469667)]
100,4,3,[np.int64(183)],0.9685650182625047,[np.float64(1.79004310866013)],[np.float64(2.7514503829466763)],[np.float64(171.35021764637708)]
100,5,3,,0.9685650182624997,,,
100,7,6,[np.int64(186)],0.9685650182627308,[np.float64(1.7600126188201208)],[np.float64(2.7099553595967314)],[np.float64(165.9996587451918)]
100,8,6,[np.int64(3)],0.968565018262739,[np.float64(1.8857754375060742)],[np.float64(2.783415380664476)],[np.float64(152.94112216488384)]
100,10,9,[np.int64(18)],0.9685650182626536,[np.float64(2.28770585710673)],[np.float64(2.955987908702941)],[np.float64(125.38438156181557)]
100,11,9,[np.int64(12)],0.9685650182627575,[np.float64(2.351391175089337)],[np.float64(2.9681685592987663)],[np.float64(120.95441646529883)]
100,13,12,[np.int64(39)],0.9685650182625876,[np.float64(2.2910721727213916)],[np.float64(3.2114276775928503)],[np.float64(158.38921590732656)]
100,14,12,[np.int64(390)],0.9685650182625825,[np.float64(2.1716110030521336)],[np.float64(2.8834340837161396)],[np.float64(129.2250742113572)]
100,16,15,,0.9685650182625793,,,
100,17,15,[np.int64(81)],0.9685650182625848,[np.float64(2.0425309539556333)],[np.float64(2.7789347293058513)],[np.float64(131.31991482175863)]
100,19,18,"[np.int64(96), np.int64(483)]",0.9685650182626042,"[np.float64(2.265290533016668), np.float64(2.3710201586877635)]","[np.float64(3.0893216318498187), np.float64(3.072048816629279)]","[np.float64(142.34766995570752), np.float64(128.79446029422473)]"
100,20,18,[np.int64(396)],0.9685650182625156,[np.float64(2.081661170478365)],[np.float64(2.749296134560765)],[np.float64(124.55508394162094)]
100,22,21,,0.9685650182627699,,,
100,23,21,[np.int64(12)],0.968565018262771,[np.float64(1.956708832322593)],[np.float64(2.907335830296233)],[np.float64(166.5067078445436)]
100,25,24,[np.int64(51)],0.9685650182625765,[np.float64(2.2853493745088014)],[np.float64(3.088133689699799)],[np.float64(139.685646993902)]
100,26,24,[np.int64(15)],0.9685650182625777,[np.float64(2.2166878048718495)],[np.float64(3.002401377647359)],[np.float64(137.43511837489478)]
100,28,27,"[np.int64(0), np.int64(30)]",0.968565018262588,"[np.float64(1.8898692324532484), np.float64(2.1669153818740536)]","[np.float64(2.5926589963855715), np.float64(2.8710560916309187)]","[np.float64(127.17576320941455), np.float64(128.4347490882268)]"
100,29,27,[np.int64(54)],0.9685650182625796,[np.float64(1.7326830817766303)],[np.float64(2.64021475951681)],[np.float64(154.53803608077462)]
100,31,30,[np.int64(36)],0.9685650182627583,[np.float64(2.2112625884503507)],[np.float64(3.1540898629167695)],[np.float64(164.14206656186371)]
100,32,30,[np.int64(57)],0.9685650182627504,[np.float64(1.8585861177934533)],[np.float64(2.6512119557929585)],[np.float64(137.07833837159606)]
100,34,33,"[np.int64(6), np.int64(42)]",0.9685650182625811,"[np.float64(2.3068550135802965), np.float64(2.3435038650957973)]","[np.float64(2.9193794518349674), np.float64(3.070366008172612)]","[np.float64(120.42640632483231), np.float64(131.31391094842718)]"
100,35,33,[np.int64(213)],0.9685650182625822,[np.float64(1.8670488303490964)],[np.float64(2.772863855021911)],[np.float64(154.51433497528555)]
100,37,36,,0.9685650182625757,,,
100,38,36,,0.9685650182625719,,,
100,40,39,[np.int64(33)],0.9685650182627141,[np.float64(2.105693642270825)],[np.float64(3.0683821800867324)],[np.float64(172.3718775898665)]
100,41,39,[np.int64(66)],0.9685650182627161,[np.float64(2.277465286426119)],[np.float64(3.1939851867215134)],[np.float64(157.52216550913775)]
100,43,42,[np.int64(51)],0.9685650182624373,[np.float64(1.7555757770932308)],[np.float64(2.708056362121725)],[np.float64(166.9841258116298)]
100,44,42,[np.int64(39)],0.968565018262444,[np.float64(2.0899587409023286)],[np.float64(2.8215349132437533)],[np.float64(130.98020501241646)]
100,46,45,[np.int64(18)],0.9685650182626532,[np.float64(1.736365165847307)],[np.float64(2.703794282279408)],[np.float64(176.53644836231186)]
100,47,45,[np.int64(48)],0.9685650182626517,[np.float64(1.9468419214084425)],[np.float64(2.864034638366633)],[np.float64(157.1128548481329)]
100,49,48,,0.968565018262573,,,
100,50,48,[np.int64(75)],0.968565018262567,[np.float64(1.7940194931465645)],[np.float64(2.641799207835354)],[np.float64(144.3080929119474)]
100,52,51,[np.int64(195)],0.9685650182625726,[np.float64(2.103325261454171)],[np.float64(2.987689618191964)],[np.float64(151.0182979042108)]
100,53,51,[np.int64(126)],0.9685650182625782,[np.float64(2.2883575583846394)],[np.float64(3.0898858966717393)],[np.float64(139.5384991370365)]
100,55,54,[np.int64(234)],0.9685650182623969,[np.float64(2.0874422342516685)],[np.float64(2.8865883786875988)],[np.float64(138.67879761592914)]
100,56,54,"[np.int64(150), np.int64(141)]",0.9685650182625835,"[np.float64(2.2577494082682414), np.float64(2.389215372255387)]","[np.float64(3.1422253233345097), np.float64(3.1028178343686297)]","[np.float64(151.34868118832503), np.float64(130.09779579556817)]"
100,58,57,,0.9685650182626487,,,
100,59,57,[np.int64(33)],0.9685650182626487,[np.float64(1.5753358783945572)],[np.float64(2.5424664532676147)],[np.float64(176.03718502270635)]
100,61,60,,0.9685650182626812,,,
100,62,60,[np.int64(33)],0.9685650182625837,[np.float64(2.0268945614565075)],[np.float64(2.906241465893372)],[np.float64(149.98522499306927)]
100,64,63,,0.9685650182625861,,,
100,65,63,[np.int64(36)],0.9685650182625825,[np.float64(1.8866827413163392)],[np.float64(2.789978548857834)],[np.float64(154.05093497660465)]
100,67,66,[np.int64(63)],0.9685650182625903,[np.float64(1.9828211680316397)],[np.float64(2.852195924055346)],[np.float64(148.22550596897148)]
100,68,66,,0.9685650182625999,,,
100,70,69,[np.int64(144)],0.9685650182625921,[np.float64(2.0093846344090824)],[np.float64(2.8683666795312255)],[np.float64(146.6585507106381)]
100,71,69,[np.int64(330)],0.9685650182625021,[np.float64(2.3705816103292046)],[np.float64(3.1925307100671074)],[np.float64(142.32203513619567)]
100,73,72,[np.int64(159)],0.9685650182624205,[np.float64(2.182895034035743)],[np.float64(2.8045690634116567)],[np.float64(120.75677257083456)]
100,74,72,[np.int64(216)],0.9685650182624098,[np.float64(2.216375469093195)],[np.float64(2.9528256625812244)],[np.float64(131.92624831837642)]
100,76,75,[np.int64(72)],0.9685650182625898,[np.float64(1.902334758048069)],[np.float64(2.8543088283891276)],[np.float64(166.96282977682245)]
100,77,75,,0.9685650182625913,,,
100,79,78,[np.int64(423)],0.9685650182625809,[np.float64(1.957817747192213)],[np.float64(2.7994345932461555)],[np.float64(143.93399943238325)]
100,80,78,,0.9685650182625901,,,
100,82,81,,0.968565018262565,,,
100,83,81,,0.9685650182625767,,,
100,85,84,[np.int64(264)],0.9685650182624344,[np.float64(2.042618449809087)],[np.float64(2.943545268827927)],[np.float64(153.9236802511188)]
100,86,84,[np.int64(462)],0.9685650182624266,[np.float64(1.9862784764992782)],[np.float64(2.7761858754234443)],[np.float64(137.2138120786019)]
100,88,87,[np.int64(93)],0.9685650182625622,[np.float64(1.952496384369517)],[np.float64(2.8109640574431305)],[np.float64(146.42330473108143)]
100,89,87,,0.9685650182625629,,,
100,91,90,[np.int64(117)],0.9685650182625639,[np.float64(1.9943579287638955)],[np.float64(2.836352685033882)],[np.float64(144.09636101316457)]
100,92,90,,0.9685650182625662,,,
100,94,93,,0.9685650182627541,,,
100,95,93,[np.int64(84)],0.9685650182627624,[np.float64(2.036407111198988)],[np.float64(2.9612948123901908)],[np.float64(159.05764470247362)]
100,97,96,[np.int64(9)],0.9685650182625897,[np.float64(2.363273034867413)],[np.float64(3.0246938112282633)],[np.float64(124.99665279860793)]
100,98,96,[np.int64(93)],0.9685650182625909,[np.float64(1.9577297234962545)],[np.float64(2.846511284705083)],[np.float64(151.46825149945724)]
100,100,99,[np.int64(90)],0.9685650182625787,[np.float64(2.260010304201025)],[np.float64(2.891424055036394)],[np.float64(121.9169622108511)]
100,101,99,,0.9685650182625813,,,
100,103,102,[np.int64(480)],0.9685650182625806,[np.float64(2.0969571896057344)],[np.float64(2.9809865723616134)],[np.float64(150.94648777543566)]
100,104,102,[np.int64(246)],0.9685650182625845,[np.float64(2.1911859903323334)],[np.float64(3.042908917444921)],[np.float64(146.02263588867515)]
100,106,105,[np.int64(96)],0.9685650182627176,[np.float64(1.9947957299772623)],[np.float64(2.9361749200249103)],[np.float64(163.43456229079214)]
100,107,105,[np.int64(102)],0.96856501826272,[np.float64(2.0453349510879058)],[np.float64(2.960774772534858)],[np.float64(156.90987466278466)]
100,109,108,[np.int64(288)],0.9685650182626655,[np.float64(1.7198567378313407)],[np.float64(2.627067892084329)],[np.float64(154.4369435642613)]
100,110,108,,0.9685650182626654,,,
100,112,111,[np.int64(108)],0.9685650182626135,[np.float64(2.00995734247802)],[np.float64(2.831808375707412)],[np.float64(141.35765494208454)]
100,113,111,,0.9685650182626003,,,
100,115,114,[np.int64(111)],0.9685650182625849,[np.float64(2.218859110686521)],[np.float64(2.9443828598550064)],[np.float64(130.78929204530246)]
100,116,114,[np.int64(123)],0.9685650182625892,[np.float64(2.001522639859567)],[np.float64(2.8769639606890913)],[np.float64(149.26768557259527)]
100,118,117,[np.int64(42)],0.9685650182625837,[np.float64(2.0643118022075035)],[np.float64(2.998280991475385)],[np.float64(161.40956558801633)]
100,119,117,[np.int64(144)],0.9685650182625866,[np.float64(2.3991247743690143)],[np.float64(3.2596325156294603)],[np.float64(147.7693358750829)]
100,121,120,[np.int64(147)],0.9685650182625843,[np.float64(2.097481190694963)],[np.float64(2.8920206473234655)],[np.float64(138.1428872033264)]
100,122,120,,0.9685650182625795,,,
100,124,123,,0.9685650182624425,,,
100,125,123,[np.int64(120)],0.9685650182624418,[np.float64(2.170459115918154)],[np.float64(3.09887234050434)],[np.float64(160.12377655807384)]
100,127,126,,0.9685650182625711,,,
100,128,126,,0.9685650182625709,,,
100,130,129,,0.9685650182625986,,,
100,131,129,[np.int64(132)],0.9685650182625909,[np.float64(2.102528883140149)],[np.float64(2.9553952420054608)],[np.float64(145.97614194237863)]
100,133,132,[np.int64(276)],0.9685650182625692,[np.float64(2.0374393239245676)],[np.float64(2.9160237608210453)],[np.float64(149.88121332670096)]
100,134,132,[np.int64(45)],0.968565018262566,[np.float64(2.1852826299135035)],[np.float64(3.021645128498183)],[np.float64(143.81731484030374)]
100,136,135,,0.9685650182625644,,,
100,137,135,[np.int64(405)],0.9685650182626586,[np.float64(1.7467233213613464)],[np.float64(2.700882194179955)],[np.float64(167.6716668476852)]
100,139,138,[np.int64(150)],0.9685650182625598,[np.float64(1.9171523256666194)],[np.float64(2.773036754867573)],[np.float64(145.92513806610117)]
100,140,138,[np.int64(111)],0.9685650182625583,[np.float64(2.2117128981036496)],[np.float64(2.850766828513292)],[np.float64(122.4221167149531)]
100,142,141,[np.int64(234)],0.9685650182625852,[np.float64(2.0465831859698382)],[np.float64(3.0052696940959645)],[np.float64(170.06318964077076)]
100,143,141,,0.9685650182624884,,,
100,145,144,[np.int64(135)],0.9685650182624276,[np.float64(1.9632367113046054)],[np.float64(2.8993654512880207)],[np.float64(161.853964943739)]
100,146,144,[np.int64(414)],0.9685650182624246,[np.float64(1.8376848428510342)],[np.float64(2.7379791310809867)],[np.float64(153.3384132269007)]
100,148,147,,0.9685650182627179,,,
100,149,147,[np.int64(144)],0.9685650182627319,[np.float64(2.3929677631940627)],[np.float64(3.3262348302805695)],[np.float64(161.63606860196847)]
100,151,150,,0.9685650182626,,,
100,152,150,,0.9685650182625107,,,
100,154,153,[np.int64(126)],0.9685650182624145,[np.float64(2.221524518417404)],[np.float64(3.0417380753227587)],[np.float64(141.73629199790273)]
100,155,153,,0.9685650182624033,,,
100,157,156,[np.int64(147)],0.9685650182626016,[np.float64(1.9637131145478062)],[np.float64(2.875485581185357)],[np.float64(155.9641993537326)]
100,158,156,[np.int64(429)],0.9685650182626049,[np.float64(2.300860431912039)],[np.float64(3.1944656113536083)],[np.float64(153.0356674527994)]
100,160,159,[np.int64(303)],0.9685650182625771,[np.float64(2.167612125390897)],[np.float64(3.051414919515239)],[np.float64(151.05608984902108)]
100,161,159,,0.9685650182625825,,,
100,163,162,[np.int64(189)],0.9685650182627303,[np.float64(1.7934595663567092)],[np.float64(2.744493486414501)],[np.float64(166.46163129892528)]
100,164,162,"[np.int64(105), np.int64(18)]",0.9685650182627469,"[np.float64(2.2968660437836514), np.float64(2.3270811884286764)]","[np.float64(3.0411009483632934), np.float64(3.006719455557359)]","[np.float64(133.00261694332482), np.float64(126.58795663684991)]"
100,166,165,,0.9685650182625839,,,
100,167,165,[np.int64(543)],0.9685650182625759,[np.float64(2.0304427747184897)],[np.float64(2.7714407423355656)],[np.float64(131.7695452916762)]
100,169,168,,0.9685650182625879,,,
100,170,168,[np.int64(165)],0.9685650182625928,[np.float64(2.177800423208917)],[np.float64(3.0918118415955798)],[np.float64(156.8285387382285)]
100,172,171,[np.int64(549)],0.9685650182627246,[np.float64(1.8912404935183234)],[np.float64(2.7871267731389784)],[np.float64(152.619895872765)]
100,173,171,[np.int64(180)],0.9685650182627372,[np.float64(1.861218298950615)],[np.float64(2.8019319819641915)],[np.float64(163.03748987511835)]
100,175,174,[np.int64(210)],0.9685650182625838,[np.float64(2.365317369227542)],[np.float64(3.2824463400568784)],[np.float64(157.7780944090469)]
100,176,174,,0.968565018262577,,,
100,178,177,[np.int64(204)],0.9685650182625709,[np.float64(1.742942052539437)],[np.float64(2.663585931185936)],[np.float64(157.474531603885)]
100,179,177,,0.9685650182625798,,,
100,181,180,[np.int64(267)],0.9685650182626109,[np.float64(2.0111221007294495)],[np.float64(2.9336937046757554)],[np.float64(158.46403420810535)]
100,182,180,[np.int64(207)],0.9685650182625204,[np.float64(2.268215089550912)],[np.float64(3.1672043082154615)],[np.float64(153.97381067855636)]
100,184,183,,0.9685650182627651,,,
100,185,183,[np.int64(180)],0.9685650182627613,[np.float64(2.1779483071193373)],[np.float64(2.888324470937266)],[np.float64(129.10069111454183)]
100,187,186,[np.int64(174)],0.9685650182625793,[np.float64(2.1397699260755356)],[np.float64(3.088098451584176)],[np.float64(165.8709100092183)]
100,188,186,[np.int64(564)],0.9685650182625869,[np.float64(2.267055575602938)],[np.float64(3.2351765864797577)],[np.float64(177.92735544283366)]
100,190,189,,0.9685650182625883,,,
100,191,189,[np.int64(198)],0.9685650182625901,[np.float64(2.346194892055471)],[np.float64(3.020501185122562)],[np.float64(126.14446866446774)]
100,193,192,[np.int64(165)],0.9685650182625983,[np.float64(2.185113603125483)],[np.float64(3.0210776427958463)],[np.float64(143.76172387681666)]
100,194,192,,0.9685650182625914,,,
100,196,195,[np.int64(168)],0.9685650182624183,[np.float64(2.052483972318908)],[np.float64(2.9724708886835782)],[np.float64(157.93691853601345)]
100,197,195,[np.int64(192)],0.9685650182624153,[np.float64(2.0544638819628473)],[np.float64(2.954048080386279)],[np.float64(153.68882053043032)]
100,199,198,[np.int64(171)],0.9685650182625828,[np.float64(2.254731990462465)],[np.float64(3.155153314047205)],[np.float64(154.22193384436454)]
100,200,198,,0.9685650182625819,,,
100,202,201,[np.int64(192)],0.9685650182625752,[np.float64(2.2293734845473874)],[np.float64(3.133948740198747)],[np.float64(154.9824868613149)]
100,203,201,[np.int64(210)],0.9685650182625729,[np.float64(2.075460380269019)],[np.float64(2.9297595180858704)],[np.float64(146.12108676914698)]
100,205,204,,0.96856501826244,,,
100,206,204,[np.int64(201)],0.9685650182624432,[np.float64(1.949197601775593)],[np.float64(2.9167864293494876)],[np.float64(176.85257135016343)]
100,208,207,[np.int64(225)],0.9685650182626526,[np.float64(1.9073727415856834)],[np.float64(2.7922039071822615)],[np.float64(150.63880193782367)]
100,209,207,[np.int64(198)],0.9685650182626551,[np.float64(2.0130286578787264)],[np.float64(2.952661888072721)],[np.float64(162.93483525969532)]
100,211,210,,0.9685650182625958,,,
100,212,210,,0.9685650182625888,,,
100,214,213,[np.int64(315)],0.9685650182624292,[np.float64(2.073529551560898)],[np.float64(3.0342961405244293)],[np.float64(171.19037485458958)]
100,215,213,[np.int64(288)],0.9685650182624291,[np.float64(1.970687045639825)],[np.float64(2.656283114311565)],[np.float64(125.81946689808242)]
100,217,216,[np.int64(219)],0.9685650182624204,[np.float64(2.225232183049184)],[np.float64(3.174079219945843)],[np.float64(166.13694333503892)]
100,218,216,,0.9685650182625031,,,
100,220,219,[np.int64(75)],0.9685650182625624,[np.float64(2.1907971958537447)],[np.float64(2.9035621852182754)],[np.float64(129.38700203919282)]
100,221,219,[np.int64(222)],0.9685650182625635,[np.float64(1.9607964430535887)],[np.float64(2.920136469403535)],[np.float64(170.33059429737798)]
100,223,222,[np.int64(231)],0.968565018262589,[np.float64(2.0831273474840257)],[np.float64(3.0151237437300984)],[np.float64(160.91267105756128)]
100,224,222,,0.9685650182624952,,,
100,226,225,[np.int64(228)],0.9685650182624354,[np.float64(2.007208732545367)],[np.float64(2.8586540173940707)],[np.float64(145.51327586183098)]
100,227,225,,0.9685650182624349,,,
100,229,228,[np.int64(237)],0.9685650182625615,[np.float64(2.227767054311702)],[np.float64(3.0797301581533425)],[np.float64(146.14231839593634)]
100,230,228,,0.96856501826257,,,
100,232,231,[np.int64(306)],0.9685650182625981,[np.float64(1.9014144865595561)],[np.float64(2.857265236366342)],[np.float64(168.58813823564043)]
100,233,231,[np.int64(201)],0.9685650182625097,[np.float64(2.1356893133276857)],[np.float64(2.983545878070127)],[np.float64(145.3233698820559)]
100,235,234,[np.int64(27)],0.9685650182624272,[np.float64(2.084929152040671)],[np.float64(2.80955692197103)],[np.float64(130.23160943178647)]
100,236,234,,0.9685650182624327,,,
100,238,237,[np.int64(240)],0.968565018262606,[np.float64(2.1077395881023877)],[np.float64(2.9224308710959903)],[np.float64(140.70786196390773)]
100,239,237,[np.int64(210)],0.9685650182626064,[np.float64(1.9505137879876697)],[np.float64(2.8970470712543857)],[np.float64(165.03557416262856)]
100,241,240,[np.int64(231)],0.9685650182627127,[np.float64(2.1350947643267646)],[np.float64(3.0456361578314084)],[np.float64(156.0261626527317)]
100,242,240,[np.int64(315)],0.9685650182627222,[np.float64(2.152636063320568)],[np.float64(3.0280251712121267)],[np.float64(149.60948967079375)]
100,244,243,[np.int64(168)],0.9685650182627249,[np.float64(2.2147126730323117)],[np.float64(2.9598611964218033)],[np.float64(132.85058503433874)]
100,245,243,[np.int64(99)],0.9685650182627289,[np.float64(1.9365462258906974)],[np.float64(2.878163406551101)],[np.float64(163.426726406478)]
100,247,246,[np.int64(249)],0.9685650182624321,[np.float64(1.7668011659133025)],[np.float64(2.689568932938245)],[np.float64(158.03434038829565)]
100,248,246,[np.int64(624)],0.9685650182624297,[np.float64(2.3496651495211367)],[np.float64(3.198770420780039)],[np.float64(145.9917737344972)]
100,250,249,[np.int64(162)],0.9685650182627146,[np.float64(1.881710590727568)],[np.float64(2.625016691565333)],[np.float64(131.42514729236913)]
100,251,249,[np.int64(627)],0.9685650182627196,[np.float64(2.223843231342081)],[np.float64(2.845646812772837)],[np.float64(120.92849545753667)]
100,253,252,[np.int64(633)],0.9685650182625817,[np.float64(2.377853203967953)],[np.float64(3.320538026917716)],[np.float64(164.26820137773464)]
100,254,252,[np.int64(261)],0.9685650182625848,[np.float64(1.8313119124324873)],[np.float64(2.7815314328663954)],[np.float64(166.20048200015196)]
100,256,255,[np.int64(258)],0.9685650182627455,[np.float64(1.8790671927074916)],[np.float64(2.693274145548185)],[np.float64(139.9098229902099)]
100,257,255,,0.9685650182627502,,,
100,259,258,[np.int64(171)],0.9685650182625661,[np.float64(1.792175192631114)],[np.float64(2.679500677268486)],[np.float64(150.77331305287632)]
100,260,258,,0.968565018262571,,,
100,262,261,[np.int64(291)],0.9685650182627351,[np.float64(2.1211580832543966)],[np.float64(2.977417527938503)],[np.float64(146.529890042671)]
100,263,261,[np.int64(81)],0.9685650182626525,[np.float64(2.220285930289007)],[np.float64(3.150962266958412)],[np.float64(160.760709879279)]
100,265,264,[np.int64(642)],0.968565018262588,[np.float64(1.9028921590728332)],[np.float64(2.6829466376981435)],[np.float64(135.7208225695403)]
100,266,264,[np.int64(261)],0.9685650182625899,[np.float64(2.031026276220444)],[np.float64(2.814091071812356)],[np.float64(136.54311776846185)]
100,268,267,[np.int64(465)],0.9685650182627251,[np.float64(2.1406231790072816)],[np.float64(3.0069386920477945)],[np.float64(148.12335568886374)]
100,269,267,[np.int64(294)],0.9685650182627306,[np.float64(2.0482043371270566)],[np.float64(2.9317171712526706)],[np.float64(150.7487568071057)]
100,271,270,,0.9685650182625951,,,
100,272,270,,0.9685650182625929,,,
100,274,273,,0.968565018262611,,,
100,275,273,[np.int64(276)],0.9685650182626074,[np.float64(1.9485707527670157)],[np.float64(2.8610915462284403)],[np.float64(156.09339724483635)]
100,277,276,"[np.int64(249), np.int64(105)]",0.9685650182624257,"[np.float64(2.124408413962614), np.float64(2.2676463881247386)]","[np.float64(2.8793088280099273), np.float64(2.9652189766760726)]","[np.float64(133.62364289592608), np.float64(128.12844391502531)]"
100,278,276,[np.int64(189)],0.9685650182624184,[np.float64(2.3621649004927727)],[np.float64(3.097052509482509)],[np.float64(132.20203066330362)]
100,280,279,[np.int64(252)],0.9685650182625545,[np.float64(2.2720353089553673)],[np.float64(3.0652475125198926)],[np.float64(138.48339956199914)]
100,281,279,[np.int64(306)],0.9685650182625507,[np.float64(2.3530695981183927)],[np.float64(2.983602300494248)],[np.float64(122.16837065304935)]
100,283,282,[np.int64(309)],0.9685650182627417,[np.float64(1.869614602775525)],[np.float64(2.780280700039576)],[np.float64(155.53012731255805)]
100,284,282,[np.int64(273)],0.968565018262736,[np.float64(2.0464267154891913)],[np.float64(2.6791911655545664)],[np.float64(121.17507814815332)]
100,286,285,,0.9685650182624493,,,
100,287,285,,0.9685650182624477,,,
100,289,288,[np.int64(318)],0.968565018262582,[np.float64(2.2623036049001266)],[np.float64(2.896500262231066)],[np.float64(122.17394840533805)]
100,290,288,[np.int64(279)],0.9685650182625839,[np.float64(2.2111403340409135)],[np.float64(2.923922071117336)],[np.float64(129.45785348222157)]
100,292,291,[np.int64(264)],0.9685650182627604,[np.float64(1.973688535800165)],[np.float64(2.7469054555010723)],[np.float64(135.17935902384818)]
100,293,291,[np.int64(294)],0.9685650182626595,[np.float64(2.1681681389923755)],[np.float64(2.9764245806226994)],[np.float64(140.0557900881522)]
100,295,294,[np.int64(207)],0.9685650182624899,[np.float64(2.2054556664521914)],[np.float64(3.1143634026693268)],[np.float64(155.80972898136997)]
100,296,294,[np.int64(27)],0.9685650182624903,[np.float64(1.758814941004564)],[np.float64(2.5691582188493656)],[np.float64(138.94082358492403)]
100,298,297,,0.9685650182624276,,,
100,299,297,[np.int64(567)],0.9685650182625193,[np.float64(2.1450612999100653)],[np.float64(3.0582804851612186)],[np.float64(156.60561860376407)]
100,301,300,[np.int64(156)],0.9685650182626444,[np.float64(2.1394124890535515)],[np.float64(2.992575071061617)],[np.float64(146.11152519338646)]
100,302,300,[np.int64(273)],0.9685650182626496,[np.float64(1.6904338360584743)],[np.float64(2.6466699412497694)],[np.float64(168.52857858850052)]
100,304,303,[np.int64(312)],0.9685650182625867,[np.float64(1.8930244461311745)],[np.float64(2.7757065013102418)],[np.float64(150.22393300386278)]
100,305,303,[np.int64(570)],0.9685650182625849,[np.float64(2.1782602026404136)],[np.float64(3.1438343916902713)],[np.float64(174.58736469301618)]
100,307,306,,0.9685650182624342,,,
100,308,306,,0.9685650182624297,,,
100,310,309,[np.int64(297)],0.9685650182625614,[np.float64(1.9786610658797892)],[np.float64(2.899112442974871)],[np.float64(157.9127784565386)]
100,311,309,,0.9685650182626665,,,
100,313,312,[np.int64(582)],0.9685650182626169,[np.float64(2.358775568757259)],[np.float64(3.042544140141018)],[np.float64(127.08307507123153)]
100,314,312,[np.int64(321)],0.9685650182625245,[np.float64(1.9842421719412897)],[np.float64(2.890209193653545)],[np.float64(154.8020474488685)]
100,316,315,[np.int64(135)],0.9685650182625506,[np.float64(1.8998962286717316)],[np.float64(2.8616856799682964)],[np.float64(171.6702583103259)]
100,317,315,[np.int64(306)],0.9685650182625563,[np.float64(2.178201137915168)],[np.float64(2.8398426633470537)],[np.float64(124.36993733911271)]
100,319,318,[np.int64(321)],0.9685650182626683,[np.float64(2.354095137590578)],[np.float64(3.179929761282519)],[np.float64(142.7946945077621)]
100,320,318,[np.int64(282)],0.9685650182627686,[np.float64(1.9744777991230782)],[np.float64(2.9196329984043206)],[np.float64(164.60476427523454)]
100,322,321,,0.9685650182625685,,,
100,323,321,,0.9685650182625677,,,
100,325,324,"[np.int64(333), np.int64(351)]",0.9685650182625617,"[np.float64(2.2509129057836463), np.float64(2.328066152165394)]","[np.float64(2.9475875246836587), np.float64(3.1245044722554143)]","[np.float64(127.98448711215019), np.float64(139.01847279237776)]"
100,326,324,,0.968565018262565,,,
100,328,327,[np.int64(507)],0.9685650182625986,[np.float64(1.9470782789637704)],[np.float64(2.8174366558790855)],[np.float64(148.290627508058)]
100,329,327,[np.int64(510)],0.9685650182625937,[np.float64(1.647366917728355)],[np.float64(2.5192754032085114)],[np.float64(147.61420260174498)]
100,331,330,[np.int64(60)],0.9685650182625867,[np.float64(1.680106613776144)],[np.float64(2.527100618046152)],[np.float64(143.77139993701144)]
100,332,330,[np.int64(327)],0.9685650182625938,[np.float64(2.285183623326544)],[np.float64(2.9901374761614035)],[np.float64(128.91558580280173)]
100,334,333,[np.int64(420)],0.9685650182625604,[np.float64(1.947784441401829)],[np.float64(2.8186865274686377)],[np.float64(148.38117985416423)]
100,335,333,[np.int64(342)],0.9685650182626628,[np.float64(2.3984351308003724)],[np.float64(3.1086351408580546)],[np.float64(129.7839797262036)]
100,337,336,[np.int64(345)],0.9685650182625961,[np.float64(1.996858550663579)],[np.float64(2.7767567921607035)],[np.float64(136.04872321148395)]
100,338,336,[np.int64(363)],0.9685650182625971,[np.float64(2.347144380075522)],[np.float64(3.1044955354085957)],[np.float64(134.56800241357624)]
100,340,339,"[np.int64(366), np.int64(330)]",0.9685650182625678,"[np.float64(2.2076312679898518), np.float64(2.3439274362733773)]","[np.float64(2.918371982790248), np.float64(3.077774399792802)]","[np.float64(129.23955774475658), np.float64(132.0407473268008)]"
100,341,339,[np.int64(414)],0.9685650182625801,[np.float64(2.0820057671884196)],[np.float64(2.7447783454556287)],[np.float64(124.0969103864662)]
100,343,342,[np.int64(72)],0.9685650182625781,[np.float64(2.3726711412772366)],[np.float64(3.0674002315912183)],[np.float64(128.1832817722634)]
100,344,342,[np.int64(345)],0.9685650182624927,[np.float64(2.1896650662871657)],[np.float64(2.849687166212784)],[np.float64(124.26201424389552)]
100,346,345,[np.int64(489)],0.9685650182627381,[np.float64(1.9796472386723882)],[np.float64(2.9182296292027567)],[np.float64(162.57949736854542)]
100,347,345,[np.int64(348)],0.9685650182627403,[np.float64(2.3842691800903224)],[np.float64(3.1104089020110495)],[np.float64(131.35742452375206)]
100,349,348,,0.968565018262578,,,
100,350,348,[np.int64(339)],0.9685650182625793,[np.float64(1.881570716057857)],[np.float64(2.822902431575862)],[np.float64(163.2582021803893)]
100,352,351,[np.int64(354)],0.9685650182625872,[np.float64(1.8693129674933582)],[np.float64(2.833337158364317)],[np.float64(173.1627650019587)]
100,353,351,,0.9685650182625934,,,
100,355,354,[np.int64(327)],0.9685650182627562,[np.float64(2.2853532339287006)],[np.float64(3.249685266161728)],[np.float64(173.60696128343056)]
100,356,354,[np.int64(363)],0.9685650182627529,[np.float64(2.105164989114252)],[np.float64(2.7526721442706696)],[np.float64(122.77145146837974)]
100,358,357,[np.int64(510)],0.968565018262569,[np.float64(2.061198805196354)],[np.float64(2.9901774296167414)],[np.float64(160.10465499094175)]
100,359,357,[np.int64(432)],0.9685650182625699,[np.float64(1.8412183431417672)],[np.float64(2.742642100254236)],[np.float64(153.56987952839626)]
100,361,360,,0.9685650182625807,,,
100,362,360,"[np.int64(333), np.int64(447)]",0.9685650182625752,"[np.float64(1.899790843330019), np.float64(2.359446126083532)]","[np.float64(2.5573855515639288), np.float64(3.102801799976367)]","[np.float64(122.78767138878986), np.float64(133.08858638008888)]"
100,364,363,[np.int64(372)],0.9685650182627281,[np.float64(1.975936872325387)],[np.float64(2.8488455311781657)],[np.float64(148.78393705983316)]
100,365,363,[np.int64(366)],0.9685650182627199,[np.float64(2.072209096162373)],[np.float64(2.9534389796745124)],[np.float64(150.4104051232121)]
100,367,366,[np.int64(357)],0.9685650182624327,[np.float64(2.0679847977323296)],[np.float64(2.9017454247742056)],[np.float64(143.1463822958585)]
100,368,366,[np.int64(393)],0.9685650182624328,[np.float64(2.321831711290566)],[np.float64(3.0026286947867624)],[np.float64(126.68134566383803)]
100,370,369,[np.int64(396)],0.9685650182627414,[np.float64(1.9702747040137)],[np.float64(2.871987207321159)],[np.float64(153.9248368676323)]
100,371,369,[np.int64(456)],0.9685650182627429,[np.float64(2.107309031828351)],[np.float64(3.008496438495836)],[np.float64(154.10218561507503)]
100,373,372,,0.968565018262759,,,
100,374,372,[np.int64(399)],0.9685650182627544,[np.float64(1.9430593051434797)],[np.float64(2.6667122188416577)],[np.float64(129.57074622045067)]
100,376,375,[np.int64(402)],0.9685650182624118,[np.float64(2.1604177608817956)],[np.float64(2.8883276806651805)],[np.float64(130.8423671929651)]
100,377,375,[np.int64(519)],0.9685650182624024,[np.float64(2.3209263777923685)],[np.float64(3.2494898614047645)],[np.float64(160.3596452112503)]
100,379,378,"[np.int64(381), np.int64(3)]",0.9685650182624211,"[np.float64(2.169146933391555), np.float64(2.346852844234416)]","[np.float64(2.9886895118002195), np.float64(3.0617894253431226)]","[np.float64(141.5107730506369), np.float64(130.10707686408975)]"
100,380,378,[np.int64(558)],0.9685650182625117,[np.float64(2.028440801178149)],[np.float64(2.771739856693279)],[np.float64(132.0117894894015)]
100,382,381,[np.int64(384)],0.9685650182625833,[np.float64(2.3391645923399222)],[np.float64(3.285874935015842)],[np.float64(165.5116413906291)]
100,383,381,[np.int64(354)],0.9685650182625837,[np.float64(2.1082088665368093)],[np.float64(2.953905640476106)],[np.float64(144.9408839801165)]
100,385,384,[np.int64(357)],0.9685650182627609,[np.float64(2.145976754522953)],[np.float64(2.92731286232637)],[np.float64(136.70901611495157)]
100,386,384,[np.int64(459)],0.9685650182626642,[np.float64(2.002264332767073)],[np.float64(2.7480590928434747)],[np.float64(132.18567413865017)]
100,388,387,[np.int64(378)],0.9685650182624523,[np.float64(2.184793519451434)],[np.float64(3.0371271406898575)],[np.float64(146.09752823543937)]
100,389,387,[np.int64(360)],0.968565018262452,[np.float64(1.9376082637941818)],[np.float64(2.82910657083089)],[np.float64(151.9138017972897)]
100,391,390,,0.9685650182626584,,,
100,392,390,"[np.int64(381), np.int64(393)]",0.9685650182625704,"[np.float64(2.115282443180731), np.float64(2.247915240005687)]","[np.float64(2.7584556680257375), np.float64(2.873691522795324)]","[np.float64(122.41570158583909), np.float64(121.37107366963706)]"
100,394,393,[np.int64(384)],0.9685650182626089,[np.float64(2.096039364267296)],[np.float64(2.902301210869658)],[np.float64(139.59517762813118)]
100,395,393,,0.9685650182625137,,,
100,397,396,[np.int64(387)],0.9685650182624155,[np.float64(1.838032849306383)],[np.float64(2.7741311507021567)],[np.float64(161.64284410876056)]
100,398,396,[np.int64(483)],0.9685650182624088,[np.float64(1.8548036792239293)],[np.float64(2.5443249224768363)],[np.float64(125.67081044762237)]
100,400,399,[np.int64(21)],0.9685650182626675,[np.float64(1.7470180775119468)],[np.float64(2.6643013932759043)],[np.float64(156.70446118821116)]
100,401,399,[np.int64(390)],0.9685650182626769,[np.float64(2.292306117650746)],[np.float64(3.1136170082669223)],[np.float64(142.0559404561097)]
100,403,402,,0.9685650182625729,,,
100,404,402,,0.9685650182625789,,,
100,406,405,,0.968565018262574,,,
100,407,405,[np.int64(330)],0.968565018262584,[np.float64(2.1124318190183806)],[np.float64(3.0084858460022503)],[np.float64(153.13765801189794)]
100,409,408,[np.int64(591)],0.9685650182624184,[np.float64(1.8248240123182617)],[np.float64(2.681269128500504)],[np.float64(145.72620363479155)]
100,410,408,[np.int64(138)],0.9685650182624108,[np.float64(2.2244425573613102)],[np.float64(3.0497167349232215)],[np.float64(142.41102575281448)]
100,412,411,"[np.int64(324), np.int64(351)]",0.9685650182625629,"[np.float64(2.2890700319233903), np.float64(2.333972574979574)]","[np.float64(3.1521475732664404), np.float64(2.9689844334172673)]","[np.float64(147.94243632954692), np.float64(122.50118553197971)]"
100,413,411,[np.int64(141)],0.9685650182625675,[np.float64(2.038008793561998)],[np.float64(2.81346215560625)],[np.float64(135.66876555547645)]
100,415,414,[np.int64(441)],0.9685650182627473,[np.float64(1.8096201809836112)],[np.float64(2.746304240275422)],[np.float64(161.76055427021547)]
100,416,414,[np.int64(417)],0.9685650182626626,[np.float64(1.9553252258495204)],[np.float64(2.9126460998112904)],[np.float64(169.31883555113058)]
100,418,417,"[np.int64(420), np.int64(444)]",0.9685650182627511,"[np.float64(2.030556141210192), np.float64(2.244124084684128)]","[np.float64(2.896668852353272), np.float64(2.9609654131607366)]","[np.float64(147.82609817847137), np.float64(129.9794320802666)]"
100,419,417,[np.int64(426)],0.9685650182627559,[np.float64(2.268689684377508)],[np.float64(2.9855240720864806)],[np.float64(130.0577875826857)]
100,421,420,"[np.int64(444), np.int64(447)]",0.9685650182627099,"[np.float64(1.8784041778180651), np.float64(2.1636197589516963)]","[np.float64(2.6395506166192853), np.float64(2.9683143041496503)]","[np.float64(133.4128450247693), np.float64(139.59477003778815)]"
100,422,420,[np.int64(411)],0.968565018262719,[np.float64(2.017176245906232)],[np.float64(2.933948426422154)],[np.float64(157.1517954892393)]
100,424,423,[np.int64(414)],0.9685650182627664,[np.float64(2.164277685654283)],[np.float64(3.0940396036095357)],[np.float64(160.4530740344627)]
100,425,423,[np.int64(153)],0.9685650182626779,[np.float64(1.763259539174028)],[np.float64(2.7207547633878133)],[np.float64(169.21270605581032)]
100,427,426,[np.int64(423)],0.9685650182626112,[np.float64(2.268024904791416)],[np.float64(2.9555328832808017)],[np.float64(127.14824699075801)]
100,428,426,[np.int64(570)],0.9685650182626153,[np.float64(2.216500314224735)],[np.float64(2.9095544778341456)],[np.float64(127.51189811852429)]
100,430,429,[np.int64(159)],0.9685650182625519,[np.float64(2.130768996534)],[np.float64(2.9242982539284856)],[np.float64(138.12126019195728)]
100,431,429,[np.int64(420)],0.968565018262564,[np.float64(2.137513646274661)],[np.float64(3.082303246268195)],[np.float64(164.68027775622778)]
100,433,432,,0.9685650182625885,,,
100,434,432,[np.int64(330)],0.9685650182625859,[np.float64(2.15327897551185)],[np.float64(2.822297573280043)],[np.float64(124.96887819741863)]
100,436,435,,0.9685650182625842,,,
100,437,435,,0.968565018262583,,,
100,439,438,,0.9685650182625098,,,
100,440,438,[np.int64(447)],0.9685650182625103,[np.float64(1.817843768340615)],[np.float64(2.641503251608293)],[np.float64(140.9540964203438)]
100,442,441,[np.int64(375)],0.9685650182625629,[np.float64(1.8163397031960213)],[np.float64(2.6941051387492894)],[np.float64(149.16045577639025)]
100,443,441,[np.int64(468)],0.9685650182625671,[np.float64(2.0653508589399854)],[np.float64(2.842439945761934)],[np.float64(135.95259482247369)]
100,445,444,[np.int64(447)],0.9685650182627167,[np.float64(1.822911476692073)],[np.float64(2.709374673715933)],[np.float64(150.7040188566706)]
100,446,444,[np.int64(453)],0.9685650182627159,[np.float64(2.080664527102492)],[np.float64(2.752010212429574)],[np.float64(124.90403934228084)]
100,448,447,,0.9685650182624479,,,
100,449,447,[np.int64(360)],0.9685650182624509,[np.float64(2.389929953552114)],[np.float64(3.102801799976367)],[np.float64(130.02654628727976)]
100,451,450,[np.int64(423)],0.9685650182625866,[np.float64(2.0712463047660825)],[np.float64(3.004690275528329)],[np.float64(161.27852451781774)]
100,452,450,[np.int64(519)],0.9685650182625873,[np.float64(1.977075168883516)],[np.float64(2.8324725782101208)],[np.float64(146.0231629901244)]
100,454,453,[np.int64(426)],0.9685650182625951,[np.float64(2.1647915087280354)],[np.float64(3.03773306784134)],[np.float64(149.2359960100698)]
100,455,453,[np.int64(480)],0.9685650182625907,[np.float64(2.3995031030287706)],[np.float64(3.0724410691294683)],[np.float64(126.18376903687205)]
100,457,456,,0.9685650182625789,,,
100,458,456,,0.9685650182625778,,,
100,460,459,[np.int64(462)],0.9685650182624284,[np.float64(2.273539891373525)],[np.float64(2.9284183582372134)],[np.float64(124.09054691501035)]
100,461,459,"[np.int64(81), np.int64(84)]",0.9685650182625191,"[np.float64(2.2438534694588728), np.float64(2.3990018146389684)]","[np.float64(3.061752072909319), np.float64(3.220151361965133)]","[np.float64(141.4918784229905), np.float64(142.28165550527925)]"
100,463,462,[np.int64(465)],0.968565018262729,[np.float64(1.7266807286593289)],[np.float64(2.688020619309044)],[np.float64(171.25379476768958)]
100,464,462,[np.int64(471)],0.9685650182627332,[np.float64(2.0826055989359444)],[np.float64(3.030056222875546)],[np.float64(165.50566471994094)]
100,466,465,,0.9685650182627441,,,
100,467,465,[np.int64(642)],0.9685650182626481,[np.float64(2.0141921625089596)],[np.float64(2.9369725596501577)],[np.float64(158.518471245074)]
100,469,468,[np.int64(459)],0.9685650182625921,[np.float64(2.300020701344071)],[np.float64(3.1936680896271072)],[np.float64(153.04186933379222)]
100,470,468,[np.int64(393)],0.9685650182625989,[np.float64(1.8048674901475958)],[np.float64(2.725815684410194)],[np.float64(157.6840158703351)]
100,472,471,[np.int64(468)],0.9685650182625852,[np.float64(2.2098978082491914)],[np.float64(2.92630435021525)],[np.float64(129.82214541049393)]
100,473,471,[np.int64(93)],0.9685650182625888,[np.float64(2.215597301028373)],[np.float64(2.838368571046743)],[np.float64(120.98216283102289)]
100,475,474,[np.int64(387)],0.9685650182625833,[np.float64(2.11224898684817)],[np.float64(2.9959912054695126)],[np.float64(150.9298053372886)]
100,476,474,,0.968565018262583,,,
100,478,477,[np.int64(450)],0.9685650182624931,[np.float64(2.110170267706495)],[np.float64(2.869357670928536)],[np.float64(134.0534063402122)]
100,479,477,[np.int64(441)],0.9685650182624946,[np.float64(2.1547198288418343)],[np.float64(2.929280440024153)],[np.float64(135.94555875884143)]
100,481,480,[np.int64(471)],0.9685650182625936,[np.float64(1.9312417855003023)],[np.float64(2.738570896733763)],[np.float64(139.19973530110548)]
100,482,480,,0.9685650182625934,,,
100,484,483,[np.int64(480)],0.9685650182627276,[np.float64(2.2598058466693565)],[np.float64(3.1852445051242917)],[np.float64(159.52333397401642)]
100,485,483,[np.int64(627)],0.9685650182627422,[np.float64(1.7459539049069888)],[np.float64(2.659275147628283)],[np.float64(155.81460790041604)]
100,487,486,,0.9685650182625749,,,
100,488,486,[np.int64(303)],0.9685650182625847,[np.float64(2.3320017750622717)],[np.float64(3.060036753393908)],[np.float64(131.40119036746665)]
100,490,489,,0.9685650182625901,,,
100,491,489,,0.9685650182625877,,,
100,493,492,[np.int64(222)],0.9685650182625597,[np.float64(2.2209821537383085)],[np.float64(2.8338281153799616)],[np.float64(120.13135389091678)]
100,494,492,[np.int64(489)],0.9685650182626581,[np.float64(2.0025555344027435)],[np.float64(2.7872873146179074)],[np.float64(136.6448954268388)]
100,496,495,[np.int64(504)],0.9685650182625873,[np.float64(1.9506072153037957)],[np.float64(2.743903198662717)],[np.float64(137.50351918435368)]
100,497,495,[np.int64(522)],0.9685650182625964,[np.float64(2.1561080460774935)],[np.float64(2.9306719250221103)],[np.float64(135.95023517901424)]
100,499,498,[np.int64(501)],0.968565018262604,[np.float64(1.7851023285021477)],[np.float64(2.6422210878179433)],[np.float64(145.69988913100164)]
100,500,498,[np.int64(228)],0.9685650182626,[np.float64(2.2957344833743405)],[np.float64(3.077697756458125)],[np.float64(137.2134992213346)]
100,502,501,[np.int64(528)],0.9685650182625885,[np.float64(2.284415510262055)],[np.float64(3.10705441439569)],[np.float64(142.21083694395364)]
100,503,501,,0.9685650182625873,,,
100,505,504,[np.int64(507)],0.9685650182625967,[np.float64(2.324010816994471)],[np.float64(3.2494800406513904)],[np.float64(159.61518756510668)]
100,506,504,[np.int64(351)],0.9685650182625053,[np.float64(1.8384095759070533)],[np.float64(2.7786962574706626)],[np.float64(162.87146857132038)]
100,508,507,[np.int64(498)],0.9685650182626112,[np.float64(2.088323796706482)],[np.float64(2.999444823072388)],[np.float64(156.06412904493862)]
100,509,507,[np.int64(237)],0.9685650182626127,[np.float64(1.9845223121301372)],[np.float64(2.9191653724844784)],[np.float64(161.47464833348295)]
100,511,510,[np.int64(534)],0.9685650182625875,[np.float64(2.172299180519262)],[np.float64(3.0238112150408445)],[np.float64(145.94697210922703)]
100,512,510,[np.int64(240)],0.9685650182625818,[np.float64(2.3669413137804027)],[np.float64(3.1773889593552602)],[np.float64(140.8414214567005)]
100,514,513,[np.int64(516)],0.9685650182625746,[np.float64(1.7296652350377946)],[np.float64(2.6423095276286377)],[np.float64(155.62548076916684)]
100,515,513,[np.int64(369)],0.968565018262575,[np.float64(2.060427268760358)],[np.float64(3.028169624101239)],[np.float64(177.13667697882664)]
100,517,516,[np.int64(372)],0.9685650182626786,[np.float64(2.339044696406123)],[np.float64(3.0575721883109783)],[np.float64(130.44727821426397)]
100,518,516,[np.int64(519)],0.9685650182626723,[np.float64(2.16089025765645)],[np.float64(2.8798010374015295)],[np.float64(129.9112198277581)]
100,520,519,"[np.int64(546), np.int64(528)]",0.9685650182624477,"[np.float64(2.192585403069651), np.float64(2.3272785288782067)]","[np.float64(2.8141425277179715), np.float64(3.112336697510471)]","[np.float64(120.78488938535996), np.float64(137.65961990930325)]"
100,521,519,[np.int64(492)],0.968565018262443,[np.float64(2.0996000519881646)],[np.float64(3.0056226452352734)],[np.float64(155.03987641733318)]
100,523,522,[np.int64(513)],0.9685650182625803,[np.float64(2.269634680043157)],[np.float64(3.0004168277106213)],[np.float64(131.4979287679802)]
100,524,522,,0.9685650182625863,,,
100,526,525,"[np.int64(531), np.int64(534)]",0.9685650182625598,"[np.float64(2.3093832964974905), np.float64(2.346271075207661)]","[np.float64(3.1112790140987734), np.float64(3.0184288901529026)]","[np.float64(139.63733115075206), np.float64(125.94242818860724)]"
100,527,525,[np.int64(498)],0.9685650182625557,[np.float64(2.0822154699479456)],[np.float64(3.0143069030068523)],[np.float64(160.93625100034845)]
100,529,528,[np.int64(537)],0.9685650182624521,[np.float64(2.2114506944903534)],[np.float64(3.003463320683776)],[np.float64(138.17269906651478)]
100,530,528,,0.9685650182624483,,,
100,532,531,,0.9685650182625566,,,
100,533,531,,0.968565018262654,,,
100,535,534,[np.int64(561)],0.9685650182627293,[np.float64(2.1641153535520266)],[np.float64(2.8600388206892626)],[np.float64(127.60818757784128)]
100,536,534,[np.int64(531)],0.9685650182627217,[np.float64(2.078764550379107)],[np.float64(2.981849503727734)],[np.float64(154.41691142618575)]
100,538,537,[np.int64(510)],0.9685650182624139,[np.float64(2.305198988935573)],[np.float64(3.0854431384365446)],[np.float64(137.03878188728194)]
100,539,537,[np.int64(357)],0.9685650182624078,[np.float64(2.1282501673374012)],[np.float64(2.9005409223023197)],[np.float64(135.60031916303763)]
100,541,540,[np.int64(513)],0.9685650182624256,[np.float64(2.151783738416254)],[np.float64(2.8849306099391487)],[np.float64(131.3633039599945)]
100,542,540,[np.int64(162)],0.9685650182625244,[np.float64(2.2485902726723555)],[np.float64(3.1408732169963147)],[np.float64(152.70455371292152)]
100,544,543,[np.int64(516)],0.9685650182625499,[np.float64(2.041135881680117)],[np.float64(2.994173053235891)],[np.float64(167.5333225354638)]
100,545,543,[np.int64(552)],0.968565018262651,[np.float64(1.7493717433958897)],[np.float64(2.629753788545118)],[np.float64(149.41118429607118)]
100,547,546,[np.int64(543)],0.9685650182626049,[np.float64(2.1651879022133156)],[np.float64(3.0377862581293167)],[np.float64(149.1812103852911)]
100,548,546,,0.9685650182625122,,,
100,550,549,[np.int64(540)],0.9685650182624265,[np.float64(1.932556646833614)],[np.float64(2.8909793187856345)],[np.float64(169.83636718502214)]
100,551,549,[np.int64(636)],0.9685650182624232,[np.float64(1.8616720056369196)],[np.float64(2.6338357570636854)],[np.float64(134.62175635997843)]
100,553,552,,0.9685650182627217,,,
100,554,552,[np.int64(525)],0.9685650182627291,[np.float64(1.754096359773382)],[np.float64(2.6132640769678583)],[np.float64(145.91504528057814)]
100,556,555,,0.9685650182627682,,,
100,557,555,[np.int64(630)],0.968565018262678,[np.float64(1.969865018050593)],[np.float64(2.806377133088232)],[np.float64(143.24433059441267)]
100,559,558,[np.int64(531)],0.9685650182624932,[np.float64(1.8444017907301233)],[np.float64(2.5832317276765826)],[np.float64(130.7698982735661)]
100,560,558,[np.int64(645)],0.9685650182624947,[np.float64(2.1960331524658416)],[np.float64(2.9760668233952723)],[np.float64(136.70682156728552)]
100,562,561,[np.int64(183)],0.9685650182625877,[np.float64(1.9442263207999266)],[np.float64(2.768685560019584)],[np.float64(141.50028543207338)]
100,563,561,[np.int64(552)],0.968565018262584,[np.float64(2.1640341285423075)],[np.float64(3.057211680637779)],[np.float64(152.70846845395093)]
100,565,564,[np.int64(537)],0.9685650182627168,[np.float64(2.1003005448441936)],[np.float64(2.8161974705392807)],[np.float64(129.38453732138447)]
100,566,564,[np.int64(561)],0.9685650182627319,[np.float64(2.0048901580269427)],[np.float64(2.9216930096579756)],[np.float64(157.13601336189595)]
100,568,567,[np.int64(423)],0.9685650182625616,[np.float64(2.211841750696764)],[np.float64(3.0637607287758266)],[np.float64(146.09942975400335)]
100,569,567,[np.int64(594)],0.9685650182625635,[np.float64(1.914892462987368)],[np.float64(2.734559497650992)],[np.float64(140.75868096607417)]
100,571,570,[np.int64(579)],0.9685650182624103,[np.float64(1.8453141930354502)],[np.float64(2.7821701280779476)],[np.float64(161.8712099755383)]
100,572,570,[np.int64(426)],0.9685650182625004,[np.float64(2.2903699789620493)],[np.float64(2.9095544778341456)],[np.float64(120.9473156526986)]
100,574,573,[np.int64(570)],0.9685650182625742,[np.float64(1.8929340525631904)],[np.float64(2.7544359210269382)],[np.float64(146.7231063266909)]
100,575,573,[np.int64(582)],0.9685650182625847,[np.float64(2.208296446787055)],[np.float64(2.984526498001423)],[np.float64(136.30056191096295)]
100,577,576,[np.int64(603)],0.9685650182625676,[np.float64(2.006189350417113)],[np.float64(2.7527067845619646)],[np.float64(132.27979283471737)]
100,578,576,,0.968565018262567,,,
100,580,579,[np.int64(582)],0.968565018262584,[np.float64(2.1123227578170756)],[np.float64(3.058899958403488)],[np.float64(165.24133156663882)]
100,581,579,[np.int64(576)],0.9685650182626674,[np.float64(2.328461700973916)],[np.float64(3.1735226761172175)],[np.float64(145.36892356551536)]
100,583,582,[np.int64(609)],0.9685650182627383,[np.float64(2.1263946876958584)],[np.float64(3.0283546685788023)],[np.float64(154.2881461260601)]
100,584,582,[np.int64(495)],0.9685650182627399,[np.float64(1.8330160554463504)],[np.float64(2.700684999498975)],[np.float64(147.5278535075212)]
100,586,585,[np.int64(576)],0.9685650182625988,[np.float64(2.2261581986965937)],[np.float64(2.989571953894406)],[np.float64(134.8938310030539)]
100,587,585,[np.int64(405)],0.9685650182625136,[np.float64(2.394392114297721)],[np.float64(3.0712564756981973)],[np.float64(126.53763410345006)]
100,589,588,,0.9685650182626153,,,
100,590,588,,0.9685650182626159,,,
100,592,591,[np.int64(504)],0.9685650182625615,[np.float64(2.0678283619134077)],[np.float64(3.032287473928742)],[np.float64(173.60592023616834)]
100,593,591,[np.int64(615)],0.9685650182625573,[np.float64(1.760130535628547)],[np.float64(2.591349643974261)],[np.float64(141.78522713397012)]
100,595,594,,0.9685650182627464,,,
100,596,594,[np.int64(603)],0.9685650182627515,[np.float64(1.770346367068249)],[np.float64(2.7289529317661136)],[np.float64(169.77624917200606)]
100,598,597,"[np.int64(450), np.int64(594)]",0.9685650182625926,"[np.float64(2.205565363868307), np.float64(2.266319015624166)]","[np.float64(2.8198707136028798), np.float64(3.100059501826519)]","[np.float64(120.19841723571669), np.float64(143.65370995075708)]"
100,599,597,,0.9685650182625802,,,
100,601,600,[np.int64(513)],0.9685650182625833,[np.float64(1.8233542088015584)],[np.float64(2.7704440682061673)],[np.float64(165.0565039232185)]
100,602,600,[np.int64(573)],0.9685650182625837,[np.float64(2.1680218292361646)],[np.float64(3.085504239749733)],[np.float64(157.56588545659477)]
100,604,603,[np.int64(606)],0.9685650182625839,[np.float64(1.8522934436287484)],[np.float64(2.7587715620250046)],[np.float64(154.61578603800146)]
100,605,603,,0.9685650182625875,,,
100,607,606,[np.int64(588)],0.9685650182627129,[np.float64(2.0684814247849634)],[np.float64(2.8028388737474073)],[np.float64(131.19729818545858)]
100,608,606,[np.int64(579)],0.9685650182627136,[np.float64(1.9316271611888656)],[np.float64(2.8517135343276214)],[np.float64(157.74065688025814)]
100,610,609,,0.9685650182624485,,,
100,611,609,[np.int64(606)],0.9685650182624453,[np.float64(2.056999762029197)],[np.float64(3.0168545658645094)],[np.float64(170.67733320706446)]
100,613,612,"[np.int64(585), np.int64(537)]",0.9685650182625744,"[np.float64(2.38910284951249), np.float64(2.390684077028478)]","[np.float64(3.041626908258112), np.float64(3.236607742469543)]","[np.float64(124.26349275757255), np.float64(145.6216005905203)]"
100,614,612,,0.9685650182625668,,,
100,616,615,[np.int64(438)],0.9685650182627428,[np.float64(1.9667677167133641)],[np.float64(2.9030067372921438)],[np.float64(161.89028322860597)]
100,617,615,,0.9685650182627317,,,
100,619,618,[np.int64(615)],0.9685650182624177,[np.float64(1.934860401042536)],[np.float64(2.626787639288048)],[np.float64(126.28672043153355)]
100,620,618,,0.968565018262416,,,
100,622,621,[np.int64(477)],0.9685650182624327,[np.float64(2.158592464724923)],[np.float64(3.077468440384017)],[np.float64(157.86057974714305)]
100,623,621,[np.int64(243)],0.9685650182625228,[np.float64(1.802703122754081)],[np.float64(2.7662866085016957)],[np.float64(172.79352399923147)]
100,625,624,[np.int64(627)],0.9685650182625775,[np.float64(2.192541177597942)],[np.float64(2.946652902700852)],[np.float64(133.7572505420012)]
100,626,624,[np.int64(621)],0.9685650182625775,[np.float64(1.9299292029117168)],[np.float64(2.8910043827407024)],[np.float64(171.26495944807715)]
100,628,627,"[np.int64(249), np.int64(636)]",0.9685650182627761,"[np.float64(2.10743814497753), np.float64(2.2059644517916044)]","[np.float64(2.845646812772837), np.float64(3.100316382939013)]","[np.float64(131.74828634422627), np.float64(153.0023509383492)]"
100,629,627,[np.int64(600)],0.9685650182626784,[np.float64(1.7473036681076033)],[np.float64(2.597840280280308)],[np.float64(144.55847984805575)]
100,631,630,,0.9685650182624359,,,
100,632,630,"[np.int64(639), np.int64(252)]",0.9685650182624392,"[np.float64(2.1038849116282625), np.float64(2.275701269138968)]","[np.float64(2.8233792012633154), np.float64(3.1415468100285753)]","[np.float64(129.76805748234298), np.float64(148.34272634591514)]"
100,634,633,[np.int64(624)],0.9685650182626601,[np.float64(1.8781149135393598)],[np.float64(2.728319712629214)],[np.float64(144.9477101002781)]
100,635,633,[np.int64(255)],0.9685650182626655,[np.float64(2.080574432757572)],[np.float64(2.8900546420432573)],[np.float64(139.95767991915662)]
100,637,636,,0.968565018262601,,,
100,638,636,[np.int64(258)],0.9685650182625045,[np.float64(2.335982929197393)],[np.float64(3.1954759130234818)],[np.float64(147.49290662231223)]
100,640,639,[np.int64(252)],0.9685650182624219,[np.float64(2.0107093558326206)],[np.float64(2.8346179146246597)],[np.float64(141.63549189595358)]
100,641,639,[np.int64(564)],0.9685650182624196,[np.float64(2.213797916752588)],[np.float64(2.961691741367009)],[np.float64(133.1446168871135)]
100,643,642,[np.int64(633)],0.9685650182626688,[np.float64(2.105695093288894)],[np.float64(2.997101577695718)],[np.float64(152.27048054960696)]
100,644,642,[np.int64(615)],0.9685650182626702,[np.float64(1.810356307202125)],[np.float64(2.5772431954814756)],[np.float64(133.7864309941083)]
100,646,645,,0.9685650182627322,,,
100,647,645,[np.int64(267)],0.968565018262738,[np.float64(2.169909760818173)],[np.float64(3.079629812425373)],[np.float64(155.91630999358765)]
150,1,0,[np.int64(267)],0.968565018262566,[np.float64(2.069258962317673)],[np.float64(2.9123006632699364)],[np.float64(144.45631684576435)]
150,2,0,[np.int64(9)],0.9685650182625759,[np.float64(1.8957595868279025)],[np.float64(2.825139285081448)],[np.float64(159.9328366758756)]
150,4,3,[np.int64(381)],0.9685650182624237,[np.float64(2.341319697563659)],[np.float64(2.9997394440433793)],[np.float64(124.64788154271118)]
150,5,3,"[np.int64(378), np.int64(183)]",0.9685650182624255,"[np.float64(2.021365601357681), np.float64(2.3063303623520324)]","[np.float64(2.772341981133588), np.float64(3.006887230481096)]","[np.float64(132.82772595041692), np.float64(128.54766914348502)]"
150,7,6,[np.int64(186)],0.9685650182627114,[np.float64(2.212327764580156)],[np.float64(3.1505482884873395)],[np.float64(162.7789067111984)]
150,8,6,[np.int64(3)],0.9685650182627201,[np.float64(1.8870682878244103)],[np.float64(2.6890561081164135)],[np.float64(138.35998654596733)]
150,10,9,"[np.int64(96), np.int64(18)]",0.9685650182627384,"[np.float64(2.1885855550114863), np.float64(2.3370532510970885)]","[np.float64(3.052039579086653), np.float64(2.971861847481764)]","[np.float64(147.78532959804372), np.float64(122.49365010461187)]"
150,11,9,[np.int64(12)],0.9685650182627489,[np.float64(2.06907052375596)],[np.float64(2.98331636608852)],[np.float64(156.69344290071675)]
150,13,12,[np.int64(39)],0.9685650182625928,[np.float64(2.001139612966806)],[np.float64(2.950697247472568)],[np.float64(166.16074991232514)]
150,14,12,,0.9685650182625897,,,
150,16,15,,0.9685650182627321,,,
150,17,15,[np.int64(81)],0.9685650182627348,[np.float64(1.9375737023754636)],[np.float64(2.7301809961672423)],[np.float64(137.37207180046482)]
150,19,18,[np.int64(396)],0.9685650182625948,[np.float64(1.9980002116802194)],[np.float64(2.902239254020535)],[np.float64(154.4833620637183)]
150,20,18,,0.9685650182625045,,,
150,22,21,[np.int64(48)],0.9685650182627615,[np.float64(2.2863887574912836)],[np.float64(3.2401297066004853)],[np.float64(168.03123853698017)]
150,23,21,[np.int64(390)],0.9685650182627701,[np.float64(2.0234089626262413)],[np.float64(2.9498144519608354)],[np.float64(159.40492147046058)]
150,25,24,[np.int64(51)],0.968565018262564,[np.float64(1.973547253555471)],[np.float64(2.8893091577069203)],[np.float64(156.84683153086155)]
150,26,24,[np.int64(15)],0.96856501826257,[np.float64(2.2409590673931756)],[np.float64(3.181529462986746)],[np.float64(163.4930119883815)]
150,28,27,[np.int64(30)],0.9685650182626014,[np.float64(2.068014924542033)],[np.float64(2.9179991300745782)],[np.float64(145.46098333550822)]
150,29,27,[np.int64(114)],0.9685650182625989,[np.float64(2.2752506563405945)],[np.float64(3.2167333110183796)],[np.float64(163.80172002687254)]
150,31,30,[np.int64(0)],0.9685650182627648,[np.float64(2.1994731156196408)],[np.float64(3.0237830156568513)],[np.float64(142.21925481214453)]
150,32,30,[np.int64(36)],0.9685650182627562,[np.float64(2.241635397842513)],[np.float64(3.1005891238456633)],[np.float64(147.21413252365423)]
150,34,33,[np.int64(39)],0.9685650182624351,[np.float64(1.8862465865340643)],[np.float64(2.714887982919148)],[np.float64(141.8793346837008)]
150,35,33,[np.int64(6)],0.9685650182624382,[np.float64(2.200513965335449)],[np.float64(3.0936624761968026)],[np.float64(152.77262767112225)]
150,37,36,"[np.int64(9), np.int64(45)]",0.968565018262583,"[np.float64(2.147059860795474), np.float64(2.3281983036504785)]","[np.float64(2.9041563849239678), np.float64(3.1445561476566484)]","[np.float64(133.94186228571235), np.float64(141.50055403829703)]"
150,38,36,[np.int64(54)],0.9685650182625795,[np.float64(2.031417852874956)],[np.float64(2.854849402340655)],[np.float64(141.63424099160002)]
150,40,39,[np.int64(48)],0.9685650182625601,[np.float64(2.18785420906267)],[np.float64(2.8591334708566425)],[np.float64(125.31272257645296)]
150,41,39,,0.9685650182625538,,,
150,43,42,[np.int64(117)],0.9685650182624167,[np.float64(2.0317591155772172)],[np.float64(2.8933529385623427)],[np.float64(147.1205757209786)]
150,44,42,,0.9685650182624189,,,
150,46,45,,0.9685650182627215,,,
150,47,45,[np.int64(48)],0.9685650182627206,[np.float64(2.0128761883338453)],[np.float64(2.807076613937334)],[np.float64(137.82938546061462)]
150,49,48,[np.int64(24)],0.9685650182625782,[np.float64(2.3986900480295756)],[np.float64(3.3596450279252625)],[np.float64(171.48721589145083)]
150,50,48,[np.int64(75)],0.9685650182625751,[np.float64(2.0597209788396103)],[np.float64(3.024366504561042)],[np.float64(173.74888832441866)]
150,52,51,,0.9685650182624883,,,
150,53,51,[np.int64(126)],0.9685650182624874,[np.float64(2.089414996966286)],[np.float64(2.9797920926918313)],[np.float64(152.05085254760843)]
150,55,54,,0.9685650182625725,,,
150,56,54,[np.int64(150)],0.9685650182626712,[np.float64(1.8410100228174766)],[np.float64(2.770835420177541)],[np.float64(159.94791290849864)]
150,58,57,[np.int64(60)],0.9685650182627159,[np.float64(1.9656790263234114)],[np.float64(2.8652350577791377)],[np.float64(153.4949496884845)]
150,59,57,[np.int64(33)],0.9685650182627241,[np.float64(2.1955281734180643)],[np.float64(2.9641559825405777)],[np.float64(135.39031127404516)]
150,61,60,,0.9685650182626011,,,
150,62,60,[np.int64(33)],0.9685650182625022,[np.float64(2.0983722661611233)],[np.float64(2.9125325891834137)],[np.float64(140.6119684788426)]
150,64,63,"[np.int64(54), np.int64(36)]",0.9685650182624423,"[np.float64(2.113444354500371), np.float64(2.1520361581280256)]","[np.float64(2.9327440607971456), np.float64(2.8837128529151244)]","[np.float64(141.32524404904728), np.float64(131.20903490439798)]"
150,65,63,[np.int64(75)],0.9685650182624436,[np.float64(1.9543567845107102)],[np.float64(2.856261921957389)],[np.float64(153.92794431306234)]
150,67,66,[np.int64(36)],0.9685650182626561,[np.float64(2.274635876579394)],[np.float64(3.0871599138282386)],[np.float64(140.8794540832313)]
150,68,66,[np.int64(336)],0.9685650182626631,[np.float64(2.3683888605818404)],[np.float64(3.165840383810134)],[np.float64(139.24131923318987)]
150,70,69,,0.9685650182626099,,,
150,71,69,,0.9685650182625166,,,
150,73,72,,0.9685650182625718,,,
150,74,72,[np.int64(216)],0.9685650182625707,[np.float64(2.078187461962908)],[np.float64(3.013355478614749)],[np.float64(161.75489829903358)]
150,76,75,[np.int64(72)],0.9685650182625918,[np.float64(1.9610375303577097)],[np.float64(2.8245839467829312)],[np.float64(147.23778882513864)]
150,77,75,[np.int64(66)],0.968565018262598,[np.float64(2.152927597180354)],[np.float64(2.8821344324024802)],[np.float64(130.95248424538983)]
150,79,78,[np.int64(348)],0.9685650182625837,[np.float64(1.9399522041386166)],[np.float64(2.9059502596359885)],[np.float64(174.8917595511627)]
150,80,78,[np.int64(69)],0.9685650182625872,[np.float64(1.793571750640191)],[np.float64(2.6474077614039433)],[np.float64(145.22208910679998)]
150,82,81,[np.int64(84)],0.9685650182625599,[np.float64(2.253259941844937)],[np.float64(3.0836833771101895)],[np.float64(143.17209738585393)]
150,83,81,"[np.int64(6), np.int64(108)]",0.9685650182625637,"[np.float64(2.1126680359778653), np.float64(2.360241827700919)]","[np.float64(2.8515621747379845), np.float64(2.9755440134838964)]","[np.float64(131.8400105513368), np.float64(120.8568231808616)]"
150,85,84,,0.9685650182625052,,,
150,86,84,,0.9685650182625034,,,
150,88,87,[np.int64(93)],0.9685650182625591,[np.float64(2.242552134224963)],[np.float64(3.0472452933883716)],[np.float64(139.81078523232364)]
150,89,87,[np.int64(114)],0.9685650182625691,[np.float64(2.2196271652619552)],[np.float64(2.99934220744711)],[np.float64(136.73851462067066)]
150,91,90,[np.int64(126)],0.9685650182625887,[np.float64(2.299170518178957)],[np.float64(2.9966371553981217)],[np.float64(128.22076741555827)]
150,92,90,,0.9685650182626002,,,
150,94,93,[np.int64(102)],0.9685650182625957,[np.float64(2.2821773544727577)],[np.float64(3.174195450490148)],[np.float64(152.71695929304948)]
150,95,93,[np.int64(84)],0.9685650182625962,[np.float64(2.354317843637895)],[np.float64(2.9930403704617605)],[np.float64(122.90221152729393)]
150,97,96,,0.9685650182625789,,,
150,98,96,[np.int64(105)],0.968565018262585,[np.float64(2.179947443477216)],[np.float64(3.1351202806997214)],[np.float64(168.54249274313128)]
150,100,99,[np.int64(90)],0.9685650182625852,[np.float64(2.271327082246115)],[np.float64(3.0485985233393955)],[np.float64(136.6015955504403)]
150,101,99,[np.int64(126)],0.9685650182624964,[np.float64(2.1738734427419066)],[np.float64(3.033120370843307)],[np.float64(147.10682819865326)]
150,103,102,[np.int64(480)],0.9685650182627347,[np.float64(2.05822619474137)],[np.float64(2.879084061070808)],[np.float64(141.3711974953728)]
150,104,102,[np.int64(246)],0.9685650182627401,[np.float64(1.791363307047391)],[np.float64(2.6370621279860185)],[np.float64(143.98941495405452)]
150,106,105,[np.int64(483)],0.9685650182627358,[np.float64(2.2135516863132887)],[np.float64(2.9428862636798705)],[np.float64(131.16859355834467)]
150,107,105,[np.int64(102)],0.9685650182627439,[np.float64(1.8478786040662059)],[np.float64(2.681715505250879)],[np.float64(142.4724497043392)]
150,109,108,"[np.int64(288), np.int64(261)]",0.9685650182627555,"[np.float64(2.1262868471182323), np.float64(2.186928697424944)]","[np.float64(2.8129706415038203), np.float64(2.9976757987933946)]","[np.float64(126.56193745511133), np.float64(140.4235434706403)]"
150,110,108,[np.int64(135)],0.968565018262759,[np.float64(1.7234445076378915)],[np.float64(2.6795932873260964)],[np.float64(168.52818252961177)]
150,112,111,[np.int64(108)],0.9685650182626059,[np.float64(2.1032221931215087)],[np.float64(2.772845332672862)],[np.float64(124.8308281416535)]
150,113,111,[np.int64(87)],0.9685650182625988,[np.float64(2.275650280322477)],[np.float64(2.9944673917816234)],[np.float64(130.2818377555564)]
150,115,114,"[np.int64(150), np.int64(138)]",0.9685650182625902,"[np.float64(2.226972771674592), np.float64(2.3886381354193)]","[np.float64(2.93999524619184), np.float64(3.1816360138834905)]","[np.float64(129.5352168622393), np.float64(138.75483428006498)]"
150,116,114,[np.int64(123)],0.9685650182625978,[np.float64(2.2381614358454467)],[np.float64(3.0780292968352994)],[np.float64(144.43388402397687)]
150,118,117,[np.int64(108)],0.9685650182627071,[np.float64(2.343935056343954)],[np.float64(3.0217341960361592)],[np.float64(126.46752456116523)]
150,119,117,[np.int64(144)],0.9685650182627156,[np.float64(1.7666247321865185)],[np.float64(2.694847968812076)],[np.float64(159.38851118840466)]
150,121,120,[np.int64(111)],0.9685650182627203,[np.float64(2.383095009093338)],[np.float64(3.224533451270101)],[np.float64(144.9751491196546)]
150,122,120,[np.int64(147)],0.9685650182627248,[np.float64(1.8747766103794574)],[np.float64(2.8181018305564574)],[np.float64(163.87408440417138)]
150,124,123,"[np.int64(96), np.int64(9)]",0.9685650182624383,"[np.float64(2.0392315577924633), np.float64(2.2473863459994283)]","[np.float64(2.741275821397075), np.float64(3.0658906138556175)]","[np.float64(127.74255595883288), np.float64(141.57941407805336)]"
150,125,123,[np.int64(120)],0.9685650182624437,[np.float64(2.0973471562313324)],[np.float64(2.771371204731725)],[np.float64(125.22703342228345)]
150,127,126,,0.9685650182627354,,,
150,128,126,[np.int64(147)],0.9685650182627341,[np.float64(1.9067718359539547)],[np.float64(2.7241331557024666)],[np.float64(140.42401595087856)]
150,130,129,[np.int64(132)],0.9685650182627382,[np.float64(1.9265358968734227)],[np.float64(2.7049591569705598)],[np.float64(135.61686739602598)]
150,131,129,[np.int64(102)],0.9685650182627343,[np.float64(2.0224272340019747)],[np.float64(2.9454366118778808)],[np.float64(158.58658168558682)]
150,133,132,[np.int64(105)],0.9685650182625627,[np.float64(2.3052725974723534)],[np.float64(2.977719089960613)],[np.float64(125.83507211136533)]
150,134,132,[np.int64(45)],0.9685650182625595,[np.float64(2.2164753922956555)],[np.float64(3.0154375580076813)],[np.float64(139.03175029637808)]
150,136,135,[np.int64(318)],0.968565018262414,[np.float64(1.8757035755747047)],[np.float64(2.7595016297024317)],[np.float64(150.37361555074364)]
150,137,135,[np.int64(405)],0.9685650182625056,[np.float64(2.0694437909771963)],[np.float64(2.9748039266781308)],[np.float64(154.85001070668451)]
150,139,138,[np.int64(147)],0.9685650182625519,[np.float64(1.9981666943040468)],[np.float64(2.808339184247822)],[np.float64(139.78965116381187)]
150,140,138,"[np.int64(111), np.int64(135)]",0.9685650182625538,"[np.float64(2.1777111867822323), np.float64(2.1849309317105847)]","[np.float64(2.875929922508783), np.float64(3.055566736905594)]","[np.float64(127.8838325781417), np.float64(148.9078702929385)]"
150,142,141,[np.int64(234)],0.9685650182626145,[np.float64(2.1080102435785917)],[np.float64(2.9325126110500896)],[np.float64(141.99933524739296)]
150,143,141,"[np.int64(114), np.int64(54)]",0.9685650182625192,"[np.float64(2.042294300389756), np.float64(2.358648992379756)]","[np.float64(2.8777986255342625), np.float64(3.118406671022219)]","[np.float64(143.3160997594082), np.float64(134.86429910468928)]"
150,145,144,[np.int64(138)],0.9685650182625123,[np.float64(1.9306816724200975)],[np.float64(2.6209161588787846)],[np.float64(126.09939602038038)]
150,146,144,"[np.int64(414), np.int64(417)]",0.9685650182625125,"[np.float64(2.2087217419866483), np.float64(2.253910948196459)]","[np.float64(3.0151919619071967), np.float64(3.009070864149287)]","[np.float64(139.9423113943202), np.float64(134.0604854736343)]"
150,148,147,[np.int64(417)],0.9685650182627176,[np.float64(1.8310185672685402)],[np.float64(2.6810557442412897)],[np.float64(144.77098541316397)]
150,149,147,[np.int64(129)],0.968565018262727,[np.float64(1.9518171943919065)],[np.float64(2.8329073401630227)],[np.float64(150.09954303982397)]
150,151,150,[np.int64(417)],0.9685650182627413,[np.float64(2.2874762494723857)],[np.float64(3.1060517713214164)],[np.float64(141.68829079615918)]
150,152,150,[np.int64(159)],0.9685650182626495,[np.float64(1.680111094105616)],[np.float64(2.648233383967069)],[np.float64(177.8248195481747)]
150,154,153,[np.int64(78)],0.968565018262494,[np.float64(2.16940496498784)],[np.float64(3.024592690269688)],[np.float64(146.48485545389133)]
150,155,153,[np.int64(300)],0.9685650182624899,[np.float64(2.188232023644058)],[np.float64(2.8579080713461815)],[np.float64(125.16242324961343)]
150,157,156,"[np.int64(153), np.int64(300)]",0.9685650182626654,"[np.float64(2.3608255323020906), np.float64(2.367504607456326)]","[np.float64(3.0893431592165217), np.float64(3.08438690673775)]","[np.float64(131.53538102916647), np.float64(130.36493459962477)]"
150,158,156,[np.int64(429)],0.9685650182625829,[np.float64(2.1192258207614443)],[np.float64(2.7706527745518557)],[np.float64(123.19024672302932)]
150,160,159,[np.int64(132)],0.9685650182625686,[np.float64(1.99617381425899)],[np.float64(2.669981748335506)],[np.float64(124.78397236600378)]
150,161,159,[np.int64(63)],0.9685650182625711,[np.float64(1.9808045358585238)],[np.float64(2.703980230415217)],[np.float64(129.6767855893771)]
150,163,162,,0.9685650182625741,,,
150,164,162,"[np.int64(18), np.int64(21)]",0.968565018262583,"[np.float64(1.9135665096038827), np.float64(2.3427126867076495)]","[np.float64(2.7288875417755047), np.float64(3.1264432092105086)]","[np.float64(140.17774152834113), np.float64(137.5441051518752)]"
150,166,165,[np.int64(168)],0.968565018262436,[np.float64(2.033796894425594)],[np.float64(2.986202037721994)],[np.float64(167.27441317428273)]
150,167,165,,0.9685650182624284,,,
150,169,168,[np.int64(99)],0.9685650182627334,[np.float64(1.978281746235601)],[np.float64(2.8952124290789274)],[np.float64(157.11466566572267)]
150,170,168,,0.9685650182627423,,,
150,172,171,[np.int64(549)],0.9685650182627378,[np.float64(1.9658532699762226)],[np.float64(2.811660817740261)],[np.float64(144.56469673025245)]
150,173,171,[np.int64(180)],0.9685650182627443,[np.float64(1.9723339433261893)],[np.float64(2.861075436267188)],[np.float64(151.49577153721012)]
150,175,174,[np.int64(210)],0.9685650182626697,[np.float64(2.2192555104497984)],[np.float64(2.8483719149053783)],[np.float64(121.5593401297072)]
150,176,174,,0.9685650182625712,,,
150,178,177,[np.int64(186)],0.9685650182625826,[np.float64(2.295321717496167)],[np.float64(3.058588681685136)],[np.float64(135.0785969581295)]
150,179,177,[np.int64(252)],0.9685650182625838,[np.float64(2.2605351024089244)],[np.float64(3.2240449367256754)],[np.float64(173.00195400343154)]
150,181,180,[np.int64(558)],0.9685650182626094,[np.float64(2.3364488292624803)],[np.float64(3.2099079993615494)],[np.float64(149.6665269402975)]
150,182,180,[np.int64(0)],0.9685650182625181,[np.float64(2.1702821829280836)],[np.float64(2.8173532847347404)],[np.float64(122.99202763819858)]
150,184,183,[np.int64(186)],0.9685650182626762,[np.float64(2.3629673778134057)],[np.float64(3.0738678733345695)],[np.float64(129.74965037295)]
150,185,183,,0.9685650182626745,,,
150,187,186,[np.int64(174)],0.9685650182625618,[np.float64(2.2147147886784477)],[np.float64(3.0102491166078598)],[np.float64(138.60808947134626)]
150,188,186,[np.int64(564)],0.9685650182625635,[np.float64(1.7624438622107494)],[np.float64(2.7266515134786315)],[np.float64(173.23343380205006)]
150,190,189,[np.int64(45)],0.9685650182626011,[np.float64(2.02839909500484)],[np.float64(2.8390688705150633)],[np.float64(139.94996801822856)]
150,191,189,[np.int64(216)],0.9685650182625978,[np.float64(2.27574919765228)],[np.float64(3.0338876198851707)],[np.float64(134.4529618832243)]
150,193,192,[np.int64(165)],0.9685650182625897,[np.float64(1.7375856359348576)],[np.float64(2.657971423965803)],[np.float64(157.40131601617614)]
150,194,192,,0.9685650182625767,,,
150,196,195,[np.int64(99)],0.968565018262436,[np.float64(2.3916675953501207)],[np.float64(3.324360583296162)],[np.float64(161.48539319952104)]
150,197,195,,0.9685650182624396,,,
150,199,198,[np.int64(171)],0.9685650182625632,[np.float64(1.7841435438912847)],[np.float64(2.7494405803784487)],[np.float64(174.15293653337943)]
150,200,198,,0.9685650182625639,,,
150,202,201,[np.int64(192)],0.9685650182625666,[np.float64(2.049158787749146)],[np.float64(2.923983452815372)],[np.float64(149.2812567278473)]
150,203,201,[np.int64(210)],0.9685650182625564,[np.float64(2.307302973899694)],[np.float64(3.1321382378777343)],[np.float64(142.55469087604553)]
150,205,204,,0.9685650182624309,,,
150,206,204,[np.int64(201)],0.9685650182624267,[np.float64(2.126791880376596)],[np.float64(3.0367475657557628)],[np.float64(155.8902446904753)]
150,208,207,[np.int64(225)],0.9685650182625571,[np.float64(2.0776523575321972)],[np.float64(2.965155334081926)],[np.float64(151.51278804250703)]
150,209,207,[np.int64(198)],0.9685650182625584,[np.float64(2.0262424445605176)],[np.float64(2.7191786921626364)],[np.float64(126.78052430577581)]
150,211,210,[np.int64(30)],0.9685650182626052,[np.float64(2.0866508336703933)],[np.float64(2.972117683151729)],[np.float64(151.17418064088363)]
150,212,210,"[np.int64(207), np.int64(198)]",0.9685650182625969,"[np.float64(2.260633548010606), np.float64(2.287434431040492)]","[np.float64(2.8974239341462322), np.float64(3.0549615901199)]","[np.float64(122.40034177317322), np.float64(135.53435689307852)]"
150,214,213,[np.int64(288)],0.9685650182625588,[np.float64(2.0666126341434308)],[np.float64(2.8130170651678985)],[np.float64(132.48972226181297)]
150,215,213,[np.int64(108)],0.9685650182625635,[np.float64(2.0496531627905212)],[np.float64(2.9500265647815014)],[np.float64(153.8309272834184)]
150,217,216,[np.int64(225)],0.9685650182624057,[np.float64(2.0615761480545913)],[np.float64(2.7818460022769638)],[np.float64(129.6908122709755)]
150,218,216,[np.int64(312)],0.9685650182624977,[np.float64(2.3663906879266885)],[np.float64(3.1856840647817566)],[np.float64(141.96780224881263)]
150,220,219,[np.int64(75)],0.9685650182625845,[np.float64(2.259959424083675)],[np.float64(3.098229969696353)],[np.float64(144.26247782490523)]
150,221,219,[np.int64(222)],0.9685650182625873,[np.float64(2.3155158082146063)],[np.float64(3.1003512031634797)],[np.float64(137.6026060598963)]
150,223,222,[np.int64(231)],0.9685650182626147,[np.float64(2.1988701512652256)],[np.float64(3.0886697538626087)],[np.float64(152.1672057553313)]
150,224,222,[np.int64(195)],0.9685650182625157,[np.float64(2.2164709208296616)],[np.float64(3.1284219531562925)],[np.float64(156.45587141079696)]
150,226,225,[np.int64(495)],0.9685650182625752,[np.float64(2.2233086559765236)],[np.float64(2.9302688551860907)],[np.float64(128.91232331944317)]
150,227,225,[np.int64(312)],0.9685650182625775,[np.float64(1.8058997288017011)],[np.float64(2.75008995780975)],[np.float64(164.0509963254983)]
150,229,228,[np.int64(237)],0.9685650182625689,[np.float64(2.126391822736658)],[np.float64(3.040170875583395)],[np.float64(156.6932634238205)]
150,230,228,,0.9685650182625767,,,
150,232,231,[np.int64(306)],0.9685650182627549,[np.float64(2.0192504785384107)],[np.float64(2.893116829580012)],[np.float64(149.0506866450899)]
150,233,231,[np.int64(201)],0.9685650182626685,[np.float64(2.0710315799015944)],[np.float64(2.982994025269961)],[np.float64(156.2097543255402)]
150,235,234,[np.int64(27)],0.9685650182624073,[np.float64(2.261794380817883)],[np.float64(3.1271191734651773)],[np.float64(148.23304847376386)]
150,236,234,[np.int64(507)],0.9685650182624026,[np.float64(2.2103910500986332)],[np.float64(2.960452394398547)],[np.float64(133.36962083358972)]
150,238,237,[np.int64(57)],0.9685650182625938,[np.float64(1.9524046467510376)],[np.float64(2.8638700339485412)],[np.float64(155.87605547413685)]
150,239,237,[np.int64(210)],0.9685650182625948,[np.float64(2.097465648498009)],[np.float64(3.057522046629503)],[np.float64(170.81440469584345)]
150,241,240,"[np.int64(231), np.int64(228)]",0.9685650182627419,"[np.float64(2.004864651702896), np.float64(2.2348321773321658)]","[np.float64(2.7144703437998055), np.float64(3.1024304321463014)]","[np.float64(128.37002518438143), np.float64(148.53206659076304)]"
150,242,240,[np.int64(315)],0.9685650182627509,[np.float64(2.3781622960033943)],[np.float64(3.31723247331797)],[np.float64(163.20294849424062)]
150,244,243,[np.int64(177)],0.9685650182625638,[np.float64(1.7458160018708528)],[np.float64(2.659330214142747)],[np.float64(155.85674375676942)]
150,245,243,[np.int64(168)],0.9685650182625708,[np.float64(2.1610164232470455)],[np.float64(3.039589719502196)],[np.float64(150.15546779147905)]
150,247,246,[np.int64(249)],0.9685650182625994,[np.float64(1.9906453867436222)],[np.float64(2.931588948783669)],[np.float64(163.29637395833564)]
150,248,246,"[np.int64(624), np.int64(480)]",0.9685650182625927,"[np.float64(2.0761636509300176), np.float64(2.1540476806404563)]","[np.float64(2.7687202862304234), np.float64(2.8047159207144126)]","[np.float64(126.94399555249109), np.float64(123.25894612105026)]"
150,250,249,[np.int64(276)],0.9685650182625866,[np.float64(1.8751321176146227)],[np.float64(2.8176419609240777)],[np.float64(163.6156339230984)]
150,251,249,,0.9685650182625924,,,
150,253,252,[np.int64(255)],0.9685650182625672,[np.float64(2.23954722278945)],[np.float64(3.205502363026326)],[np.float64(174.9652326912912)]
150,254,252,[np.int64(261)],0.9685650182625739,[np.float64(2.271686986797417)],[np.float64(3.066855123340068)],[np.float64(138.71860005513187)]
150,256,255,[np.int64(246)],0.9685650182625837,[np.float64(1.9847373427752557)],[np.float64(2.9004326957261855)],[np.float64(156.8535827545449)]
150,257,255,,0.9685650182626678,,,
150,259,258,[np.int64(171)],0.9685650182627125,[np.float64(1.79679157021957)],[np.float64(2.7377265703032863)],[np.float64(163.00203858750672)]
150,260,258,[np.int64(645)],0.9685650182627161,[np.float64(2.0287494591772557)],[np.float64(2.91098395471899)],[np.float64(150.48310869435105)]
150,262,261,[np.int64(291)],0.9685650182626746,[np.float64(2.216068368071917)],[np.float64(3.170636003139784)],[np.float64(168.31550611276754)]
150,263,261,[np.int64(84)],0.9685650182625866,[np.float64(2.308406810131321)],[np.float64(3.0965478303319767)],[np.float64(137.97395122278587)]
150,265,264,"[np.int64(267), np.int64(258)]",0.9685650182627636,"[np.float64(2.285089019599048), np.float64(2.3198606748062596)]","[np.float64(3.0610039004808187), np.float64(2.9736582464913743)]","[np.float64(136.48335412204318), np.float64(124.15131663500138)]"
150,266,264,[np.int64(633)],0.9685650182627613,[np.float64(2.0294614594560128)],[np.float64(2.6521235346587715)],[np.float64(120.1897048942587)]
150,268,267,[np.int64(87)],0.9685650182625722,[np.float64(2.1185302080020074)],[np.float64(3.0129454195341205)],[np.float64(152.84596815362818)]
150,269,267,[np.int64(294)],0.9685650182625737,[np.float64(2.0657910231505423)],[np.float64(2.9674136186226243)],[np.float64(154.10548182681637)]
150,271,270,[np.int64(204)],0.9685650182627374,[np.float64(2.1631438299346657)],[np.float64(2.998457668612308)],[np.float64(143.6161282952533)]
150,272,270,[np.int64(243)],0.9685650182627353,[np.float64(2.1404669926622977)],[np.float64(2.9753334458857057)],[np.float64(143.49557951694527)]
150,274,273,[np.int64(129)],0.9685650182627511,[np.float64(2.0906851677535254)],[np.float64(2.985175297431601)],[np.float64(152.80358106514294)]
150,275,273,[np.int64(276)],0.9685650182627386,[np.float64(2.1379158630864668)],[np.float64(3.0409044417915205)],[np.float64(154.51001889229542)]
150,277,276,[np.int64(189)],0.9685650182625708,[np.float64(1.744056325466665)],[np.float64(2.694572265313962)],[np.float64(166.19480598325242)]
150,278,276,[np.int64(285)],0.9685650182625762,[np.float64(1.9516275696159873)],[np.float64(2.863704468416731)],[np.float64(156.004650746252)]
150,280,279,[np.int64(255)],0.9685650182626464,[np.float64(2.339522229355142)],[np.float64(3.036783951878734)],[np.float64(128.3283795949686)]
150,281,279,,0.9685650182625546,,,
150,283,282,[np.int64(309)],0.9685650182627349,[np.float64(2.1987393666596984)],[np.float64(3.1672723483751284)],[np.float64(179.44068721873978)]
150,284,282,[np.int64(273)],0.968565018262726,[np.float64(2.1440631371830685)],[np.float64(3.11181463487405)],[np.float64(177.17044525336027)]
150,286,285,[np.int64(282)],0.9685650182624497,[np.float64(2.3087703867963105)],[np.float64(3.133274359937186)],[np.float64(142.51441764026526)]
150,287,285,[np.int64(207)],0.9685650182624442,[np.float64(2.157799460342483)],[np.float64(3.004388917982838)],[np.float64(145.19479232503215)]
150,289,288,,0.9685650182625889,,,
150,290,288,,0.9685650182625858,,,
150,292,291,[np.int64(264)],0.9685650182626038,[np.float64(1.9271770629009857)],[np.float64(2.8139013826045485)],[np.float64(151.02494192793253)]
150,293,291,[np.int64(282)],0.9685650182625948,[np.float64(2.059829521068283)],[np.float64(3.015159103824665)],[np.float64(168.50825173401327)]
150,295,294,[np.int64(27)],0.9685650182624903,[np.float64(1.9366140903026556)],[np.float64(2.78265256951298)],[np.float64(144.51131989887568)]
150,296,294,,0.9685650182624844,,,
150,298,297,[np.int64(300)],0.9685650182624219,[np.float64(2.1327914407817063)],[np.float64(2.808967775335833)],[np.float64(125.57177205494412)]
150,299,297,[np.int64(567)],0.9685650182625148,[np.float64(2.1152641411891437)],[np.float64(2.9293969904005515)],[np.float64(140.65727045471127)]
150,301,300,[np.int64(273)],0.9685650182625551,[np.float64(2.319072986410726)],[np.float64(3.0014568466761786)],[np.float64(126.82396370095394)]
150,302,300,[np.int64(270)],0.9685650182625566,[np.float64(2.1045543231832866)],[np.float64(3.052345550440855)],[np.float64(165.6470313392786)]
150,304,303,,0.9685650182625885,,,
150,305,303,[np.int64(156)],0.9685650182624921,[np.float64(2.0241349362078522)],[np.float64(2.9537420652290067)],[np.float64(160.2063172087955)]
150,307,306,[np.int64(297)],0.9685650182624247,[np.float64(2.1796686132227614)],[np.float64(3.0724803905759472)],[np.float64(152.67197665841846)]
150,308,306,[np.int64(279)],0.968565018262429,[np.float64(1.863958468014624)],[np.float64(2.750839764726099)],[np.float64(150.89036063129276)]
150,310,309,[np.int64(297)],0.9685650182625728,[np.float64(2.0318550217381084)],[np.float64(2.9703830426525517)],[np.float64(162.63720871282896)]
150,311,309,,0.9685650182625775,,,
150,313,312,[np.int64(495)],0.9685650182625988,[np.float64(2.0994518304682397)],[np.float64(3.037415891206385)],[np.float64(162.56556772784575)]
150,314,312,[np.int64(321)],0.968565018262512,[np.float64(1.9454088672172298)],[np.float64(2.907026791382688)],[np.float64(171.59878036482812)]
150,316,315,[np.int64(135)],0.9685650182625624,[np.float64(2.28451201822048)],[np.float64(3.1149988089684033)],[np.float64(143.2551530693831)]
150,317,315,[np.int64(306)],0.9685650182625622,[np.float64(1.8740066986422337)],[np.float64(2.818656594571062)],[np.float64(164.30275646946149)]
150,319,318,[np.int64(141)],0.9685650182625728,[np.float64(2.3443171913880154)],[np.float64(3.0989230142143422)],[np.float64(134.2595748133702)]
150,320,318,[np.int64(321)],0.9685650182626734,[np.float64(2.055169239553915)],[np.float64(2.680867266804216)],[np.float64(120.57743729130779)]
150,322,321,[np.int64(294)],0.9685650182627307,[np.float64(1.813772672014958)],[np.float64(2.6627179004216552)],[np.float64(144.54976999173277)]
150,323,321,[np.int64(282)],0.9685650182627374,[np.float64(2.134941955681152)],[np.float64(3.059783897323014)],[np.float64(159.2023728118889)]
150,325,324,[np.int64(336)],0.9685650182625578,[np.float64(2.0916436815887205)],[np.float64(2.741699044294129)],[np.float64(122.95046693265941)]
150,326,324,[np.int64(234)],0.9685650182626548,[np.float64(2.173567414923135)],[np.float64(3.086539118421142)],[np.float64(156.60069316098676)]
150,328,327,[np.int64(507)],0.9685650182624298,[np.float64(2.1594179328471315)],[np.float64(2.954710905195814)],[np.float64(138.42101173647762)]
150,329,327,[np.int64(510)],0.9685650182624306,[np.float64(2.174556931350727)],[np.float64(2.8552881489874857)],[np.float64(126.16608274667932)]
150,331,330,[np.int64(405)],0.9685650182627455,[np.float64(2.2511102958339735)],[np.float64(3.0057278083369785)],[np.float64(133.99254353548082)]
150,332,330,[np.int64(60)],0.9685650182627511,[np.float64(2.1058314068227975)],[np.float64(2.9345768326439035)],[np.float64(142.56453887505432)]
150,334,333,[np.int64(420)],0.9685650182625771,[np.float64(2.175885941898489)],[np.float64(3.056627299188927)],[np.float64(150.55099848066118)]
150,335,333,[np.int64(336)],0.9685650182625899,[np.float64(1.8617081847455266)],[np.float64(2.7561694479747665)],[np.float64(152.27733856139076)]
150,337,336,[np.int64(345)],0.9685650182626081,[np.float64(1.7914332194600553)],[np.float64(2.7562003063412135)],[np.float64(173.70102094327595)]
150,338,336,[np.int64(327)],0.9685650182626035,[np.float64(2.003976358464464)],[np.float64(2.8667543740660353)],[np.float64(147.23251681146297)]
150,340,339,[np.int64(366)],0.9685650182627248,[np.float64(1.7934088086450384)],[np.float64(2.5794375958442406)],[np.float64(136.0007352273695)]
150,341,339,[np.int64(330)],0.9685650182627326,[np.float64(1.9193787886256148)],[np.float64(2.8475020059488605)],[np.float64(159.65485519360936)]
150,343,342,,0.9685650182625783,,,
150,344,342,[np.int64(72)],0.9685650182624905,[np.float64(2.0068709188555234)],[np.float64(2.671117995902362)],[np.float64(123.9168553583731)]
150,346,345,[np.int64(489)],0.9685650182626752,[np.float64(1.950367967436525)],[np.float64(2.9099915397327862)],[np.float64(170.47206944105181)]
150,347,345,"[np.int64(348), np.int64(372)]",0.9685650182626794,"[np.float64(2.1586168017287672), np.float64(2.189297871509578)]","[np.float64(2.933197006034153), np.float64(2.844093808002401)]","[np.float64(135.95987780204558), np.float64(123.77564477514063)]"
150,349,348,[np.int64(519)],0.9685650182627068,[np.float64(2.339304074072952)],[np.float64(3.26908348275666)],[np.float64(160.68382114247163)]
150,350,348,[np.int64(339)],0.9685650182627153,[np.float64(1.6425857768066314)],[np.float64(2.583281119941923)],[np.float64(162.65039075439228)]
150,352,351,,0.9685650182627378,,,
150,353,351,[np.int64(354)],0.968565018262735,[np.float64(1.693136780256437)],[np.float64(2.5674551282088354)],[np.float64(148.18327048305596)]
150,355,354,[np.int64(534)],0.968565018262593,[np.float64(2.099168984926547)],[np.float64(2.763818641685296)],[np.float64(124.34373047084121)]
150,356,354,,0.9685650182625835,,,
150,358,357,[np.int64(510)],0.9685650182625082,[np.float64(1.7513326731526124)],[np.float64(2.7168833914939485)],[np.float64(174.36604917552125)]
150,359,357,"[np.int64(432), np.int64(612)]",0.9685650182625096,"[np.float64(2.1829978213983696), np.float64(2.281272191773983)]","[np.float64(2.8357163885989323), np.float64(3.1856653053692026)]","[np.float64(123.55990929422535), np.float64(155.0325012991712)]"
150,361,360,[np.int64(333)],0.9685650182627343,[np.float64(2.3608144201464953)],[np.float64(3.1097869694810605)],[np.float64(133.69420371375804)]
150,362,360,[np.int64(351)],0.9685650182627372,[np.float64(1.845898852676724)],[np.float64(2.6168925757848127)],[np.float64(134.41901026574848)]
150,364,363,[np.int64(372)],0.9685650182625613,[np.float64(1.8251570324906987)],[np.float64(2.7271372354716004)],[np.float64(153.64058013726574)]
150,365,363,[np.int64(366)],0.968565018262558,[np.float64(2.190247300933925)],[np.float64(2.953009226945584)],[np.float64(134.7114640423593)]
150,367,366,,0.9685650182624423,,,
150,368,366,[np.int64(393)],0.9685650182624458,[np.float64(2.0936368760402644)],[np.float64(2.901392235191213)],[np.float64(139.77716279098863)]
150,370,369,[np.int64(396)],0.9685650182627416,[np.float64(2.2025628998339237)],[np.float64(3.0631718950894324)],[np.float64(147.37932783904276)]
150,371,369,"[np.int64(342), np.int64(333)]",0.9685650182627479,"[np.float64(1.8538459056866223), np.float64(2.317786205869686)]","[np.float64(2.7512229758551405), np.float64(2.953121580207736)]","[np.float64(152.81207206749843), np.float64(122.47397230627475)]"
150,373,372,[np.int64(369)],0.9685650182625782,[np.float64(2.3460452589959986)],[np.float64(3.2137455237067947)],[np.float64(148.7715325589341)]
150,374,372,"[np.int64(375), np.int64(516)]",0.9685650182625771,"[np.float64(2.008289086968132), np.float64(2.137277716305993)]","[np.float64(2.9031716590927177), np.float64(2.7919873694368103)]","[np.float64(152.701914023504), np.float64(123.56637666522104)]"
150,376,375,,0.9685650182625599,,,
150,377,375,[np.int64(546)],0.9685650182625551,[np.float64(2.268496118756802)],[np.float64(3.2224420290764084)],[np.float64(168.10046408591984)]
150,379,378,[np.int64(381)],0.9685650182624083,[np.float64(1.9647002203573742)],[np.float64(2.898989436445616)],[np.float64(161.34730105277535)]
150,380,378,[np.int64(558)],0.9685650182624985,[np.float64(2.3613434397873023)],[np.float64(3.0294801566231455)],[np.float64(125.61425139843314)]
150,382,381,[np.int64(384)],0.9685650182625822,[np.float64(1.7957266934923939)],[np.float64(2.725662543445929)],[np.float64(159.89001859775186)]
150,383,381,[np.int64(354)],0.9685650182625842,[np.float64(2.2884262610973427)],[np.float64(3.209814422646222)],[np.float64(158.61929844265046)]
150,385,384,[np.int64(357)],0.9685650182625911,[np.float64(1.615918428651407)],[np.float64(2.5841872466590865)],[np.float64(178.20795721781266)]
150,386,384,,0.9685650182624947,,,
150,388,387,[np.int64(378)],0.9685650182625767,[np.float64(1.8275078626338355)],[np.float64(2.6292193601922818)],[np.float64(138.0985166896716)]
150,389,387,[np.int64(360)],0.9685650182625772,[np.float64(2.3627467590462654)],[np.float64(3.0427638916991744)],[np.float64(126.73783413250897)]
150,391,390,[np.int64(399)],0.9685650182625817,[np.float64(1.967479719112122)],[np.float64(2.6313550845992877)],[np.float64(123.70499313396869)]
150,392,390,[np.int64(393)],0.9685650182625892,[np.float64(2.195113213209957)],[np.float64(2.92019147110115)],[np.float64(130.66468214437583)]
150,394,393,[np.int64(15)],0.9685650182626797,[np.float64(1.911644116218599)],[np.float64(2.795484729025904)],[np.float64(150.47538965180277)]
150,395,393,[np.int64(402)],0.9685650182625818,[np.float64(2.1693655816546498)],[np.float64(2.9444973841385114)],[np.float64(136.0566907122973)]
150,397,396,[np.int64(387)],0.968565018262416,[np.float64(2.328187951212043)],[np.float64(3.0347897760461664)],[np.float64(129.21504641616656)]
150,398,396,[np.int64(456)],0.9685650182624105,[np.float64(1.9499842670568195)],[np.float64(2.6857398592757624)],[np.float64(130.88879163228276)]
150,400,399,,0.9685650182625907,,,
150,401,399,"[np.int64(543), np.int64(21)]",0.9685650182626029,"[np.float64(2.024424199791707), np.float64(2.387764487001672)]","[np.float64(2.6935509508554136), np.float64(3.0559163951951165)]","[np.float64(124.45749514802718), np.float64(125.69954300923523)]"
150,403,402,[np.int64(168)],0.9685650182625539,[np.float64(1.9939109258690557)],[np.float64(2.793607725979677)],[np.float64(138.4469727277268)]
150,404,402,,0.9685650182625603,,,
150,406,405,[np.int64(408)],0.9685650182625689,[np.float64(2.2768548213244104)],[np.float64(3.201092873923407)],[np.float64(159.26232166632144)]
150,407,405,[np.int64(432)],0.9685650182625735,[np.float64(1.8579461078083093)],[np.float64(2.7937984568780183)],[np.float64(161.6072720034616)]
150,409,408,,0.9685650182624294,,,
150,410,408,,0.968565018262427,,,
150,412,411,[np.int64(324)],0.9685650182625795,[np.float64(1.8725294382942572)],[np.float64(2.8285305053346312)],[np.float64(168.62641202450968)]
150,413,411,[np.int64(141)],0.9685650182625908,[np.float64(2.097761241579656)],[np.float64(2.9470789098974857)],[np.float64(145.44041541519232)]
150,415,414,[np.int64(441)],0.9685650182625881,[np.float64(1.9871094513805392)],[np.float64(2.8011403705778055)],[np.float64(140.25396884527933)]
150,416,414,[np.int64(444)],0.9685650182625977,[np.float64(2.025252893817569)],[np.float64(2.965527359796302)],[np.float64(163.1419915774198)]
150,418,417,,0.9685650182626098,,,
150,419,417,[np.int64(426)],0.9685650182626071,[np.float64(1.932903204509149)],[np.float64(2.900959942502463)],[np.float64(177.72574995288764)]
150,421,420,,0.9685650182627342,,,
150,422,420,"[np.int64(411), np.int64(150)]",0.9685650182627427,"[np.float64(1.9188227744240491), np.float64(2.1683510374971493)]","[np.float64(2.7907650836810878), np.float64(2.8015637036879)]","[np.float64(148.47343971841053), np.float64(121.72750375595427)]"
150,424,423,,0.9685650182626024,,,
150,425,423,"[np.int64(339), np.int64(348)]",0.9685650182625068,"[np.float64(2.1297284317791805), np.float64(2.349131599835139)]","[np.float64(2.851583041191069), np.float64(3.238482128946985)]","[np.float64(130.10532324955858), np.float64(152.3591163349249)]"
150,427,426,"[np.int64(423), np.int64(450)]",0.9685650182625792,"[np.float64(1.9843498091327976), np.float64(2.334110961595475)]","[np.float64(2.801416682489618), np.float64(3.065568610115805)]","[np.float64(140.642965141165), np.float64(131.7627478759253)]"
150,428,426,[np.int64(597)],0.9685650182626769,[np.float64(1.9609891866045581)],[np.float64(2.762207319333577)],[np.float64(138.5259810464683)]
150,430,429,"[np.int64(420), np.int64(159)]",0.9685650182625624,"[np.float64(2.019395398151441), np.float64(2.1798914871406194)]","[np.float64(2.684846957135783), np.float64(2.85503553408743)]","[np.float64(124.08588513883794), np.float64(125.65062465333605)]"
150,431,429,,0.9685650182625611,,,
150,433,432,,0.9685650182625882,,,
150,434,432,"[np.int64(330), np.int64(414)]",0.9685650182625899,"[np.float64(2.2066878392379703), np.float64(2.2463512818758216)]","[np.float64(2.902222718862207), np.float64(2.9390355511468496)]","[np.float64(127.72115407311651), np.float64(127.5781750743294)]"
150,436,435,[np.int64(462)],0.9685650182626074,[np.float64(2.245570305167552)],[np.float64(2.998676886990736)],[np.float64(133.81026778418885)]
150,437,435,[np.int64(444)],0.9685650182625954,[np.float64(2.0983418790485406)],[np.float64(2.8125018904729315)],[np.float64(129.19930765413812)]
150,439,438,[np.int64(351)],0.9685650182624298,[np.float64(1.9772099056245729)],[np.float64(2.7585838136790612)],[np.float64(136.1542953533637)]
150,440,438,,0.968565018262428,,,
150,442,441,[np.int64(366)],0.9685650182627334,[np.float64(2.2962488828332033)],[np.float64(3.141604926169949)],[np.float64(145.34071726624526)]
150,443,441,[np.int64(468)],0.9685650182627309,[np.float64(1.9388999068107466)],[np.float64(2.7099073082213367)],[np.float64(134.79161756302733)]
150,445,444,[np.int64(447)],0.9685650182627302,[np.float64(1.9757642584903112)],[np.float64(2.7271073849886327)],[np.float64(132.69639970641023)]
150,446,444,[np.int64(453)],0.9685650182627276,[np.float64(1.9274709598979078)],[np.float64(2.881251436421341)],[np.float64(167.72103798654317)]
150,448,447,,0.968565018262416,,,
150,449,447,,0.9685650182625152,,,
150,451,450,[np.int64(441)],0.9685650182625788,[np.float64(2.028688942984548)],[np.float64(2.863897093023576)],[np.float64(143.23574328427674)]
150,452,450,[np.int64(519)],0.9685650182625857,[np.float64(1.9582796013315757)],[np.float64(2.740476610201078)],[np.float64(136.18427139094354)]
150,454,453,[np.int64(426)],0.9685650182626013,[np.float64(1.9999108632297509)],[np.float64(2.7422319311598766)],[np.float64(131.79740633800495)]
150,455,453,"[np.int64(471), np.int64(477)]",0.9685650182625898,"[np.float64(2.0850474822552316), np.float64(2.1616758634008915)]","[np.float64(2.854969806938257), np.float64(2.8743715024712144)]","[np.float64(135.18690460416892), np.float64(129.27881729510676)]"
150,457,456,[np.int64(453)],0.9685650182623968,[np.float64(1.8838197607697893)],[np.float64(2.7469701312741504)],[np.float64(146.95591792510083)]
150,458,456,[np.int64(600)],0.9685650182623923,[np.float64(1.9771593567429322)],[np.float64(2.820473394008432)],[np.float64(144.2359838381722)]
150,460,459,,0.9685650182624916,,,
150,461,459,[np.int64(81)],0.9685650182625806,[np.float64(1.9385093605345998)],[np.float64(2.864643553307308)],[np.float64(159.19313750799716)]
150,463,462,[np.int64(474)],0.9685650182625803,[np.float64(1.9573410068363402)],[np.float64(2.918621895190957)],[np.float64(171.40599209592028)]
150,464,462,,0.9685650182625822,,,
150,466,465,[np.int64(438)],0.9685650182627553,[np.float64(2.121050533121631)],[np.float64(2.766715765100336)],[np.float64(122.66735700341924)]
150,467,465,[np.int64(642)],0.9685650182626632,[np.float64(1.8818481259488633)],[np.float64(2.5876482276652464)],[np.float64(127.44619788609975)]
150,469,468,"[np.int64(462), np.int64(459)]",0.96856501826243,"[np.float64(2.1660340244537335), np.float64(2.2250415441289872)]","[np.float64(2.8775335175184122), np.float64(2.960719046364408)]","[np.float64(129.17273512860294), np.float64(131.87215926408854)]"
150,470,468,[np.int64(393)],0.9685650182624307,[np.float64(2.28669881134408)],[np.float64(3.18565039547837)],[np.float64(153.99796619301583)]
150,472,471,[np.int64(93)],0.9685650182627293,[np.float64(2.2271894921199813)],[np.float64(2.8977857414263353)],[np.float64(125.39097409347782)]
150,473,471,[np.int64(474)],0.9685650182627437,[np.float64(2.1548812607931374)],[np.float64(3.1009440671633572)],[np.float64(165.11566373508563)]
150,475,474,[np.int64(387)],0.9685650182627565,[np.float64(1.9428768161299772)],[np.float64(2.891745023836513)],[np.float64(165.8429692854389)]
150,476,474,,0.968565018262664,,,
150,478,477,[np.int64(450)],0.9685650182624146,[np.float64(1.8150309883100413)],[np.float64(2.7721323236024626)],[np.float64(169.0778893438849)]
150,479,477,,0.9685650182624094,,,
150,481,480,"[np.int64(477), np.int64(471)]",0.9685650182627414,"[np.float64(1.8932936842167891), np.float64(2.31751104614862)]","[np.float64(2.6715431328985), np.float64(3.0417545204252936)]","[np.float64(135.46830400467923), np.float64(130.9667928273747)]"
150,482,480,[np.int64(624)],0.9685650182627505,[np.float64(2.3271071361105697)],[np.float64(2.995603681111195)],[np.float64(125.53653189071821)]
150,484,483,[np.int64(480)],0.968565018262717,[np.float64(1.8176062624362512)],[np.float64(2.7485771575886893)],[np.float64(160.20390275815902)]
150,485,483,"[np.int64(456), np.int64(627)]",0.9685650182627238,"[np.float64(2.155652190068882), np.float64(2.365592498933683)]","[np.float64(2.80034311557453), np.float64(3.0522792032061288)]","[np.float64(122.71700846731837), np.float64(127.38405190166183)]"
150,487,486,[np.int64(429)],0.9685650182625872,[np.float64(1.907496024740188)],[np.float64(2.872590102684639)],[np.float64(174.04298632491594)]
150,488,486,,0.9685650182625889,,,
150,490,489,,0.968565018262504,,,
150,491,489,[np.int64(219)],0.9685650182625004,[np.float64(1.9555235136532307)],[np.float64(2.6270751252286395)],[np.float64(124.38496836517277)]
150,493,492,[np.int64(222)],0.96856501826265,[np.float64(2.215788108563611)],[np.float64(3.101854401613062)],[np.float64(151.54326649728932)]
150,494,492,[np.int64(489)],0.9685650182626586,[np.float64(2.0466566266944732)],[np.float64(2.9823011171135496)],[np.float64(161.84174429117462)]
150,496,495,[np.int64(504)],0.9685650182625645,[np.float64(2.128611544136026)],[np.float64(2.9932526331303952)],[np.float64(147.83301062445275)]
150,497,495,,0.9685650182625801,,,
150,499,498,[np.int64(501)],0.9685650182625922,[np.float64(2.0738610248688034)],[np.float64(3.027627542442492)],[np.float64(167.86091053695446)]
150,500,498,[np.int64(228)],0.968565018262591,[np.float64(1.6092946136721133)],[np.float64(2.5640215656330665)],[np.float64(167.73496718187567)]
150,502,501,[np.int64(528)],0.9685650182625621,[np.float64(2.262341722450745)],[np.float64(3.091729230877378)],[np.float64(143.05436848408422)]
150,503,501,,0.9685650182625589,,,
150,505,504,[np.int64(324)],0.968565018262601,[np.float64(1.9437131302081476)],[np.float64(2.6542379727975227)],[np.float64(128.20761972081414)]
150,506,504,[np.int64(351)],0.9685650182625093,[np.float64(1.917152076670031)],[np.float64(2.858830236735163)],[np.float64(163.41770382227753)]
150,508,507,,0.9685650182625998,,,
150,509,507,[np.int64(237)],0.9685650182625953,[np.float64(2.3312643840703027)],[np.float64(3.271224853223533)],[np.float64(163.41117881901624)]
150,511,510,[np.int64(534)],0.9685650182627265,[np.float64(2.0718827579870864)],[np.float64(2.9032137895972974)],[np.float64(142.82258094100152)]
150,512,510,[np.int64(240)],0.9685650182627332,[np.float64(1.7155729810435323)],[np.float64(2.6471426356630166)],[np.float64(160.16123076615185)]
150,514,513,[np.int64(516)],0.9685650182625931,[np.float64(1.924895990344569)],[np.float64(2.832452263412944)],[np.float64(155.00095584730403)]
150,515,513,[np.int64(369)],0.9685650182625919,[np.float64(1.7414368165197196)],[np.float64(2.6887445222143285)],[np.float64(165.01198906996078)]
150,517,516,,0.9685650182627483,,,
150,518,516,[np.int64(519)],0.9685650182627363,[np.float64(1.7640788792415358)],[np.float64(2.7156776965064746)],[np.float64(166.64306585823866)]
150,520,519,[np.int64(594)],0.9685650182625828,[np.float64(1.7237229999477062)],[np.float64(2.6075817483048254)],[np.float64(149.94579074040948)]
150,521,519,[np.int64(528)],0.9685650182625819,[np.float64(1.9886191768070518)],[np.float64(2.6773786105163304)],[np.float64(126.20907644295198)]
150,523,522,[np.int64(525)],0.9685650182626458,[np.float64(2.3932962580018997)],[np.float64(3.201075013577771)],[np.float64(140.5689704064788)]
150,524,522,[np.int64(600)],0.9685650182626466,[np.float64(2.3054581034675947)],[np.float64(3.2545701271695644)],[np.float64(166.30325859505987)]
150,526,525,[np.int64(531)],0.9685650182627307,[np.float64(1.9014628062996946)],[np.float64(2.7096070860742043)],[np.float64(139.1997755807514)]
150,527,525,[np.int64(498)],0.9685650182627329,[np.float64(1.7675811111537614)],[np.float64(2.7193117228806836)],[np.float64(166.69978677735193)]
150,529,528,,0.9685650182624294,,,
150,530,528,,0.9685650182624218,,,
150,532,531,[np.int64(618)],0.9685650182625875,[np.float64(1.7758988413181933)],[np.float64(2.73253380932161)],[np.float64(168.8151193616407)]
150,533,531,,0.9685650182625861,,,
150,535,534,[np.int64(357)],0.968565018262606,[np.float64(2.0844462596432805)],[np.float64(2.942817192760702)],[np.float64(146.7589565459881)]
150,536,534,,0.9685650182625961,,,
150,538,537,[np.int64(501)],0.9685650182623943,[np.float64(2.11665786597809)],[np.float64(3.065889271995929)],[np.float64(166.16683523096697)]
150,539,537,[np.int64(357)],0.9685650182623928,[np.float64(1.957898221405045)],[np.float64(2.898770242208709)],[np.float64(163.2291013323362)]
150,541,540,[np.int64(513)],0.9685650182623944,[np.float64(2.0092414442374094)],[np.float64(2.912716067841133)],[np.float64(154.35463243464758)]
150,542,540,[np.int64(162)],0.9685650182624883,[np.float64(2.0171981950505096)],[np.float64(2.9847436771730482)],[np.float64(176.80149329296225)]
150,544,543,[np.int64(516)],0.9685650182625516,[np.float64(1.9726375043366553)],[np.float64(2.928288116680985)],[np.float64(168.56878056565313)]
150,545,543,[np.int64(552)],0.9685650182626501,[np.float64(2.270161856046518)],[np.float64(3.231067631847667)],[np.float64(171.3905254916566)]
150,547,546,[np.int64(555)],0.9685650182627479,[np.float64(1.9883820807589774)],[np.float64(2.894374125316232)],[np.float64(154.8156656919018)]
150,548,546,[np.int64(543)],0.9685650182626548,[np.float64(1.9787752264146237)],[np.float64(2.912833332084272)],[np.float64(161.30625568659644)]
150,550,549,[np.int64(540)],0.9685650182625833,[np.float64(1.9960965188796673)],[np.float64(2.711009374765232)],[np.float64(128.87922079213504)]
150,551,549,"[np.int64(645), np.int64(636)]",0.9685650182625842,"[np.float64(2.027366386106986), np.float64(2.2657964499349212)]","[np.float64(2.7279306368956293), np.float64(3.18542222435138)]","[np.float64(127.54600562645335), np.float64(158.18968642754507)]"
150,553,552,"[np.int64(540), np.int64(549)]",0.9685650182627168,"[np.float64(1.9764140140498219), np.float64(2.350665834011243)]","[np.float64(2.83962032598992), np.float64(3.0205869233357854)]","[np.float64(147.2260928876175), np.float64(125.74674313897256)]"
150,554,552,[np.int64(525)],0.968565018262729,[np.float64(1.9565508692225688)],[np.float64(2.8969907926625136)],[np.float64(163.09652917959056)]
150,556,555,[np.int64(177)],0.9685650182625977,[np.float64(2.127524271662948)],[np.float64(3.0430109975259745)],[np.float64(157.0630479207437)]
150,557,555,,0.9685650182625039,,,
150,559,558,[np.int64(531)],0.9685650182625817,[np.float64(2.29703608722174)],[np.float64(3.16491078757012)],[np.float64(148.70292691425615)]
150,560,558,[np.int64(549)],0.9685650182625833,[np.float64(2.0787069215562632)],[np.float64(2.9921461342797864)],[np.float64(156.53744389781505)]
150,562,561,[np.int64(183)],0.9685650182625752,[np.float64(2.1652849865323396)],[np.float64(3.1177127620941514)],[np.float64(167.4083108367411)]
150,563,561,[np.int64(552)],0.9685650182625838,[np.float64(1.8751810925491288)],[np.float64(2.8057864194880606)],[np.float64(160.21370853103488)]
150,565,564,,0.9685650182626449,,,
150,566,564,[np.int64(561)],0.9685650182626593,[np.float64(1.9337684599523184)],[np.float64(2.7903914853003933)],[np.float64(146.08662970764442)]
150,568,567,,0.9685650182625761,,,
150,569,567,"[np.int64(450), np.int64(594)]",0.9685650182625839,"[np.float64(2.0643273025594793), np.float64(2.390185468642563)]","[np.float64(2.774033243939161), np.float64(3.1105133919559407)]","[np.float64(128.61616030808435), np.float64(130.7801578502213)]"
150,571,570,[np.int64(579)],0.9685650182624177,[np.float64(1.833137191834437)],[np.float64(2.7212289839780186)],[np.float64(151.0259858007084)]
150,572,570,,0.9685650182624156,,,
150,574,573,[np.int64(570)],0.9685650182625682,[np.float64(2.0735764207460248)],[np.float64(3.02386008236189)],[np.float64(166.50546437412817)]
150,575,573,[np.int64(609)],0.9685650182625781,[np.float64(1.8875098178304188)],[np.float64(2.6320661124862847)],[np.float64(131.58769219515702)]
150,577,576,[np.int64(603)],0.9685650182625657,[np.float64(2.3295525737786424)],[np.float64(3.1708766622018163)],[np.float64(144.84494882565536)]
150,578,576,,0.9685650182625789,,,
150,580,579,"[np.int64(573), np.int64(582)]",0.9685650182627553,"[np.float64(2.1136000045195047), np.float64(2.139698244691821)]","[np.float64(2.806143063807298), np.float64(2.981871763290095)]","[np.float64(127.08755017651352), np.float64(144.51729535201272)]"
150,581,579,[np.int64(309)],0.9685650182627453,[np.float64(1.9987104873459653)],[np.float64(2.9489756851375564)],[np.float64(166.418514959441)]
150,583,582,[np.int64(609)],0.9685650182627464,[np.float64(1.8899657943312451)],[np.float64(2.6884107447889614)],[np.float64(137.92354987071488)]
150,584,582,[np.int64(495)],0.9685650182626555,[np.float64(2.357513460422119)],[np.float64(3.1232186851168424)],[np.float64(135.52197921348386)]
150,586,585,,0.9685650182625889,,,
150,587,585,[np.int64(315)],0.9685650182624999,[np.float64(2.167592623675438)],[np.float64(3.026331244547397)],[np.float64(147.01512605944575)]
150,589,588,[np.int64(579)],0.9685650182625862,[np.float64(2.3406476975612573)],[np.float64(3.2841927127695074)],[np.float64(164.49704752909687)]
150,590,588,[np.int64(585)],0.9685650182625786,[np.float64(2.100021758560103)],[np.float64(3.015439145997915)],[np.float64(157.00129420386378)]
150,592,591,[np.int64(504)],0.9685650182625655,[np.float64(1.9267752194770036)],[np.float64(2.8378230629303483)],[np.float64(155.734502803238)]
150,593,591,[np.int64(582)],0.9685650182625603,[np.float64(1.83590948967288)],[np.float64(2.7136752344406383)],[np.float64(149.21732151062008)]
150,595,594,[np.int64(621)],0.9685650182625725,[np.float64(1.8371797883767138)],[np.float64(2.744888753093702)],[np.float64(154.83470245729328)]
150,596,594,[np.int64(603)],0.9685650182626647,[np.float64(1.924382620357327)],[np.float64(2.869526018077209)],[np.float64(164.5351900944117)]
150,598,597,[np.int64(450)],0.9685650182626141,[np.float64(1.967506625587039)],[np.float64(2.7230794815734476)],[np.float64(133.13684332255013)]
150,599,597,,0.9685650182626121,,,
150,601,600,,0.9685650182625737,,,
150,602,600,[np.int64(573)],0.9685650182625675,[np.float64(2.0566625365811833)],[np.float64(2.9166489555166812)],[np.float64(146.93614068812917)]
150,604,603,[np.int64(612)],0.9685650182626458,[np.float64(1.9625128666024079)],[np.float64(2.835650505000424)],[np.float64(148.78689903333486)]
150,605,603,[np.int64(537)],0.9685650182626447,[np.float64(2.3398919159117955)],[np.float64(2.9905522075675774)],[np.float64(123.9321838790651)]
150,607,606,[np.int64(603)],0.9685650182625686,[np.float64(2.15098471385874)],[np.float64(2.787270784125672)],[np.float64(121.93501438773072)]
150,608,606,[np.int64(609)],0.9685650182625615,[np.float64(2.291430637972331)],[np.float64(2.93063537725826)],[np.float64(122.728119226774)]
150,610,609,[np.int64(522)],0.9685650182624265,[np.float64(2.1555988034381244)],[np.float64(2.9557262032653773)],[np.float64(139.00357495893076)]
150,611,609,[np.int64(636)],0.9685650182624197,[np.float64(1.7931239849241518)],[np.float64(2.6181830453894457)],[np.float64(141.0535799283915)]
150,613,612,[np.int64(432)],0.9685650182627291,[np.float64(1.9788740507691387)],[np.float64(2.901864166912704)],[np.float64(158.50617707510764)]
150,614,612,[np.int64(615)],0.9685650182627313,[np.float64(1.94820379479018)],[np.float64(2.8343360935055184)],[np.float64(150.97171878162254)]
150,616,615,[np.int64(435)],0.9685650182625911,[np.float64(2.1689838203349017)],[np.float64(2.914575411000443)],[np.float64(132.75165445900276)]
150,617,615,[np.int64(588)],0.9685650182625892,[np.float64(1.8762706576659713)],[np.float64(2.6829247671941596)],[np.float64(138.91652301587652)]
150,619,618,"[np.int64(351), np.int64(438)]",0.9685650182625606,"[np.float64(1.9594319262853157), np.float64(2.09417015127669)]","[np.float64(2.7900200280675995), np.float64(2.7821468651625936)]","[np.float64(142.3863095264598), np.float64(126.5644864541373)]"
150,620,618,,0.9685650182625626,,,
150,622,621,,0.9685650182624941,,,
150,623,621,,0.9685650182625825,,,
150,625,624,[np.int64(627)],0.9685650182625634,[np.float64(2.326867797082082)],[np.float64(3.270406817378464)],[np.float64(164.4817956784253)]
150,626,624,"[np.int64(630), np.int64(621)]",0.9685650182625588,"[np.float64(2.266484389085979), np.float64(2.3200874844529356)]","[np.float64(2.953449524896093), np.float64(3.0191099450767824)]","[np.float64(127.09058974003803), np.float64(128.44018035469435)]"
150,628,627,"[np.int64(636), np.int64(609)]",0.9685650182625999,"[np.float64(1.8318875315275287), np.float64(2.392620689013608)]","[np.float64(2.7323183027950817), np.float64(3.018031692391327)]","[np.float64(153.3507690131679), np.float64(121.84975067592731)]"
150,629,627,[np.int64(600)],0.9685650182625042,[np.float64(1.9515734805230358)],[np.float64(2.912734467044088)],[np.float64(171.3312697283575)]
150,631,630,[np.int64(606)],0.968565018262424,[np.float64(1.7564037082613937)],[np.float64(2.697748114353149)],[np.float64(163.06105942456895)]
150,632,630,"[np.int64(252), np.int64(639)]",0.9685650182624203,"[np.float64(2.206095741284218), np.float64(2.2835240497108007)]","[np.float64(2.822062993142676), np.float64(2.8943184736970524)]","[np.float64(120.34608370191499), np.float64(120.19069296232806)]"
150,634,633,"[np.int64(624), np.int64(630)]",0.9685650182625746,"[np.float64(1.9932811880525272), np.float64(2.1707660743437502)]","[np.float64(2.7160333010752127), np.float64(2.821615810283485)]","[np.float64(129.68283466960696), np.float64(123.3407722408177)]"
150,635,633,"[np.int64(255), np.int64(258)]",0.9685650182625789,"[np.float64(2.0938207954821224), np.float64(2.2360462087615836)]","[np.float64(2.859897495008349), np.float64(2.986536987557045)]","[np.float64(134.77634186086783), np.float64(133.4957337820226)]"
150,637,636,[np.int64(633)],0.9685650182627451,[np.float64(1.9815231994914404)],[np.float64(2.749236865207343)],[np.float64(134.56979606865772)]
150,638,636,[np.int64(249)],0.968565018262656,[np.float64(1.782954974875436)],[np.float64(2.6873192913661645)],[np.float64(154.0139828155229)]
150,640,639,[np.int64(612)],0.9685650182624338,[np.float64(2.0538101423697115)],[np.float64(2.923115467149289)],[np.float64(148.39330594521076)]
150,641,639,[np.int64(459)],0.9685650182624312,[np.float64(2.182749572416031)],[np.float64(3.017103902354362)],[np.float64(143.5336930794982)]
150,643,642,[np.int64(633)],0.968565018262592,[np.float64(2.114642448054476)],[np.float64(3.0136213690792584)],[np.float64(153.69280276014862)]
150,644,642,[np.int64(615)],0.968565018262595,[np.float64(1.9390062269669122)],[np.float64(2.8790088611711933)],[np.float64(162.9398688502723)]
150,646,645,,0.9685650182626502,,,
150,647,645,[np.int64(558)],0.9685650182626607,[np.float64(2.090895854864413)],[np.float64(2.8705801253247136)],[np.float64(136.34108626131118)]
200,1,0,[np.int64(378)],0.9685650182625711,[np.float64(2.112432156195893)],[np.float64(2.998612460893709)],[np.float64(151.3542156218708)]
200,2,0,[np.int64(9)],0.968565018262573,[np.float64(1.8402417348920619)],[np.float64(2.7031931462346317)],[np.float64(146.7929074999454)]
200,4,3,[np.int64(15)],0.9685650182624364,[np.float64(2.0293553177993116)],[np.float64(2.95673223814124)],[np.float64(159.6540717838439)]
200,5,3,[np.int64(30)],0.9685650182624298,[np.float64(2.333123785471095)],[np.float64(3.0489048268104946)],[np.float64(130.15102807679816)]
200,7,6,[np.int64(186)],0.9685650182625749,[np.float64(1.9311667324919897)],[np.float64(2.8153522671086653)],[np.float64(150.58574905024352)]
200,8,6,,0.9685650182625776,,,
200,10,9,[np.int64(96)],0.9685650182627421,[np.float64(2.266807735150227)],[np.float64(3.207337566969038)],[np.float64(163.50938080746914)]
200,11,9,[np.int64(12)],0.9685650182627497,[np.float64(1.6109662001634033)],[np.float64(2.5454797005741203)],[np.float64(160.74800945672519)]
200,13,12,[np.int64(39)],0.9685650182626683,[np.float64(2.112887418668682)],[np.float64(3.0285545086769026)],[np.float64(157.077580555796)]
200,14,12,[np.int64(390)],0.9685650182626653,[np.float64(1.853398224130832)],[np.float64(2.725313690050623)],[np.float64(148.2844256644809)]
200,16,15,[np.int64(42)],0.9685650182627195,[np.float64(2.251742731033183)],[np.float64(2.949402274996899)],[np.float64(128.08414560931737)]
200,17,15,[np.int64(81)],0.9685650182627241,[np.float64(1.9208788661847875)],[np.float64(2.8669694623561206)],[np.float64(164.84712970218783)]
200,19,18,[np.int64(162)],0.9685650182627445,[np.float64(2.231690341195623)],[np.float64(2.9114727512908574)],[np.float64(126.28021252762741)]
200,20,18,[np.int64(387)],0.9685650182626555,[np.float64(2.0583897385426355)],[np.float64(2.9188877146766243)],[np.float64(147.0192726713824)]
200,22,21,[np.int64(48)],0.9685650182627634,[np.float64(2.311269894255673)],[np.float64(3.2017225830105835)],[np.float64(152.4886106794214)]
200,23,21,[np.int64(390)],0.968565018262772,[np.float64(2.2988433607997782)],[np.float64(3.2033561634323213)],[np.float64(155.08414273343408)]
200,25,24,[np.int64(195)],0.9685650182625729,[np.float64(1.8646299990916022)],[np.float64(2.7859133718003397)],[np.float64(157.88736129316553)]
200,26,24,[np.int64(39)],0.96856501826257,[np.float64(2.1836787773283963)],[np.float64(2.9698260661881997)],[np.float64(137.39106880827242)]
200,28,27,[np.int64(30)],0.9685650182626063,[np.float64(2.272226365360944)],[np.float64(3.2200198201450587)],[np.float64(165.81529772384783)]
200,29,27,[np.int64(114)],0.9685650182626023,[np.float64(2.2102862712653577)],[np.float64(2.927678426517333)],[np.float64(129.92405809062004)]
200,31,30,,0.968565018262678,,,
200,32,30,[np.int64(36)],0.9685650182626736,[np.float64(2.053676883914666)],[np.float64(2.778634364530958)],[np.float64(130.14942638994054)]
200,34,33,"[np.int64(39), np.int64(42)]",0.9685650182624308,"[np.float64(2.002630778374559), np.float64(2.2826152461427385)]","[np.float64(2.8756740069741586), np.float64(2.9244714528193283)]","[np.float64(148.87392453761643), np.float64(122.93574996669459)]"
200,35,33,[np.int64(213)],0.9685650182624328,[np.float64(2.1797722691210817)],[np.float64(2.9005586530332295)],[np.float64(130.1692473325107)]
200,37,36,[np.int64(9)],0.9685650182627336,[np.float64(1.9620627986765464)],[np.float64(2.882404816688489)],[np.float64(157.85700440173378)]
200,38,36,[np.int64(63)],0.968565018262731,[np.float64(2.1074193474719447)],[np.float64(3.051766639315438)],[np.float64(164.50382653506023)]
200,40,39,[np.int64(36)],0.9685650182626527,[np.float64(2.0898460065085476)],[np.float64(3.025996763032183)],[np.float64(162.04202276830136)]
200,41,39,[np.int64(66)],0.9685650182626498,[np.float64(2.1120983341898594)],[np.float64(2.8370990000651513)],[np.float64(130.36928804439464)]
200,43,42,[np.int64(51)],0.9685650182625738,[np.float64(2.1912087086062426)],[np.float64(3.063360091526018)],[np.float64(149.16500413024477)]
200,44,42,[np.int64(108)],0.9685650182625777,[np.float64(1.9294221061694679)],[np.float64(2.880259745938175)],[np.float64(166.55496859643856)]
200,46,45,[np.int64(105)],0.9685650182626544,[np.float64(2.1163209380238768)],[np.float64(2.904252276718888)],[np.float64(137.4011018641894)]
200,47,45,[np.int64(48)],0.9685650182626547,[np.float64(1.9089527188044713)],[np.float64(2.7240102847308973)],[np.float64(140.12709210884532)]
200,49,48,[np.int64(24)],0.9685650182627388,[np.float64(1.9443492665856956)],[np.float64(2.710172426633075)],[np.float64(134.21230150839315)]
200,50,48,[np.int64(75)],0.9685650182627403,[np.float64(1.9310333948931337)],[np.float64(2.865115366557221)],[np.float64(161.23721440000762)]
200,52,51,"[np.int64(195), np.int64(78)]",0.968565018262422,"[np.float64(2.084431894990267), np.float64(2.376156450410429)]","[np.float64(2.828632570613012), np.float64(3.0953013068404)]","[np.float64(132.3131862838478), np.float64(130.61948290860855)]"
200,53,51,[np.int64(126)],0.9685650182624214,[np.float64(2.202007283536857)],[np.float64(3.055125550171709)],[np.float64(146.25344110598624)]
200,55,54,[np.int64(27)],0.9685650182623998,[np.float64(2.1468505672875353)],[np.float64(3.0649386097797184)],[np.float64(157.66614564639474)]
200,56,54,[np.int64(150)],0.9685650182625836,[np.float64(1.9720961864477837)],[np.float64(2.69595571528215)],[np.float64(129.7130718880774)]
200,58,57,[np.int64(327)],0.9685650182625887,[np.float64(1.9354532695138562)],[np.float64(2.742805626609811)],[np.float64(139.21732446889624)]
200,59,57,[np.int64(33)],0.968565018262589,[np.float64(1.9205295250843584)],[np.float64(2.835975762356146)],[np.float64(156.6726212988653)]
200,61,60,[np.int64(240)],0.9685650182627742,[np.float64(2.082900875938474)],[np.float64(2.895968050827632)],[np.float64(140.42521273784985)]
200,62,60,[np.int64(33)],0.9685650182626812,[np.float64(1.8112715694758474)],[np.float64(2.7767077472832384)],[np.float64(174.29389117580882)]
200,64,63,"[np.int64(342), np.int64(159)]",0.9685650182625786,"[np.float64(1.796324598058721), np.float64(2.342116705650755)]","[np.float64(2.7103340082962353), np.float64(2.9771611111294742)]","[np.float64(156.0864937584975), np.float64(122.53203969703175)]"
200,65,63,[np.int64(66)],0.9685650182625771,[np.float64(2.328171474592183)],[np.float64(3.238757583824703)],[np.float64(156.3455052941552)]
200,67,66,"[np.int64(57), np.int64(36)]",0.9685650182625744,"[np.float64(2.0586105094658658), np.float64(2.28979040053278)]","[np.float64(2.8021736572908527), np.float64(2.9529049442141493)]","[np.float64(132.15147207148578), np.float64(124.90892507145546)]"
200,68,66,,0.9685650182625845,,,
200,70,69,[np.int64(144)],0.9685650182626041,[np.float64(2.1163292705941927)],[np.float64(2.97038134899367)],[np.float64(146.18717673407824)]
200,71,69,[np.int64(51)],0.9685650182625024,[np.float64(1.910255618423417)],[np.float64(2.580589496367908)],[np.float64(124.05609389386919)]
200,73,72,[np.int64(303)],0.968565018262398,[np.float64(1.9463744814722024)],[np.float64(2.9147883719009373)],[np.float64(178.7613464014713)]
200,74,72,[np.int64(219)],0.9685650182623982,[np.float64(2.1306248604845295)],[np.float64(3.0105735068494615)],[np.float64(150.32163056021565)]
200,76,75,[np.int64(63)],0.9685650182627454,[np.float64(2.0217790940561984)],[np.float64(2.961971228011941)],[np.float64(163.11273891625723)]
200,77,75,[np.int64(345)],0.9685650182627576,[np.float64(1.9013661266134525)],[np.float64(2.634046938515836)],[np.float64(130.35387036612155)]
200,79,78,[np.int64(222)],0.9685650182625796,[np.float64(2.0330123561191984)],[np.float64(2.74870172958407)],[np.float64(129.1069449302947)]
200,80,78,"[np.int64(348), np.int64(69)]",0.9685650182625826,"[np.float64(2.190943724569989), np.float64(2.314937866182511)]","[np.float64(2.8660748625446724), np.float64(2.9703106500830905)]","[np.float64(125.69003015385383), np.float64(124.27912085105336)]"
200,82,81,[np.int64(90)],0.9685650182627141,[np.float64(2.0654023142878284)],[np.float64(2.809111854264463)],[np.float64(132.1919217206615)]
200,83,81,[np.int64(42)],0.968565018262724,[np.float64(2.096133047968376)],[np.float64(2.9860710948762734)],[np.float64(151.98604421555245)]
200,85,84,[np.int64(264)],0.9685650182624292,[np.float64(1.779880000646857)],[np.float64(2.7211533944403334)],[np.float64(163.0786592139606)]
200,86,84,[np.int64(462)],0.9685650182624256,[np.float64(1.8581556619000905)],[np.float64(2.530473960049336)],[np.float64(123.9928773388997)]
200,88,87,[np.int64(111)],0.9685650182625721,[np.float64(2.1417352771205427)],[np.float64(2.8533788753453164)],[np.float64(129.1011136119374)]
200,89,87,[np.int64(0)],0.9685650182625798,[np.float64(1.7550952879509485)],[np.float64(2.7155756032418217)],[np.float64(170.77475102289876)]
200,91,90,[np.int64(102)],0.9685650182625948,[np.float64(2.1452253119990163)],[np.float64(3.108511533804139)],[np.float64(172.79139450864835)]
200,92,90,[np.int64(117)],0.9685650182625922,[np.float64(2.2397064305837118)],[np.float64(3.059184305780439)],[np.float64(141.6866362192018)]
200,94,93,[np.int64(87)],0.9685650182626079,[np.float64(1.7880387607651158)],[np.float64(2.6833209150291437)],[np.float64(152.23972981894366)]
200,95,93,[np.int64(84)],0.9685650182626034,[np.float64(2.0252257892094936)],[np.float64(2.971154434417181)],[np.float64(164.9241530078685)]
200,97,96,[np.int64(474)],0.968565018262723,[np.float64(2.2286506776978183)],[np.float64(3.1610232622357186)],[np.float64(161.20844143426814)]
200,98,96,[np.int64(18)],0.968565018262725,[np.float64(2.083442753239163)],[np.float64(2.9971522953065772)],[np.float64(156.60373619137604)]
200,100,99,,0.9685650182625835,,,
200,101,99,[np.int64(126)],0.9685650182624882,[np.float64(2.2379444757342175)],[np.float64(3.121507394979059)],[np.float64(151.15447209677868)]
200,103,102,[np.int64(96)],0.9685650182627537,[np.float64(2.379607743695439)],[np.float64(3.2801802957949713)],[np.float64(154.4528566255044)]
200,104,102,[np.int64(480)],0.968565018262756,[np.float64(1.7993910656661207)],[np.float64(2.6802035189623297)],[np.float64(149.6370468947134)]
200,106,105,,0.9685650182625822,,,
200,107,105,[np.int64(132)],0.96856501826258,[np.float64(1.977080323289007)],[np.float64(2.8450122000394904)],[np.float64(147.97806297090887)]
200,109,108,[np.int64(261)],0.9685650182626654,[np.float64(2.2012108674075592)],[np.float64(3.0361212209369057)],[np.float64(143.65646348806112)]
200,110,108,[np.int64(135)],0.9685650182626638,[np.float64(2.0342442775776437)],[np.float64(2.8132877356059995)],[np.float64(136.07734358901087)]
200,112,111,[np.int64(84)],0.9685650182626079,[np.float64(1.6866392494157758)],[np.float64(2.4832311098612037)],[np.float64(136.8474509258124)]
200,113,111,[np.int64(291)],0.9685650182625997,[np.float64(2.2182522755942458)],[np.float64(3.1117294158644713)],[np.float64(152.86535914846874)]
200,115,114,[np.int64(138)],0.9685650182625806,[np.float64(2.1134836956948284)],[np.float64(2.9473689820703264)],[np.float64(143.2884928743788)]
200,116,114,[np.int64(123)],0.9685650182625894,[np.float64(1.8499438070725605)],[np.float64(2.7142034418018532)],[np.float64(147.03070515994028)]
200,118,117,[np.int64(108)],0.9685650182625567,[np.float64(2.014152914953445)],[np.float64(2.731012214440681)],[np.float64(129.15309494168284)]
200,119,117,[np.int64(144)],0.9685650182625569,[np.float64(2.0415625188752196)],[np.float64(2.9216125496009173)],[np.float64(150.13911703262895)]
200,121,120,,0.9685650182625692,,,
200,122,120,[np.int64(102)],0.9685650182625634,[np.float64(1.914275298411778)],[np.float64(2.8601955276240103)],[np.float64(164.7809183797256)]
200,124,123,[np.int64(45)],0.9685650182625903,[np.float64(2.0719638454917626)],[np.float64(3.0154968569402607)],[np.float64(164.20261005971057)]
200,125,123,[np.int64(87)],0.9685650182625922,[np.float64(1.9635949240162158)],[np.float64(2.7882305594247394)],[np.float64(141.58645324325084)]
200,127,126,[np.int64(129)],0.9685650182627439,[np.float64(2.300800358698298)],[np.float64(2.9761968769262452)],[np.float64(126.09886981537913)]
200,128,126,"[np.int64(147), np.int64(153)]",0.9685650182627422,"[np.float64(2.012356768927108), np.float64(2.3761822258745053)]","[np.float64(2.7643630370824472), np.float64(3.2159307361947183)]","[np.float64(132.90845104799968), np.float64(144.72564730876238)]"
200,130,129,[np.int64(156)],0.9685650182625816,[np.float64(1.9968662776715598)],[np.float64(2.750714297541889)],[np.float64(133.0554577877981)]
200,131,129,,0.9685650182625751,,,
200,133,132,,0.9685650182624045,,,
200,134,132,[np.int64(45)],0.9685650182624054,[np.float64(2.0970344479039107)],[np.float64(2.747583015950018)],[np.float64(123.01837685087038)]
200,136,135,[np.int64(318)],0.9685650182624922,[np.float64(2.247093094559732)],[np.float64(3.086405023577875)],[np.float64(144.37727553941338)]
200,137,135,[np.int64(405)],0.9685650182625829,[np.float64(2.0380306719800823)],[np.float64(2.977494888584172)],[np.float64(162.91897647363862)]
200,139,138,"[np.int64(117), np.int64(147)]",0.96856501826255,"[np.float64(2.210786945251295), np.float64(2.250682553691604)]","[np.float64(2.9147680941935095), np.float64(3.009239627346427)]","[np.float64(128.57193946582603), np.float64(134.42567242102282)]"
200,140,138,"[np.int64(135), np.int64(111)]",0.9685650182625594,"[np.float64(2.1114967059364096), np.float64(2.263686127800095)]","[np.float64(2.7593154239778035), np.float64(3.0987340241466796)]","[np.float64(122.82610907834983), np.float64(143.82643710496146)]"
200,142,141,,0.968565018262774,,,
200,143,141,[np.int64(114)],0.968565018262584,[np.float64(1.839787818255451)],[np.float64(2.760260455200712)],[np.float64(157.64658539450411)]
200,145,144,,0.9685650182625801,,,
200,146,144,[np.int64(414)],0.9685650182625792,[np.float64(2.2133261137795803)],[np.float64(2.88799144679072)],[np.float64(125.72683863853425)]
200,148,147,[np.int64(153)],0.9685650182625652,[np.float64(2.154241419357466)],[np.float64(2.873138881671829)],[np.float64(129.8866515765293)]
200,149,147,[np.int64(129)],0.9685650182625749,[np.float64(1.94821893499699)],[np.float64(2.7735003106344216)],[np.float64(141.62459888246465)]
200,151,150,[np.int64(417)],0.9685650182626004,[np.float64(1.9304709183394002)],[np.float64(2.754224456104817)],[np.float64(141.35981996687332)]
200,152,150,,0.9685650182625086,,,
200,154,153,"[np.int64(423), np.int64(78)]",0.9685650182624008,"[np.float64(2.197103916648201), np.float64(2.367730464018554)]","[np.float64(2.931288809313936), np.float64(3.158181973661763)]","[np.float64(131.62430513157514), np.float64(138.39991656949147)]"
200,155,153,,0.9685650182624044,,,
200,157,156,[np.int64(153)],0.9685650182627595,[np.float64(1.8498486451204879)],[np.float64(2.7257019461540968)],[np.float64(148.93244583224106)]
200,158,156,[np.int64(570)],0.9685650182627709,[np.float64(1.7761922615804642)],[np.float64(2.7018394102508743)],[np.float64(158.75851267277918)]
200,160,159,,0.9685650182625777,,,
200,161,159,[np.int64(72)],0.9685650182625788,[np.float64(1.9696948013768967)],[np.float64(2.7156017573327644)],[np.float64(132.07222866379473)]
200,163,162,[np.int64(105)],0.9685650182625675,[np.float64(2.102115838400979)],[np.float64(3.0634935462179205)],[np.float64(171.56113958289052)]
200,164,162,[np.int64(21)],0.9685650182625681,[np.float64(2.0401504264142902)],[np.float64(3.000514748052185)],[np.float64(170.94237655310332)]
200,166,165,[np.int64(168)],0.9685650182624358,[np.float64(2.17490891117018)],[np.float64(3.116264621840533)],[np.float64(163.65260242626613)]
200,167,165,[np.int64(555)],0.9685650182624305,[np.float64(2.3256404754654914)],[np.float64(3.2860483079855376)],[np.float64(171.1465894650139)]
200,169,168,[np.int64(99)],0.9685650182626506,[np.float64(2.012391929669988)],[np.float64(2.8548675188038053)],[np.float64(144.21727783199188)]
200,170,168,[np.int64(21)],0.9685650182626593,[np.float64(1.6502789170360157)],[np.float64(2.610739681803343)],[np.float64(170.6599197188941)]
200,172,171,[np.int64(549)],0.9685650182626537,[np.float64(1.9970266402375967)],[np.float64(2.7886304707302467)],[np.float64(137.45767783277256)]
200,173,171,[np.int64(180)],0.968565018262666,[np.float64(1.866989853861705)],[np.float64(2.8073848211092423)],[np.float64(162.949485564245)]
200,175,174,[np.int64(198)],0.9685650182626067,[np.float64(2.204967483057802)],[np.float64(3.0642763421201327)],[np.float64(147.18688369892496)]
200,176,174,[np.int64(165)],0.9685650182625996,[np.float64(2.245637595839264)],[np.float64(3.1920626679602524)],[np.float64(165.32877844538382)]
200,178,177,[np.int64(186)],0.968565018262714,[np.float64(2.202419037053198)],[np.float64(3.028596841663675)],[np.float64(142.47553032899782)]
200,179,177,[np.int64(252)],0.968565018262723,[np.float64(1.8342254398482576)],[np.float64(2.792629952505116)],[np.float64(169.73670776211344)]
200,181,180,[np.int64(183)],0.9685650182626102,[np.float64(2.0730606628592234)],[np.float64(2.954718245960945)],[np.float64(150.48543439851528)]
200,182,180,[np.int64(378)],0.9685650182625215,[np.float64(2.2225486107897403)],[np.float64(2.9228517176017315)],[np.float64(128.2465397788041)]
200,184,183,,0.9685650182625803,,,
200,185,183,,0.9685650182625835,,,
200,187,186,"[np.int64(183), np.int64(174)]",0.9685650182626435,"[np.float64(2.136513433389951), np.float64(2.383540860860502)]","[np.float64(2.7775857050838653), np.float64(3.268848143358789)]","[np.float64(122.3106155674202), np.float64(151.71617342900612)]"
200,188,186,[np.int64(564)],0.9685650182626457,[np.float64(2.213735537018294)],[np.float64(3.119935807198366)],[np.float64(155.27783244508586)]
200,190,189,[np.int64(48)],0.9685650182627493,[np.float64(2.0617014938595544)],[np.float64(2.931063611611935)],[np.float64(148.42161808427946)]
200,191,189,"[np.int64(72), np.int64(216)]",0.9685650182627455,"[np.float64(1.9648793183665723), np.float64(2.0774364142280306)]","[np.float64(2.7975122384000537), np.float64(2.755507822587226)]","[np.float64(142.68642307918637), np.float64(125.53604878536892)]"
200,193,192,,0.9685650182625815,,,
200,194,192,[np.int64(189)],0.9685650182626696,[np.float64(2.227062125914421)],[np.float64(3.1397527559627703)],[np.float64(156.62777253455855)]
200,196,195,[np.int64(126)],0.9685650182624336,[np.float64(1.9161329275890018)],[np.float64(2.837944606192231)],[np.float64(158.1126111731153)]
200,197,195,[np.int64(204)],0.9685650182624289,[np.float64(2.3283932600460044)],[np.float64(3.1571083441548136)],[np.float64(143.11907990387394)]
200,199,198,[np.int64(171)],0.9685650182625699,[np.float64(1.7068078371068656)],[np.float64(2.61780465732618)],[np.float64(155.20815813335835)]
200,200,198,[np.int64(189)],0.9685650182625724,[np.float64(2.3981784476874397)],[np.float64(3.294436503241495)],[np.float64(153.678608771121)]
200,202,201,,0.9685650182625783,,,
200,203,201,,0.9685650182625696,,,
200,205,204,[np.int64(201)],0.9685650182624198,[np.float64(2.167809901290921)],[np.float64(2.925016583277607)],[np.float64(134.02095402498512)]
200,206,204,[np.int64(192)],0.9685650182625137,[np.float64(2.056358893938257)],[np.float64(2.7746556407400185)],[np.float64(129.4666013778643)]
200,208,207,[np.int64(225)],0.9685650182625833,[np.float64(2.0115842855216)],[np.float64(2.7578840637081923)],[np.float64(132.27628568082827)]
200,209,207,[np.int64(198)],0.9685650182625809,[np.float64(2.1397503705696472)],[np.float64(2.9388070867319565)],[np.float64(138.82511503215122)]
200,211,210,[np.int64(30)],0.9685650182627374,[np.float64(1.823919267100216)],[np.float64(2.6817106970657223)],[np.float64(145.9317044407599)]
200,212,210,[np.int64(180)],0.9685650182627392,[np.float64(2.139084410493713)],[np.float64(2.8935848521264926)],[np.float64(133.62801840822905)]
200,214,213,[np.int64(288)],0.9685650182625497,[np.float64(2.1059471186072147)],[np.float64(2.8863516636509803)],[np.float64(136.47418537533414)]
200,215,213,[np.int64(6)],0.9685650182625517,[np.float64(2.1543746271364403)],[np.float64(2.978946223412972)],[np.float64(142.13543313599482)]
200,217,216,[np.int64(225)],0.9685650182625662,[np.float64(1.9887563815272296)],[np.float64(2.6453605091157635)],[np.float64(123.11447655658843)]
200,218,216,[np.int64(312)],0.9685650182626588,[np.float64(2.2244422980737544)],[np.float64(3.165824045294863)],[np.float64(163.71642485088017)]
200,220,219,[np.int64(75)],0.9685650182625539,[np.float64(1.832003933415172)],[np.float64(2.6730997015711644)],[np.float64(143.45535206928312)]
200,221,219,[np.int64(222)],0.9685650182626518,[np.float64(2.1740725744962144)],[np.float64(2.8881232561061205)],[np.float64(129.45994251213384)]
200,223,222,[np.int64(231)],0.9685650182626153,[np.float64(1.8866594953369211)],[np.float64(2.83092948110324)],[np.float64(164.19636054632622)]
200,224,222,[np.int64(204)],0.9685650182625207,[np.float64(1.9851185095412371)],[np.float64(2.7106303341711406)],[np.float64(129.9398598825593)]
200,226,225,,0.9685650182625942,,,
200,227,225,[np.int64(321)],0.9685650182625959,[np.float64(1.6828204422378314)],[np.float64(2.645558274581087)],[np.float64(172.10913254687972)]
200,229,228,[np.int64(237)],0.9685650182625624,[np.float64(1.9291831376147228)],[np.float64(2.7907013004532697)],[np.float64(146.83064340101984)]
200,230,228,[np.int64(219)],0.9685650182625681,[np.float64(2.3036710563027007)],[np.float64(3.1786047460762665)],[np.float64(149.84276348174023)]
200,232,231,[np.int64(306)],0.9685650182625865,[np.float64(1.9966823724336744)],[np.float64(2.948942148163225)],[np.float64(167.1790127349203)]
200,233,231,"[np.int64(228), np.int64(201)]",0.9685650182624883,"[np.float64(2.150761784879969), np.float64(2.197046529136465)]","[np.float64(2.907875602922765), np.float64(3.024354177855248)]","[np.float64(133.95580186939372), np.float64(142.61298765386772)]"
200,235,234,[np.int64(27)],0.9685650182624209,[np.float64(2.3895220493229745)],[np.float64(3.096576237317277)],[np.float64(129.44487430225217)]
200,236,234,[np.int64(237)],0.9685650182624171,[np.float64(1.9480797844286541)],[np.float64(2.69340456910907)],[np.float64(131.92256888910896)]
200,238,237,[np.int64(57)],0.9685650182627457,[np.float64(1.872079411194035)],[np.float64(2.8356037605357027)],[np.float64(172.7979382673969)]
200,239,237,[np.int64(210)],0.9685650182627431,[np.float64(1.9105513225543482)],[np.float64(2.8384941795897483)],[np.float64(159.5936411750643)]
200,241,240,[np.int64(231)],0.9685650182625665,[np.float64(2.2178897073794013)],[np.float64(3.0393192950424393)],[np.float64(141.88633861279325)]
200,242,240,[np.int64(315)],0.9685650182625668,[np.float64(1.9921919144819167)],[np.float64(2.8173012988255195)],[np.float64(141.74031001778366)]
200,244,243,[np.int64(177)],0.9685650182625527,[np.float64(1.89255907830694)],[np.float64(2.7920326138172737)],[np.float64(153.31146992173578)]
200,245,243,,0.968565018262564,,,
200,247,246,,0.9685650182624361,,,
200,248,246,[np.int64(255)],0.968565018262434,[np.float64(1.9413559620448724)],[np.float64(2.7047286416912106)],[np.float64(133.9196266682361)]
200,250,249,[np.int64(276)],0.9685650182627336,[np.float64(2.031477503976868)],[np.float64(2.9060152537160278)],[np.float64(149.19134630496163)]
200,251,249,"[np.int64(105), np.int64(483)]",0.9685650182627457,"[np.float64(1.937425402956244), np.float64(2.35294984674507)]","[np.float64(2.8086760471951395), np.float64(3.072076756854788)]","[np.float64(148.41038212961678), np.float64(130.5496090960664)]"
200,253,252,"[np.int64(255), np.int64(633)]",0.9685650182627159,"[np.float64(1.7845913851881374), np.float64(2.2180340907685308)]","[np.float64(2.5869762999187307), np.float64(2.960822317627233)]","[np.float64(138.01290216429456), np.float64(132.6071785670668)]"
200,254,252,[np.int64(261)],0.9685650182627269,[np.float64(1.9071642716454746)],[np.float64(2.6432697685951667)],[np.float64(130.74814200651426)]
200,256,255,[np.int64(258)],0.9685650182627444,[np.float64(2.227198170642151)],[np.float64(3.1207301244942203)],[np.float64(152.89175116074003)]
200,257,255,[np.int64(282)],0.9685650182627432,[np.float64(2.0045248736472714)],[np.float64(2.6418147576029516)],[np.float64(121.39746653718228)]
200,259,258,[np.int64(285)],0.9685650182625835,[np.float64(1.838112715871687)],[np.float64(2.762745425728477)],[np.float64(158.63572414148535)]
200,260,258,[np.int64(171)],0.9685650182625845,[np.float64(2.312237739032683)],[np.float64(3.138574435758547)],[np.float64(142.7650334221859)]
200,262,261,[np.int64(291)],0.9685650182626746,[np.float64(2.351428706432701)],[np.float64(3.06062626390282)],[np.float64(129.54479345491598)]
200,263,261,,0.9685650182624913,,,
200,265,264,[np.int64(267)],0.9685650182625839,[np.float64(1.926871135123508)],[np.float64(2.803803098021496)],[np.float64(149.32636923654584)]
200,266,264,"[np.int64(642), np.int64(639)]",0.9685650182625872,"[np.float64(2.2546673636611616), np.float64(2.265128277126808)]","[np.float64(3.163552712403389), np.float64(2.9457479495238594)]","[np.float64(155.88531634016394), np.float64(126.47587637322061)]"
200,268,267,[np.int64(87)],0.9685650182625531,[np.float64(1.9855888311563483)],[np.float64(2.6902095045976053)],[np.float64(127.78293607031412)]
200,269,267,[np.int64(294)],0.9685650182625561,[np.float64(1.905149223498059)],[np.float64(2.7955584368505164)],[np.float64(151.6350440285053)]
200,271,270,,0.9685650182625788,,,
200,272,270,[np.int64(243)],0.9685650182625765,[np.float64(2.087462366279006)],[np.float64(2.949957201674656)],[np.float64(147.40045132327126)]
200,274,273,[np.int64(246)],0.9685650182626104,[np.float64(1.9040879749948627)],[np.float64(2.7906417344354417)],[np.float64(150.93620700504047)]
200,275,273,"[np.int64(276), np.int64(285)]",0.9685650182626023,"[np.float64(1.987948321526006), np.float64(2.2470778705019883)]","[np.float64(2.868071225335227), np.float64(2.9317419486695244)]","[np.float64(150.0234010584399), np.float64(126.80254208821121)]"
200,277,276,[np.int64(189)],0.9685650182624412,[np.float64(2.134971527603025)],[np.float64(3.0424278198857237)],[np.float64(155.39340328564558)]
200,278,276,[np.int64(171)],0.9685650182624381,[np.float64(2.055870845167388)],[np.float64(2.9637390854462757)],[np.float64(155.33108285066797)]
200,280,279,[np.int64(255)],0.9685650182625664,[np.float64(2.0269038581130876)],[np.float64(2.8064841800390607)],[np.float64(136.1155999751534)]
200,281,279,[np.int64(177)],0.9685650182625686,[np.float64(2.141475083034557)],[np.float64(2.9440462743742444)],[np.float64(139.26599923986262)]
200,283,282,[np.int64(309)],0.9685650182625879,[np.float64(2.0312145427908757)],[np.float64(2.6931483645914622)],[np.float64(123.80396364581885)]
200,284,282,"[np.int64(273), np.int64(300)]",0.9685650182625811,"[np.float64(1.8892181981836076), np.float64(2.378507207594313)]","[np.float64(2.784323434560443), np.float64(3.004390011663257)]","[np.float64(152.46727018728856), np.float64(121.84401546258162)]"
200,286,285,,0.9685650182624344,,,
200,287,285,[np.int64(207)],0.9685650182624368,[np.float64(2.169123597295467)],[np.float64(3.0520622989042185)],[np.float64(150.91087215941556)]
200,289,288,[np.int64(291)],0.9685650182625836,[np.float64(1.8278668344132483)],[np.float64(2.6884899476041233)],[np.float64(146.38661580671)]
200,290,288,[np.int64(306)],0.9685650182625839,[np.float64(2.0548506607901036)],[np.float64(2.782230124996107)],[np.float64(130.40804082576147)]
200,292,291,,0.9685650182625765,,,
200,293,291,[np.int64(318)],0.9685650182626602,[np.float64(2.0545651377453757)],[np.float64(3.010808206919795)],[np.float64(168.9078216784462)]
200,295,294,[np.int64(207)],0.9685650182623984,[np.float64(2.091931630069403)],[np.float64(2.8208407926972607)],[np.float64(130.70596531767646)]
200,296,294,[np.int64(27)],0.9685650182624023,[np.float64(1.9636373435340342)],[np.float64(2.871420431834315)],[np.float64(155.12980054943458)]
200,298,297,,0.9685650182624909,,,
200,299,297,[np.int64(567)],0.9685650182625812,[np.float64(1.9189072570859207)],[np.float64(2.64378142611095)],[np.float64(129.59683538943582)]
200,301,300,[np.int64(273)],0.968565018262578,[np.float64(2.1915641745974943)],[np.float64(2.8168601331862853)],[np.float64(121.11209319245313)]
200,302,300,[np.int64(270)],0.9685650182625706,[np.float64(2.1443581177690554)],[np.float64(2.998147330415784)],[np.float64(146.2166326182864)]
200,304,303,[np.int64(312)],0.9685650182626059,[np.float64(1.8188712650113081)],[np.float64(2.729046581276534)],[np.float64(155.30994856896555)]
200,305,303,"[np.int64(156), np.int64(570)]",0.968565018262506,"[np.float64(2.1107732721479664), np.float64(2.3188013060613804)]","[np.float64(2.745078690366962), np.float64(3.2580443064459432)]","[np.float64(121.59143336881495), np.float64(163.19066736219895)]"
200,307,306,[np.int64(297)],0.9685650182624411,[np.float64(1.8795257924746607)],[np.float64(2.7170936513330486)],[np.float64(143.10791444618044)]
200,308,306,[np.int64(279)],0.9685650182624367,[np.float64(1.8366606821007239)],[np.float64(2.7395720486770267)],[np.float64(153.85488116062217)]
200,310,309,[np.int64(300)],0.9685650182627292,[np.float64(2.0669994853304696)],[np.float64(2.8215129194750572)],[np.float64(133.38423758600788)]
200,311,309,[np.int64(576)],0.968565018262739,[np.float64(2.139371142365291)],[np.float64(3.0303526404365093)],[np.float64(152.26214061319098)]
200,313,312,[np.int64(573)],0.9685650182626128,[np.float64(1.904714564563018)],[np.float64(2.6722520305373196)],[np.float64(134.25545873692388)]
200,314,312,[np.int64(321)],0.9685650182625231,[np.float64(1.937480716624581)],[np.float64(2.869564407433103)],[np.float64(160.71024040463388)]
200,316,315,,0.9685650182625826,,,
200,317,315,[np.int64(288)],0.9685650182625787,[np.float64(1.9207308415847297)],[np.float64(2.6383324985677112)],[np.float64(128.84081512957292)]
200,319,318,[np.int64(591)],0.9685650182625968,[np.float64(2.386607458785557)],[np.float64(3.313894391725168)],[np.float64(160.12811907197246)]
200,320,318,[np.int64(309)],0.9685650182625983,[np.float64(2.2651911934981004)],[np.float64(3.220957359809402)],[np.float64(168.86440193771318)]
200,322,321,[np.int64(294)],0.9685650182627107,[np.float64(2.1386999710476715)],[np.float64(3.094748573697776)],[np.float64(168.89112405546052)]
200,323,321,[np.int64(141)],0.9685650182627199,[np.float64(2.028934819989713)],[np.float64(2.6945199621822784)],[np.float64(124.13975691721258)]
200,325,324,[np.int64(336)],0.9685650182627089,[np.float64(2.1799719713299486)],[np.float64(3.0934891223345358)],[np.float64(156.7268272243744)]
200,326,324,[np.int64(54)],0.9685650182627229,[np.float64(1.945324294902874)],[np.float64(2.6865117861753003)],[np.float64(131.45858070927324)]
200,328,327,[np.int64(354)],0.9685650182624325,[np.float64(2.158702796478829)],[np.float64(2.9193394039260965)],[np.float64(134.37416984494718)]
200,329,327,[np.int64(510)],0.9685650182624308,[np.float64(2.0922603433598597)],[np.float64(3.008473115008842)],[np.float64(157.16156946511776)]
200,331,330,[np.int64(144)],0.9685650182627352,[np.float64(2.096598798713085)],[np.float64(3.0268862797418286)],[np.float64(160.4901250683005)]
200,332,330,[np.int64(60)],0.9685650182627518,[np.float64(1.9959060247811846)],[np.float64(2.934830062942121)],[np.float64(162.70242152488058)]
200,334,333,[np.int64(342)],0.9685650182625855,[np.float64(2.271638315741935)],[np.float64(3.1592600962891613)],[np.float64(151.91942797448425)]
200,335,333,[np.int64(336)],0.9685650182625897,[np.float64(2.141106808034574)],[np.float64(2.808000876264853)],[np.float64(124.72129668238263)]
200,337,336,[np.int64(345)],0.968565018262669,[np.float64(1.8493183740300239)],[np.float64(2.802496859136919)],[np.float64(167.38511824565236)]
200,338,336,,0.968565018262572,,,
200,340,339,,0.9685650182627236,,,
200,341,339,[np.int64(330)],0.9685650182627231,[np.float64(1.8988601459395669)],[np.float64(2.7980026708832724)],[np.float64(153.26217046611595)]
200,343,342,[np.int64(159)],0.968565018262672,[np.float64(1.8905223773264892)],[np.float64(2.67646661767047)],[np.float64(136.38247119605325)]
200,344,342,[np.int64(72)],0.9685650182625823,[np.float64(2.343845403854226)],[np.float64(3.130853283815404)],[np.float64(137.93191764569585)]
200,346,345,[np.int64(489)],0.9685650182627373,[np.float64(1.8720182401282355)],[np.float64(2.7649326433556682)],[np.float64(152.01384945470926)]
200,347,345,[np.int64(348)],0.9685650182627412,[np.float64(1.8870083681708163)],[np.float64(2.792030897737846)],[np.float64(154.39915282493828)]
200,349,348,,0.9685650182625796,,,
200,350,348,[np.int64(339)],0.9685650182625866,[np.float64(1.9227742604249072)],[np.float64(2.807993896074159)],[np.float64(150.74673860234853)]
200,352,351,,0.9685650182627302,,,
200,353,351,[np.int64(360)],0.9685650182627323,[np.float64(1.9999326198624399)],[np.float64(2.940711788361461)],[np.float64(163.2593236899133)]
200,355,354,[np.int64(534)],0.9685650182626022,[np.float64(2.3434396420591934)],[np.float64(3.113352419456268)],[np.float64(135.95747603641516)]
200,356,354,[np.int64(363)],0.9685650182625924,[np.float64(2.056285875085166)],[np.float64(2.985582421716726)],[np.float64(160.1774512945342)]
200,358,357,[np.int64(510)],0.9685650182625972,[np.float64(1.9597464317289346)],[np.float64(2.8044854043841436)],[np.float64(144.39100348087712)]
200,359,357,[np.int64(585)],0.9685650182625991,[np.float64(2.2362955625619976)],[np.float64(3.009432460017511)],[np.float64(136.02611085513627)]
200,361,360,[np.int64(396)],0.9685650182625491,[np.float64(2.033561339112823)],[np.float64(2.7790033427416216)],[np.float64(132.26441285176435)]
200,362,360,[np.int64(354)],0.9685650182626484,[np.float64(1.8144990824257277)],[np.float64(2.6351155443523053)],[np.float64(140.52844463801102)]
200,364,363,"[np.int64(339), np.int64(372)]",0.968565018262573,"[np.float64(1.9932316955097882), np.float64(1.999459463482189)]","[np.float64(2.6609079509426077), np.float64(2.74762886095675)]","[np.float64(124.18300524192973), np.float64(132.4358929007359)]"
200,365,363,[np.int64(330)],0.9685650182625619,[np.float64(1.9960327830209057)],[np.float64(2.923551130055695)],[np.float64(159.6346740890828)]
200,367,366,,0.9685650182624236,,,
200,368,366,,0.9685650182624228,,,
200,370,369,[np.int64(333)],0.9685650182627218,[np.float64(2.183103735744068)],[np.float64(2.801868248228569)],[np.float64(120.50075871569842)]
200,371,369,[np.int64(342)],0.9685650182627245,[np.float64(2.3453143991732923)],[np.float64(3.3007309052314153)],[np.float64(168.7709396204609)]
200,373,372,[np.int64(369)],0.9685650182627348,[np.float64(1.7959945330265739)],[np.float64(2.7397038762240205)],[np.float64(163.87863944590396)]
200,374,372,[np.int64(516)],0.9685650182627299,[np.float64(2.180020975126231)],[np.float64(2.9218786953823996)],[np.float64(132.38525183585656)]
200,376,375,[np.int64(393)],0.9685650182625551,[np.float64(2.398977706351965)],[np.float64(3.322787647952503)],[np.float64(159.32002515609346)]
200,377,375,[np.int64(546)],0.968565018262561,[np.float64(1.9589989162935737)],[np.float64(2.872691615349006)],[np.float64(156.36669221097478)]
200,379,378,,0.9685650182625538,,,
200,380,378,[np.int64(558)],0.96856501826265,[np.float64(1.9441353476679808)],[np.float64(2.893702506998694)],[np.float64(166.09833869567146)]
200,382,381,[np.int64(384)],0.9685650182625593,[np.float64(2.019824763182649)],[np.float64(2.8967325218433673)],[np.float64(149.5573007165243)]
200,383,381,[np.int64(354)],0.9685650182626534,[np.float64(1.9762923885677424)],[np.float64(2.770597596818232)],[np.float64(137.71791284531315)]
200,385,384,[np.int64(357)],0.9685650182627502,[np.float64(1.969575546807182)],[np.float64(2.926506883826142)],[np.float64(169.14822510147462)]
200,386,384,[np.int64(561)],0.9685650182626544,[np.float64(2.1207475480699847)],[np.float64(3.027346063161805)],[np.float64(155.19458995531818)]
200,388,387,[np.int64(378)],0.9685650182625121,[np.float64(2.1893456942051976)],[np.float64(2.9563608346699235)],[np.float64(135.18837406337514)]
200,389,387,[np.int64(360)],0.9685650182625094,[np.float64(2.1557490615088226)],[np.float64(3.046071725192637)],[np.float64(152.1764873180341)]
200,391,390,[np.int64(393)],0.9685650182627427,[np.float64(2.191078055705122)],[np.float64(2.906658371943366)],[np.float64(129.67427565061902)]
200,392,390,"[np.int64(381), np.int64(360)]",0.9685650182627574,"[np.float64(1.9836761100930829), np.float64(2.2228965674294043)]","[np.float64(2.669360599454268), np.float64(3.036251956416121)]","[np.float64(125.88490517255221), np.float64(140.85259516322722)]"
200,394,393,,0.968565018262609,,,
200,395,393,,0.9685650182625113,,,
200,397,396,[np.int64(474)],0.9685650182624309,[np.float64(2.289632556634931)],[np.float64(3.041625876410527)],[np.float64(133.8193122455816)]
200,398,396,[np.int64(456)],0.9685650182624272,[np.float64(2.0116565392326224)],[np.float64(2.9323445789678595)],[np.float64(158.02659068521254)]
200,400,399,,0.9685650182625803,,,
200,401,399,[np.int64(168)],0.9685650182625825,[np.float64(2.290853385733341)],[np.float64(3.1075626431844774)],[np.float64(141.45548961190286)]
200,403,402,[np.int64(546)],0.9685650182625642,[np.float64(2.1107250440349405)],[np.float64(2.9486675639187974)],[np.float64(143.84519787571847)]
200,404,402,"[np.int64(99), np.int64(168)]",0.9685650182625684,"[np.float64(2.1624395130855065), np.float64(2.3109680930742584)]","[np.float64(3.0053999898807255), np.float64(3.026870156052162)]","[np.float64(144.68641214840756), np.float64(130.09561526923247)]"
200,406,405,[np.int64(408)],0.9685650182627333,[np.float64(1.954119650327641)],[np.float64(2.863808301639575)],[np.float64(155.50523707214916)]
200,407,405,[np.int64(432)],0.9685650182627396,[np.float64(1.931690841536078)],[np.float64(2.8899690584427504)],[np.float64(169.76341506818264)]
200,409,408,[np.int64(591)],0.9685650182624111,[np.float64(1.9842393363748996)],[np.float64(2.737088949051236)],[np.float64(132.89643929729942)]
200,410,408,[np.int64(138)],0.9685650182624118,[np.float64(2.2463598984685977)],[np.float64(3.060421426171765)],[np.float64(141.00385994254788)]
200,412,411,[np.int64(324)],0.9685650182627424,[np.float64(1.911667427388832)],[np.float64(2.804935171231517)],[np.float64(152.1779850783374)]
200,413,411,[np.int64(54)],0.9685650182627418,[np.float64(2.056162027647173)],[np.float64(2.8441241169382905)],[np.float64(137.2134755966786)]
200,415,414,[np.int64(441)],0.968565018262731,[np.float64(1.784614525980568)],[np.float64(2.652185433495788)],[np.float64(147.36116268788993)]
200,416,414,[np.int64(444)],0.9685650182627394,[np.float64(2.1961143076102374)],[np.float64(3.074515816881609)],[np.float64(150.19997446720404)]
200,418,417,[np.int64(147)],0.9685650182625888,[np.float64(2.068480133359499)],[np.float64(2.795593851238635)],[np.float64(130.4310897362557)]
200,419,417,[np.int64(426)],0.9685650182625805,[np.float64(2.0400102040477184)],[np.float64(2.942291484164401)],[np.float64(154.1823865717562)]
200,421,420,[np.int64(417)],0.9685650182625881,[np.float64(2.15792726692147)],[np.float64(3.0121403489523897)],[np.float64(146.3123154268958)]
200,422,420,[np.int64(411)],0.9685650182625896,[np.float64(2.190543910889488)],[np.float64(2.9359670424731257)],[np.float64(132.8033473133242)]
200,424,423,[np.int64(414)],0.9685650182625759,[np.float64(2.0262736135184474)],[np.float64(2.9745535448565676)],[np.float64(165.73126260193675)]
200,425,423,[np.int64(339)],0.9685650182625836,[np.float64(2.0642585518103584)],[np.float64(2.796801682383579)],[np.float64(130.98880741769113)]
200,427,426,[np.int64(423)],0.9685650182625917,[np.float64(1.9167751384134173)],[np.float64(2.8245772729549476)],[np.float64(155.03405662019094)]
200,428,426,"[np.int64(597), np.int64(450)]",0.9685650182625871,"[np.float64(2.205379548032396), np.float64(2.3157187360241838)]","[np.float64(2.9482439692767826), np.float64(3.06705405112573)]","[np.float64(132.57520427027566), np.float64(133.82300622091537)]"
200,430,429,[np.int64(159)],0.9685650182625816,[np.float64(2.152326720604369)],[np.float64(3.0980362409170086)],[np.float64(164.99628420703812)]
200,431,429,[np.int64(420)],0.9685650182625832,[np.float64(2.0475272096112356)],[np.float64(2.833699576475337)],[np.float64(136.96992867781762)]
200,433,432,"[np.int64(468), np.int64(366)]",0.9685650182627297,"[np.float64(2.262319567993202), np.float64(2.364354965648597)]","[np.float64(3.042875662085178), np.float64(3.0491981616002843)]","[np.float64(136.95773787824297), np.float64(127.20337331367747)]"
200,434,432,[np.int64(330)],0.9685650182627289,[np.float64(1.9980457686334905)],[np.float64(2.8979467039517264)],[np.float64(153.63199630918726)]
200,436,435,[np.int64(468)],0.9685650182627527,[np.float64(1.8668584468358909)],[np.float64(2.73152296550996)],[np.float64(147.14616733088516)]
200,437,435,,0.9685650182627435,,,
200,439,438,[np.int64(447)],0.968565018262508,[np.float64(2.111912092826776)],[np.float64(2.8995981910668465)],[np.float64(137.35801452942158)]
200,440,438,"[np.int64(435), np.int64(444)]",0.968565018262509,"[np.float64(1.8096675266705073), np.float64(2.2690074379486775)]","[np.float64(2.5954923592691346), np.float64(3.0057927055574414)]","[np.float64(136.04415831323757), np.float64(132.1265139319078)]"
200,442,441,,0.9685650182625732,,,
200,443,441,,0.9685650182625769,,,
200,445,444,,0.9685650182627145,,,
200,446,444,[np.int64(453)],0.9685650182627136,[np.float64(1.7762978213993885)],[np.float64(2.6620358055275926)],[np.float64(150.44115723442852)]
200,448,447,[np.int64(456)],0.968565018262512,[np.float64(2.3396698688905415)],[np.float64(3.2217650827132944)],[np.float64(151.09417841710248)]
200,449,447,[np.int64(333)],0.9685650182625162,[np.float64(1.9650442262511894)],[np.float64(2.774303431801498)],[np.float64(139.563129188454)]
200,451,450,,0.9685650182627416,,,
200,452,450,[np.int64(375)],0.9685650182627455,[np.float64(1.6864022945061665)],[np.float64(2.601532036192768)],[np.float64(156.06673174546418)]
200,454,453,[np.int64(477)],0.9685650182625819,[np.float64(2.04339490203479)],[np.float64(2.9926768416970275)],[np.float64(166.10757610973715)]
200,455,453,,0.968565018262572,,,
200,457,456,[np.int64(453)],0.9685650182624207,[np.float64(1.9963319248448825)],[np.float64(2.768863654795751)],[np.float64(135.18164468045487)]
200,458,456,[np.int64(600)],0.9685650182624219,[np.float64(1.8379788252691371)],[np.float64(2.7611983024295355)],[np.float64(158.29322859225536)]
200,460,459,"[np.int64(384), np.int64(564)]",0.9685650182624197,"[np.float64(2.197182206479405), np.float64(2.325353448459274)]","[np.float64(2.9544295130561977), np.float64(3.030366264470469)]","[np.float64(134.118047529261), np.float64(129.04832540834076)]"
200,461,459,[np.int64(81)],0.9685650182625071,[np.float64(2.119242588556157)],[np.float64(2.8497841846076137)],[np.float64(130.97554274492686)]
200,463,462,[np.int64(435)],0.9685650182627091,[np.float64(2.177745424438586)],[np.float64(2.8012529045682713)],[np.float64(120.89860186291578)]
200,464,462,,0.9685650182627136,,,
200,466,465,[np.int64(438)],0.9685650182626033,[np.float64(1.79007402656667)],[np.float64(2.742373319690204)],[np.float64(166.95575046740004)]
200,467,465,[np.int64(642)],0.9685650182625074,[np.float64(1.8521481011501408)],[np.float64(2.6495559301579488)],[np.float64(137.649937296919)]
200,469,468,[np.int64(459)],0.9685650182624203,[np.float64(2.1604702149703185)],[np.float64(2.860810154262203)],[np.float64(128.03254614516734)]
200,470,468,,0.9685650182624207,,,
200,472,471,[np.int64(483)],0.9685650182627377,[np.float64(2.187829886302257)],[np.float64(2.858634207042496)],[np.float64(125.26765496504566)]
200,473,471,[np.int64(93)],0.9685650182627408,[np.float64(1.9721905384603915)],[np.float64(2.8312037010529147)],[np.float64(146.5623305212346)]
200,475,474,[np.int64(447)],0.9685650182625833,[np.float64(2.001415777061)],[np.float64(2.7826271695460756)],[np.float64(136.22059458293515)]
200,476,474,,0.9685650182625861,,,
200,478,477,[np.int64(450)],0.9685650182624036,[np.float64(1.8928269480415396)],[np.float64(2.8400614771923314)],[np.float64(165.20197573311776)]
200,479,477,,0.9685650182623939,,,
200,481,480,[np.int64(477)],0.9685650182626026,[np.float64(1.9756562146017067)],[np.float64(2.8826146647880764)],[np.float64(154.985776810613)]
200,482,480,"[np.int64(621), np.int64(624)]",0.968565018262608,"[np.float64(2.1654371784658806), np.float64(2.3754303037279203)]","[np.float64(3.0474698278726864), np.float64(3.0410605126842314)]","[np.float64(150.74854196095382), np.float64(125.42580952560732)]"
200,484,483,[np.int64(480)],0.9685650182625758,[np.float64(1.8271806304187708)],[np.float64(2.7482334552908814)],[np.float64(157.75606167880238)]
200,485,483,[np.int64(627)],0.9685650182625838,[np.float64(2.37897044153139)],[np.float64(3.2708968060113865)],[np.float64(152.86489113472717)]
200,487,486,"[np.int64(303), np.int64(429)]",0.968565018262576,"[np.float64(2.335060869223752), np.float64(2.3823823380709546)]","[np.float64(3.0532032155148743), np.float64(3.2456654922244073)]","[np.float64(130.39619020366143), np.float64(148.15853900458194)]"
200,488,486,,0.9685650182625758,,,
200,490,489,[np.int64(513)],0.9685650182625059,[np.float64(1.8531183845562895)],[np.float64(2.758887079756074)],[np.float64(154.47233209197088)]
200,491,489,,0.9685650182625969,,,
200,493,492,[np.int64(222)],0.9685650182625885,[np.float64(2.1017863798264598)],[np.float64(2.741590219900601)],[np.float64(122.05248062466285)]
200,494,492,,0.9685650182625929,,,
200,496,495,[np.int64(234)],0.9685650182625719,[np.float64(2.3012659267502915)],[np.float64(3.150198028883994)],[np.float64(145.86413128821093)]
200,497,495,,0.9685650182625867,,,
200,499,498,[np.int64(501)],0.9685650182627318,[np.float64(1.9636858119162444)],[np.float64(2.9119934721941974)],[np.float64(165.66787184590228)]
200,500,498,[np.int64(228)],0.9685650182627304,[np.float64(1.8891815110445531)],[np.float64(2.8527337705589306)],[np.float64(172.8290017937564)]
200,502,501,[np.int64(567)],0.9685650182627349,[np.float64(2.0239672893530583)],[np.float64(2.9358694028926755)],[np.float64(156.10948880750473)]
200,503,501,[np.int64(231)],0.9685650182627303,[np.float64(1.7129905986231857)],[np.float64(2.644133932972208)],[np.float64(160.04148054406173)]
200,505,504,[np.int64(324)],0.9685650182626113,[np.float64(2.3807743555607024)],[np.float64(3.2918422380721855)],[np.float64(156.52054651520356)]
200,506,504,[np.int64(351)],0.9685650182625136,[np.float64(1.9937875217665286)],[np.float64(2.8373773917181078)],[np.float64(144.32425288719273)]
200,508,507,[np.int64(498)],0.9685650182625932,[np.float64(1.7025852435193456)],[np.float64(2.5259188869417524)],[np.float64(140.4572521033459)]
200,509,507,,0.9685650182625868,,,
200,511,510,[np.int64(507)],0.9685650182627047,[np.float64(2.1911496841902753)],[np.float64(2.9556540511318494)],[np.float64(134.91018298881806)]
200,512,510,[np.int64(60)],0.9685650182627142,[np.float64(1.9097537594723455)],[np.float64(2.797691889462529)],[np.float64(151.19862108612844)]
200,514,513,[np.int64(516)],0.9685650182627539,[np.float64(2.0155751740535246)],[np.float64(2.665727572519029)],[np.float64(122.6322053312794)]
200,515,513,[np.int64(369)],0.9685650182627555,[np.float64(2.136876746609674)],[np.float64(3.024974962812976)],[np.float64(151.74259693317344)]
200,517,516,[np.int64(489)],0.9685650182627421,[np.float64(1.9992369725436117)],[np.float64(2.813446250649922)],[np.float64(140.31613199762512)]
200,518,516,[np.int64(519)],0.9685650182627329,[np.float64(2.1434474274611985)],[np.float64(2.8823552523819793)],[np.float64(131.94738347582089)]
200,520,519,,0.9685650182624368,,,
200,521,519,[np.int64(528)],0.9685650182624347,[np.float64(1.939499261282499)],[np.float64(2.8798356714357127)],[np.float64(163.0408051370814)]
200,523,522,[np.int64(525)],0.9685650182625609,[np.float64(1.925475428058854)],[np.float64(2.6454671430000896)],[np.float64(129.1112288443629)]
200,524,522,,0.9685650182625611,,,
200,526,525,[np.int64(531)],0.9685650182625741,[np.float64(2.1182977999700254)],[np.float64(3.0239160007459707)],[np.float64(154.99353376024726)]
200,527,525,[np.int64(498)],0.9685650182625687,[np.float64(2.0375640338829077)],[np.float64(2.775190750251901)],[np.float64(131.43257499840655)]
200,529,528,[np.int64(537)],0.9685650182625927,[np.float64(2.1891971464619115)],[np.float64(2.987593690445698)],[np.float64(138.88628444158644)]
200,530,528,[np.int64(552)],0.9685650182625926,[np.float64(2.2140241887235184)],[np.float64(2.869845696234935)],[np.float64(123.96289708275182)]
200,532,531,,0.968565018262584,,,
200,533,531,[np.int64(504)],0.9685650182625891,[np.float64(2.1749702209598523)],[np.float64(2.952021460173359)],[np.float64(136.29629490231358)]
200,535,534,[np.int64(561)],0.9685650182626692,[np.float64(2.143432480842482)],[np.float64(2.802229520305602)],[np.float64(123.97071469319593)]
200,536,534,[np.int64(507)],0.9685650182626585,[np.float64(2.038042569984996)],[np.float64(2.958365575552065)],[np.float64(157.98886234189456)]
200,538,537,,0.9685650182623952,,,
200,539,537,[np.int64(561)],0.9685650182624882,[np.float64(2.0261571392960014)],[np.float64(2.976972771966324)],[np.float64(166.65420716932027)]
200,541,540,[np.int64(513)],0.9685650182625631,[np.float64(2.1956295016492624)],[np.float64(2.950676321962859)],[np.float64(133.86996798653425)]
200,542,540,[np.int64(162)],0.9685650182626565,[np.float64(1.939020610749248)],[np.float64(2.8767582276398684)],[np.float64(162.27460959540048)]
200,544,543,,0.9685650182625839,,,
200,545,543,[np.int64(540)],0.9685650182625916,[np.float64(2.2883337398891874)],[np.float64(3.2450890780969037)],[np.float64(169.3200401689845)]
200,547,546,[np.int64(543)],0.9685650182627431,[np.float64(2.151401451852802)],[np.float64(2.940887471539429)],[np.float64(137.69442988382184)]
200,548,546,[np.int64(168)],0.9685650182626473,[np.float64(1.6239782248520769)],[np.float64(2.5715362138144378)],[np.float64(164.90952512665027)]
200,550,549,[np.int64(540)],0.9685650182624482,[np.float64(2.0644042733981025)],[np.float64(2.8508629335777793)],[np.float64(137.05966540669874)]
200,551,549,[np.int64(645)],0.9685650182624493,[np.float64(2.000467359551664)],[np.float64(2.8340532442726296)],[np.float64(142.92697782741666)]
200,553,552,[np.int64(549)],0.9685650182625657,[np.float64(2.2858903094509744)],[np.float64(3.071521959621264)],[np.float64(137.61736679075082)]
200,554,552,[np.int64(525)],0.9685650182625748,[np.float64(1.8875325651805954)],[np.float64(2.840604920055728)],[np.float64(167.38569598007172)]
200,556,555,[np.int64(177)],0.9685650182625947,[np.float64(1.9958141599340136)],[np.float64(2.9499823724263763)],[np.float64(167.95281687919848)]
200,557,555,[np.int64(630)],0.9685650182624972,[np.float64(2.3669654758172562)],[np.float64(3.220305364584763)],[np.float64(146.64191230606932)]
200,559,558,[np.int64(645)],0.968565018262556,[np.float64(1.8032052120472768)],[np.float64(2.6819684625901457)],[np.float64(149.29314656583793)]
200,560,558,[np.int64(549)],0.9685650182625579,[np.float64(2.1603396978969553)],[np.float64(2.975339685444966)],[np.float64(140.8959994926176)]
200,562,561,[np.int64(183)],0.9685650182627622,[np.float64(2.0000159462248)],[np.float64(2.6972005177700082)],[np.float64(127.09453771146946)]
200,563,561,[np.int64(552)],0.9685650182626747,[np.float64(1.8958052935151133)],[np.float64(2.62569594426023)],[np.float64(130.03048173587624)]
200,565,564,[np.int64(639)],0.9685650182625809,[np.float64(2.0946744000927873)],[np.float64(2.8212815359375703)],[np.float64(130.4742535022018)]
200,566,564,[np.int64(537)],0.9685650182625934,[np.float64(2.209565663777443)],[np.float64(2.881711221112202)],[np.float64(125.47413752320412)]
200,568,567,[np.int64(597)],0.9685650182625796,[np.float64(2.3745563797881664)],[np.float64(3.1636101448583913)],[np.float64(138.2511218377645)]
200,569,567,[np.int64(519)],0.9685650182625853,[np.float64(2.2233464400136502)],[np.float64(3.1469420364249094)],[np.float64(159.03747382079487)]
200,571,570,[np.int64(429)],0.9685650182625971,[np.float64(2.2657732763533813)],[np.float64(3.22770209073455)],[np.float64(171.9841616456357)]
200,572,570,[np.int64(597)],0.9685650182625001,[np.float64(1.8468014986315036)],[np.float64(2.7734834950027523)],[np.float64(159.15867577156868)]
200,574,573,[np.int64(579)],0.9685650182626515,[np.float64(1.8124643984938742)],[np.float64(2.726416234104675)],[np.float64(156.11101677258912)]
200,575,573,"[np.int64(609), np.int64(600)]",0.9685650182626571,"[np.float64(2.279303909264176), np.float64(2.344873512674099)]","[np.float64(3.1060092013777076), np.float64(2.987888490701788)]","[np.float64(142.73616559149232), np.float64(123.25605834630402)]"
200,577,576,[np.int64(603)],0.968565018262655,[np.float64(1.8722845208339725)],[np.float64(2.7506806763750866)],[np.float64(149.42754010187306)]
200,578,576,[np.int64(315)],0.9685650182626653,[np.float64(1.9065859996182344)],[np.float64(2.7865506145598276)],[np.float64(149.7890689800559)]
200,580,579,[np.int64(576)],0.9685650182626676,[np.float64(2.179059253711901)],[np.float64(2.9593523633273486)],[np.float64(136.68678104098498)]
200,581,579,,0.9685650182626637,,,
200,583,582,[np.int64(618)],0.9685650182625651,[np.float64(2.174112333296727)],[np.float64(3.129438838830528)],[np.float64(168.60380090984137)]
200,584,582,[np.int64(609)],0.9685650182625704,[np.float64(2.055623327769082)],[np.float64(2.762180092542521)],[np.float64(128.26274042035035)]
200,586,585,[np.int64(240)],0.9685650182625929,[np.float64(1.6214264614632117)],[np.float64(2.5830320583691915)],[np.float64(171.3167139775708)]
200,587,585,"[np.int64(405), np.int64(588)]",0.9685650182625057,"[np.float64(1.8153156150758532), np.float64(2.339556432123424)]","[np.float64(2.7097309452488263), np.float64(2.9907274849233048)]","[np.float64(152.14839883294385), np.float64(123.97761904110686)]"
200,589,588,"[np.int64(576), np.int64(315)]",0.9685650182626115,"[np.float64(2.3224299644360467), np.float64(2.33367012636508)]","[np.float64(2.998040293867187), np.float64(3.04871923490132)]","[np.float64(126.19054456325125), np.float64(130.07870744319735)]"
200,590,588,[np.int64(612)],0.9685650182626073,[np.float64(2.284410381108881)],[np.float64(2.9804733318908374)],[np.float64(128.03528794344663)]
200,592,591,[np.int64(411)],0.9685650182625543,[np.float64(2.1441233843242484)],[np.float64(3.015625857188727)],[np.float64(148.95765636961391)]
200,593,591,[np.int64(582)],0.9685650182625565,[np.float64(2.0535723303842275)],[np.float64(2.7894600098858637)],[np.float64(131.30572907375935)]
200,595,594,[np.int64(630)],0.9685650182625709,[np.float64(2.016006251290423)],[np.float64(2.771251957056242)],[np.float64(133.28255929995376)]
200,596,594,[np.int64(603)],0.9685650182626644,[np.float64(2.0200782120896856)],[np.float64(2.953897386953419)],[np.float64(161.30437262051808)]
200,598,597,,0.9685650182626012,,,
200,599,597,[np.int64(594)],0.9685650182625918,[np.float64(1.8875394432945751)],[np.float64(2.73927514300253)],[np.float64(145.20679113132007)]
200,601,600,[np.int64(513)],0.9685650182625906,[np.float64(1.9061827087780543)],[np.float64(2.7483476002739238)],[np.float64(143.8537269367496)]
200,602,600,[np.int64(486)],0.9685650182625871,[np.float64(2.038326621945758)],[np.float64(2.93498729725999)],[np.float64(153.09970994908554)]
200,604,603,[np.int64(612)],0.9685650182625745,[np.float64(1.8400500244796325)],[np.float64(2.7946481411877167)],[np.float64(167.9714907748337)]
200,605,603,[np.int64(537)],0.9685650182625748,[np.float64(2.0338942288192357)],[np.float64(2.9763162053006855)],[np.float64(163.80710250183066)]
200,607,606,[np.int64(603)],0.9685650182625601,[np.float64(1.954846968169912)],[np.float64(2.822221108533078)],[np.float64(147.82922774469571)]
200,608,606,[np.int64(582)],0.9685650182625523,[np.float64(2.2876768533112384)],[np.float64(3.2454867964981826)],[np.float64(169.80810877000064)]
200,610,609,[np.int64(522)],0.968565018262432,[np.float64(1.861117177553272)],[np.float64(2.7348563356287063)],[np.float64(148.6097720824233)]
200,611,609,[np.int64(636)],0.9685650182624373,[np.float64(1.9266266607471785)],[np.float64(2.8044150781180397)],[np.float64(149.47056731658517)]
200,613,612,[np.int64(432)],0.9685650182627462,[np.float64(1.828922506309877)],[np.float64(2.77930057985781)],[np.float64(166.2572357766792)]
200,614,612,[np.int64(615)],0.9685650182626525,[np.float64(1.6588668259450556)],[np.float64(2.624791756778056)],[np.float64(174.675368806102)]
200,616,615,[np.int64(438)],0.9685650182627504,[np.float64(2.094013909665804)],[np.float64(2.885384375285964)],[np.float64(137.7463569493099)]
200,617,615,[np.int64(591)],0.9685650182627447,[np.float64(1.838520031002696)],[np.float64(2.74571636104754)],[np.float64(154.73153799724585)]
200,619,618,,0.9685650182624288,,,
200,620,618,[np.int64(615)],0.9685650182624248,[np.float64(2.1514277654260594)],[np.float64(2.967235700076747)],[np.float64(140.97593632176194)]
200,622,621,[np.int64(546)],0.9685650182624115,[np.float64(2.158419684675118)],[np.float64(3.006299107555543)],[np.float64(145.38293068196376)]
200,623,621,,0.9685650182624994,,,
200,625,624,[np.int64(480)],0.9685650182625541,[np.float64(2.3272709510344836)],[np.float64(3.0410605126842314)],[np.float64(129.93215570404658)]
200,626,624,"[np.int64(630), np.int64(621)]",0.9685650182626496,"[np.float64(2.0746579447651574), np.float64(2.170497332120765)]","[np.float64(2.8160862539832117), np.float64(2.895737909900366)]","[np.float64(131.97815121994364), np.float64(130.59852527374525)]"
200,628,627,,0.9685650182625953,,,
200,629,627,"[np.int64(609), np.int64(600)]",0.9685650182624922,"[np.float64(2.307468170185674), np.float64(2.3391721802356447)]","[np.float64(3.0246711691644097), np.float64(3.043430662170101)]","[np.float64(130.21676457133688), np.float64(129.01624261348493)]"
200,631,630,[np.int64(606)],0.9685650182624366,[np.float64(2.181316971479124)],[np.float64(3.1083251424089986)],[np.float64(159.79316998783506)]
200,632,630,[np.int64(252)],0.9685650182624386,[np.float64(2.137233215559079)],[np.float64(2.978691336366915)],[np.float64(144.40952714958297)]
200,634,633,[np.int64(624)],0.9685650182625911,[np.float64(1.9553409155860597)],[np.float64(2.9185712836975477)],[np.float64(172.6447619267619)]
200,635,633,[np.int64(258)],0.9685650182625964,[np.float64(1.813546939084867)],[np.float64(2.778508000706234)],[np.float64(173.87717430748194)]
200,637,636,[np.int64(633)],0.9685650182627688,[np.float64(1.999166983071119)],[np.float64(2.896523576405061)],[np.float64(153.1473077438646)]
200,638,636,[np.int64(249)],0.9685650182625848,[np.float64(1.9219635365407495)],[np.float64(2.860737512450886)],[np.float64(162.5502183572147)]
200,640,639,[np.int64(612)],0.9685650182624239,[np.float64(2.2960863487534464)],[np.float64(3.2284981452293713)],[np.float64(161.3020409222974)]
200,641,639,[np.int64(459)],0.9685650182624237,[np.float64(1.8217735486267281)],[np.float64(2.662887691981613)],[np.float64(143.42290966464586)]
200,643,642,[np.int64(633)],0.9685650182625926,[np.float64(2.1685350210140415)],[np.float64(2.886280649618316)],[np.float64(129.81816158906847)]
200,644,642,,0.968565018262592,,,
200,646,645,"[np.int64(642), np.int64(618)]",0.9685650182627242,"[np.float64(1.958407000807719), np.float64(2.296406824749696)]","[np.float64(2.7410340364850616), np.float64(3.0397388295388112)]","[np.float64(136.23618067542134), np.float64(132.9046531951544)]"
200,647,645,[np.int64(267)],0.968565018262731,[np.float64(1.8462168491739266)],[np.float64(2.8009619140729454)],[np.float64(168.04189577976916)]
250,1,0,,0.9685650182627185,,,
250,2,0,[np.int64(9)],0.9685650182627304,[np.float64(1.9378794253501035)],[np.float64(2.8818284751285574)],[np.float64(164.16342857714295)]
250,4,3,[np.int64(12)],0.9685650182624247,[np.float64(2.209335380085954)],[np.float64(3.0542292908820685)],[np.float64(145.07600489698925)]
250,5,3,[np.int64(81)],0.9685650182624223,[np.float64(2.2724034032303972)],[np.float64(3.1754292581417607)],[np.float64(154.75175354007936)]
250,7,6,[np.int64(3)],0.9685650182625739,[np.float64(2.3014397784513783)],[np.float64(3.239973017741004)],[np.float64(162.9690553046801)]
250,8,6,[np.int64(186)],0.9685650182625818,[np.float64(1.9393000193544108)],[np.float64(2.69236534828093)],[np.float64(132.74571584032296)]
250,10,9,"[np.int64(18), np.int64(96)]",0.9685650182627152,"[np.float64(1.93526343352301), np.float64(2.0879685843850955)]","[np.float64(2.592508496138671), np.float64(2.9733388204484816)]","[np.float64(122.9264755960924), np.float64(151.1601621279001)]"
250,11,9,[np.int64(12)],0.9685650182627226,[np.float64(1.81330022371679)],[np.float64(2.75190114856692)],[np.float64(162.32506704648068)]
250,13,12,,0.9685650182625994,,,
250,14,12,,0.9685650182625974,,,
250,16,15,"[np.int64(42), np.int64(39)]",0.968565018262582,"[np.float64(2.1728397177728067), np.float64(2.278367641373295)]","[np.float64(3.09546955119877), np.float64(2.920952954397951)]","[np.float64(158.7384304087988), np.float64(122.98649590767738)]"
250,17,15,,0.9685650182625838,,,
250,19,18,[np.int64(105)],0.9685650182626152,[np.float64(2.3077326545183534)],[np.float64(3.0531909975467957)],[np.float64(133.1655942528081)]
250,20,18,[np.int64(396)],0.9685650182625181,[np.float64(2.160492460086948)],[np.float64(2.8116970132580943)],[np.float64(123.33356390829952)]
250,22,21,[np.int64(48)],0.9685650182627625,[np.float64(2.148106190013014)],[np.float64(3.0402459448100023)],[np.float64(152.48873332355572)]
250,23,21,"[np.int64(18), np.int64(390)]",0.9685650182627644,"[np.float64(2.1794092832321343), np.float64(2.339862885080031)]","[np.float64(2.8859757555300036), np.float64(3.193868682647252)]","[np.float64(128.72198575106177), np.float64(146.68445250605203)]"
250,25,24,,0.96856501826257,,,
250,26,24,"[np.int64(15), np.int64(99)]",0.9685650182625719,"[np.float64(2.3148229607590123), np.float64(2.328176413388623)]","[np.float64(2.996441998514969), np.float64(3.1342632393280403)]","[np.float64(126.7370194500599), np.float64(140.2027541848632)]"
250,28,27,[np.int64(57)],0.968565018262597,[np.float64(1.9169730235088573)],[np.float64(2.8052412070751047)],[np.float64(151.27613914550196)]
250,29,27,[np.int64(123)],0.9685650182625942,[np.float64(1.957136914656008)],[np.float64(2.8876504704458688)],[np.float64(160.33104691007117)]
250,31,30,"[np.int64(12), np.int64(9)]",0.9685650182626778,"[np.float64(2.2825198353261067), np.float64(2.368926489696393)]","[np.float64(3.0516420497240055), np.float64(3.1297153327576406)]","[np.float64(135.70077518446928), np.float64(135.00585646898705)]"
250,32,30,,0.96856501826267,,,
250,34,33,"[np.int64(42), np.int64(39)]",0.9685650182625731,"[np.float64(2.0807640154639864), np.float64(2.3723008507273375)]","[np.float64(2.960301737557458), np.float64(3.0822829164898407)]","[np.float64(150.1422159745108), np.float64(129.68557193343548)]"
250,35,33,[np.int64(213)],0.9685650182625792,[np.float64(2.009184128418326)],[np.float64(2.9077054884539106)],[np.float64(153.3907407815889)]
250,37,36,[np.int64(9)],0.9685650182625711,[np.float64(2.009485206415198)],[np.float64(2.9391392788462603)],[np.float64(160.1950512409172)]
250,38,36,[np.int64(63)],0.9685650182625717,[np.float64(1.9638523694973418)],[np.float64(2.7650858602519555)],[np.float64(138.5377477503977)]
250,40,39,[np.int64(36)],0.9685650182627275,[np.float64(2.129123630596634)],[np.float64(3.019946784105327)],[np.float64(152.2130077644508)]
250,41,39,[np.int64(66)],0.9685650182627282,[np.float64(2.2337621362677966)],[np.float64(3.08744043636569)],[np.float64(146.40846386139737)]
250,43,42,[np.int64(51)],0.968565018262443,[np.float64(1.8620939174253823)],[np.float64(2.8230208273496844)],[np.float64(171.12537140360445)]
250,44,42,[np.int64(108)],0.9685650182624401,[np.float64(1.9704326735579423)],[np.float64(2.9131222138325565)],[np.float64(163.80710248335305)]
250,46,45,[np.int64(18)],0.9685650182625665,[np.float64(1.988180428411311)],[np.float64(2.9301050944745617)],[np.float64(163.5930948864825)]
250,47,45,[np.int64(48)],0.9685650182625704,[np.float64(1.9345263440951357)],[np.float64(2.736935230395485)],[np.float64(138.58418957998077)]
250,49,48,,0.9685650182627409,,,
250,50,48,[np.int64(24)],0.9685650182627341,[np.float64(1.714222484327266)],[np.float64(2.682716568539225)],[np.float64(179.13251606205438)]
250,52,51,,0.968565018262394,,,
250,53,51,[np.int64(99)],0.9685650182623914,[np.float64(2.2808061690535806)],[np.float64(3.0021900066310057)],[np.float64(130.56051348035305)]
250,55,54,[np.int64(123)],0.9685650182624109,[np.float64(1.6701565078433442)],[np.float64(2.6382885930458775)],[np.float64(177.8466751317296)]
250,56,54,,0.9685650182625059,,,
250,58,57,[np.int64(327)],0.9685650182625598,[np.float64(1.988710525494521)],[np.float64(2.8834134035838908)],[np.float64(152.6249989733213)]
250,59,57,[np.int64(33)],0.9685650182625597,[np.float64(1.759374699080946)],[np.float64(2.720995912936882)],[np.float64(171.4545240476336)]
250,61,60,[np.int64(240)],0.9685650182625932,[np.float64(2.1631693719387126)],[np.float64(2.9608514439714657)],[np.float64(138.7242225067094)]
250,62,60,[np.int64(33)],0.9685650182624951,[np.float64(1.9308513305706108)],[np.float64(2.7623316392725616)],[np.float64(142.4191368211153)]
250,64,63,,0.9685650182624246,,,
250,65,63,[np.int64(66)],0.9685650182624194,[np.float64(2.3016178788242994)],[np.float64(2.9978752793454273)],[np.float64(128.11009679653762)]
250,67,66,,0.9685650182626561,,,
250,68,66,[np.int64(336)],0.9685650182626666,[np.float64(1.7589253011741421)],[np.float64(2.707424039046983)],[np.float64(165.46451296993862)]
250,70,69,,0.9685650182626068,,,
250,71,69,[np.int64(66)],0.9685650182625128,[np.float64(2.2793695644291394)],[np.float64(3.0953959604103654)],[np.float64(141.33929192500963)]
250,73,72,[np.int64(303)],0.9685650182624129,[np.float64(1.94450000298494)],[np.float64(2.8333320242375275)],[np.float64(151.44547574392843)]
250,74,72,[np.int64(219)],0.9685650182624161,[np.float64(1.8095985733529232)],[np.float64(2.742688217251037)],[np.float64(160.75682360711116)]
250,76,75,[np.int64(63)],0.9685650182626006,[np.float64(2.2905734162683293)],[np.float64(2.9723974321068027)],[np.float64(126.67674977965648)]
250,77,75,[np.int64(24)],0.9685650182626108,[np.float64(2.231161258584594)],[np.float64(3.179888262950819)],[np.float64(166.10032746131674)]
250,79,78,,0.9685650182627358,,,
250,80,78,[np.int64(69)],0.9685650182627441,[np.float64(2.129736612158005)],[np.float64(3.0973895233611777)],[np.float64(177.00074998605908)]
250,82,81,[np.int64(90)],0.9685650182626462,[np.float64(2.0742314539620423)],[np.float64(2.992091102305195)],[np.float64(157.49460127292437)]
250,83,81,[np.int64(42)],0.9685650182626552,[np.float64(2.0243922427617425)],[np.float64(2.7673683478491515)],[np.float64(131.9615237260265)]
250,85,84,[np.int64(264)],0.9685650182625702,[np.float64(2.1908926597429055)],[np.float64(2.9464584928042794)],[np.float64(133.9123849735761)]
250,86,84,[np.int64(81)],0.9685650182625676,[np.float64(2.3332174861381536)],[np.float64(2.990911657140146)],[np.float64(124.55413740839317)]
250,88,87,[np.int64(114)],0.9685650182627455,[np.float64(1.8811803320093026)],[np.float64(2.715483913942657)],[np.float64(142.65118559295834)]
250,89,87,[np.int64(0)],0.9685650182627483,[np.float64(2.255156118931811)],[np.float64(2.933457309858932)],[np.float64(126.22024595370522)]
250,91,90,[np.int64(93)],0.9685650182627218,[np.float64(1.994235274650149)],[np.float64(2.7972936854419785)],[np.float64(138.87009047478605)]
250,92,90,[np.int64(117)],0.968565018262738,[np.float64(1.7871866240862038)],[np.float64(2.7449180283011665)],[np.float64(169.35384727265665)]
250,94,93,[np.int64(87)],0.9685650182626063,[np.float64(1.693314079575568)],[np.float64(2.6196971066810653)],[np.float64(158.76148840401876)]
250,95,93,[np.int64(462)],0.9685650182626003,[np.float64(2.148804242469467)],[np.float64(3.0389630661299174)],[np.float64(152.13333253087126)]
250,97,96,,0.9685650182625614,,,
250,98,96,[np.int64(474)],0.9685650182625679,[np.float64(2.32975776417653)],[np.float64(2.9668741813913813)],[np.float64(122.67473002299178)]
250,100,99,[np.int64(126)],0.9685650182627418,[np.float64(1.7809080038610179)],[np.float64(2.706112160053549)],[np.float64(158.6587141023756)]
250,101,99,,0.968565018262654,,,
250,103,102,"[np.int64(93), np.int64(471)]",0.968565018262589,"[np.float64(2.013613875343527), np.float64(2.104744081203471)]","[np.float64(2.8662768492031887), np.float64(2.7236720342190903)]","[np.float64(145.71247627770614), np.float64(120.1907194614386)]"
250,104,102,[np.int64(480)],0.9685650182625897,[np.float64(2.1255074901058566)],[np.float64(3.081128135351522)],[np.float64(168.6916799268608)]
250,106,105,[np.int64(45)],0.9685650182627265,[np.float64(1.9642110855014134)],[np.float64(2.662204459108973)],[np.float64(127.02307797568575)]
250,107,105,[np.int64(276)],0.9685650182627366,[np.float64(2.1300397900156773)],[np.float64(2.9977104861107624)],[np.float64(148.31306302102888)]
250,109,108,[np.int64(261)],0.9685650182627481,[np.float64(2.189042057799209)],[np.float64(3.126362677095829)],[np.float64(162.49651892001634)]
250,110,108,[np.int64(135)],0.9685650182627462,[np.float64(2.0095056812108134)],[np.float64(2.741508352171446)],[np.float64(130.72389175890726)]
250,112,111,[np.int64(84)],0.9685650182627631,[np.float64(1.9221175908504515)],[np.float64(2.7825514891547267)],[np.float64(146.64119686359575)]
250,113,111,[np.int64(108)],0.9685650182627585,[np.float64(1.8884498840068682)],[np.float64(2.791661452829683)],[np.float64(154.0381986544752)]
250,115,114,[np.int64(111)],0.9685650182626021,[np.float64(1.9632788181153473)],[np.float64(2.8495866725431434)],[np.float64(151.0395837636026)]
250,116,114,[np.int64(138)],0.968565018262604,[np.float64(2.2549086585111)],[np.float64(3.080455672225787)],[np.float64(142.52301423401192)]
250,118,117,[np.int64(108)],0.9685650182625642,[np.float64(2.2069313351428668)],[np.float64(3.1545126512683344)],[np.float64(165.68016652993305)]
250,119,117,[np.int64(144)],0.9685650182625635,[np.float64(2.376534823697899)],[np.float64(3.218267416620752)],[np.float64(145.00247733462524)]
250,121,120,[np.int64(138)],0.9685650182625827,[np.float64(2.0905375893011513)],[np.float64(2.7410550747472557)],[np.float64(122.98858946206121)]
250,122,120,[np.int64(102)],0.9685650182625816,[np.float64(2.006373956543409)],[np.float64(2.9684135571157584)],[np.float64(171.89908631072183)]
250,124,123,[np.int64(45)],0.9685650182626002,[np.float64(1.9040134914979445)],[np.float64(2.8523398056907743)],[np.float64(165.6006547529652)]
250,125,123,"[np.int64(120), np.int64(150)]",0.9685650182626092,"[np.float64(1.9915503591293016), np.float64(2.2519633887168586)]","[np.float64(2.9269081742550846), np.float64(2.8943041692258613)]","[np.float64(161.68200928638385), np.float64(122.8691023271397)]"
250,127,126,[np.int64(147)],0.9685650182627213,[np.float64(2.3175958706750572)],[np.float64(3.044236724317386)],[np.float64(131.2141178656967)]
250,128,126,"[np.int64(129), np.int64(102)]",0.96856501826272,"[np.float64(2.1707095043156017), np.float64(2.2762211521142834)]","[np.float64(2.969446915206868), np.float64(3.1533442251012134)]","[np.float64(138.8756142426062), np.float64(150.14798602957316)]"
250,130,129,[np.int64(132)],0.9685650182626644,[np.float64(2.028898298066632)],[np.float64(2.9396267936315406)],[np.float64(155.87152359777662)]
250,131,129,[np.int64(246)],0.9685650182626575,[np.float64(1.9095158734304343)],[np.float64(2.79605446805921)],[np.float64(150.94733382981073)]
250,133,132,[np.int64(273)],0.9685650182623992,[np.float64(2.0578326656280646)],[np.float64(2.9848683781371737)],[np.float64(159.61519781143141)]
250,134,132,[np.int64(189)],0.9685650182623963,[np.float64(2.011319073951287)],[np.float64(2.90858692977337)],[np.float64(153.15679772473374)]
250,136,135,[np.int64(318)],0.9685650182624209,[np.float64(1.8454887348256883)],[np.float64(2.719995879897578)],[np.float64(148.69326641596663)]
250,137,135,[np.int64(405)],0.9685650182625094,[np.float64(2.1252135099021343)],[np.float64(2.8230194147942744)],[np.float64(127.65154372398693)]
250,139,138,[np.int64(147)],0.9685650182625739,[np.float64(1.8822899531328252)],[np.float64(2.7690664402454446)],[np.float64(150.91977046594783)]
250,140,138,[np.int64(111)],0.9685650182625698,[np.float64(2.30989492793965)],[np.float64(2.975654541104305)],[np.float64(125.22354377423203)]
250,142,141,[np.int64(27)],0.9685650182627538,[np.float64(1.9841505229012124)],[np.float64(2.84925253075329)],[np.float64(147.5456653830625)]
250,143,141,[np.int64(114)],0.9685650182626564,[np.float64(1.8996443847293)],[np.float64(2.6880444880360725)],[np.float64(136.71624957354848)]
250,145,144,[np.int64(405)],0.9685650182625746,[np.float64(2.291292262950593)],[np.float64(2.915004707878809)],[np.float64(121.34854230587025)]
250,146,144,[np.int64(414)],0.9685650182625763,[np.float64(2.1724642469277136)],[np.float64(3.0629140520166294)],[np.float64(152.2321519700021)]
250,148,147,,0.9685650182625832,,,
250,149,147,[np.int64(129)],0.9685650182625848,[np.float64(2.3811546521895317)],[np.float64(3.338049467617864)],[np.float64(169.44499212351784)]
250,151,150,[np.int64(138)],0.968565018262772,[np.float64(1.8803103813939337)],[np.float64(2.6341310137236125)],[np.float64(132.5894008757473)]
250,152,150,[np.int64(120)],0.9685650182625855,[np.float64(1.7002771068559905)],[np.float64(2.6015475814274365)],[np.float64(153.1659556133816)]
250,154,153,[np.int64(423)],0.9685650182625559,[np.float64(1.9420542582970344)],[np.float64(2.726713266493015)],[np.float64(136.42052793676743)]
250,155,153,[np.int64(78)],0.9685650182625583,[np.float64(1.7605981309722314)],[np.float64(2.713835232854557)],[np.float64(167.30074873385425)]
250,157,156,"[np.int64(129), np.int64(300)]",0.9685650182627447,"[np.float64(2.21711589147408), np.float64(2.2602520049128776)]","[np.float64(3.094570822893289), np.float64(2.9711420891273606)]","[np.float64(150.08563517624236), np.float64(129.42917803551703)]"
250,158,156,[np.int64(570)],0.9685650182627583,[np.float64(1.9787647764150975)],[np.float64(2.851221900588404)],[np.float64(148.71700425687067)]
250,160,159,[np.int64(150)],0.9685650182625863,[np.float64(1.7046914442397816)],[np.float64(2.6666009905250827)],[np.float64(171.58643830281883)]
250,161,159,,0.9685650182625872,,,
250,163,162,[np.int64(105)],0.968565018262571,[np.float64(1.8569037889081375)],[np.float64(2.722823328861958)],[np.float64(147.3173636449753)]
250,164,162,[np.int64(21)],0.9685650182625791,[np.float64(2.082296801982603)],[np.float64(2.935965263425822)],[np.float64(146.04427102267132)]
250,166,165,[np.int64(168)],0.9685650182624304,[np.float64(1.8973563019068045)],[np.float64(2.7068670806110555)],[np.float64(139.36180396215815)]
250,167,165,[np.int64(177)],0.9685650182624186,[np.float64(2.2074807723388714)],[np.float64(2.9890704318415815)],[np.float64(136.9225389428559)]
250,169,168,[np.int64(99)],0.9685650182625809,[np.float64(2.2042878724539143)],[np.float64(3.1575091523233256)],[np.float64(167.75579290568953)]
250,170,168,[np.int64(21)],0.9685650182625856,[np.float64(2.1516021254396427)],[np.float64(2.9484855433744563)],[np.float64(138.59260737289415)]
250,172,171,[np.int64(636)],0.968565018262566,[np.float64(2.021064560866443)],[np.float64(2.965481952295798)],[np.float64(164.42282543364541)]
250,173,171,[np.int64(180)],0.9685650182625732,[np.float64(1.8945063421443311)],[np.float64(2.827693958748135)],[np.float64(160.93379862181192)]
250,175,174,,0.9685650182626003,,,
250,176,174,,0.9685650182625957,,,
250,178,177,[np.int64(174)],0.9685650182626532,[np.float64(1.8199914004918178)],[np.float64(2.628391608409287)],[np.float64(138.9302339755775)]
250,179,177,[np.int64(252)],0.9685650182626544,[np.float64(1.9227845454457866)],[np.float64(2.8361646688375015)],[np.float64(156.22578415560065)]
250,181,180,,0.9685650182627429,,,
250,182,180,[np.int64(378)],0.9685650182626531,[np.float64(1.6663179649380404)],[np.float64(2.610097003718225)],[np.float64(163.68366018303166)]
250,184,183,[np.int64(3)],0.9685650182626035,[np.float64(1.6244877278307024)],[np.float64(2.578839322481689)],[np.float64(167.5913889248614)]
250,185,183,[np.int64(210)],0.9685650182626029,[np.float64(1.7429324702982774)],[np.float64(2.6639619021083996)],[np.float64(157.5656733462319)]
250,187,186,"[np.int64(561), np.int64(183)]",0.9685650182625771,"[np.float64(2.1882151048113383), np.float64(2.3356097649099143)]","[np.float64(2.816421306335177), np.float64(3.0958748455836)]","[np.float64(121.3578858298405), np.float64(134.85744426288323)]"
250,188,186,[np.int64(564)],0.9685650182625767,[np.float64(1.895462464467872)],[np.float64(2.8369700195358636)],[np.float64(163.3332127438386)]
250,190,189,[np.int64(48)],0.9685650182627348,[np.float64(1.9294939365784842)],[np.float64(2.764004895345193)],[np.float64(142.8376306670549)]
250,191,189,[np.int64(72)],0.9685650182627329,[np.float64(1.654589755840865)],[np.float64(2.60734689560508)],[np.float64(166.95753701111158)]
250,193,192,[np.int64(198)],0.968565018262596,[np.float64(2.246234905497442)],[np.float64(3.06671539200669)],[np.float64(141.83396948145673)]
250,194,192,[np.int64(75)],0.9685650182625885,[np.float64(1.9075066469113369)],[np.float64(2.572445989454617)],[np.float64(123.52459701114162)]
250,196,195,[np.int64(270)],0.9685650182625913,[np.float64(1.997319556050975)],[np.float64(2.863354400200493)],[np.float64(147.72826633423804)]
250,197,195,[np.int64(78)],0.9685650182625897,[np.float64(2.047832477119551)],[np.float64(2.8729352448986183)],[np.float64(141.90735824253318)]
250,199,198,[np.int64(171)],0.9685650182625765,[np.float64(2.3661609250244267)],[np.float64(3.100565177342849)],[np.float64(132.1628231327425)]
250,200,198,[np.int64(189)],0.9685650182625839,[np.float64(2.2228774712423314)],[np.float64(3.1240426527326943)],[np.float64(154.30920486138777)]
250,202,201,,0.9685650182627134,,,
250,203,201,[np.int64(237)],0.968565018262712,[np.float64(1.95302906204964)],[np.float64(2.6091779097137784)],[np.float64(122.90707755677813)]
250,205,204,[np.int64(201)],0.9685650182624439,[np.float64(1.9689996509352596)],[np.float64(2.813667940778278)],[np.float64(144.408096749703)]
250,206,204,[np.int64(195)],0.9685650182624391,[np.float64(2.3623268007208678)],[np.float64(3.135429498701697)],[np.float64(136.36922396562358)]
250,208,207,[np.int64(216)],0.9685650182627424,[np.float64(2.362131233003161)],[np.float64(3.258024728374718)],[np.float64(153.5545578371071)]
250,209,207,[np.int64(198)],0.968565018262651,[np.float64(2.052566258283984)],[np.float64(2.8217545747366555)],[np.float64(134.9925383190448)]
250,211,210,[np.int64(30)],0.9685650182625857,[np.float64(2.095797121727079)],[np.float64(3.0614329853986137)],[np.float64(174.61115007827303)]
250,212,210,,0.9685650182625819,,,
250,214,213,[np.int64(315)],0.9685650182625637,[np.float64(2.1979324239730307)],[np.float64(3.100857519669866)],[np.float64(154.6056096085506)]
250,215,213,[np.int64(6)],0.9685650182625687,[np.float64(2.201687875357397)],[np.float64(3.0058423630759425)],[np.float64(139.63345492096903)]
250,217,216,[np.int64(219)],0.9685650182625608,[np.float64(2.0661008231555087)],[np.float64(2.946370054191066)],[np.float64(150.2329369073802)]
250,218,216,[np.int64(312)],0.9685650182626534,[np.float64(1.883411650948463)],[np.float64(2.7805831523744255)],[np.float64(152.84560988288922)]
250,220,219,"[np.int64(222), np.int64(75)]",0.9685650182625757,"[np.float64(2.0254163468050286), np.float64(2.3361107420093137)]","[np.float64(2.8732797499084493), np.float64(3.0115509279591066)]","[np.float64(145.03484766967046), np.float64(126.21898496862522)]"
250,221,219,,0.9685650182625811,,,
250,223,222,[np.int64(492)],0.9685650182626145,[np.float64(2.104947302985851)],[np.float64(2.860302419987936)],[np.float64(133.60865144080887)]
250,224,222,,0.9685650182625147,,,
250,226,225,[np.int64(495)],0.9685650182626067,[np.float64(1.768699878422566)],[np.float64(2.6931377502836598)],[np.float64(158.44418672372532)]
250,227,225,[np.int64(321)],0.9685650182626052,[np.float64(2.164099280968634)],[np.float64(2.8845696600161577)],[np.float64(130.08286145346878)]
250,229,228,[np.int64(237)],0.9685650182627324,[np.float64(1.9986474166990464)],[np.float64(2.918747421973117)],[np.float64(157.8682218434422)]
250,230,228,[np.int64(225)],0.9685650182627396,[np.float64(1.7979682526673326)],[np.float64(2.7256680147369123)],[np.float64(159.318701347789)]
250,232,231,[np.int64(306)],0.9685650182627478,[np.float64(2.0006226927864885)],[np.float64(2.884120595822094)],[np.float64(150.63563176523715)]
250,233,231,[np.int64(201)],0.9685650182626565,[np.float64(2.084385809266013)],[np.float64(2.989561534676589)],[np.float64(154.84174932033977)]
250,235,234,[np.int64(57)],0.9685650182624224,[np.float64(2.121777448006614)],[np.float64(2.9849969148353805)],[np.float64(147.5954988336078)]
250,236,234,[np.int64(507)],0.9685650182624191,[np.float64(1.9605777152214063)],[np.float64(2.8026149605124027)],[np.float64(144.00273793459826)]
250,238,237,[np.int64(57)],0.9685650182627363,[np.float64(1.8352201789413207)],[np.float64(2.727403063804283)],[np.float64(151.78259074971174)]
250,239,237,[np.int64(207)],0.9685650182627442,[np.float64(1.894906632541948)],[np.float64(2.801130728980203)],[np.float64(154.661522671822)]
250,241,240,[np.int64(231)],0.9685650182625583,[np.float64(2.0775255599051423)],[np.float64(2.8592028686490747)],[np.float64(136.53282951010394)]
250,242,240,"[np.int64(315), np.int64(213)]",0.9685650182625747,"[np.float64(2.1550027177929785), np.float64(2.276433040765963)]","[np.float64(3.0255705485731634), np.float64(2.909340756210011)]","[np.float64(148.83145327448872), np.float64(122.11019800023257)]"
250,244,243,,0.9685650182625538,,,
250,245,243,"[np.int64(195), np.int64(99)]",0.9685650182626572,"[np.float64(1.8840751759804064), np.float64(2.167120974582537)]","[np.float64(2.6134875652108773), np.float64(3.002829331184935)]","[np.float64(129.9278759080692), np.float64(143.68085724966264)]"
250,247,246,[np.int64(480)],0.9685650182624417,[np.float64(1.9553736408190077)],[np.float64(2.877952115977158)],[np.float64(158.36652132732485)]
250,248,246,[np.int64(255)],0.968565018262433,[np.float64(2.0388671302326915)],[np.float64(2.9653746400906593)],[np.float64(159.45510354611116)]
250,250,249,[np.int64(483)],0.9685650182627181,[np.float64(2.2857017091308225)],[np.float64(3.2408072594393866)],[np.float64(168.5956215381436)]
250,251,249,[np.int64(624)],0.9685650182627306,[np.float64(1.9676112056066928)],[np.float64(2.913604500594734)],[np.float64(164.87475089384128)]
250,253,252,[np.int64(255)],0.9685650182627321,[np.float64(1.9884253443684075)],[np.float64(2.790576711987785)],[np.float64(138.73645119666918)]
250,254,252,[np.int64(261)],0.9685650182627458,[np.float64(1.7996669549862907)],[np.float64(2.7510690245053007)],[np.float64(166.6128387366537)]
250,256,255,[np.int64(258)],0.9685650182627598,[np.float64(2.050816832911698)],[np.float64(2.930652843863593)],[np.float64(150.12426764313506)]
250,257,255,,0.9685650182626673,,,
250,259,258,[np.int64(285)],0.9685650182625736,[np.float64(2.203698366263786)],[np.float64(3.040072121012791)],[np.float64(143.86461414823702)]
250,260,258,"[np.int64(249), np.int64(276)]",0.9685650182625722,"[np.float64(2.031217573861327), np.float64(2.3398980647404866)]","[np.float64(2.785618750670075), np.float64(2.968860089965567)]","[np.float64(133.2439420776085), np.float64(121.98406769545197)]"
250,262,261,"[np.int64(264), np.int64(291)]",0.9685650182627378,"[np.float64(2.0520581560933335), np.float64(2.235900806926609)]","[np.float64(2.7143921659197803), np.float64(3.090570347434889)]","[np.float64(123.93073274680762), np.float64(146.5600299042904)]"
250,263,261,"[np.int64(84), np.int64(459)]",0.9685650182626483,"[np.float64(1.81131779581468), np.float64(2.352405656177023)]","[np.float64(2.6855251471414445), np.float64(3.0337014075121744)]","[np.float64(148.54211838266275), np.float64(126.82691307900095)]"
250,265,264,[np.int64(267)],0.9685650182625799,[np.float64(2.064588426181253)],[np.float64(2.8601881160514977)],[np.float64(138.16977783811845)]
250,266,264,[np.int64(633)],0.968565018262672,[np.float64(2.0016451537223476)],[np.float64(2.9679883663798443)],[np.float64(175.27209973999737)]
250,268,267,"[np.int64(0), np.int64(87)]",0.9685650182627388,"[np.float64(2.132450740122535), np.float64(2.2102196340891136)]","[np.float64(2.885716400562637), np.float64(3.0257927555319033)]","[np.float64(133.46971992624557), np.float64(141.10422154851966)]"
250,269,267,[np.int64(294)],0.9685650182627409,[np.float64(2.03332402392878)],[np.float64(2.788407607697176)],[np.float64(133.32762786805267)]
250,271,270,[np.int64(279)],0.9685650182625996,[np.float64(1.8881309183396116)],[np.float64(2.795702361845383)],[np.float64(154.9231768814178)]
250,272,270,[np.int64(246)],0.9685650182625917,[np.float64(2.1792990093242546)],[np.float64(2.931893985783544)],[np.float64(133.54852142937904)]
250,274,273,[np.int64(246)],0.9685650182626122,[np.float64(1.9214802236119386)],[np.float64(2.8404271153753355)],[np.float64(157.4596905967156)]
250,275,273,[np.int64(276)],0.9685650182625933,[np.float64(1.7689758401915505)],[np.float64(2.7058413482143564)],[np.float64(161.74013996565384)]
250,277,276,[np.int64(216)],0.9685650182624389,[np.float64(2.073402502182913)],[np.float64(3.0208280148252653)],[np.float64(165.48684005697922)]
250,278,276,[np.int64(171)],0.9685650182624379,[np.float64(1.6725894977414457)],[np.float64(2.592117838229635)],[np.float64(157.04275406203516)]
250,280,279,[np.int64(252)],0.9685650182625668,[np.float64(2.071558486623758)],[np.float64(3.0212384491405264)],[np.float64(166.28197151981828)]
250,281,279,,0.9685650182625661,,,
250,283,282,[np.int64(309)],0.9685650182625576,[np.float64(1.7612640659092955)],[np.float64(2.618839772871133)],[np.float64(145.6902366120963)]
250,284,282,"[np.int64(300), np.int64(273)]",0.9685650182625504,"[np.float64(2.2467818020855046), np.float64(2.373622850235984)]","[np.float64(3.0564276936056376), np.float64(3.175592879899415)]","[np.float64(140.443229865076), np.float64(139.80463469954762)]"
250,286,285,[np.int64(282)],0.9685650182624517,[np.float64(1.957327694099113)],[np.float64(2.74302625246398)],[np.float64(136.60140453224298)]
250,287,285,[np.int64(216)],0.9685650182624492,[np.float64(2.0286057314805075)],[np.float64(2.9240430319280466)],[np.float64(152.84956747958014)]
250,289,288,[np.int64(291)],0.968565018262572,[np.float64(2.1187116770711327)],[np.float64(2.970235620058109)],[np.float64(145.81792656502157)]
250,290,288,[np.int64(306)],0.968565018262569,[np.float64(1.9204602861757767)],[np.float64(2.7289224066343056)],[np.float64(139.307898825837)]
250,292,291,[np.int64(282)],0.9685650182625931,[np.float64(2.273089242882527)],[np.float64(3.0543878873441486)],[np.float64(137.07417592420106)]
250,293,291,,0.9685650182625869,,,
250,295,294,[np.int64(207)],0.968565018262397,[np.float64(1.9901096236133464)],[np.float64(2.800178150573736)],[np.float64(139.750110670067)]
250,296,294,[np.int64(0)],0.9685650182624886,[np.float64(1.9913532598126606)],[np.float64(2.717700426291758)],[np.float64(130.05295011877882)]
250,298,297,[np.int64(270)],0.9685650182624292,[np.float64(2.3320117304292873)],[np.float64(3.0368530650153738)],[np.float64(129.05194117050408)]
250,299,297,,0.9685650182625206,,,
250,301,300,[np.int64(273)],0.9685650182625594,[np.float64(2.055390266736821)],[np.float64(2.86505986920867)],[np.float64(139.90539825194793)]
250,302,300,[np.int64(270)],0.9685650182626502,[np.float64(1.9466934478979168)],[np.float64(2.802999525692801)],[np.float64(146.07543082814465)]
250,304,303,[np.int64(312)],0.9685650182626022,[np.float64(1.9592865039752554)],[np.float64(2.856436723741244)],[np.float64(153.01960094691893)]
250,305,303,[np.int64(156)],0.9685650182624984,[np.float64(1.9921259858817917)],[np.float64(2.9457168558076345)],[np.float64(167.70961217539423)]
250,307,306,[np.int64(297)],0.9685650182625808,[np.float64(1.9428225222413633)],[np.float64(2.895370447491048)],[np.float64(167.2356453234092)]
250,308,306,"[np.int64(279), np.int64(204)]",0.9685650182625833,"[np.float64(2.0561301247801214), np.float64(2.1147732363338423)]","[np.float64(2.8396305774781645), np.float64(2.8630200132325307)]","[np.float64(136.67902644529093), np.float64(132.85924563763214)]"
250,310,309,[np.int64(300)],0.9685650182627547,[np.float64(2.3536824192696817)],[np.float64(3.3206086841211477)],[np.float64(176.0399106361091)]
250,311,309,[np.int64(576)],0.9685650182626652,[np.float64(1.916148161999861)],[np.float64(2.8030974830994633)],[np.float64(151.037448193494)]
250,313,312,,0.9685650182627474,,,
250,314,312,[np.int64(321)],0.9685650182626543,[np.float64(1.89644236629186)],[np.float64(2.81955032873634)],[np.float64(158.38194773209705)]
250,316,315,[np.int64(405)],0.9685650182625848,[np.float64(2.069914750361716)],[np.float64(2.994157043371957)],[np.float64(158.95774552690062)]
250,317,315,,0.9685650182625838,,,
250,319,318,"[np.int64(591), np.int64(321)]",0.9685650182626063,"[np.float64(1.967831631352515), np.float64(2.2982268492681692)]","[np.float64(2.6009906137065393), np.float64(3.0388348425449903)]","[np.float64(120.84888636499754), np.float64(132.61966764583948)]"
250,320,318,[np.int64(282)],0.9685650182626074,[np.float64(2.085743235657047)],[np.float64(2.9584063580088755)],[np.float64(149.0127836068504)]
250,322,321,[np.int64(294)],0.9685650182625722,[np.float64(1.9282869121227197)],[np.float64(2.8901232817191427)],[np.float64(171.71981298040248)]
250,323,321,[np.int64(141)],0.9685650182625769,[np.float64(2.246061150356362)],[np.float64(2.9604403421179373)],[np.float64(129.73552798000168)]
250,325,324,[np.int64(327)],0.9685650182625836,[np.float64(1.8005332623050034)],[np.float64(2.7015119094668476)],[np.float64(153.37936191763168)]
250,326,324,[np.int64(54)],0.9685650182625878,[np.float64(1.8889022203792178)],[np.float64(2.834395711062997)],[np.float64(164.60334431029207)]
250,328,327,[np.int64(336)],0.9685650182624296,[np.float64(2.044017824753532)],[np.float64(2.721030513186506)],[np.float64(125.29709867597391)]
250,329,327,[np.int64(60)],0.9685650182624205,[np.float64(1.97091011992627)],[np.float64(2.9219939419827665)],[np.float64(166.6957693840425)]
250,331,330,[np.int64(144)],0.968565018262554,[np.float64(1.9835643665161742)],[np.float64(2.940520127064951)],[np.float64(169.17222866641495)]
250,332,330,"[np.int64(60), np.int64(510)]",0.9685650182626577,"[np.float64(1.9455452410724003), np.float64(2.3790433101061277)]","[np.float64(2.8592764011723877), np.float64(3.017793464777869)]","[np.float64(156.34814035220901), np.float64(122.98716742846547)]"
250,334,333,"[np.int64(342), np.int64(420)]",0.9685650182625637,"[np.float64(2.211906044831826), np.float64(2.282068110182845)]","[np.float64(2.8304785518379405), np.float64(3.1597487333072616)]","[np.float64(120.59762722156108), np.float64(150.25117289074748)]"
250,335,333,[np.int64(336)],0.9685650182625668,[np.float64(1.9072571265215983)],[np.float64(2.853101056795949)],[np.float64(164.74584772293065)]
250,337,336,,0.9685650182626029,,,
250,338,336,[np.int64(372)],0.9685650182625953,[np.float64(2.046966881687597)],[np.float64(3.0137864098560723)],[np.float64(175.82466105253752)]
250,340,339,[np.int64(330)],0.9685650182627451,[np.float64(2.029675646122862)],[np.float64(2.9136616665282546)],[np.float64(150.78851077727487)]
250,341,339,[np.int64(441)],0.9685650182626558,[np.float64(2.1995115869526254)],[np.float64(2.9813208243843254)],[np.float64(136.92505661359684)]
250,343,342,[np.int64(159)],0.9685650182625809,[np.float64(1.7696696762033304)],[np.float64(2.7077492056876493)],[np.float64(162.0953668945283)]
250,344,342,,0.9685650182624903,,,
250,346,345,[np.int64(489)],0.9685650182626085,[np.float64(1.9447318764537351)],[np.float64(2.8038100519252445)],[np.float64(146.49551134250166)]
250,347,345,[np.int64(75)],0.9685650182626085,[np.float64(2.1007183823463897)],[np.float64(2.7990403867988527)],[np.float64(127.61044995727617)]
250,349,348,[np.int64(339)],0.9685650182625677,[np.float64(2.0542971766789906)],[np.float64(2.973838653101156)],[np.float64(157.83867520658825)]
250,350,348,"[np.int64(345), np.int64(372)]",0.9685650182625685,"[np.float64(2.1811111239852674), np.float64(2.343153779183455)]","[np.float64(2.851676462817311), np.float64(3.046054406319356)]","[np.float64(125.22013134876002), np.float64(128.89415038530933)]"
250,352,351,[np.int64(333)],0.9685650182625736,[np.float64(2.005854630690143)],[np.float64(2.774100201847136)],[np.float64(134.71970290791393)]
250,353,351,,0.9685650182625709,,,
250,355,354,[np.int64(534)],0.9685650182625978,[np.float64(2.1996368855856687)],[np.float64(2.8614842268441767)],[np.float64(124.46939954346207)]
250,356,354,[np.int64(363)],0.9685650182625889,[np.float64(2.0459443639338506)],[np.float64(2.8770945917504602)],[np.float64(142.72382248981205)]
250,358,357,[np.int64(510)],0.9685650182624213,[np.float64(1.9976517490281247)],[np.float64(2.9501822413352294)],[np.float64(167.28704845720222)]
250,359,357,[np.int64(612)],0.9685650182624146,[np.float64(2.1017911941899583)],[np.float64(3.053129982117104)],[np.float64(166.92926236515558)]
250,361,360,[np.int64(396)],0.9685650182625755,[np.float64(1.9624534420415707)],[np.float64(2.9157946861560182)],[np.float64(167.5768882323751)]
250,362,360,,0.968565018262576,,,
250,364,363,[np.int64(372)],0.9685650182625893,[np.float64(1.8073351799413733)],[np.float64(2.720776568218262)],[np.float64(155.98730142000406)]
250,365,363,[np.int64(330)],0.9685650182625856,[np.float64(1.8124254916239837)],[np.float64(2.6405165967101256)],[np.float64(141.54357860082843)]
250,367,366,[np.int64(357)],0.9685650182625116,[np.float64(2.0946253764000917)],[np.float64(3.0317478887546763)],[np.float64(162.32039268342274)]
250,368,366,[np.int64(363)],0.9685650182625158,[np.float64(2.022706924983774)],[np.float64(2.73455023427542)],[np.float64(128.6709400803685)]
250,370,369,[np.int64(456)],0.9685650182625664,[np.float64(2.279096793665837)],[np.float64(3.0787933431504273)],[np.float64(139.28956435492557)]
250,371,369,"[np.int64(489), np.int64(342)]",0.9685650182625616,"[np.float64(2.0212248516240283), np.float64(2.207192416112273)]","[np.float64(2.8338094479711797), np.float64(2.849854324059378)]","[np.float64(140.17461976706304), np.float64(122.7317188507242)]"
250,373,372,[np.int64(369)],0.9685650182627273,[np.float64(2.1226294212453536)],[np.float64(2.9844599135407996)],[np.float64(147.38251010238977)]
250,374,372,[np.int64(375)],0.9685650182627217,[np.float64(1.807068982147741)],[np.float64(2.722219568950553)],[np.float64(156.36363382406822)]
250,376,375,[np.int64(393)],0.9685650182624141,[np.float64(2.050641759024754)],[np.float64(2.93295305513954)],[np.float64(150.54683729066085)]
250,377,375,[np.int64(546)],0.9685650182624133,[np.float64(2.0354716724834603)],[np.float64(2.860152445649975)],[np.float64(141.81400977153444)]
250,379,378,[np.int64(30)],0.9685650182625626,[np.float64(2.2104293723361916)],[np.float64(3.150886050907977)],[np.float64(163.42510869182175)]
250,380,378,[np.int64(381)],0.9685650182626512,[np.float64(2.0402493353472946)],[np.float64(2.9391022147021184)],[np.float64(153.51954633610373)]
250,382,381,[np.int64(384)],0.9685650182625682,[np.float64(2.2157914100911813)],[np.float64(2.9369509614501097)],[np.float64(130.3285503371684)]
250,383,381,,0.9685650182625697,,,
250,385,384,,0.9685650182626083,,,
250,386,384,[np.int64(561)],0.9685650182625161,[np.float64(1.9292102013845394)],[np.float64(2.8469837045154907)],[np.float64(157.2088096733465)]
250,388,387,,0.968565018262431,,,
250,389,387,[np.int64(360)],0.9685650182624265,[np.float64(2.370696216137885)],[np.float64(2.990317416389419)],[np.float64(121.26886823676101)]
250,391,390,"[np.int64(393), np.int64(399)]",0.9685650182625813,"[np.float64(2.1624070198091427), np.float64(2.353688215487346)]","[np.float64(2.8486064776479814), np.float64(3.11277061388563)]","[np.float64(126.64996853668775), np.float64(134.7763649577105)]"
250,392,390,[np.int64(381)],0.9685650182625869,[np.float64(2.1337710281641704)],[np.float64(3.1014511980400967)],[np.float64(177.04678346748568)]
250,394,393,,0.9685650182626044,,,
250,395,393,,0.9685650182625135,,,
250,397,396,"[np.int64(456), np.int64(447)]",0.9685650182624025,"[np.float64(2.0419707587350477), np.float64(2.3781774367992248)]","[np.float64(2.717051668721247), np.float64(3.2617679602656877)]","[np.float64(125.10243544800196), np.float64(151.41449963947437)]"
250,398,396,[np.int64(162)],0.9685650182624932,[np.float64(2.38130975443577)],[np.float64(3.129832971129097)],[np.float64(133.7021306714985)]
250,400,399,[np.int64(516)],0.9685650182625978,[np.float64(2.3098186606344715)],[np.float64(3.1817469393507376)],[np.float64(149.37014289280899)]
250,401,399,[np.int64(543)],0.9685650182626014,[np.float64(2.2610287681456813)],[np.float64(2.999198763765608)],[np.float64(132.248586706991)]
250,403,402,[np.int64(375)],0.9685650182625618,[np.float64(2.3348221230587045)],[np.float64(2.9809298603073384)],[np.float64(123.5015169516196)]
250,404,402,,0.9685650182625666,,,
250,406,405,[np.int64(432)],0.9685650182625837,[np.float64(2.3598718500679516)],[np.float64(3.120275843357484)],[np.float64(134.93897206524895)]
250,407,405,[np.int64(330)],0.9685650182625913,[np.float64(2.0514378393206547)],[np.float64(2.8849519246809434)],[np.float64(143.06552737239505)]
250,409,408,,0.9685650182624138,,,
250,410,408,,0.9685650182624994,,,
250,412,411,[np.int64(324)],0.9685650182627366,[np.float64(2.382808778752201)],[np.float64(3.1985322633215865)],[np.float64(141.54672053479393)]
250,413,411,,0.9685650182627439,,,
250,415,414,[np.int64(444)],0.968565018262738,[np.float64(2.1101493795392985)],[np.float64(2.7456466090199667)],[np.float64(121.69655767973991)]
250,416,414,[np.int64(417)],0.9685650182627418,[np.float64(1.8150892708594586)],[np.float64(2.715781619044891)],[np.float64(153.3599615512194)]
250,418,417,"[np.int64(156), np.int64(147)]",0.968565018262742,"[np.float64(2.2449329895483787), np.float64(2.32083244246897)]","[np.float64(3.0197423571629747), np.float64(2.979360692187458)]","[np.float64(136.2430999894071), np.float64(124.58951562189783)]"
250,419,417,[np.int64(426)],0.9685650182627503,[np.float64(1.7454351257517307)],[np.float64(2.645410803451231)],[np.float64(153.0344788454155)]
250,421,420,[np.int64(417)],0.968565018262731,[np.float64(1.790944704366583)],[np.float64(2.758859105705853)],[np.float64(177.39311030729115)]
250,422,420,[np.int64(411)],0.9685650182627402,[np.float64(1.7895815345572013)],[np.float64(2.717928646630925)],[np.float64(159.46695248925886)]
250,424,423,[np.int64(426)],0.9685650182626003,[np.float64(2.2785313083206806)],[np.float64(3.037012043302175)],[np.float64(134.4988662874729)]
250,425,423,[np.int64(69)],0.9685650182625077,[np.float64(2.2368985359191527)],[np.float64(2.896803143945003)],[np.float64(124.42469675821143)]
250,427,426,,0.9685650182627424,,,
250,428,426,,0.9685650182627495,,,
250,430,429,[np.int64(303)],0.9685650182627324,[np.float64(2.2081597098084376)],[np.float64(3.131940295081327)],[np.float64(159.0591067110136)]
250,431,429,"[np.int64(159), np.int64(420)]",0.9685650182627409,"[np.float64(2.198061085453001), np.float64(2.321329391450803)]","[np.float64(2.820489321564582), np.float64(3.103271977319403)]","[np.float64(120.88348037837243), np.float64(137.2794446326485)]"
250,433,432,,0.968565018262667,,,
250,434,432,[np.int64(414)],0.9685650182626669,[np.float64(1.860542237651196)],[np.float64(2.784236236390943)],[np.float64(158.45261599379586)]
250,436,435,,0.9685650182627533,,,
250,437,435,[np.int64(432)],0.9685650182627504,[np.float64(1.933999768677304)],[np.float64(2.824879022375822)],[np.float64(151.7917473520972)]
250,439,438,[np.int64(351)],0.9685650182625101,[np.float64(1.9138592508536971)],[np.float64(2.737750418304449)],[np.float64(141.32320893952325)]
250,440,438,[np.int64(435)],0.9685650182625096,[np.float64(1.9586711833698687)],[np.float64(2.7839815089028614)],[np.float64(141.6620778349366)]
250,442,441,,0.9685650182625777,,,
250,443,441,[np.int64(468)],0.9685650182625787,[np.float64(1.9560921092653796)],[np.float64(2.806046729124065)],[np.float64(145.14654879465337)]
250,445,444,[np.int64(420)],0.9685650182626548,[np.float64(2.289450171056408)],[np.float64(3.256537512498227)],[np.float64(176.22424972213074)]
250,446,444,[np.int64(453)],0.9685650182626458,[np.float64(2.215092921706691)],[np.float64(3.0675459755258663)],[np.float64(146.18543452394218)]
250,448,447,[np.int64(456)],0.9685650182624334,[np.float64(2.2255750749371925)],[np.float64(2.9213883479747476)],[np.float64(127.81387760481068)]
250,449,447,"[np.int64(333), np.int64(351)]",0.9685650182624314,"[np.float64(1.9914952061795979), np.float64(2.2353310730512486)]","[np.float64(2.6774064368108847), np.float64(2.946720620765812)]","[np.float64(125.9409942860681), np.float64(129.39786827007978)]"
250,451,450,,0.9685650182627412,,,
250,452,450,[np.int64(375)],0.968565018262741,[np.float64(2.350817375289446)],[np.float64(2.975743890912615)],[np.float64(121.66566705204451)]
250,454,453,[np.int64(477)],0.9685650182627609,[np.float64(1.9392541355993929)],[np.float64(2.8210328808241663)],[np.float64(150.1866501349329)]
250,455,453,[np.int64(474)],0.9685650182626598,[np.float64(2.0237384740141566)],[np.float64(2.9774926385009466)],[np.float64(167.80812492800504)]
250,457,456,,0.9685650182624022,,,
250,458,456,[np.int64(600)],0.9685650182624038,[np.float64(1.9525438383729679)],[np.float64(2.902941432572737)],[np.float64(166.4157790593714)]
250,460,459,[np.int64(384)],0.9685650182624246,[np.float64(2.0621067017183456)],[np.float64(2.8394968885474534)],[np.float64(135.97704382280534)]
250,461,459,[np.int64(186)],0.9685650182625145,[np.float64(2.118449708067573)],[np.float64(2.7560116447187237)],[np.float64(121.9179899720904)]
250,463,462,[np.int64(465)],0.9685650182625722,[np.float64(1.7609189964281675)],[np.float64(2.724648831131499)],[np.float64(172.87084450940336)]
250,464,462,[np.int64(435)],0.9685650182625731,[np.float64(2.1105189944336784)],[np.float64(2.863073893635566)],[np.float64(133.31768428197185)]
250,466,465,[np.int64(438)],0.9685650182625885,[np.float64(1.8129795655107561)],[np.float64(2.6801045259503655)],[np.float64(147.3780101533428)]
250,467,465,[np.int64(642)],0.9685650182624957,[np.float64(2.0628221215269194)],[np.float64(3.002286100785787)],[np.float64(162.95190962414034)]
250,469,468,[np.int64(459)],0.968565018262445,[np.float64(2.1003678526163645)],[np.float64(2.838819465575617)],[np.float64(131.749423638406)]
250,470,468,[np.int64(366)],0.968565018262445,[np.float64(2.129522465898748)],[np.float64(2.8915448172518095)],[np.float64(134.43544449543305)]
250,472,471,[np.int64(483)],0.968565018262587,[np.float64(2.279082704869346)],[np.float64(3.026723972948056)],[np.float64(133.31634387687993)]
250,473,471,[np.int64(474)],0.96856501826259,[np.float64(1.9486789145784351)],[np.float64(2.684751945426689)],[np.float64(130.91768512281655)]
250,475,474,"[np.int64(438), np.int64(447)]",0.9685650182627495,"[np.float64(2.17027696897331), np.float64(2.3477518114578992)]","[np.float64(2.97605967271228), np.float64(3.083644558886161)]","[np.float64(139.74997024580458), np.float64(132.2661644549814)]"
250,476,474,[np.int64(387)],0.9685650182626622,[np.float64(1.9480221638281678)],[np.float64(2.8383380303560632)],[np.float64(151.72272564776048)]
250,478,477,,0.9685650182624235,,,
250,479,477,[np.int64(402)],0.9685650182624197,[np.float64(1.9229922570506917)],[np.float64(2.8104653711853675)],[np.float64(151.14833264555912)]
250,481,480,[np.int64(477)],0.9685650182627463,[np.float64(2.051496107804206)],[np.float64(2.887298764517331)],[np.float64(143.3838306974611)]
250,482,480,[np.int64(621)],0.9685650182627609,[np.float64(1.826913706344787)],[np.float64(2.7008732066757064)],[np.float64(148.54702838106982)]
250,484,483,[np.int64(453)],0.9685650182625619,[np.float64(1.8538818846803222)],[np.float64(2.6517761100271993)],[np.float64(137.71777085406507)]
250,485,483,[np.int64(396)],0.9685650182625617,[np.float64(2.17435081051791)],[np.float64(2.949668140184516)],[np.float64(136.09335041581062)]
250,487,486,[np.int64(303)],0.9685650182625557,[np.float64(2.330373244094885)],[np.float64(3.218816408445547)],[np.float64(152.16774496200128)]
250,488,486,,0.968565018262566,,,
250,490,489,,0.9685650182624302,,,
250,491,489,[np.int64(486)],0.9685650182624232,[np.float64(1.9478883289931845)],[np.float64(2.8435124385902686)],[np.float64(152.7047977337729)]
250,493,492,,0.9685650182625607,,,
250,494,492,"[np.int64(501), np.int64(231)]",0.9685650182625632,"[np.float64(2.330563884727077), np.float64(2.338975699960129)]","[np.float64(3.128507119233472), np.float64(3.109428509863838)]","[np.float64(139.20731682686434), np.float64(136.00661531511687)]"
250,496,495,[np.int64(504)],0.9685650182627281,[np.float64(1.7038960721409928)],[np.float64(2.6625157347868287)],[np.float64(169.71281347131574)]
250,497,495,[np.int64(522)],0.9685650182627433,[np.float64(2.045442261206763)],[np.float64(2.871065414587648)],[np.float64(141.9703946725643)]
250,499,498,[np.int64(501)],0.9685650182627553,[np.float64(1.9939301206365339)],[np.float64(2.8628242862497557)],[np.float64(148.17678963211054)]
250,500,498,[np.int64(228)],0.9685650182627531,[np.float64(1.8347365581638329)],[np.float64(2.7452828337340502)],[np.float64(155.4257332621612)]
250,502,501,"[np.int64(567), np.int64(519)]",0.9685650182625685,"[np.float64(1.972503629100161), np.float64(2.399978504588045)]","[np.float64(2.652154222744806), np.float64(3.2918998426065995)]","[np.float64(125.24566272825804), np.float64(152.89803905974713)]"
250,503,501,[np.int64(231)],0.9685650182625644,[np.float64(2.320955069917319)],[np.float64(3.132920167585957)],[np.float64(140.92303865187085)]
250,505,504,"[np.int64(324), np.int64(234)]",0.9685650182627463,"[np.float64(1.9882789547810888), np.float64(2.248781752045645)]","[np.float64(2.8677232675889375), np.float64(2.889989142616053)]","[np.float64(149.90851904534574), np.float64(122.75494290773565)]"
250,506,504,[np.int64(351)],0.9685650182626578,[np.float64(1.9088031336969358)],[np.float64(2.836042539509445)],[np.float64(159.41392392357844)]
250,508,507,,0.9685650182625849,,,
250,509,507,,0.9685650182626756,,,
250,511,510,,0.9685650182625803,,,
250,512,510,[np.int64(240)],0.9685650182625833,[np.float64(1.9418137101719886)],[np.float64(2.861349855301174)],[np.float64(157.63368774049934)]
250,514,513,,0.9685650182627527,,,
250,515,513,[np.int64(369)],0.9685650182627523,[np.float64(1.7684984095585952)],[np.float64(2.707665919297483)],[np.float64(162.41651630350836)]
250,517,516,[np.int64(492)],0.9685650182627492,[np.float64(2.2811322503841502)],[np.float64(2.9710839180022988)],[np.float64(127.42864197900467)]
250,518,516,[np.int64(519)],0.968565018262745,[np.float64(2.0460422135748226)],[np.float64(2.891583726346423)],[np.float64(144.75329840930755)]
250,520,519,[np.int64(546)],0.9685650182624344,[np.float64(2.2298431978856974)],[np.float64(2.9824571466790006)],[np.float64(133.70858302278185)]
250,521,519,[np.int64(528)],0.9685650182624327,[np.float64(1.7760726316962345)],[np.float64(2.6444226260323616)],[np.float64(147.461102746377)]
250,523,522,[np.int64(618)],0.9685650182625661,[np.float64(2.3756874129069145)],[np.float64(3.2229797961995637)],[np.float64(145.78565633293786)]
250,524,522,[np.int64(525)],0.9685650182625619,[np.float64(2.0411918767190773)],[np.float64(2.9117294852831046)],[np.float64(148.56108739392852)]
250,526,525,[np.int64(531)],0.968565018262715,[np.float64(1.936009830185848)],[np.float64(2.8394057048157677)],[np.float64(154.18261210668567)]
250,527,525,[np.int64(498)],0.9685650182627167,[np.float64(1.738872538740531)],[np.float64(2.684647913070295)],[np.float64(164.47610356601118)]
250,529,528,[np.int64(498)],0.9685650182624168,[np.float64(2.137300819631085)],[np.float64(2.872577180759356)],[np.float64(131.5393231668806)]
250,530,528,[np.int64(555)],0.9685650182624248,[np.float64(2.021279770291307)],[np.float64(2.674993387472536)],[np.float64(122.98910113949296)]
250,532,531,[np.int64(558)],0.9685650182625801,[np.float64(1.8578034834195376)],[np.float64(2.7594544519724824)],[np.float64(153.65531035951182)]
250,533,531,[np.int64(504)],0.9685650182625818,[np.float64(2.1634292295719075)],[np.float64(2.7980266672233265)],[np.float64(121.83249377668088)]
250,535,534,"[np.int64(561), np.int64(537)]",0.9685650182626695,"[np.float64(2.1137210052354654), np.float64(2.374737996034386)]","[np.float64(3.016517962556567), np.float64(2.9832261675046445)]","[np.float64(154.4273907039965), np.float64(120.31765298984259)]"
250,536,534,[np.int64(531)],0.9685650182626584,[np.float64(2.1173073223877172)],[np.float64(3.0080793149362797)],[np.float64(152.17976326609087)]
250,538,537,[np.int64(585)],0.9685650182625718,[np.float64(2.3940735567989306)],[np.float64(3.0631209108437627)],[np.float64(125.80281823621446)]
250,539,537,[np.int64(564)],0.9685650182625722,[np.float64(1.5983564114259519)],[np.float64(2.518756615124696)],[np.float64(157.05614184597704)]
250,541,540,[np.int64(543)],0.9685650182625543,[np.float64(2.0274068275324293)],[np.float64(2.9568800890445335)],[np.float64(160.17738042597463)]
250,542,540,[np.int64(162)],0.9685650182626498,[np.float64(1.9159797697989676)],[np.float64(2.7938502719236666)],[np.float64(149.45636128121484)]
250,544,543,[np.int64(528)],0.9685650182625852,[np.float64(1.9601883727655112)],[np.float64(2.7792722023644347)],[np.float64(140.83163884018163)]
250,545,543,[np.int64(165)],0.9685650182625888,[np.float64(2.0733750809707088)],[np.float64(2.9712028518464924)],[np.float64(153.39252798290156)]
250,547,546,[np.int64(555)],0.9685650182627403,[np.float64(2.142576051892262)],[np.float64(3.1001279126956818)],[np.float64(169.58319561334534)]
250,548,546,[np.int64(168)],0.9685650182626482,[np.float64(1.926608977450175)],[np.float64(2.828987056850111)],[np.float64(153.95958854720078)]
250,550,549,[np.int64(540)],0.9685650182625862,[np.float64(1.901191563325439)],[np.float64(2.85679352892985)],[np.float64(168.47667850759268)]
250,551,549,"[np.int64(636), np.int64(645)]",0.9685650182625869,"[np.float64(2.120179096619808), np.float64(2.185516524604817)]","[np.float64(2.890124531438225), np.float64(2.811487261344389)]","[np.float64(135.30484481472578), np.float64(121.14820396207773)]"
250,553,552,[np.int64(549)],0.9685650182625629,[np.float64(1.6504912708565425)],[np.float64(2.5927194149878234)],[np.float64(163.15027858445544)]
250,554,552,[np.int64(525)],0.9685650182626644,[np.float64(2.0366124352964983)],[np.float64(2.850153894096724)],[np.float64(140.34655583541567)]
250,556,555,,0.9685650182627621,,,
250,557,555,[np.int64(630)],0.9685650182626702,[np.float64(2.341989063936222)],[np.float64(3.2036419896860098)],[np.float64(147.83165076779565)]
250,559,558,[np.int64(645)],0.9685650182624289,[np.float64(2.2143509372517673)],[np.float64(2.9727566597173887)],[np.float64(134.29946813495198)]
250,560,558,[np.int64(549)],0.9685650182624359,[np.float64(1.7714645305248977)],[np.float64(2.673364134345086)],[np.float64(153.48700359153568)]
250,562,561,[np.int64(552)],0.9685650182625809,[np.float64(1.6842909342146424)],[np.float64(2.5814274017002474)],[np.float64(152.30180815323942)]
250,563,561,[np.int64(537)],0.968565018262578,[np.float64(1.9988576559874132)],[np.float64(2.788698378234701)],[np.float64(137.24906486068227)]
250,565,564,,0.9685650182626458,,,
250,566,564,[np.int64(639)],0.968565018262656,[np.float64(2.0250343636451418)],[np.float64(2.843011200711076)],[np.float64(140.8905167722968)]
250,568,567,[np.int64(597)],0.9685650182626457,[np.float64(2.2602833248583436)],[np.float64(2.8818372215095245)],[np.float64(121.04446382917286)]
250,569,567,[np.int64(519)],0.9685650182626536,[np.float64(2.1473681250199905)],[np.float64(2.879634106126759)],[np.float64(131.2551867730005)]
250,571,570,[np.int64(429)],0.9685650182624238,[np.float64(2.063461625664963)],[np.float64(2.8400471634705586)],[np.float64(135.887355659988)]
250,572,570,[np.int64(579)],0.9685650182624153,[np.float64(2.1882545301458984)],[np.float64(3.1111818955020025)],[np.float64(158.83059709541126)]
250,574,573,,0.9685650182625715,,,
250,575,573,,0.9685650182625789,,,
250,577,576,[np.int64(603)],0.96856501826259,[np.float64(1.975646772729957)],[np.float64(2.9326626128478037)],[np.float64(169.19322067082416)]
250,578,576,,0.9685650182625933,,,
250,580,579,"[np.int64(309), np.int64(576)]",0.9685650182625798,"[np.float64(2.0603031726632355), np.float64(2.2105608916410575)]","[np.float64(2.9639219595941686), np.float64(2.860441075452977)]","[np.float64(154.4860086636545), np.float64(123.40300916970928)]"
250,581,579,[np.int64(582)],0.9685650182625775,[np.float64(2.3107536177788055)],[np.float64(3.117395413770682)],[np.float64(140.2287987277529)]
250,583,582,[np.int64(618)],0.9685650182626505,[np.float64(2.191838622707027)],[np.float64(3.0593337984247997)],[np.float64(148.42373290791116)]
250,584,582,[np.int64(609)],0.9685650182625584,[np.float64(1.9041760488252049)],[np.float64(2.802141352111064)],[np.float64(153.0476738687729)]
250,586,585,,0.9685650182626077,,,
250,587,585,[np.int64(588)],0.9685650182625225,[np.float64(2.3572574134190454)],[np.float64(3.1956472405795857)],[np.float64(144.49726407349746)]
250,589,588,,0.9685650182627725,,,
250,590,588,[np.int64(591)],0.9685650182626765,[np.float64(1.92767860805711)],[np.float64(2.78550165527494)],[np.float64(146.25310596336297)]
250,592,591,"[np.int64(141), np.int64(411)]",0.9685650182625847,"[np.float64(1.927227324540914), np.float64(2.2663714807959434)]","[np.float64(2.6737101384028703), np.float64(3.1051879106944575)]","[np.float64(131.9658096213687), np.float64(144.35324613971832)]"
250,593,591,,0.968565018262587,,,
250,595,594,[np.int64(630)],0.9685650182625932,[np.float64(1.9061160769439442)],[np.float64(2.8059990626303954)],[np.float64(153.42300913623973)]
250,596,594,,0.9685650182625964,,,
250,598,597,,0.968565018262678,,,
250,599,597,,0.9685650182626656,,,
250,601,600,[np.int64(513)],0.9685650182624267,[np.float64(2.266187171971053)],[np.float64(2.877767275868333)],[np.float64(120.19418795832341)]
250,602,600,,0.96856501826242,,,
250,604,603,[np.int64(612)],0.9685650182625756,[np.float64(1.945453645019736)],[np.float64(2.774624424855577)],[np.float64(142.14687487489405)]
250,605,603,"[np.int64(537), np.int64(501)]",0.9685650182625781,"[np.float64(2.019759465557327), np.float64(2.223525664995669)]","[np.float64(2.75259622784536), np.float64(2.837497678560491)]","[np.float64(130.85239541490068), np.float64(120.23958822148218)]"
250,607,606,[np.int64(579)],0.9685650182625615,[np.float64(1.9027181013324315)],[np.float64(2.82265715041646)],[np.float64(157.6504657416459)]
250,608,606,[np.int64(609)],0.9685650182625609,[np.float64(1.956656716171439)],[np.float64(2.6185225304497983)],[np.float64(123.46430698890211)]
250,610,609,"[np.int64(522), np.int64(600)]",0.9685650182624377,"[np.float64(2.156626899830786), np.float64(2.3720522934928785)]","[np.float64(2.8651949685974687), np.float64(3.0549435709489874)]","[np.float64(128.842996468509), np.float64(127.0406943191863)]"
250,611,609,[np.int64(636)],0.9685650182624355,[np.float64(1.9614631492727201)],[np.float64(2.8735475144055886)],[np.float64(156.0261034244578)]
250,613,612,[np.int64(585)],0.9685650182627402,[np.float64(2.187663635276099)],[np.float64(2.9050371125680505)],[np.float64(129.84577773476576)]
250,614,612,[np.int64(606)],0.968565018262747,[np.float64(2.122549683989718)],[np.float64(2.852008802911165)],[np.float64(130.87328565590292)]
250,616,615,[np.int64(435)],0.9685650182625768,[np.float64(1.774337478838946)],[np.float64(2.7218922375934462)],[np.float64(165.14888019350155)]
250,617,615,,0.9685650182625646,,,
250,619,618,[np.int64(438)],0.9685650182624888,[np.float64(2.066461375709636)],[np.float64(2.9875537069957043)],[np.float64(158.21401384336923)]
250,620,618,[np.int64(645)],0.9685650182624893,[np.float64(2.005881667097456)],[np.float64(2.8816599150618085)],[np.float64(149.33456934928907)]
250,622,621,[np.int64(546)],0.9685650182624033,[np.float64(2.143081734265102)],[np.float64(3.0432962190555353)],[np.float64(153.98286544600867)]
250,623,621,[np.int64(243)],0.9685650182624954,[np.float64(1.9465333181031095)],[np.float64(2.9075463456517303)],[np.float64(171.24126986973906)]
250,625,624,[np.int64(627)],0.9685650182626497,[np.float64(2.2051557872680188)],[np.float64(3.091869655894601)],[np.float64(151.63544664876227)]
250,626,624,[np.int64(621)],0.9685650182626463,[np.float64(1.8605591873802396)],[np.float64(2.771907906127622)],[np.float64(155.655424069114)]
250,628,627,[np.int64(600)],0.9685650182626198,[np.float64(1.9026225272201749)],[np.float64(2.7500278609616386)],[np.float64(144.6081952130758)]
250,629,627,,0.9685650182625186,,,
250,631,630,[np.int64(606)],0.9685650182624352,[np.float64(2.0033340558593267)],[np.float64(2.9571074966024278)],[np.float64(167.7960321737308)]
250,632,630,[np.int64(252)],0.9685650182624335,[np.float64(2.074984119279936)],[np.float64(2.7892869042034047)],[np.float64(129.12634216325492)]
250,634,633,[np.int64(624)],0.9685650182625744,[np.float64(2.0648130253319894)],[np.float64(2.9035507414994286)],[np.float64(143.83268022057692)]
250,635,633,[np.int64(258)],0.9685650182625801,[np.float64(2.0802290687171214)],[np.float64(3.028710563146999)],[np.float64(165.86201129162157)]
250,637,636,[np.int64(633)],0.9685650182627371,[np.float64(2.1749873854412005)],[np.float64(3.0004103257568033)],[np.float64(142.30365583603466)]
250,638,636,[np.int64(249)],0.9685650182626487,[np.float64(2.247946545019331)],[np.float64(3.1491332246692743)],[np.float64(154.3564905009008)]
250,640,639,,0.9685650182625702,,,
250,641,639,[np.int64(252)],0.9685650182625801,[np.float64(2.3875437230919005)],[np.float64(3.1994415601013575)],[np.float64(141.07203455788948)]
250,643,642,[np.int64(633)],0.9685650182625866,[np.float64(2.098886511570545)],[np.float64(3.029646223551351)],[np.float64(160.6145819504394)]
250,644,642,[np.int64(615)],0.9685650182625937,[np.float64(2.2113800415089595)],[np.float64(2.9625639684249627)],[np.float64(133.49520153497335)]
250,646,645,,0.9685650182627222,,,
250,647,645,[np.int64(180)],0.968565018262731,[np.float64(2.2719813779313305)],[np.float64(3.0763276729726323)],[np.float64(139.8446719421454)]
300,1,0,[np.int64(27)],0.9685650182625599,[np.float64(2.1792195307564652)],[np.float64(2.812419351404846)],[np.float64(121.76932393667524)]
300,2,0,[np.int64(9)],0.968565018262571,[np.float64(2.1130368452631405)],[np.float64(3.022382117672015)],[np.float64(155.73983285169663)]
300,4,3,[np.int64(42)],0.9685650182624257,[np.float64(2.1253163637193446)],[np.float64(2.922600967751108)],[np.float64(138.56404133438784)]
300,5,3,,0.9685650182624245,,,
300,7,6,,0.9685650182625624,,,
300,8,6,[np.int64(186)],0.9685650182625679,[np.float64(2.1763922333678036)],[np.float64(2.8683293371820486)],[np.float64(127.26058204695126)]
300,10,9,[np.int64(18)],0.9685650182627142,[np.float64(2.0434522590579127)],[np.float64(2.719635353818459)],[np.float64(125.2147489298198)]
300,11,9,[np.int64(12)],0.9685650182627257,[np.float64(1.8444412559599455)],[np.float64(2.760536003586279)],[np.float64(156.6570425305231)]
300,13,12,[np.int64(15)],0.9685650182627306,[np.float64(1.6567319284314277)],[np.float64(2.6024525242946717)],[np.float64(164.3203765371049)]
300,14,12,[np.int64(390)],0.9685650182627283,[np.float64(1.8219307110529916)],[np.float64(2.765019357509313)],[np.float64(163.71883728742816)]
300,16,15,[np.int64(39)],0.9685650182625786,[np.float64(1.870972038836672)],[np.float64(2.7679847971601363)],[np.float64(152.78475754802662)]
300,17,15,[np.int64(81)],0.9685650182625801,[np.float64(1.7895589185002194)],[np.float64(2.7045663069989185)],[np.float64(156.29161363479918)]
300,19,18,,0.9685650182625857,,,
300,20,18,,0.9685650182624884,,,
300,22,21,,0.9685650182625853,,,
300,23,21,[np.int64(18)],0.9685650182625819,[np.float64(2.1866314303970045)],[np.float64(3.0723062080840573)],[np.float64(151.418068166781)]
300,25,24,[np.int64(192)],0.9685650182625566,[np.float64(1.8063201395630168)],[np.float64(2.7695046917092396)],[np.float64(172.51301880035516)]
300,26,24,[np.int64(99)],0.9685650182625554,[np.float64(2.142797711769565)],[np.float64(3.0673529031039193)],[np.float64(159.14589874789667)]
300,28,27,[np.int64(57)],0.9685650182626659,[np.float64(1.864391826741943)],[np.float64(2.769552084303347)],[np.float64(154.37478417435347)]
300,29,27,[np.int64(123)],0.9685650182626652,[np.float64(1.9335896929324563)],[np.float64(2.791202729799214)],[np.float64(146.23790382623156)]
300,31,30,[np.int64(12)],0.9685650182626073,[np.float64(2.1468245113467157)],[np.float64(2.8536614922352483)],[np.float64(128.63342754370152)]
300,32,30,[np.int64(36)],0.9685650182625988,[np.float64(2.0475907534809132)],[np.float64(2.9508889492603)],[np.float64(154.3975356702412)]
300,34,33,"[np.int64(42), np.int64(39)]",0.9685650182624324,"[np.float64(2.069634767240011), np.float64(2.192443139607197)]","[np.float64(2.81842413227049), np.float64(3.0013970649836095)]","[np.float64(132.76154545160037), np.float64(140.211016250757)]"
300,35,33,[np.int64(6)],0.9685650182624234,[np.float64(2.0581815372397836)],[np.float64(2.8202036807293602)],[np.float64(134.19491487581044)]
300,37,36,"[np.int64(48), np.int64(9)]",0.9685650182627221,"[np.float64(2.2054906936865275), np.float64(2.3398645385728227)]","[np.float64(2.915301082500712), np.float64(3.2096401552020386)]","[np.float64(129.13842132517127), np.float64(149.0857732601909)]"
300,38,36,[np.int64(63)],0.9685650182627206,[np.float64(2.0128695087991684)],[np.float64(2.9704122879045354)],[np.float64(169.4750022294201)]
300,40,39,[np.int64(36)],0.9685650182625711,[np.float64(1.9257753457818907)],[np.float64(2.8652189429569894)],[np.float64(162.75365297384548)]
300,41,39,,0.9685650182625618,,,
300,43,42,[np.int64(51)],0.9685650182624174,[np.float64(1.8065970240134406)],[np.float64(2.760757719332962)],[np.float64(167.74545969384272)]
300,44,42,[np.int64(108)],0.968565018262423,[np.float64(2.1097448592817094)],[np.float64(3.0130869223399586)],[np.float64(154.52673071767555)]
300,46,45,,0.9685650182625777,,,
300,47,45,[np.int64(105)],0.9685650182625771,[np.float64(2.2796367831474726)],[np.float64(3.1882493347141896)],[np.float64(155.8694837327845)]
300,49,48,,0.9685650182627312,,,
300,50,48,,0.9685650182627287,,,
300,52,51,,0.9685650182623933,,,
300,53,51,,0.9685650182623956,,,
300,55,54,[np.int64(123)],0.9685650182624281,[np.float64(2.335858324980974)],[np.float64(3.1923317369640802)],[np.float64(147.04097829141278)]
300,56,54,[np.int64(150)],0.9685650182625188,[np.float64(2.0767269892943054)],[np.float64(2.732315390748717)],[np.float64(123.40188721535303)]
300,58,57,[np.int64(327)],0.9685650182625687,[np.float64(1.7796479990224303)],[np.float64(2.739138293780174)],[np.float64(170.24980221536856)]
300,59,57,[np.int64(33)],0.9685650182625685,[np.float64(1.9898790819989152)],[np.float64(2.769883450249202)],[np.float64(136.03662233241891)]
300,61,60,[np.int64(240)],0.9685650182626134,[np.float64(2.2343293548208645)],[np.float64(3.0550485158226603)],[np.float64(141.8351279973205)]
300,62,60,[np.int64(33)],0.9685650182625117,[np.float64(2.364438518240018)],[np.float64(3.0977006602751764)],[np.float64(132.03861041439475)]
300,64,63,,0.9685650182624439,,,
300,65,63,"[np.int64(336), np.int64(345)]",0.9685650182624415,"[np.float64(2.0563064126719923), np.float64(2.374911602683273)]","[np.float64(2.9003264255470027), np.float64(3.0440614835317463)]","[np.float64(144.56162351242304), np.float64(125.75213389059058)]"
300,67,66,,0.9685650182627386,,,
300,68,66,[np.int64(336)],0.9685650182627538,[np.float64(1.734474715900657)],[np.float64(2.6801412648367187)],[np.float64(164.43196633663447)]
300,70,69,[np.int64(144)],0.9685650182626051,[np.float64(1.9358298687649207)],[np.float64(2.6687021887469338)],[np.float64(130.52040725127)]
300,71,69,[np.int64(66)],0.968565018262509,[np.float64(1.9769389681761749)],[np.float64(2.9238795898167473)],[np.float64(165.20766692190068)]
300,73,72,[np.int64(159)],0.9685650182624951,[np.float64(1.9599461402351612)],[np.float64(2.8504645751764515)],[np.float64(151.78794280487202)]
300,74,72,[np.int64(486)],0.96856501826249,[np.float64(2.242400738230027)],[np.float64(3.091282059137069)],[np.float64(145.72626398459167)]
300,76,75,[np.int64(63)],0.9685650182625757,[np.float64(2.1872603572325704)],[np.float64(2.8400886838922297)],[np.float64(123.58625619513604)]
300,77,75,,0.9685650182626758,,,
300,79,78,,0.9685650182627229,,,
300,80,78,[np.int64(69)],0.9685650182627287,[np.float64(1.6858482560773662)],[np.float64(2.610916202365679)],[np.float64(158.41444675341026)]
300,82,81,[np.int64(402)],0.9685650182627187,[np.float64(1.9459979547253947)],[np.float64(2.6935388979157655)],[np.float64(132.15843167294196)]
300,83,81,[np.int64(84)],0.9685650182627218,[np.float64(1.8285278174933304)],[np.float64(2.71230568538913)],[np.float64(150.2410782260578)]
300,85,84,[np.int64(468)],0.968565018262594,[np.float64(2.2560823760436186)],[np.float64(3.1101921561086097)],[np.float64(146.52179646501676)]
300,86,84,[np.int64(261)],0.9685650182625914,[np.float64(2.0429766917885352)],[np.float64(3.0107782081088152)],[np.float64(177.23779708707318)]
300,88,87,,0.9685650182625858,,,
300,89,87,[np.int64(0)],0.968565018262584,[np.float64(1.9072458034921325)],[np.float64(2.6639892462714028)],[np.float64(133.0304216237227)]
300,91,90,[np.int64(102)],0.9685650182627366,[np.float64(1.8268980368289303)],[np.float64(2.767508495032162)],[np.float64(162.9515796044027)]
300,92,90,[np.int64(117)],0.968565018262746,[np.float64(1.896773570767545)],[np.float64(2.8091462637678237)],[np.float64(155.95392698333833)]
300,94,93,[np.int64(87)],0.9685650182625811,[np.float64(2.2484842337912783)],[np.float64(3.187505498798546)],[np.float64(163.04977363132264)]
300,95,93,[np.int64(84)],0.9685650182625846,[np.float64(2.045846271163868)],[np.float64(2.9668777414341454)],[np.float64(158.16513741524142)]
300,97,96,[np.int64(120)],0.9685650182625768,[np.float64(2.1940473194081602)],[np.float64(3.112057664010899)],[np.float64(157.7233311136858)]
300,98,96,[np.int64(87)],0.9685650182625788,[np.float64(2.0973596415556797)],[np.float64(2.897884741841593)],[np.float64(138.88024592612982)]
300,100,99,[np.int64(195)],0.9685650182625866,[np.float64(1.901913972113911)],[np.float64(2.7846216178407985)],[np.float64(150.25178817029646)]
300,101,99,[np.int64(90)],0.9685650182624883,[np.float64(2.1549356593124265)],[np.float64(2.999834692995088)],[np.float64(144.94456212262563)]
300,103,102,"[np.int64(93), np.int64(96)]",0.9685650182626012,"[np.float64(2.1453459500799887), np.float64(2.342404880698996)]","[np.float64(2.9096834881928704), np.float64(3.255821839759304)]","[np.float64(134.74759783215865), np.float64(156.9537285169625)]"
300,104,102,[np.int64(480)],0.9685650182625998,[np.float64(2.09295361243614)],[np.float64(2.878176082617567)],[np.float64(137.00373384181518)]
300,106,105,[np.int64(276)],0.968565018262723,[np.float64(2.0234158717510664)],[np.float64(2.805737381257019)],[np.float64(136.42870797593523)]
300,107,105,[np.int64(189)],0.9685650182627323,[np.float64(2.119540315847782)],[np.float64(2.9613151848372983)],[np.float64(144.40883892528592)]
300,109,108,[np.int64(213)],0.9685650182625701,[np.float64(2.175144166139778)],[np.float64(3.073985755587275)],[np.float64(153.78111595726352)]
300,110,108,[np.int64(135)],0.968565018262574,[np.float64(2.1202672056649567)],[np.float64(3.056732125616939)],[np.float64(162.17002180677713)]
300,112,111,[np.int64(84)],0.9685650182626783,[np.float64(2.2392236421771785)],[np.float64(3.063875746035302)],[np.float64(142.3654822991449)]
300,113,111,[np.int64(261)],0.9685650182626726,[np.float64(2.2677764333427355)],[np.float64(3.1101487002451282)],[np.float64(144.85427998890162)]
300,115,114,[np.int64(135)],0.9685650182625763,[np.float64(2.2142891083631526)],[np.float64(3.1005049273996828)],[np.float64(151.56636541655084)]
300,116,114,[np.int64(111)],0.9685650182625799,[np.float64(1.9036304620423752)],[np.float64(2.776415166936091)],[np.float64(148.57070973099454)]
300,118,117,,0.9685650182625687,,,
300,119,117,[np.int64(147)],0.9685650182625661,[np.float64(1.9285607113829577)],[np.float64(2.850183420627561)],[np.float64(158.09188548122114)]
300,121,120,"[np.int64(117), np.int64(93)]",0.9685650182625852,"[np.float64(2.2361145917412157), np.float64(2.2971937857307356)]","[np.float64(3.016317902238099), np.float64(3.0085560975781744)]","[np.float64(136.84279549749579), np.float64(129.59463762318242)]"
300,122,120,[np.int64(129)],0.9685650182625839,[np.float64(2.2565235379264617)],[np.float64(3.1303641143404217)],[np.float64(149.57309082640964)]
300,124,123,[np.int64(45)],0.9685650182625744,[np.float64(2.0295517472082802)],[np.float64(2.966655177900386)],[np.float64(162.22587465894156)]
300,125,123,,0.9685650182625833,,,
300,127,126,[np.int64(129)],0.9685650182627329,[np.float64(1.9527463890591639)],[np.float64(2.892278955471774)],[np.float64(162.8198245187247)]
300,128,126,[np.int64(102)],0.9685650182627347,[np.float64(1.8879338768730851)],[np.float64(2.6633462051421746)],[np.float64(135.1106292758791)]
300,130,129,[np.int64(132)],0.9685650182625973,[np.float64(1.9418309819350488)],[np.float64(2.9080422610492196)],[np.float64(175.1093479847514)]
300,131,129,,0.9685650182625927,,,
300,133,132,[np.int64(216)],0.9685650182624188,[np.float64(1.8930328364096867)],[np.float64(2.8316956396003454)],[np.float64(162.47301192248452)]
300,134,132,,0.968565018262412,,,
300,136,135,[np.int64(318)],0.9685650182624134,[np.float64(1.7737588002400355)],[np.float64(2.6803991540019396)],[np.float64(154.45807633200533)]
300,137,135,[np.int64(405)],0.968565018262506,[np.float64(2.0451555827127006)],[np.float64(2.9401193379549997)],[np.float64(152.79660172617255)]
300,139,138,[np.int64(120)],0.9685650182627218,[np.float64(2.067678577286927)],[np.float64(3.013731670126383)],[np.float64(165.01563914378508)]
300,140,138,[np.int64(135)],0.9685650182627317,[np.float64(2.2513435094755616)],[np.float64(3.023916744050293)],[np.float64(136.00494420080267)]
300,142,141,,0.9685650182625862,,,
300,143,141,[np.int64(114)],0.9685650182624994,[np.float64(1.9989937053228053)],[np.float64(2.889707857731466)],[np.float64(151.9140806749861)]
300,145,144,[np.int64(405)],0.9685650182625789,[np.float64(2.1121717159958076)],[np.float64(3.0115243401408778)],[np.float64(153.75919882614645)]
300,146,144,"[np.int64(138), np.int64(408)]",0.9685650182625731,"[np.float64(2.0961339108449124), np.float64(2.139660739412549)]","[np.float64(2.952833285366616), np.float64(2.883292377291767)]","[np.float64(146.53449954659138), np.float64(132.4423089640493)]"
300,148,147,[np.int64(423)],0.9685650182627275,[np.float64(1.9957741935822715)],[np.float64(2.699451085136182)],[np.float64(127.72987133562827)]
300,149,147,[np.int64(156)],0.9685650182627326,[np.float64(2.1133163415159375)],[np.float64(3.06291293461039)],[np.float64(166.29493340234865)]
300,151,150,[np.int64(417)],0.9685650182625845,[np.float64(2.0196279030303277)],[np.float64(2.835690833475411)],[np.float64(140.62252202883502)]
300,152,150,[np.int64(123)],0.968565018262489,[np.float64(2.003018374295547)],[np.float64(2.6885611793696476)],[np.float64(125.95421254313665)]
300,154,153,"[np.int64(423), np.int64(147)]",0.9685650182624347,"[np.float64(2.0510394548934836), np.float64(2.313702192477114)]","[np.float64(2.9538932776529956), np.float64(2.9345703167650905)]","[np.float64(154.31690440183021), np.float64(121.17907732158278)]"
300,155,153,[np.int64(126)],0.968565018262429,[np.float64(1.9913880370535784)],[np.float64(2.8321705750278565)],[np.float64(143.914169497739)]
300,157,156,[np.int64(300)],0.9685650182627485,[np.float64(1.801652055081039)],[np.float64(2.7422757036014658)],[np.float64(162.91437131855815)]
300,158,156,[np.int64(570)],0.9685650182627593,[np.float64(2.011222529266563)],[np.float64(2.836753046285951)],[np.float64(141.85557383725225)]
300,160,159,[np.int64(420)],0.9685650182625766,[np.float64(2.365173269421225)],[np.float64(3.2088482858941245)],[np.float64(145.2510384935454)]
300,161,159,,0.968565018262578,,,
300,163,162,[np.int64(105)],0.9685650182625822,[np.float64(2.0332877509366223)],[np.float64(2.88999553168807)],[np.float64(146.3746257354365)]
300,164,162,"[np.int64(399), np.int64(21)]",0.9685650182625885,"[np.float64(2.036661745913216), np.float64(2.0469442227214727)]","[np.float64(2.676703663786536), np.float64(2.7107771409829797)]","[np.float64(121.79394771304113), np.float64(124.0506260742915)]"
300,166,165,[np.int64(243)],0.968565018262591,[np.float64(1.9186807998438669)],[np.float64(2.794481798937344)],[np.float64(149.1142655709358)]
300,167,165,[np.int64(177)],0.9685650182625845,[np.float64(1.9907821797835428)],[np.float64(2.8298766115215326)],[np.float64(143.67202041277915)]
300,169,168,[np.int64(99)],0.9685650182625808,[np.float64(2.089466837030003)],[np.float64(3.0547251515999885)],[np.float64(174.2715436545456)]
300,170,168,[np.int64(21)],0.9685650182625878,[np.float64(1.919344487818811)],[np.float64(2.8295208412197836)],[np.float64(155.53468128104322)]
300,172,171,"[np.int64(549), np.int64(636)]",0.9685650182627195,"[np.float64(2.0845141031258927), np.float64(2.18085068089321)]","[np.float64(2.770912660107585), np.float64(2.807272524475532)]","[np.float64(126.37231325425725), np.float64(121.16985845238514)]"
300,173,171,[np.int64(180)],0.9685650182627294,[np.float64(1.8614672448360914)],[np.float64(2.7981396181203055)],[np.float64(161.84577511502866)]
300,175,174,,0.9685650182626077,,,
300,176,174,[np.int64(165)],0.968565018262603,[np.float64(2.255793206520265)],[np.float64(2.8784035358611093)],[np.float64(121.12077540129846)]
300,178,177,[np.int64(186)],0.9685650182625766,[np.float64(2.008878960869671)],[np.float64(2.7169771950432517)],[np.float64(128.23262234447523)]
300,179,177,[np.int64(252)],0.9685650182625793,[np.float64(2.1743670322411073)],[np.float64(2.8668530168162034)],[np.float64(127.30707457617031)]
300,181,180,[np.int64(210)],0.9685650182626117,[np.float64(2.2037756010032847)],[np.float64(3.0340134906627347)],[np.float64(143.02493681976188)]
300,182,180,[np.int64(378)],0.9685650182625186,[np.float64(1.8604794829654037)],[np.float64(2.681679995868265)],[np.float64(140.77517430151647)]
300,184,183,[np.int64(3)],0.9685650182625914,[np.float64(1.9106252236514456)],[np.float64(2.816548044168211)],[np.float64(154.63521263950653)]
300,185,183,[np.int64(210)],0.9685650182625911,[np.float64(2.2722649237419827)],[np.float64(3.178065756880481)],[np.float64(155.29502550763175)]
300,187,186,[np.int64(183)],0.9685650182627129,[np.float64(1.8125430972922112)],[np.float64(2.750005206995001)],[np.float64(161.9901437198892)]
300,188,186,[np.int64(564)],0.9685650182627183,[np.float64(2.0698464856026466)],[np.float64(3.0341474292083532)],[np.float64(173.48489462410967)]
300,190,189,[np.int64(48)],0.9685650182625881,[np.float64(1.9546487867289892)],[np.float64(2.9176401462819714)],[np.float64(172.48128032934437)]
300,191,189,,0.9685650182625839,,,
300,193,192,[np.int64(198)],0.9685650182625989,[np.float64(1.879771357571025)],[np.float64(2.7748948885128186)],[np.float64(152.44743040586854)]
300,194,192,[np.int64(75)],0.968565018262587,[np.float64(2.0461174313830077)],[np.float64(2.8289693899186115)],[np.float64(136.5685550463576)]
300,196,195,[np.int64(270)],0.9685650182625082,[np.float64(2.0825324190735053)],[np.float64(2.7338520657743026)],[np.float64(123.0294656432574)]
300,197,195,,0.9685650182625101,,,
300,199,198,,0.9685650182625769,,,
300,200,198,,0.9685650182625759,,,
300,202,201,[np.int64(198)],0.9685650182627308,[np.float64(2.004497445639081)],[np.float64(2.901773724673945)],[np.float64(153.14365451611312)]
300,203,201,[np.int64(219)],0.9685650182627201,[np.float64(1.872045975304975)],[np.float64(2.752645244656277)],[np.float64(149.8056041835539)]
300,205,204,[np.int64(201)],0.9685650182625883,[np.float64(2.0163535556527936)],[np.float64(2.949301511228914)],[np.float64(161.06506193142286)]
300,206,204,[np.int64(195)],0.9685650182625951,[np.float64(1.8142650855702462)],[np.float64(2.732554214208125)],[np.float64(157.08745402179287)]
300,208,207,,0.9685650182625825,,,
300,209,207,,0.9685650182625798,,,
300,211,210,"[np.int64(207), np.int64(201)]",0.9685650182626679,"[np.float64(2.1105556613243484), np.float64(2.3778665835856034)]","[np.float64(2.7373403093170374), np.float64(3.2393535375580664)]","[np.float64(120.91463249417049), np.float64(147.87658847021828)]"
300,212,210,,0.9685650182626571,,,
300,214,213,[np.int64(306)],0.9685650182625642,[np.float64(1.7943254047606334)],[np.float64(2.6664806220388684)],[np.float64(148.14700618673228)]
300,215,213,[np.int64(237)],0.968565018262566,[np.float64(1.8206387219713935)],[np.float64(2.752648021535686)],[np.float64(160.48571681448024)]
300,217,216,[np.int64(219)],0.9685650182624927,[np.float64(2.2733499210780117)],[np.float64(3.0931545054246445)],[np.float64(141.81326181014256)]
300,218,216,"[np.int64(312), np.int64(225)]",0.9685650182625841,"[np.float64(2.226348425086507), np.float64(2.392000778860795)]","[np.float64(3.134790781239306), np.float64(3.0055223070531554)]","[np.float64(155.74959555424422), np.float64(120.81105820180139)]"
300,220,219,,0.9685650182625548,,,
300,221,219,[np.int64(225)],0.9685650182626504,[np.float64(1.9300932699841091)],[np.float64(2.882623592454984)],[np.float64(167.21463992345366)]
300,223,222,[np.int64(492)],0.9685650182625988,[np.float64(2.307928663680486)],[np.float64(2.9836688178612536)],[np.float64(126.1550958942826)]
300,224,222,[np.int64(231)],0.9685650182625036,[np.float64(1.924894652689477)],[np.float64(2.816142858811586)],[np.float64(151.83722211954864)]
300,226,225,[np.int64(495)],0.9685650182624412,[np.float64(1.8420463003621983)],[np.float64(2.77236922105465)],[np.float64(160.07944187969252)]
300,227,225,,0.9685650182624389,,,
300,229,228,[np.int64(237)],0.9685650182627401,[np.float64(2.238068514861241)],[np.float64(2.861159691596319)],[np.float64(121.09648033934859)]
300,230,228,[np.int64(225)],0.9685650182627504,[np.float64(1.8496248114523188)],[np.float64(2.7698454230964473)],[np.float64(157.60833464868946)]
300,232,231,"[np.int64(306), np.int64(213)]",0.9685650182626776,"[np.float64(2.026350312687491), np.float64(2.3847123755189057)]","[np.float64(2.7948316117687773), np.float64(3.2635116664732147)]","[np.float64(134.81988381795787), np.float64(150.62443249036104)]"
300,233,231,[np.int64(228)],0.9685650182625857,[np.float64(2.392240333315044)],[np.float64(3.2535207379263364)],[np.float64(147.8728791529506)]
300,235,234,,0.9685650182624305,,,
300,236,234,[np.int64(507)],0.9685650182624318,[np.float64(2.381941384040341)],[np.float64(3.3006813149006664)],[np.float64(158.15255828551034)]
300,238,237,[np.int64(57)],0.9685650182625989,[np.float64(1.7020812406282073)],[np.float64(2.66864270839988)],[np.float64(175.38334469206427)]
300,239,237,[np.int64(207)],0.9685650182625972,[np.float64(2.1657721299423187)],[np.float64(3.110762097641086)],[np.float64(164.77609167863673)]
300,241,240,,0.9685650182627425,,,
300,242,240,[np.int64(213)],0.968565018262661,[np.float64(1.8559905043341587)],[np.float64(2.82187667412423)],[np.float64(174.74244432860735)]
300,244,243,[np.int64(99)],0.9685650182625705,[np.float64(2.1172373462840888)],[np.float64(2.8006517758161262)],[np.float64(126.20951058264055)]
300,245,243,[np.int64(546)],0.9685650182625768,[np.float64(2.363519973481049)],[np.float64(3.1948229657264378)],[np.float64(143.54492167135902)]
300,247,246,[np.int64(480)],0.9685650182624301,[np.float64(1.9190773344320204)],[np.float64(2.8649368579349024)],[np.float64(164.7668875082448)]
300,248,246,[np.int64(255)],0.9685650182624189,[np.float64(2.337301933436121)],[np.float64(3.01059805828078)],[np.float64(126.02051985715734)]
300,250,249,[np.int64(483)],0.9685650182625802,[np.float64(1.7088372773860885)],[np.float64(2.663569302598166)],[np.float64(167.87205600075467)]
300,251,249,"[np.int64(627), np.int64(624)]",0.9685650182625931,"[np.float64(2.1136357839994036), np.float64(2.242157799030122)]","[np.float64(2.912783432781485), np.float64(3.071574631007084)]","[np.float64(138.7586917844096), np.float64(143.0093477329117)]"
300,253,252,[np.int64(255)],0.9685650182625819,[np.float64(1.9818696188379896)],[np.float64(2.8033011846244382)],[np.float64(141.21394117922026)]
300,254,252,,0.9685650182625881,,,
300,256,255,"[np.int64(282), np.int64(291)]",0.9685650182627603,"[np.float64(2.021730322188394), np.float64(2.156118142647635)]","[np.float64(2.754854877178629), np.float64(2.8354879804621427)]","[np.float64(130.89064328265633), np.float64(125.96671864246665)]"
300,257,255,[np.int64(279)],0.9685650182627558,[np.float64(1.6410618886693928)],[np.float64(2.5491554359214548)],[np.float64(154.40460382388113)]
300,259,258,[np.int64(171)],0.9685650182625725,[np.float64(1.9762796823896613)],[np.float64(2.8360827953682968)],[np.float64(146.6955228748847)]
300,260,258,[np.int64(249)],0.9685650182625689,[np.float64(2.2603369812843543)],[np.float64(3.196295078713647)],[np.float64(162.20422765520848)]
300,262,261,"[np.int64(288), np.int64(108)]",0.968565018262598,"[np.float64(2.1861346697464525), np.float64(2.3854987487991988)]","[np.float64(2.8520710812041683), np.float64(3.2564868152857356)]","[np.float64(124.80219407186682), np.float64(149.3629161473161)]"
300,263,261,[np.int64(291)],0.9685650182625054,[np.float64(2.0894857712363013)],[np.float64(3.0046339387800107)],[np.float64(156.92459847943664)]
300,265,264,[np.int64(465)],0.9685650182627513,[np.float64(1.7521706854679273)],[np.float64(2.530898385936219)],[np.float64(134.9326443555697)]
300,266,264,[np.int64(633)],0.9685650182627481,[np.float64(2.140039097658301)],[np.float64(3.0108293025117447)],[np.float64(148.83379147108033)]
300,268,267,[np.int64(0)],0.9685650182625725,[np.float64(2.221750727060975)],[np.float64(3.05327157513068)],[np.float64(143.24378346277496)]
300,269,267,[np.int64(285)],0.9685650182625738,[np.float64(2.1268080670787293)],[np.float64(3.082115432755526)],[np.float64(168.55658995270215)]
300,271,270,[np.int64(279)],0.9685650182626648,[np.float64(2.0106589203492655)],[np.float64(2.7972867275606577)],[np.float64(136.90066332358393)]
300,272,270,[np.int64(126)],0.9685650182626636,[np.float64(2.1970023252514896)],[np.float64(3.144265970427096)],[np.float64(165.5620549395553)]
300,274,273,[np.int64(258)],0.9685650182626009,[np.float64(1.756695055204431)],[np.float64(2.72286566584157)],[np.float64(174.98152814686438)]
300,275,273,[np.int64(276)],0.9685650182625949,[np.float64(1.9436647977093848)],[np.float64(2.67998126929417)],[np.float64(130.92342521737498)]
300,277,276,[np.int64(216)],0.9685650182625942,[np.float64(1.8983508941092764)],[np.float64(2.803404938598625)],[np.float64(154.43134656005446)]
300,278,276,[np.int64(171)],0.9685650182625962,[np.float64(1.9667590829903976)],[np.float64(2.8785357293846476)],[np.float64(155.9712047484224)]
300,280,279,"[np.int64(177), np.int64(252)]",0.9685650182627089,"[np.float64(1.9465736028340404), np.float64(2.3604728481230444)]","[np.float64(2.78265612939499), np.float64(3.0611663004519505)]","[np.float64(143.1122571405258), np.float64(128.72954896556544)]"
300,281,279,[np.int64(204)],0.9685650182627111,[np.float64(1.768189612190283)],[np.float64(2.7253245672854787)],[np.float64(169.0438236160783)]
300,283,282,"[np.int64(309), np.int64(300)]",0.9685650182625682,"[np.float64(1.9383933826108637), np.float64(2.0077739784514486)]","[np.float64(2.8130856458192306), np.float64(2.6561090509414576)]","[np.float64(148.98131278148577), np.float64(122.42860587822868)]"
300,284,282,[np.int64(273)],0.96856501826256,[np.float64(1.9723645109162693)],[np.float64(2.7201767097712453)],[np.float64(132.29238928868054)]
300,286,285,[np.int64(273)],0.9685650182625123,[np.float64(2.310935211294127)],[np.float64(2.9588535884552414)],[np.float64(123.58420722229744)]
300,287,285,[np.int64(294)],0.9685650182625117,[np.float64(2.0889600401001998)],[np.float64(2.976742705284609)],[np.float64(151.58661263048367)]
300,289,288,[np.int64(291)],0.9685650182625815,[np.float64(1.9056233937353035)],[np.float64(2.8496925588603834)],[np.float64(164.1577958739688)]
300,290,288,"[np.int64(306), np.int64(279)]",0.9685650182625805,"[np.float64(2.1321006494549817), np.float64(2.2951821689238683)]","[np.float64(2.7832533388694203), np.float64(3.1002253559214212)]","[np.float64(123.21668196463251), np.float64(139.99064788417851)]"
300,292,291,,0.9685650182626078,,,
300,293,291,[np.int64(267)],0.9685650182625953,[np.float64(1.8966318207708657)],[np.float64(2.780092439831318)],[np.float64(150.36969243671695)]
300,295,294,,0.9685650182624113,,,
300,296,294,[np.int64(114)],0.9685650182624094,[np.float64(2.1613459810772575)],[np.float64(2.855596359583332)],[np.float64(127.43325013856703)]
300,298,297,[np.int64(153)],0.9685650182624284,[np.float64(1.906905693656525)],[np.float64(2.869508438910526)],[np.float64(172.1912780417103)]
300,299,297,,0.9685650182625182,,,
300,301,300,[np.int64(273)],0.9685650182625531,[np.float64(2.2520066104326464)],[np.float64(3.1037045494483837)],[np.float64(146.1579667071791)]
300,302,300,[np.int64(270)],0.968565018262557,[np.float64(2.2508888352020864)],[np.float64(3.1337316070115193)],[np.float64(151.05647855847536)]
300,304,303,,0.9685650182626805,,,
300,305,303,"[np.int64(159), np.int64(156)]",0.9685650182625831,"[np.float64(2.0417515369805774), np.float64(2.3644462139261773)]","[np.float64(2.802374648538745), np.float64(3.014933559457276)]","[np.float64(133.97918568976502), np.float64(123.99792820421861)]"
300,307,306,[np.int64(297)],0.9685650182625933,[np.float64(2.1910976443834635)],[np.float64(2.8287849912513905)],[np.float64(122.21971160703328)]
300,308,306,[np.int64(204)],0.9685650182625948,[np.float64(1.8401893482078109)],[np.float64(2.80661971876827)],[np.float64(175.29996369949396)]
300,310,309,[np.int64(300)],0.9685650182627346,[np.float64(1.9500623018908028)],[np.float64(2.676106833980499)],[np.float64(129.85246879069445)]
300,311,309,[np.int64(576)],0.96856501826274,[np.float64(2.0402294283587157)],[np.float64(2.801893177460677)],[np.float64(134.09135371592876)]
300,313,312,[np.int64(321)],0.96856501826258,[np.float64(1.7577638176398807)],[np.float64(2.723196960521157)],[np.float64(174.2609349653039)]
300,314,312,,0.9685650182625866,,,
300,316,315,[np.int64(405)],0.968565018262558,[np.float64(2.2771735488011466)],[np.float64(2.9897044906761714)],[np.float64(129.6489473367756)]
300,317,315,[np.int64(288)],0.9685650182625541,[np.float64(2.006128318334299)],[np.float64(2.9584189262556553)],[np.float64(167.20099636711205)]
300,319,318,[np.int64(321)],0.9685650182625859,[np.float64(2.1175465696709446)],[np.float64(2.953146783942488)],[np.float64(143.536721484858)]
300,320,318,[np.int64(309)],0.9685650182625823,[np.float64(1.9993830699407027)],[np.float64(2.877306443769298)],[np.float64(149.6781460307495)]
300,322,321,[np.int64(294)],0.9685650182627381,[np.float64(1.8415764403445363)],[np.float64(2.711967998228147)],[np.float64(147.9983188497316)]
300,323,321,[np.int64(591)],0.9685650182627445,[np.float64(1.7486978912425892)],[np.float64(2.6877340807051553)],[np.float64(162.3419884758997)]
300,325,324,,0.9685650182625682,,,
300,326,324,[np.int64(333)],0.9685650182625766,[np.float64(1.8345696158907223)],[np.float64(2.715659500882368)],[np.float64(149.7866355194917)]
300,328,327,[np.int64(363)],0.9685650182624372,[np.float64(2.340721298790763)],[np.float64(3.1095199499269643)],[np.float64(135.82439065597475)]
300,329,327,[np.int64(60)],0.968565018262433,[np.float64(1.9266675120048389)],[np.float64(2.7721535365112535)],[np.float64(144.40026885550762)]
300,331,330,[np.int64(414)],0.9685650182627451,[np.float64(2.392303992683421)],[np.float64(3.2329206913165747)],[np.float64(144.8799433473124)]
300,332,330,[np.int64(69)],0.9685650182627522,[np.float64(2.0958963721337436)],[np.float64(2.869124432350589)],[np.float64(135.60401630176432)]
300,334,333,[np.int64(420)],0.968565018262564,[np.float64(2.242256941431431)],[np.float64(3.042789168155846)],[np.float64(139.294786187049)]
300,335,333,[np.int64(336)],0.9685650182625721,[np.float64(2.040320635215142)],[np.float64(2.8884572397353074)],[np.float64(145.11566223456623)]
300,337,336,[np.int64(342)],0.9685650182625822,[np.float64(1.891219647038467)],[np.float64(2.8393483276179348)],[np.float64(165.51393176620658)]
300,338,336,"[np.int64(372), np.int64(345)]",0.9685650182625773,"[np.float64(2.0231972410008123), np.float64(2.3344646899988173)]","[np.float64(2.890534696345171), np.float64(2.956298602113878)]","[np.float64(148.00217206548365), np.float64(121.3372025398465)]"
300,340,339,[np.int64(330)],0.9685650182625861,[np.float64(2.006006343957032)],[np.float64(2.6589109532368753)],[np.float64(122.84573305402337)]
300,341,339,[np.int64(375)],0.9685650182625863,[np.float64(2.026752429911133)],[np.float64(2.960797499446974)],[np.float64(161.37534414698268)]
300,343,342,,0.9685650182627374,,,
300,344,342,[np.int64(489)],0.9685650182626483,[np.float64(1.996051716195274)],[np.float64(2.9201319636787617)],[np.float64(158.7957342463904)]
300,346,345,[np.int64(489)],0.9685650182625876,[np.float64(2.1437709456231913)],[np.float64(2.9149234259051715)],[np.float64(135.5186320239987)]
300,347,345,[np.int64(75)],0.9685650182625856,[np.float64(2.1698635491574083)],[np.float64(3.0587374441743616)],[np.float64(151.9462797855225)]
300,349,348,[np.int64(423)],0.968565018262566,[np.float64(2.1266295483496447)],[np.float64(2.9715520917665668)],[np.float64(144.87667042020846)]
300,350,348,[np.int64(78)],0.9685650182625705,[np.float64(2.2591778977411514)],[np.float64(3.0356796144635645)],[np.float64(136.4786337253009)]
300,352,351,"[np.int64(324), np.int64(333)]",0.968565018262666,"[np.float64(1.8816850615860516), np.float64(2.0863216056015443)]","[np.float64(2.734121455851933), np.float64(2.765950722008827)]","[np.float64(145.2942516371431), np.float64(125.72198925396059)]"
300,353,351,[np.int64(360)],0.9685650182626673,[np.float64(2.17373025486326)],[np.float64(2.788201318764193)],[np.float64(120.08560522255614)]
300,355,354,[np.int64(534)],0.9685650182627471,[np.float64(1.916614757038649)],[np.float64(2.880336629828156)],[np.float64(172.96852786659252)]
300,356,354,[np.int64(363)],0.9685650182627478,[np.float64(1.8505166881936397)],[np.float64(2.750027208380699)],[np.float64(153.21683208989867)]
300,358,357,[np.int64(510)],0.9685650182624205,[np.float64(2.064282072937913)],[np.float64(2.972391250009966)],[np.float64(155.39632942572084)]
300,359,357,[np.int64(612)],0.968565018262418,[np.float64(2.0113686009137326)],[np.float64(2.963372454132558)],[np.float64(167.0940366219206)]
300,361,360,[np.int64(396)],0.9685650182625769,[np.float64(1.8781415675879107)],[np.float64(2.8151209099025585)],[np.float64(161.96099070005906)]
300,362,360,"[np.int64(381), np.int64(390)]",0.9685650182625792,"[np.float64(1.8936628309186287), np.float64(2.221568788740639)]","[np.float64(2.7322695886147943), np.float64(2.864727616119349)]","[np.float64(143.30233996941286), np.float64(122.8309628534703)]"
300,364,363,[np.int64(372)],0.9685650182625701,[np.float64(1.808608652334421)],[np.float64(2.6587808411435314)],[np.float64(144.7165815038751)]
300,365,363,[np.int64(366)],0.9685650182625634,[np.float64(1.9523294562442755)],[np.float64(2.8636269159103116)],[np.float64(155.84027594303703)]
300,367,366,[np.int64(357)],0.9685650182624435,[np.float64(2.1038499372300272)],[np.float64(2.9587883935410586)],[np.float64(146.28871251352163)]
300,368,366,,0.968565018262444,,,
300,370,369,[np.int64(456)],0.9685650182625805,[np.float64(1.8061476486989554)],[np.float64(2.7050362468086275)],[np.float64(152.98308224959496)]
300,371,369,[np.int64(342)],0.9685650182625831,[np.float64(2.1608348141887155)],[np.float64(2.9520199517540857)],[np.float64(137.92697087221572)]
300,373,372,"[np.int64(516), np.int64(369)]",0.968565018262602,"[np.float64(1.8887003069265536), np.float64(2.2917436943679346)]","[np.float64(2.6639791413318323), np.float64(2.9670363680075824)]","[np.float64(135.09788219351324), np.float64(126.05873412416919)]"
300,374,372,[np.int64(348)],0.9685650182625938,[np.float64(2.036445685297932)],[np.float64(2.9424333124990527)],[np.float64(154.91172419072737)]
300,376,375,[np.int64(393)],0.9685650182625777,[np.float64(2.2315414908654523)],[np.float64(3.1648066781543682)],[np.float64(161.4459993153594)]
300,377,375,,0.9685650182625805,,,
300,379,378,[np.int64(30)],0.9685650182624008,[np.float64(2.060591351982502)],[np.float64(2.956955301986535)],[np.float64(153.0905134728703)]
300,380,378,[np.int64(183)],0.9685650182624884,[np.float64(2.0202833297321847)],[np.float64(2.713580201762429)],[np.float64(126.79167897421615)]
300,382,381,,0.9685650182625622,,,
300,383,381,[np.int64(558)],0.9685650182625636,[np.float64(2.1598387197903235)],[np.float64(3.087882146155527)],[np.float64(160.0170457871367)]
300,385,384,,0.9685650182627461,,,
300,386,384,[np.int64(561)],0.9685650182626558,[np.float64(1.9140208953754316)],[np.float64(2.8606342672336806)],[np.float64(165.0157661849157)]
300,388,387,[np.int64(378)],0.9685650182625768,[np.float64(2.2617744317648634)],[np.float64(3.030046523290949)],[np.float64(135.54553249511622)]
300,389,387,[np.int64(360)],0.9685650182625738,[np.float64(2.0890694786625588)],[np.float64(2.955828130247394)],[np.float64(148.07248051177837)]
300,391,390,[np.int64(399)],0.9685650182625877,[np.float64(2.004445131736343)],[np.float64(2.93982558120091)],[np.float64(161.70749413656074)]
300,392,390,[np.int64(393)],0.9685650182625936,[np.float64(2.390678789979205)],[np.float64(3.006633317026079)],[np.float64(121.01747534947548)]
300,394,393,[np.int64(168)],0.9685650182627424,[np.float64(1.9092438836329175)],[np.float64(2.8610613308616157)],[np.float64(166.90933607461523)]
300,395,393,[np.int64(81)],0.968565018262655,[np.float64(1.7262184206839177)],[np.float64(2.587471911069243)],[np.float64(146.1484664833851)]
300,397,396,[np.int64(456)],0.9685650182625638,[np.float64(1.7576622352561937)],[np.float64(2.6585259258919374)],[np.float64(153.24373939400394)]
300,398,396,[np.int64(162)],0.9685650182625615,[np.float64(1.9463470174092208)],[np.float64(2.8736769656369527)],[np.float64(159.50319824429218)]
300,400,399,[np.int64(369)],0.9685650182625869,[np.float64(1.8620547877081595)],[np.float64(2.712383356355635)],[np.float64(144.91538001981496)]
300,401,399,[np.int64(543)],0.9685650182625924,[np.float64(2.055018134525674)],[np.float64(2.991836557035918)],[np.float64(162.1809886724198)]
300,403,402,[np.int64(375)],0.9685650182627352,[np.float64(2.1633395805409537)],[np.float64(2.8687957971474596)],[np.float64(128.55381969963196)]
300,404,402,"[np.int64(168), np.int64(546)]",0.9685650182627459,"[np.float64(1.9325301109668669), np.float64(2.010280221607491)]","[np.float64(2.803234030819105), np.float64(2.682760631510798)]","[np.float64(148.30774741501548), np.float64(124.71765123007332)]"
300,406,405,[np.int64(432)],0.9685650182627205,[np.float64(1.9763738250070322)],[np.float64(2.8493915975334194)],[np.float64(148.8030224939496)]
300,407,405,[np.int64(330)],0.9685650182627301,[np.float64(2.072193685137527)],[np.float64(2.7728354298995193)],[np.float64(127.73203658416602)]
300,409,408,[np.int64(417)],0.9685650182625788,[np.float64(2.0220989108068737)],[np.float64(2.9111575924619704)],[np.float64(151.667503531541)]
300,410,408,,0.9685650182625741,,,
300,412,411,[np.int64(324)],0.9685650182627092,[np.float64(2.14971514279617)],[np.float64(3.0930606071999907)],[np.float64(164.23477943168123)]
300,413,411,[np.int64(150)],0.9685650182627215,[np.float64(2.3327935793648247)],[np.float64(3.1581105372955536)],[np.float64(142.6776908620634)]
300,415,414,[np.int64(441)],0.9685650182627239,[np.float64(1.8854535505624415)],[np.float64(2.844898383581776)],[np.float64(170.32246641840896)]
300,416,414,[np.int64(444)],0.9685650182627348,[np.float64(1.7829370124721433)],[np.float64(2.71726946991882)],[np.float64(161.04881643065974)]
300,418,417,[np.int64(156)],0.9685650182627421,[np.float64(1.7806275038354427)],[np.float64(2.6862588323192376)],[np.float64(154.26718224133012)]
300,419,417,"[np.int64(426), np.int64(414)]",0.9685650182627455,"[np.float64(2.0529840041010656), np.float64(2.16717916088968)]","[np.float64(2.8104167141394485), np.float64(2.966843471343082)]","[np.float64(133.66040490168257), np.float64(138.97970585850354)]"
300,421,420,[np.int64(417)],0.9685650182627212,[np.float64(1.9448205285751066)],[np.float64(2.7208784642202533)],[np.float64(135.4058220598205)]
300,422,420,[np.int64(411)],0.9685650182627249,[np.float64(2.061065101258907)],[np.float64(2.9982816122971263)],[np.float64(162.30167199889445)]
300,424,423,[np.int64(426)],0.9685650182627438,[np.float64(2.339698675867865)],[np.float64(3.231150604692647)],[np.float64(152.7150459784224)]
300,425,423,[np.int64(339)],0.9685650182626554,[np.float64(2.244317060137306)],[np.float64(3.0933460125227397)],[np.float64(145.7519966143991)]
300,427,426,[np.int64(429)],0.9685650182625907,[np.float64(2.1103523112505442)],[np.float64(2.991011476892517)],[np.float64(150.39789934227647)]
300,428,426,,0.9685650182625887,,,
300,430,429,[np.int64(573)],0.9685650182625567,[np.float64(2.2240826473134736)],[np.float64(2.8988775608706434)],[np.float64(125.7776105369156)]
300,431,429,"[np.int64(303), np.int64(159)]",0.9685650182625675,"[np.float64(2.2184560984351176), np.float64(2.366958151007845)]","[np.float64(3.0855172954221146), np.float64(3.0558243871371618)]","[np.float64(148.41292004738187), np.float64(127.5980050930389)]"
300,433,432,[np.int64(330)],0.9685650182627313,[np.float64(2.165963408367502)],[np.float64(2.93339477509913)],[np.float64(135.1633033688351)]
300,434,432,[np.int64(408)],0.9685650182627319,[np.float64(1.8413540938533894)],[np.float64(2.7419593785971608)],[np.float64(153.40866670508916)]
300,436,435,[np.int64(639)],0.9685650182626795,[np.float64(1.8702647567610637)],[np.float64(2.814150210206769)],[np.float64(164.04790333348862)]
300,437,435,[np.int64(432)],0.9685650182626703,[np.float64(1.930612017333601)],[np.float64(2.7551021575386643)],[np.float64(141.45996519295514)]
300,439,438,"[np.int64(351), np.int64(447)]",0.9685650182624201,"[np.float64(1.9434088266333498), np.float64(2.324047481199418)]","[np.float64(2.831410255445934), np.float64(2.9312697197775486)]","[np.float64(151.2934177936446), np.float64(120.02992760350766)]"
300,440,438,,0.9685650182624204,,,
300,442,441,,0.9685650182625734,,,
300,443,441,,0.9685650182625701,,,
300,445,444,,0.9685650182625866,,,
300,446,444,[np.int64(453)],0.9685650182625825,[np.float64(2.2898285907559592)],[np.float64(3.089502776748536)],[np.float64(139.31467998131072)]
300,448,447,[np.int64(420)],0.9685650182624358,[np.float64(1.8005060304882958)],[np.float64(2.7681045662906074)],[np.float64(176.82562934379808)]
300,449,447,"[np.int64(333), np.int64(351)]",0.96856501826244,"[np.float64(1.9172894763526016), np.float64(2.2903318310486442)]","[np.float64(2.6245040891329907), np.float64(2.9585001250158114)]","[np.float64(127.75206245690129), np.float64(125.3826562520334)]"
300,451,450,[np.int64(441)],0.9685650182625931,[np.float64(2.074174530870555)],[np.float64(3.0094505833461715)],[np.float64(161.77893852828564)]
300,452,450,[np.int64(519)],0.9685650182625914,[np.float64(2.0615589957139235)],[np.float64(2.830297516240679)],[np.float64(134.971679243333)]
300,454,453,,0.9685650182627461,,,
300,455,453,[np.int64(471)],0.9685650182627406,[np.float64(2.1573799962431055)],[np.float64(3.0390244521729715)],[np.float64(150.66572705648645)]
300,457,456,,0.9685650182625685,,,
300,458,456,[np.int64(600)],0.9685650182625678,[np.float64(1.958006367816569)],[np.float64(2.917660020960178)],[np.float64(170.49427585574114)]
300,460,459,"[np.int64(3), np.int64(384)]",0.9685650182624146,"[np.float64(1.9814531717660693), np.float64(2.132306816209616)]","[np.float64(2.693100206930985), np.float64(2.9297055662385527)]","[np.float64(128.48275415681005), np.float64(138.5989237054004)]"
300,461,459,[np.int64(186)],0.9685650182625001,[np.float64(1.8418125411085025)],[np.float64(2.6319489531864506)],[np.float64(136.70454041373998)]
300,463,462,"[np.int64(465), np.int64(264)]",0.9685650182625748,"[np.float64(2.0578535239036597), np.float64(2.356806505077588)]","[np.float64(2.9180573694148335), np.float64(3.1707207398928987)]","[np.float64(146.97261593833082), np.float64(141.25598688615923)]"
300,464,462,[np.int64(435)],0.9685650182625766,[np.float64(1.9542043213345934)],[np.float64(2.7680676764166527)],[np.float64(140.12420381168252)]
300,466,465,[np.int64(387)],0.9685650182625867,[np.float64(1.8472201501711982)],[np.float64(2.7611331507060397)],[np.float64(156.18058339261805)]
300,467,465,[np.int64(438)],0.9685650182624886,[np.float64(2.013035821474411)],[np.float64(2.9168829579564415)],[np.float64(154.4363372584076)]
300,469,468,[np.int64(81)],0.9685650182624451,[np.float64(1.9457835656242215)],[np.float64(2.760204906232962)],[np.float64(140.16907891362777)]
300,470,468,,0.9685650182624411,,,
300,472,471,"[np.int64(474), np.int64(483)]",0.968565018262725,"[np.float64(1.9616956792460636), np.float64(2.21657485377837)]","[np.float64(2.696710380727563), np.float64(2.896948686359596)]","[np.float64(130.85662012242918), np.float64(126.28355952039384)]"
300,473,471,[np.int64(462)],0.9685650182627346,[np.float64(2.3680197938390997)],[np.float64(3.3338687567236556)],[np.float64(174.90603900839193)]
300,475,474,"[np.int64(396), np.int64(447)]",0.968565018262601,"[np.float64(2.0451269839298334), np.float64(2.2036552193985655)]","[np.float64(2.926145585008321), np.float64(2.844562015944667)]","[np.float64(150.31249566339113), np.float64(122.5590915105546)]"
300,476,474,[np.int64(387)],0.9685650182625084,[np.float64(1.9504556422369639)],[np.float64(2.817458521953678)],[np.float64(147.75782587059277)]
300,478,477,[np.int64(450)],0.9685650182624174,[np.float64(1.7066538134271942)],[np.float64(2.47155119146871)],[np.float64(133.07317715656004)]
300,479,477,[np.int64(402)],0.9685650182624128,[np.float64(2.1690186804883305)],[np.float64(3.060580073697588)],[np.float64(152.4251487942472)]
300,481,480,[np.int64(471)],0.9685650182627507,[np.float64(2.267460396467068)],[np.float64(3.113298839215271)],[np.float64(145.3453399528133)]
300,482,480,,0.9685650182627628,,,
300,484,483,,0.9685650182625642,,,
300,485,483,[np.int64(396)],0.9685650182625716,[np.float64(1.9396692998213134)],[np.float64(2.8981876793263486)],[np.float64(169.89066525372866)]
300,487,486,"[np.int64(303), np.int64(573)]",0.9685650182627337,"[np.float64(2.04102564643434), np.float64(2.2391591432997204)]","[np.float64(2.8984198751825274), np.float64(2.8987252077609953)]","[np.float64(146.49928476860848), np.float64(124.40140265724203)]"
300,488,486,[np.int64(495)],0.9685650182627425,[np.float64(1.9080771368065725)],[np.float64(2.8262525873680975)],[np.float64(157.25777231674553)]
300,490,489,[np.int64(513)],0.9685650182624281,[np.float64(2.2629978123613235)],[np.float64(2.956060686424434)],[np.float64(127.6711560350526)]
300,491,489,,0.9685650182624217,,,
300,493,492,[np.int64(489)],0.9685650182627253,[np.float64(1.906238293280273)],[np.float64(2.6311915769704477)],[np.float64(129.55037096630596)]
300,494,492,[np.int64(498)],0.9685650182627346,[np.float64(1.9479225241866387)],[np.float64(2.765983633615289)],[np.float64(140.6557310343119)]
300,496,495,[np.int64(522)],0.9685650182627134,[np.float64(1.7358846248324968)],[np.float64(2.635175614808438)],[np.float64(152.87296347408966)]
300,497,495,"[np.int64(573), np.int64(582)]",0.9685650182627262,"[np.float64(2.1983781394077986), np.float64(2.262779681099795)]","[np.float64(2.9397403953287276), np.float64(2.907871825704838)]","[np.float64(132.39166233378427), np.float64(123.15776110348233)]"
300,499,498,[np.int64(537)],0.9685650182627477,[np.float64(2.2256339193464223)],[np.float64(3.088628112109325)],[np.float64(147.7957773595789)]
300,500,498,[np.int64(228)],0.9685650182627488,[np.float64(1.5715636528854844)],[np.float64(2.503969407594877)],[np.float64(160.06637418100524)]
300,502,501,,0.9685650182625939,,,
300,503,501,[np.int64(231)],0.9685650182625901,[np.float64(1.8819887758528784)],[np.float64(2.8444494990802904)],[np.float64(172.08118512533122)]
300,505,504,,0.9685650182627534,,,
300,506,504,[np.int64(351)],0.9685650182626534,[np.float64(2.259413822438114)],[np.float64(3.1287135692610573)],[np.float64(148.85158487001235)]
300,508,507,[np.int64(531)],0.9685650182627541,[np.float64(1.9440954856322294)],[np.float64(2.7926447362854616)],[np.float64(144.90305215826808)]
300,509,507,"[np.int64(327), np.int64(354)]",0.9685650182627573,"[np.float64(2.162403188953219), np.float64(2.2458894441734136)]","[np.float64(2.936869119985921), np.float64(2.9353870799759347)]","[np.float64(135.95834124715506), np.float64(127.26621333563804)]"
300,511,510,[np.int64(363)],0.968565018262566,[np.float64(2.1482232194052533)],[np.float64(3.029238256412127)],[np.float64(150.53960825108447)]
300,512,510,[np.int64(507)],0.9685650182625607,[np.float64(1.7669081495457444)],[np.float64(2.7324561378383505)],[np.float64(174.37234970440824)]
300,514,513,[np.int64(543)],0.9685650182626676,[np.float64(2.1808291415875205)],[np.float64(2.988146100826143)],[np.float64(139.97237603904023)]
300,515,513,[np.int64(369)],0.9685650182626604,[np.float64(2.3306038362892965)],[np.float64(3.1678616193715587)],[np.float64(144.28293895760677)]
300,517,516,[np.int64(348)],0.9685650182625942,[np.float64(2.1298389098273436)],[np.float64(3.04448594688556)],[np.float64(156.88535864358002)]
300,518,516,[np.int64(519)],0.9685650182625849,[np.float64(2.084001354162724)],[np.float64(2.9167148965739798)],[np.float64(143.04646209443672)]
300,520,519,[np.int64(594)],0.9685650182624274,[np.float64(2.017179949541438)],[np.float64(2.8281428220939815)],[np.float64(139.9523358571727)]
300,521,519,,0.9685650182624195,,,
300,523,522,[np.int64(618)],0.9685650182625831,[np.float64(1.985307407579677)],[np.float64(2.7719353563167024)],[np.float64(136.8129593994576)]
300,524,522,[np.int64(525)],0.9685650182625839,[np.float64(2.058978430734252)],[np.float64(2.8342493503223816)],[np.float64(135.71876398642485)]
300,526,525,[np.int64(531)],0.9685650182625907,[np.float64(1.969009971281211)],[np.float64(2.8608251370519087)],[np.float64(152.04605442405705)]
300,527,525,,0.9685650182625865,,,
300,529,528,"[np.int64(498), np.int64(525)]",0.9685650182625732,"[np.float64(1.9034022104463528), np.float64(2.1605881754616414)]","[np.float64(2.6539524140693063), np.float64(2.9294594847563697)]","[np.float64(132.31923739825658), np.float64(135.3104281586707)]"
300,530,528,,0.9685650182625813,,,
300,532,531,[np.int64(558)],0.9685650182625782,[np.float64(2.2034498556754385)],[np.float64(3.076558785309965)],[np.float64(149.3457215833238)]
300,533,531,[np.int64(504)],0.9685650182625813,[np.float64(2.2401646254694025)],[np.float64(3.1053607444739812)],[np.float64(148.16765784957738)]
300,535,534,[np.int64(537)],0.9685650182625963,[np.float64(1.9091399704876952)],[np.float64(2.85569491498304)],[np.float64(164.98936907493044)]
300,536,534,[np.int64(384)],0.9685650182625849,[np.float64(2.125459987196187)],[np.float64(2.9578058016535143)],[np.float64(143.10883723662033)]
300,538,537,"[np.int64(585), np.int64(510)]",0.9685650182623983,"[np.float64(1.9030901002154201), np.float64(2.341477645029016)]","[np.float64(2.6109696734502656), np.float64(3.0173802435382755)]","[np.float64(127.75655185000356), np.float64(126.28003350999603)]"
300,539,537,,0.9685650182624883,,,
300,541,540,[np.int64(543)],0.9685650182625857,[np.float64(2.351634353555174)],[np.float64(3.1071607471696625)],[np.float64(134.38035962422074)]
300,542,540,[np.int64(162)],0.9685650182626722,[np.float64(1.7754199156609105)],[np.float64(2.741398715491068)],[np.float64(174.7941314005208)]
300,544,543,"[np.int64(528), np.int64(555)]",0.9685650182627265,"[np.float64(2.3881363125274304), np.float64(2.390382814929175)]","[np.float64(3.308204569782391), np.float64(3.0961826123234837)]","[np.float64(158.45513572770074), np.float64(129.32302314970434)]"
300,545,543,[np.int64(165)],0.9685650182627337,[np.float64(1.8619399843849878)],[np.float64(2.7150784424165093)],[np.float64(145.3387162982416)]
300,547,546,[np.int64(519)],0.968565018262587,[np.float64(2.2043695307511237)],[np.float64(3.1379985932394536)],[np.float64(161.50792127716355)]
300,548,546,,0.9685650182624943,,,
300,550,549,[np.int64(540)],0.9685650182624406,[np.float64(2.175507333996423)],[np.float64(2.92883118109304)],[np.float64(133.61650576624683)]
300,551,549,[np.int64(645)],0.9685650182624383,[np.float64(2.096382306797747)],[np.float64(2.7581946127944543)],[np.float64(124.06533615328848)]
300,553,552,[np.int64(549)],0.9685650182625691,[np.float64(2.3986681611668703)],[np.float64(3.1757761190603024)],[np.float64(136.9199332470955)]
300,554,552,[np.int64(525)],0.9685650182625731,[np.float64(1.902654884143565)],[np.float64(2.861577211855846)],[np.float64(170.06415188993586)]
300,556,555,[np.int64(528)],0.968565018262604,[np.float64(1.9533289517344297)],[np.float64(2.7132517513260503)],[np.float64(133.5729168311786)]
300,557,555,[np.int64(594)],0.9685650182625121,[np.float64(2.2481133192234544)],[np.float64(3.0633117000280135)],[np.float64(141.15419640048117)]
300,559,558,[np.int64(645)],0.9685650182624317,[np.float64(2.3777422380505757)],[np.float64(3.276072192144329)],[np.float64(154.0292703413522)]
300,560,558,,0.9685650182624285,,,
300,562,561,[np.int64(552)],0.9685650182625812,[np.float64(1.8505103839922104)],[np.float64(2.7305856972604685)],[np.float64(149.65552718623047)]
300,563,561,[np.int64(564)],0.9685650182625802,[np.float64(2.1632753001932876)],[np.float64(2.9588350940215387)],[np.float64(138.4648066336609)]
300,565,564,"[np.int64(630), np.int64(252)]",0.9685650182627376,"[np.float64(1.7802878851211505), np.float64(2.266542360681207)]","[np.float64(2.6682093266043982), np.float64(2.9769103588390826)]","[np.float64(150.847572294361), np.float64(129.39701256312455)]"
300,566,564,[np.int64(639)],0.9685650182627507,[np.float64(2.3327038230697315)],[np.float64(3.0739883998897364)],[np.float64(132.7922850829925)]
300,568,567,"[np.int64(423), np.int64(348)]",0.9685650182625781,"[np.float64(2.2837233799721), np.float64(2.328568233263579)]","[np.float64(3.2038582593647806), np.float64(2.9385580250758587)]","[np.float64(158.32930760054785), np.float64(120.28503029825409)]"
300,569,567,[np.int64(519)],0.968565018262582,[np.float64(2.017695006118889)],[np.float64(2.967737620624245)],[np.float64(166.3569970854507)]
300,571,570,"[np.int64(573), np.int64(429)]",0.9685650182625056,"[np.float64(1.9778779780416462), np.float64(2.289095801183263)]","[np.float64(2.7874579594504407), np.float64(3.0508657435621225)]","[np.float64(139.64707614361603), np.float64(134.89406226070508)]"
300,572,570,[np.int64(597)],0.9685650182625009,[np.float64(2.285804814609818)],[np.float64(3.0839981039002353)],[np.float64(139.1232864831507)]
300,574,573,[np.int64(312)],0.9685650182627189,[np.float64(2.250270317775814)],[np.float64(3.0704473785141997)],[np.float64(141.8044672565018)]
300,575,573,[np.int64(579)],0.9685650182627232,[np.float64(2.0217491805620385)],[np.float64(2.671552076114426)],[np.float64(122.62718943280879)]
300,577,576,,0.9685650182625817,,,
300,578,576,[np.int64(315)],0.968565018262587,[np.float64(1.949099017490666)],[np.float64(2.7818339242081844)],[np.float64(142.6514157774472)]
300,580,579,"[np.int64(576), np.int64(309)]",0.9685650182625886,"[np.float64(2.0580852399210157), np.float64(2.1019337597983117)]","[np.float64(2.7588997024466915), np.float64(2.9488248227511886)]","[np.float64(127.6940338418738), np.float64(145.09744513271565)]"
300,581,579,[np.int64(582)],0.9685650182625869,[np.float64(2.012561689058166)],[np.float64(2.803494763485665)],[np.float64(137.42859582730242)]
300,583,582,,0.9685650182625584,,,
300,584,582,[np.int64(609)],0.9685650182625583,[np.float64(2.1012261156326977)],[np.float64(3.0508969667011163)],[np.float64(166.30949401383745)]
300,586,585,[np.int64(240)],0.9685650182625937,[np.float64(1.885092802509668)],[np.float64(2.8255095721385874)],[np.float64(162.9840144776736)]
300,587,585,"[np.int64(588), np.int64(405)]",0.968565018262509,"[np.float64(2.108947913890264), np.float64(2.199018238266419)]","[np.float64(2.8290104452253733), np.float64(2.8232670898189527)]","[np.float64(129.84522065852912), np.float64(121.04844559766468)]"
300,589,588,,0.9685650182627604,,,
300,590,588,[np.int64(591)],0.9685650182627606,[np.float64(1.6817373420606878)],[np.float64(2.610072185887117)],[np.float64(159.2344722389934)]
300,592,591,[np.int64(411)],0.9685650182627357,[np.float64(1.904097118580154)],[np.float64(2.8283373927276343)],[np.float64(158.6683969995962)]
300,593,591,[np.int64(504)],0.9685650182626486,[np.float64(1.9995686203181975)],[np.float64(2.70664024551567)],[np.float64(128.08997663795094)]
300,595,594,[np.int64(621)],0.9685650182626686,[np.float64(1.7279128992418067)],[np.float64(2.5881590894581814)],[np.float64(145.99444074386764)]
300,596,594,"[np.int64(630), np.int64(603)]",0.968565018262668,"[np.float64(2.0015851373113573), np.float64(2.223104056993028)]","[np.float64(2.8731037994402193), np.float64(2.9711857728010633)]","[np.float64(148.62171775927936), np.float64(133.1940300901711)]"
300,598,597,[np.int64(594)],0.968565018262746,[np.float64(1.9741318106219443)],[np.float64(2.7217452308502845)],[np.float64(132.27735039982204)]
300,599,597,[np.int64(450)],0.9685650182627374,[np.float64(2.1292950516347084)],[np.float64(2.9840451857496055)],[np.float64(146.32331736500248)]
300,601,600,[np.int64(540)],0.9685650182624175,[np.float64(1.9254175131619797)],[np.float64(2.889226194114099)],[np.float64(173.03720177996306)]
300,602,600,,0.9685650182624184,,,
300,604,603,[np.int64(564)],0.9685650182625751,[np.float64(2.3361459355799687)],[np.float64(3.2002252730993237)],[np.float64(148.19100775958236)]
300,605,603,[np.int64(501)],0.9685650182625726,[np.float64(1.9924018171702884)],[np.float64(2.8699971339978583)],[np.float64(149.6056663688832)]
300,607,606,[np.int64(579)],0.9685650182625719,[np.float64(1.967017644983394)],[np.float64(2.666845280679742)],[np.float64(127.21966273097041)]
300,608,606,[np.int64(609)],0.9685650182625689,[np.float64(2.1478261178688225)],[np.float64(2.983186577769793)],[np.float64(143.5830841875775)]
300,610,609,,0.9685650182625718,,,
300,611,609,[np.int64(636)],0.968565018262575,[np.float64(1.914983159150722)],[np.float64(2.6362369558883834)],[np.float64(129.1981817198534)]
300,613,612,"[np.int64(588), np.int64(585)]",0.9685650182625842,"[np.float64(2.085601174886525), np.float64(2.1143031381939146)]","[np.float64(2.8757076297582103), np.float64(2.8962582148487477)]","[np.float64(137.56688027541813), np.float64(136.68350625782796)]"
300,614,612,,0.9685650182625827,,,
300,616,615,"[np.int64(435), np.int64(438)]",0.9685650182625904,"[np.float64(2.2687647481307387), np.float64(2.3697124032194803)]","[np.float64(3.0437262887510697), np.float64(3.097274730459861)]","[np.float64(136.32822296338395), np.float64(131.46230417687045)]"
300,617,615,[np.int64(612)],0.9685650182625877,[np.float64(2.0734541727338356)],[np.float64(2.9965714856534396)],[np.float64(158.69707592134571)]
300,619,618,[np.int64(438)],0.9685650182624176,[np.float64(1.8968256789138431)],[np.float64(2.777921629081261)],[np.float64(149.95825882672048)]
300,620,618,[np.int64(645)],0.9685650182624128,[np.float64(2.0834198453192183)],[np.float64(3.037218967337564)],[np.float64(167.88315357068217)]
300,622,621,[np.int64(546)],0.96856501826249,[np.float64(2.1475776121995542)],[np.float64(2.9252960486644377)],[np.float64(136.2901677214152)]
300,623,621,,0.9685650182625815,,,
300,625,624,[np.int64(627)],0.9685650182625822,[np.float64(1.711265186608604)],[np.float64(2.670097344704632)],[np.float64(169.8313358976752)]
300,626,624,[np.int64(480)],0.9685650182625827,[np.float64(2.2355908958122486)],[np.float64(3.0696585616843866)],[np.float64(143.6250089790577)]
300,628,627,"[np.int64(609), np.int64(600)]",0.9685650182626813,"[np.float64(2.244665816841542), np.float64(2.362046395590912)]","[np.float64(2.962960572454067), np.float64(3.1910467704267025)]","[np.float64(130.12942902852433), np.float64(143.23301717394494)]"
300,629,627,[np.int64(597)],0.968565018262585,[np.float64(1.785519828836201)],[np.float64(2.6527646782824705)],[np.float64(147.31095069276847)]
300,631,630,[np.int64(606)],0.9685650182624166,[np.float64(1.8564469096020417)],[np.float64(2.810677752260446)],[np.float64(167.83272780312691)]
300,632,630,[np.int64(624)],0.9685650182624225,[np.float64(2.118861934321921)],[np.float64(2.758729737768178)],[np.float64(122.12907762807058)]
300,634,633,[np.int64(624)],0.9685650182627513,[np.float64(2.289160225433542)],[np.float64(2.942783188886192)],[np.float64(124.02984437926203)]
300,635,633,[np.int64(255)],0.9685650182627564,[np.float64(2.254805818933635)],[np.float64(3.2171927336557684)],[np.float64(172.26031216797455)]
300,637,636,[np.int64(633)],0.9685650182627582,[np.float64(1.9012334137956919)],[np.float64(2.8313680137295743)],[np.float64(160.1373663546134)]
300,638,636,[np.int64(249)],0.9685650182626742,[np.float64(1.7002579565882947)],[np.float64(2.6426420238659465)],[np.float64(163.2913757224147)]
300,640,639,,0.9685650182624193,,,
300,641,639,[np.int64(264)],0.9685650182624242,[np.float64(2.2940068636234034)],[np.float64(2.91793080627064)],[np.float64(121.37700175724727)]
300,643,642,,0.968565018262589,,,
300,644,642,[np.int64(615)],0.9685650182625866,[np.float64(1.9379603851756222)],[np.float64(2.8673072317479824)],[np.float64(159.9981992034982)]
300,646,645,[np.int64(465)],0.9685650182627381,[np.float64(1.73304951459711)],[np.float64(2.6803279428852465)],[np.float64(164.98870487917642)]
300,647,645,,0.9685650182627457,,,
350,1,0,[np.int64(294)],0.9685650182627157,[np.float64(2.2256556702548864)],[np.float64(3.082850700206679)],[np.float64(146.91410809522614)]
350,2,0,[np.int64(9)],0.968565018262731,[np.float64(2.118545724014365)],[np.float64(3.0828507036456285)],[np.float64(173.5118723998413)]
350,4,3,[np.int64(81)],0.9685650182624459,[np.float64(2.140231143907207)],[np.float64(3.065644925045835)],[np.float64(159.34728919643126)]
350,5,3,[np.int64(384)],0.9685650182624355,[np.float64(2.2589736575784842)],[np.float64(3.075134964348632)],[np.float64(141.30564138604544)]
350,7,6,[np.int64(213)],0.9685650182626512,[np.float64(2.0116317489736395)],[np.float64(2.9271782146372005)],[np.float64(156.87147846223354)]
350,8,6,[np.int64(174)],0.9685650182626571,[np.float64(2.366754139501864)],[np.float64(3.1730760545845964)],[np.float64(140.3253241765169)]
350,10,9,[np.int64(96)],0.9685650182627439,[np.float64(2.18901674533535)],[np.float64(3.052586089725677)],[np.float64(147.80414072498667)]
350,11,9,[np.int64(12)],0.9685650182627575,[np.float64(1.9140592982006372)],[np.float64(2.8809012620721988)],[np.float64(175.80558752816458)]
350,13,12,[np.int64(15)],0.968565018262765,[np.float64(2.2189259792961487)],[np.float64(3.0884901091787174)],[np.float64(148.8094464099709)]
350,14,12,[np.int64(381)],0.9685650182627639,[np.float64(2.3619112264309625)],[np.float64(3.2870709984857007)],[np.float64(159.5899171296128)]
350,16,15,[np.int64(39)],0.9685650182627138,[np.float64(1.7887947295086795)],[np.float64(2.556041092093146)],[np.float64(133.73306451128965)]
350,17,15,[np.int64(81)],0.9685650182627217,[np.float64(1.8389226536532413)],[np.float64(2.775029847744447)],[np.float64(161.64689401144125)]
350,19,18,[np.int64(96)],0.9685650182626132,[np.float64(2.096940620548117)],[np.float64(2.8755486634991674)],[np.float64(136.23421123585584)]
350,20,18,"[np.int64(390), np.int64(12)]",0.9685650182625211,"[np.float64(1.9342777015420605), np.float64(2.341768704801704)]","[np.float64(2.7623955868896415), np.float64(3.112207772383434)]","[np.float64(141.96638514133807), np.float64(136.01254120420776)]"
350,22,21,[np.int64(189)],0.9685650182626744,[np.float64(1.7495547796848288)],[np.float64(2.695203173418013)],[np.float64(164.44981762018045)]
350,23,21,[np.int64(390)],0.9685650182626763,[np.float64(2.071687272794932)],[np.float64(2.7816953395798847)],[np.float64(128.67519825782705)]
350,25,24,,0.9685650182625705,,,
350,26,24,"[np.int64(39), np.int64(15)]",0.9685650182625718,"[np.float64(1.9895234819523366), np.float64(2.1495684775874038)]","[np.float64(2.8585067080022943), np.float64(2.9112477205923035)]","[np.float64(148.17973335101476), np.float64(134.46179027533563)]"
350,28,27,[np.int64(57)],0.968565018262742,[np.float64(2.0268063784332524)],[np.float64(2.911614428563154)],[np.float64(150.92529648281638)]
350,29,27,"[np.int64(123), np.int64(36)]",0.9685650182627527,"[np.float64(2.207992300941605), np.float64(2.3182211833290873)]","[np.float64(2.997085586232337), np.float64(2.931640949798811)]","[np.float64(137.81252432743594), np.float64(120.54518253894956)]"
350,31,30,[np.int64(33)],0.9685650182626175,[np.float64(2.1536222026360274)],[np.float64(2.9561573079842756)],[np.float64(139.2966166746899)]
350,32,30,[np.int64(27)],0.9685650182626105,[np.float64(2.212327364814575)],[np.float64(3.1789191242970922)],[np.float64(175.6141504698863)]
350,34,33,[np.int64(42)],0.9685650182624285,[np.float64(2.115578082174204)],[np.float64(2.852478037688362)],[np.float64(131.63689850449873)]
350,35,33,[np.int64(108)],0.9685650182624272,[np.float64(2.3550392519805277)],[np.float64(3.202690593752553)],[np.float64(145.79426021820385)]
350,37,36,[np.int64(48)],0.9685650182627115,[np.float64(1.9441656745905105)],[np.float64(2.8200811479231187)],[np.float64(149.20086066732836)]
350,38,36,[np.int64(63)],0.9685650182627176,[np.float64(2.1392592026061026)],[np.float64(2.9368045574903756)],[np.float64(138.63754558053148)]
350,40,39,[np.int64(36)],0.9685650182627217,[np.float64(2.0421681905007287)],[np.float64(2.9307042865598687)],[np.float64(151.61878903591239)]
350,41,39,[np.int64(66)],0.9685650182627221,[np.float64(1.9443477262340012)],[np.float64(2.759459970331748)],[np.float64(140.25488585044445)]
350,43,42,[np.int64(117)],0.9685650182624442,[np.float64(1.785436361341601)],[np.float64(2.7159411641047573)],[np.float64(160.01905667099436)]
350,44,42,,0.9685650182624415,,,
350,46,45,[np.int64(105)],0.9685650182627177,[np.float64(2.3640336176354486)],[np.float64(3.1127477847686036)],[np.float64(133.67527023700595)]
350,47,45,,0.9685650182627185,,,
350,49,48,[np.int64(24)],0.9685650182625766,[np.float64(2.2656592612109816)],[np.float64(2.9377548357518664)],[np.float64(125.66758233005102)]
350,50,48,[np.int64(18)],0.9685650182625645,[np.float64(2.270781127165039)],[np.float64(3.148062513257179)],[np.float64(150.16351705614198)]
350,52,51,[np.int64(99)],0.9685650182624175,[np.float64(1.8706238109494608)],[np.float64(2.6950705190918893)],[np.float64(141.2507990857143)]
350,53,51,[np.int64(117)],0.968565018262416,[np.float64(2.3544961016674764)],[np.float64(3.248405436861453)],[np.float64(153.18092133933817)]
350,55,54,[np.int64(150)],0.968565018262416,[np.float64(1.9619711214045084)],[np.float64(2.874434191025055)],[np.float64(156.1080270495865)]
350,56,54,[np.int64(342)],0.9685650182625001,[np.float64(2.0586632594705048)],[np.float64(2.7723572032641837)],[np.float64(129.0015908481025)]
350,58,57,[np.int64(327)],0.968565018262567,[np.float64(2.0587311172918143)],[np.float64(2.9369163879205646)],[np.float64(149.86381356464176)]
350,59,57,[np.int64(33)],0.9685650182625666,[np.float64(2.2838186312997855)],[np.float64(2.964205191160213)],[np.float64(126.51673711919378)]
350,61,60,[np.int64(213)],0.9685650182626053,[np.float64(2.0470821131983468)],[np.float64(2.9447187003534903)],[np.float64(153.30233308196838)]
350,62,60,[np.int64(33)],0.9685650182625074,[np.float64(2.069194077411663)],[np.float64(2.7758062953280604)],[np.float64(128.32111751039244)]
350,64,63,[np.int64(72)],0.9685650182626009,[np.float64(1.933746979125471)],[np.float64(2.7797968645666637)],[np.float64(144.50431877086723)]
350,65,63,[np.int64(345)],0.9685650182625974,[np.float64(1.866396068783424)],[np.float64(2.7565644640487657)],[np.float64(151.4925008615515)]
350,67,66,,0.9685650182627398,,,
350,68,66,[np.int64(336)],0.968565018262743,[np.float64(1.5800248036385258)],[np.float64(2.479408260093827)],[np.float64(152.41832880653732)]
350,70,69,"[np.int64(144), np.int64(51)]",0.9685650182627493,"[np.float64(2.0693676508793017), np.float64(2.208097241270712)]","[np.float64(2.8583977551813793), np.float64(2.8330260755080636)]","[np.float64(137.38507450629896), np.float64(121.14412812918684)]"
350,71,69,[np.int64(66)],0.9685650182626584,[np.float64(1.7810847544028667)],[np.float64(2.7447154362668926)],[np.float64(172.8125657722588)]
350,73,72,[np.int64(159)],0.9685650182624334,[np.float64(2.054002797439707)],[np.float64(2.9531182336310544)],[np.float64(153.59807320179831)]
350,74,72,[np.int64(486)],0.9685650182624318,[np.float64(2.267414131195865)],[np.float64(3.1847228050244203)],[np.float64(157.67930881751107)]
350,76,75,[np.int64(219)],0.9685650182626684,[np.float64(2.0963615478994297)],[np.float64(2.9960912368369232)],[np.float64(153.80044390005324)]
350,77,75,[np.int64(63)],0.9685650182626758,[np.float64(1.8683472220597794)],[np.float64(2.83437010735633)],[np.float64(174.88420084532237)]
350,79,78,[np.int64(195)],0.9685650182626504,[np.float64(2.096093253306546)],[np.float64(3.0409090533684644)],[np.float64(164.64175484996844)]
350,80,78,[np.int64(69)],0.9685650182626544,[np.float64(2.287187726485474)],[np.float64(3.161437033489687)],[np.float64(149.69987515365526)]
350,82,81,[np.int64(468)],0.9685650182626481,[np.float64(2.0634966290525645)],[np.float64(3.0013976831233036)],[np.float64(162.49979316321864)]
350,83,81,[np.int64(90)],0.9685650182626544,[np.float64(2.179894101855074)],[np.float64(3.0807203929222853)],[np.float64(154.16794101311632)]
350,85,84,[np.int64(462)],0.96856501826243,[np.float64(1.8358570459741175)],[np.float64(2.7784259699172553)],[np.float64(163.57486658111105)]
350,86,84,"[np.int64(459), np.int64(81)]",0.9685650182624288,"[np.float64(2.1902090219864427), np.float64(2.3223444951642223)]","[np.float64(2.8085426364791504), np.float64(3.086123843587013)]","[np.float64(120.49114479023329), np.float64(135.21128382482001)]"
350,88,87,,0.9685650182625667,,,
350,89,87,,0.9685650182625747,,,
350,91,90,,0.9685650182625649,,,
350,92,90,[np.int64(102)],0.9685650182625717,[np.float64(2.3531662871945684)],[np.float64(3.1535933085532486)],[np.float64(139.56613267325372)]
350,94,93,[np.int64(87)],0.9685650182625897,[np.float64(1.8890872923101305)],[np.float64(2.7253642227008315)],[np.float64(142.95600745174585)]
350,95,93,[np.int64(84)],0.9685650182625867,[np.float64(2.050636228869852)],[np.float64(2.996136977926615)],[np.float64(164.81251012106813)]
350,97,96,[np.int64(102)],0.9685650182625763,[np.float64(2.1521142651872145)],[np.float64(2.911645278767899)],[np.float64(134.2294353975587)]
350,98,96,,0.9685650182625793,,,
350,100,99,[np.int64(126)],0.9685650182626739,[np.float64(1.8473439656553918)],[np.float64(2.7757896096898915)],[np.float64(159.6047685854493)]
350,101,99,,0.9685650182625856,,,
350,103,102,[np.int64(471)],0.9685650182627369,[np.float64(1.8940831088760612)],[np.float64(2.7795537225645917)],[np.float64(150.7176617140804)]
350,104,102,[np.int64(480)],0.9685650182627423,[np.float64(1.9128543346466418)],[np.float64(2.691535122778717)],[np.float64(135.59536692353558)]
350,106,105,[np.int64(276)],0.9685650182625491,[np.float64(2.0160813645481226)],[np.float64(2.9244417232123117)],[np.float64(155.35477779975167)]
350,107,105,[np.int64(21)],0.9685650182625578,[np.float64(2.1344948152089103)],[np.float64(3.0953110704221154)],[np.float64(171.25847999520397)]
350,109,108,[np.int64(213)],0.9685650182626656,[np.float64(2.02965417382712)],[np.float64(2.6959859172282634)],[np.float64(124.21374971857888)]
350,110,108,[np.int64(261)],0.9685650182626656,[np.float64(2.0406674525857236)],[np.float64(3.0012619694781204)],[np.float64(171.07086023239313)]
350,112,111,[np.int64(135)],0.9685650182627569,[np.float64(2.359154782109746)],[np.float64(3.235169628213761)],[np.float64(150.12223898993366)]
350,113,111,[np.int64(84)],0.9685650182627465,[np.float64(2.0560304961228444)],[np.float64(2.8927322041301324)],[np.float64(143.5222601092159)]
350,115,114,,0.9685650182624358,,,
350,116,114,[np.int64(135)],0.9685650182624357,[np.float64(1.9842587470612882)],[np.float64(2.719247113237031)],[np.float64(130.9440439908192)]
350,118,117,[np.int64(144)],0.968565018262738,[np.float64(1.7228212820376274)],[np.float64(2.658934839979355)],[np.float64(161.43708151940075)]
350,119,117,[np.int64(120)],0.9685650182627356,[np.float64(2.194860484498498)],[np.float64(3.0942730079890888)],[np.float64(153.92524440757282)]
350,121,120,[np.int64(93)],0.968565018262579,[np.float64(1.7049161725142274)],[np.float64(2.6489206009112936)],[np.float64(163.82579515888327)]
350,122,120,[np.int64(102)],0.9685650182625746,[np.float64(2.1353077808092666)],[np.float64(2.8260784416355436)],[np.float64(126.99536812486788)]
350,124,123,[np.int64(96)],0.9685650182624237,[np.float64(2.0961153946123274)],[np.float64(3.0205041010870004)],[np.float64(159.03437051776805)]
350,125,123,,0.9685650182624216,,,
350,127,126,[np.int64(147)],0.9685650182625599,[np.float64(1.9243167793590354)],[np.float64(2.872807249231374)],[np.float64(165.6847594987997)]
350,128,126,,0.9685650182625647,,,
350,130,129,[np.int64(132)],0.9685650182625933,[np.float64(1.9416781767207953)],[np.float64(2.900699866503829)],[np.float64(170.1490546543979)]
350,131,129,[np.int64(102)],0.9685650182625913,[np.float64(1.7764393086088168)],[np.float64(2.706458467606879)],[np.float64(159.8737170482543)]
350,133,132,"[np.int64(72), np.int64(159)]",0.9685650182625503,"[np.float64(2.112943411099061), np.float64(2.3643776101601284)]","[np.float64(2.9393199611584073), np.float64(3.1277162250862944)]","[np.float64(142.26428987250824), np.float64(135.27637860970836)]"
350,134,132,[np.int64(45)],0.9685650182625597,[np.float64(1.7071720756958173)],[np.float64(2.62705073307438)],[np.float64(157.21011686089577)]
350,136,135,[np.int64(318)],0.9685650182624038,[np.float64(1.9722962782321074)],[np.float64(2.8907103897872974)],[np.float64(157.4360852000779)]
350,137,135,[np.int64(405)],0.9685650182624939,[np.float64(1.8347742518181878)],[np.float64(2.6787210438071423)],[np.float64(143.8802235561517)]
350,139,138,[np.int64(120)],0.9685650182625608,[np.float64(2.097226514696863)],[np.float64(2.722912239515629)],[np.float64(120.75975290294231)]
350,140,138,[np.int64(135)],0.9685650182625668,[np.float64(1.8545342785875656)],[np.float64(2.7839845005695865)],[np.float64(159.87599155715142)]
350,142,141,[np.int64(324)],0.9685650182625911,[np.float64(2.0774144330656563)],[np.float64(2.916986213622565)],[np.float64(143.98488163790788)]
350,143,141,"[np.int64(27), np.int64(294)]",0.9685650182624912,"[np.float64(2.086568498640908), np.float64(2.0966843338222305)]","[np.float64(2.771182124576124), np.float64(2.8496153872664025)]","[np.float64(126.2063738287858), np.float64(133.3119957020043)]"
350,145,144,[np.int64(108)],0.9685650182626004,[np.float64(1.8266805469919107)],[np.float64(2.721645869782363)],[np.float64(152.2824198613394)]
350,146,144,[np.int64(405)],0.9685650182625974,[np.float64(2.115170448413104)],[np.float64(2.98071537703455)],[np.float64(147.943084182211)]
350,148,147,,0.9685650182625741,,,
350,149,147,[np.int64(417)],0.9685650182625792,[np.float64(2.068526028896063)],[np.float64(2.8215830057909344)],[np.float64(133.2280485635074)]
350,151,150,[np.int64(417)],0.9685650182626151,[np.float64(1.9450621969830684)],[np.float64(2.874409188918888)],[np.float64(160.01036621846836)]
350,152,150,"[np.int64(120), np.int64(123)]",0.968565018262519,"[np.float64(2.1992451375469084), np.float64(2.235692477443322)]","[np.float64(3.0474162923375574), np.float64(2.865813560563616)]","[np.float64(145.52343503285746), np.float64(121.71121930929498)]"
350,154,153,[np.int64(423)],0.9685650182624223,[np.float64(1.873608996860303)],[np.float64(2.82180044987676)],[np.float64(165.51327000122373)]
350,155,153,[np.int64(126)],0.9685650182624174,[np.float64(2.3356435776699622)],[np.float64(3.26742952374673)],[np.float64(161.18757686423433)]
350,157,156,[np.int64(300)],0.9685650182625951,[np.float64(1.7775450595620794)],[np.float64(2.6786606902710455)],[np.float64(153.3467239851966)]
350,158,156,[np.int64(570)],0.9685650182626029,[np.float64(2.0498565202074417)],[np.float64(2.900814257277186)],[np.float64(145.55662801862832)]
350,160,159,[np.int64(420)],0.9685650182627287,[np.float64(1.8838562101140321)],[np.float64(2.73770653532096)],[np.float64(145.51502736114844)]
350,161,159,[np.int64(150)],0.9685650182627336,[np.float64(2.146053577255548)],[np.float64(2.970567814618963)],[np.float64(142.10539833895632)]
350,163,162,,0.9685650182626462,,,
350,164,162,[np.int64(21)],0.9685650182626564,[np.float64(2.0471608796775724)],[np.float64(2.945385672193081)],[np.float64(153.41413046098742)]
350,166,165,,0.9685650182624346,,,
350,167,165,[np.int64(204)],0.9685650182624311,[np.float64(2.1475709846334254)],[np.float64(3.0728334075047643)],[np.float64(159.3219247593044)]
350,169,168,[np.int64(15)],0.9685650182627428,[np.float64(2.0895803760443883)],[np.float64(2.851778145987127)],[np.float64(134.32248384816418)]
350,170,168,"[np.int64(21), np.int64(24)]",0.968565018262746,"[np.float64(2.065728752366668), np.float64(2.122158966308479)]","[np.float64(2.904176367418465), np.float64(2.816144723202715)]","[np.float64(143.79433827428468), np.float64(127.26212553862892)]"
350,172,171,"[np.int64(636), np.int64(549)]",0.9685650182627433,"[np.float64(2.208536408697339), np.float64(2.3382114153443316)]","[np.float64(3.1076481827509714), np.float64(2.964509766723604)]","[np.float64(153.89283014127952), np.float64(121.742914893498)]"
350,173,171,[np.int64(180)],0.9685650182627527,[np.float64(1.6546417911555245)],[np.float64(2.607231801644783)],[np.float64(166.88875796069362)]
350,175,174,[np.int64(204)],0.9685650182626694,[np.float64(2.044993659778218)],[np.float64(2.947919562654145)],[np.float64(154.3189896927611)]
350,176,174,[np.int64(165)],0.9685650182626643,[np.float64(2.253419160674103)],[np.float64(2.8764246497890644)],[np.float64(121.14674893545285)]
350,178,177,[np.int64(186)],0.9685650182627396,[np.float64(1.825584588537537)],[np.float64(2.777121971872609)],[np.float64(166.6989094600514)]
350,179,177,[np.int64(630)],0.968565018262748,[np.float64(1.8618209128263195)],[np.float64(2.8203042949168102)],[np.float64(169.80284842788228)]
350,181,180,[np.int64(0)],0.9685650182626107,[np.float64(1.845916282815556)],[np.float64(2.6859860373666242)],[np.float64(143.3542652977074)]
350,182,180,"[np.int64(558), np.int64(549)]",0.9685650182625198,"[np.float64(2.355338247581987), np.float64(2.3740788586020005)]","[np.float64(3.281696621616626), np.float64(3.009349039692773)]","[np.float64(159.86670624739443), np.float64(122.66006646194235)]"
350,184,183,,0.968565018262677,,,
350,185,183,"[np.int64(210), np.int64(180)]",0.9685650182627726,"[np.float64(1.8343962071991078), np.float64(2.2931712664320387)]","[np.float64(2.605060436739237), np.float64(3.1027408729882833)]","[np.float64(134.3319701134663), np.float64(140.5519387058766)]"
350,187,186,[np.int64(183)],0.9685650182625812,[np.float64(1.9908863233028722)],[np.float64(2.9453087788553574)],[np.float64(168.0549770686152)]
350,188,186,[np.int64(564)],0.968565018262584,[np.float64(1.9766214919148322)],[np.float64(2.8556968170686896)],[np.float64(149.81692578972144)]
350,190,189,[np.int64(24)],0.9685650182625841,[np.float64(1.9357992760097575)],[np.float64(2.8073784655832466)],[np.float64(148.45983740209428)]
350,191,189,,0.9685650182625876,,,
350,193,192,[np.int64(198)],0.9685650182626006,[np.float64(1.8682773253056761)],[np.float64(2.791342676898484)],[np.float64(158.31694020202622)]
350,194,192,[np.int64(75)],0.9685650182625929,[np.float64(1.9317975941358134)],[np.float64(2.8157088985864176)],[np.float64(150.53922778479748)]
350,196,195,,0.9685650182624184,,,
350,197,195,,0.96856501826242,,,
350,199,198,,0.9685650182627065,,,
350,200,198,[np.int64(276)],0.9685650182627111,[np.float64(1.877993622977271)],[np.float64(2.7276044772771173)],[np.float64(144.85856534052854)]
350,202,201,,0.9685650182625625,,,
350,203,201,[np.int64(192)],0.9685650182625662,[np.float64(2.1809310857198105)],[np.float64(3.0958077601301435)],[np.float64(157.01898878947682)]
350,205,204,[np.int64(192)],0.9685650182625744,[np.float64(1.7212803198716848)],[np.float64(2.641627723024861)],[np.float64(157.35410554927887)]
350,206,204,[np.int64(243)],0.9685650182625745,[np.float64(1.7582003770890193)],[np.float64(2.6505904797085504)],[np.float64(151.6099338928723)]
350,208,207,[np.int64(198)],0.9685650182625649,[np.float64(1.8305242150509506)],[np.float64(2.742954969717532)],[np.float64(155.82051636405458)]
350,209,207,,0.9685650182625686,,,
350,211,210,[np.int64(174)],0.9685650182625917,[np.float64(1.6750210605169926)],[np.float64(2.622772409026188)],[np.float64(165.0649085810914)]
350,212,210,,0.9685650182625823,,,
350,214,213,[np.int64(306)],0.9685650182625707,[np.float64(2.268988112855524)],[np.float64(3.134184022221683)],[np.float64(148.22795486854451)]
350,215,213,[np.int64(237)],0.9685650182625687,[np.float64(1.991755883842742)],[np.float64(2.960009169555591)],[np.float64(178.22776406913135)]
350,217,216,[np.int64(219)],0.9685650182624259,[np.float64(2.393443398848958)],[np.float64(3.275736865274856)],[np.float64(151.22167016938076)]
350,218,216,[np.int64(486)],0.9685650182625157,[np.float64(2.049795992803188)],[np.float64(2.895961659968172)],[np.float64(144.85404147796118)]
350,220,219,[np.int64(225)],0.9685650182625518,[np.float64(2.2180102613433346)],[np.float64(3.0260659564309527)],[np.float64(140.16668380202086)]
350,221,219,[np.int64(201)],0.9685650182626515,[np.float64(1.8932465580601991)],[np.float64(2.8020930383523104)],[np.float64(155.1993573758723)]
350,223,222,[np.int64(75)],0.9685650182626793,[np.float64(2.264746140154519)],[np.float64(3.2287790147762307)],[np.float64(173.37587197936503)]
350,224,222,"[np.int64(492), np.int64(348)]",0.9685650182625823,"[np.float64(2.0401118026126497), np.float64(2.377225462344535)]","[np.float64(2.7620190372206777), np.float64(3.1331089005651176)]","[np.float64(129.77897534059227), np.float64(134.4889891918184)]"
350,226,225,[np.int64(321)],0.9685650182624465,[np.float64(2.0384046866011305)],[np.float64(2.8146492508264855)],[np.float64(135.7626722159952)]
350,227,225,[np.int64(207)],0.9685650182624472,[np.float64(2.0251824337663598)],[np.float64(2.8922824639579314)],[np.float64(147.9693574531144)]
350,229,228,[np.int64(237)],0.9685650182625828,[np.float64(1.8162501265665212)],[np.float64(2.7776922705185303)],[np.float64(171.39319898070534)]
350,230,228,[np.int64(225)],0.9685650182625908,[np.float64(1.8831136996546007)],[np.float64(2.799370734062283)],[np.float64(156.77553254268298)]
350,232,231,[np.int64(306)],0.9685650182626767,[np.float64(1.8815633646242658)],[np.float64(2.771987847261036)],[np.float64(151.5783814158755)]
350,233,231,[np.int64(201)],0.9685650182625862,[np.float64(2.1583574796120617)],[np.float64(2.841250992682238)],[np.float64(126.31468561367562)]
350,235,234,[np.int64(225)],0.968565018262403,[np.float64(2.2301293372060575)],[np.float64(3.1161924017588865)],[np.float64(151.57028195296547)]
350,236,234,,0.968565018262404,,,
350,238,237,[np.int64(57)],0.9685650182627302,[np.float64(2.019790454129795)],[np.float64(2.8963125532933947)],[np.float64(149.49270895167035)]
350,239,237,,0.9685650182627403,,,
350,241,240,,0.9685650182625771,,,
350,242,240,[np.int64(231)],0.9685650182625869,[np.float64(2.0670264485077983)],[np.float64(2.950597600174997)],[np.float64(150.80126801786517)]
350,244,243,[np.int64(99)],0.968565018262725,[np.float64(2.028050695262301)],[np.float64(2.85463319152691)],[np.float64(142.04848017188857)]
350,245,243,[np.int64(546)],0.9685650182627372,[np.float64(2.034829615908043)],[np.float64(2.9944723570115745)],[np.float64(170.54801414507347)]
350,247,246,[np.int64(273)],0.9685650182625064,[np.float64(2.2131529613272742)],[np.float64(3.0877168151465666)],[np.float64(149.60244105325884)]
350,248,246,[np.int64(255)],0.9685650182624993,[np.float64(1.8416277899882465)],[np.float64(2.8070662473113295)],[np.float64(174.31237022771936)]
350,250,249,[np.int64(105)],0.9685650182626532,[np.float64(2.187431144760465)],[np.float64(2.839406922907319)],[np.float64(123.50834456473144)]
350,251,249,[np.int64(480)],0.9685650182626563,[np.float64(1.9622815140175283)],[np.float64(2.890170639815896)],[np.float64(159.67052774782857)]
350,253,252,"[np.int64(255), np.int64(633)]",0.9685650182625681,"[np.float64(2.1051165553383364), np.float64(2.2947983222371007)]","[np.float64(2.8619202599439233), np.float64(3.10583643556367)]","[np.float64(133.77029598786356), np.float64(140.74138753806884)]"
350,254,252,[np.int64(261)],0.9685650182625694,[np.float64(1.8366446571170043)],[np.float64(2.759685376466885)],[np.float64(158.2476019307291)]
350,256,255,[np.int64(258)],0.9685650182626006,[np.float64(1.985986698916298)],[np.float64(2.9081700659080374)],[np.float64(158.32871287071492)]
350,257,255,[np.int64(282)],0.9685650182626007,[np.float64(2.0610955894223424)],[np.float64(2.9662773649118326)],[np.float64(154.79819644185326)]
350,259,258,[np.int64(171)],0.9685650182627299,[np.float64(1.8930709569858333)],[np.float64(2.8140376757546828)],[np.float64(157.86996293764045)]
350,260,258,[np.int64(249)],0.9685650182627332,[np.float64(1.728169829901423)],[np.float64(2.6398521938720316)],[np.float64(155.41193015810498)]
350,262,261,[np.int64(288)],0.9685650182627475,[np.float64(2.045265570445902)],[np.float64(2.910214313412262)],[np.float64(147.67934808810213)]
350,263,261,"[np.int64(111), np.int64(264), np.int64(84)]",0.968565018262666,"[np.float64(2.204174245250905), np.float64(2.2190726311736517), np.float64(2.256993632480044)]","[np.float64(2.847166987991276), np.float64(2.8978520036445845), np.float64(2.881946009190888)]","[np.float64(122.7503164752753), np.float64(126.13970402083207), np.float64(121.3320592004551)]"
350,265,264,[np.int64(291)],0.9685650182627384,[np.float64(2.2318075072147376)],[np.float64(3.067948579443173)],[np.float64(143.90093976661396)]
350,266,264,[np.int64(465)],0.9685650182627367,[np.float64(2.0142316148489017)],[np.float64(2.9656548505427325)],[np.float64(166.87244501950386)]
350,268,267,[np.int64(645)],0.9685650182626443,[np.float64(1.876107208552183)],[np.float64(2.8210092401878253)],[np.float64(164.3888650384425)]
350,269,267,[np.int64(171)],0.9685650182626503,[np.float64(1.90728068113056)],[np.float64(2.729869584251454)],[np.float64(141.12503714136656)]
350,271,270,[np.int64(279)],0.9685650182625805,[np.float64(1.9066619618166367)],[np.float64(2.8295464698332538)],[np.float64(158.34823634009354)]
350,272,270,[np.int64(246)],0.9685650182625812,[np.float64(1.7696398396185586)],[np.float64(2.6579021730587633)],[np.float64(150.8790352427848)]
350,274,273,[np.int64(276)],0.9685650182627523,[np.float64(2.1251352562034262)],[np.float64(2.9561246466213227)],[np.float64(142.92239515194638)]
350,275,273,,0.9685650182627497,,,
350,277,276,"[np.int64(216), np.int64(132)]",0.9685650182624161,"[np.float64(1.828902606428009), np.float64(1.931762803551882)]","[np.float64(2.6369494302406244), np.float64(2.6308334122659818)]","[np.float64(138.91865785315156), np.float64(126.98890641433884)]"
350,278,276,"[np.int64(285), np.int64(171)]",0.9685650182624163,"[np.float64(2.052030138579354), np.float64(2.3350014927656573)]","[np.float64(2.8494758485319744), np.float64(2.99203999006975)]","[np.float64(138.357303719415), np.float64(124.49974762914283)]"
350,280,279,"[np.int64(255), np.int64(177)]",0.9685650182625509,"[np.float64(1.992979572108955), np.float64(2.187468100603034)]","[np.float64(2.6673355039209805), np.float64(2.850409530156382)]","[np.float64(124.82280344702166), np.float64(124.52632192079828)]"
350,281,279,[np.int64(204)],0.9685650182625555,[np.float64(2.08194631953942)],[np.float64(2.853902583946342)],[np.float64(135.4109210465504)]
350,283,282,[np.int64(309)],0.9685650182627268,[np.float64(2.0784738909470053)],[np.float64(3.0005139833587164)],[np.float64(158.4532995713571)]
350,284,282,[np.int64(273)],0.9685650182627237,[np.float64(1.8180974468307514)],[np.float64(2.686376958668844)],[np.float64(147.581592722167)]
350,286,285,,0.9685650182626114,,,
350,287,285,[np.int64(216)],0.9685650182625136,[np.float64(1.7176804307752664)],[np.float64(2.634052541303355)],[np.float64(156.42626582885916)]
350,289,288,[np.int64(291)],0.9685650182627347,[np.float64(2.1505962956176536)],[np.float64(3.0669505039854017)],[np.float64(157.29013807689367)]
350,290,288,[np.int64(279)],0.9685650182627417,[np.float64(1.940940373107682)],[np.float64(2.7567719893951774)],[np.float64(140.33804647390156)]
350,292,291,[np.int64(267)],0.9685650182627427,[np.float64(1.836971466333571)],[np.float64(2.6495586782091647)],[np.float64(139.5424191536536)]
350,293,291,[np.int64(114)],0.9685650182627391,[np.float64(1.8676147799872918)],[np.float64(2.7576249073018166)],[np.float64(151.46670348167163)]
350,295,294,[np.int64(114)],0.9685650182625628,[np.float64(1.895439111930461)],[np.float64(2.8169827973285257)],[np.float64(158.00968041450406)]
350,296,294,[np.int64(285)],0.9685650182625659,[np.float64(1.970812122287411)],[np.float64(2.9315637504424874)],[np.float64(171.10911370291714)]
350,298,297,[np.int64(153)],0.9685650182624284,[np.float64(1.7406198388309702)],[np.float64(2.6892693165308827)],[np.float64(165.49232451666575)]
350,299,297,[np.int64(567)],0.9685650182625223,[np.float64(1.8206074147840168)],[np.float64(2.5420757913137835)],[np.float64(128.79046801210578)]
350,301,300,[np.int64(273)],0.968565018262649,[np.float64(2.151119489698181)],[np.float64(2.8135421572391066)],[np.float64(124.33952637401289)]
350,302,300,,0.9685650182626524,,,
350,304,303,[np.int64(300)],0.968565018262607,[np.float64(2.1310573875726218)],[np.float64(2.9529766444737957)],[np.float64(141.71980648046608)]
350,305,303,[np.int64(159)],0.968565018262501,[np.float64(2.084588316396335)],[np.float64(2.8551386591249646)],[np.float64(135.2576049287273)]
350,307,306,[np.int64(297)],0.9685650182625117,[np.float64(1.9398889791994631)],[np.float64(2.8908961429541202)],[np.float64(166.63155909283068)]
350,308,306,[np.int64(204)],0.9685650182625113,[np.float64(2.2391586607355958)],[np.float64(3.067021816184202)],[np.float64(142.79326138658055)]
350,310,309,[np.int64(576)],0.9685650182627227,[np.float64(2.269430232633864)],[np.float64(3.1734988696327857)],[np.float64(154.94977367945825)]
350,311,309,[np.int64(300)],0.9685650182627303,[np.float64(1.8055790536951346)],[np.float64(2.7502409762753244)],[np.float64(164.2058974491552)]
350,313,312,"[np.int64(318), np.int64(321)]",0.968565018262676,"[np.float64(2.1952369025873875), np.float64(2.342123565259171)]","[np.float64(3.086791976604682), np.float64(2.951146428819207)]","[np.float64(152.47444831176628), np.float64(120.24974818598513)]"
350,314,312,[np.int64(303)],0.9685650182625813,[np.float64(2.1821088737400145)],[np.float64(2.8089710628778124)],[np.float64(121.2140426358328)]
350,316,315,[np.int64(213)],0.9685650182624277,[np.float64(2.2411021994694575)],[np.float64(2.967444380433434)],[np.float64(130.9460848989511)]
350,317,315,[np.int64(288)],0.9685650182624267,[np.float64(1.8524314760455771)],[np.float64(2.74612220354836)],[np.float64(152.10892178257754)]
350,319,318,[np.int64(282)],0.9685650182627333,[np.float64(2.044522854405815)],[np.float64(2.879874195215988)],[np.float64(143.30110694208201)]
350,320,318,"[np.int64(309), np.int64(315)]",0.9685650182627343,"[np.float64(2.0999558926603665), np.float64(2.323166328408962)]","[np.float64(2.8268286870035157), np.float64(3.0981964514883478)]","[np.float64(130.5212267565795), np.float64(136.48551831974268)]"
350,322,321,[np.int64(294)],0.9685650182625758,[np.float64(1.8693839082317645)],[np.float64(2.7265549039421138)],[np.float64(145.97860013109246)]
350,323,321,,0.9685650182625807,,,
350,325,324,[np.int64(354)],0.9685650182625835,[np.float64(2.1498457216976234)],[np.float64(3.0117707211902154)],[np.float64(147.46106059874944)]
350,326,324,"[np.int64(333), np.int64(54)]",0.9685650182625917,"[np.float64(2.0312679296007206), np.float64(2.234487565891116)]","[np.float64(2.8631428802010173), np.float64(2.942686378502851)]","[np.float64(142.78096921076693), np.float64(129.07398359274333)]"
350,328,327,[np.int64(363)],0.9685650182624117,[np.float64(1.7112800271874302)],[np.float64(2.665489034751166)],[np.float64(167.64782667046774)]
350,329,327,[np.int64(60)],0.9685650182624059,[np.float64(2.0680418611813067)],[np.float64(2.9797317312931986)],[np.float64(156.14678862639926)]
350,331,330,"[np.int64(408), np.int64(414)]",0.9685650182627167,"[np.float64(1.9733484504265018), np.float64(2.0051967397869204)]","[np.float64(2.730800389781848), np.float64(2.6480068377209265)]","[np.float64(133.3704123328838), np.float64(121.90661732278897)]"
350,332,330,[np.int64(69)],0.9685650182627253,[np.float64(1.804705856178376)],[np.float64(2.772256499794526)],[np.float64(176.74924753905754)]
350,334,333,[np.int64(54)],0.9685650182625858,[np.float64(1.96665792192259)],[np.float64(2.897575151839884)],[np.float64(160.45163131136457)]
350,335,333,[np.int64(336)],0.9685650182625899,[np.float64(2.246982873243642)],[np.float64(2.9551997549274094)],[np.float64(129.11720203198485)]
350,337,336,[np.int64(54)],0.9685650182627631,[np.float64(2.184337089081961)],[np.float64(2.9683006661316127)],[np.float64(137.13423314203123)]
350,338,336,[np.int64(342)],0.9685650182627633,[np.float64(2.0506340456689003)],[np.float64(2.922674436524)],[np.float64(148.8280191630354)]
350,340,339,,0.9685650182625625,,,
350,341,339,[np.int64(330)],0.9685650182625709,[np.float64(1.9759232291492943)],[np.float64(2.9335764728047526)],[np.float64(169.496200610759)]
350,343,342,[np.int64(456)],0.9685650182626753,[np.float64(1.913548234854392)],[np.float64(2.8805136234185804)],[np.float64(175.95844441025912)]
350,344,342,"[np.int64(489), np.int64(345)]",0.9685650182625849,"[np.float64(2.013783521392182), np.float64(2.2219619652595104)]","[np.float64(2.772461783175553), np.float64(2.8786334739908512)]","[np.float64(133.65932231044886), np.float64(124.07072737031683)]"
350,346,345,[np.int64(492)],0.9685650182627619,[np.float64(2.394822602697287)],[np.float64(3.341946427921118)],[np.float64(165.6984112758736)]
350,347,345,[np.int64(78)],0.9685650182627702,[np.float64(1.898387180262245)],[np.float64(2.8171899454055285)],[np.float64(157.38106511533033)]
350,349,348,,0.9685650182625659,,,
350,350,348,[np.int64(567)],0.9685650182625676,[np.float64(2.265350706534113)],[np.float64(3.024519018406397)],[np.float64(134.53658519703302)]
350,352,351,[np.int64(354)],0.9685650182627477,[np.float64(1.801657330331027)],[np.float64(2.725830970923002)],[np.float64(158.44936865973148)]
350,353,351,[np.int64(618)],0.9685650182627521,[np.float64(1.9625387624730124)],[np.float64(2.8712092421532565)],[np.float64(155.31071185378133)]
350,355,354,[np.int64(534)],0.9685650182625948,[np.float64(1.944278303975661)],[np.float64(2.835610621748447)],[np.float64(151.89933172263872)]
350,356,354,[np.int64(363)],0.9685650182625833,[np.float64(1.9721059254741038)],[np.float64(2.756433035800479)],[np.float64(136.48931058666358)]
350,358,357,[np.int64(510)],0.9685650182625075,[np.float64(1.7752472206145022)],[np.float64(2.7067099249333655)],[np.float64(160.25305309631534)]
350,359,357,[np.int64(612)],0.9685650182625074,[np.float64(2.0099154801742776)],[np.float64(2.968851662990839)],[np.float64(170.1609974436132)]
350,361,360,[np.int64(396)],0.9685650182627271,[np.float64(2.128160046543086)],[np.float64(2.982982634273029)],[np.float64(146.33137969011625)]
350,362,360,[np.int64(381)],0.9685650182627313,[np.float64(1.9417111829654083)],[np.float64(2.7942600893297787)],[np.float64(145.49204891082312)]
350,364,363,[np.int64(372)],0.968565018262747,[np.float64(1.9497381972717682)],[np.float64(2.902405236156004)],[np.float64(167.2907562437475)]
350,365,363,[np.int64(366)],0.9685650182627431,[np.float64(1.8993547306151854)],[np.float64(2.8300587403159247)],[np.float64(160.28227031996101)]
350,367,366,[np.int64(357)],0.9685650182625748,[np.float64(2.236479562221892)],[np.float64(3.0071837402140487)],[np.float64(135.74854164549785)]
350,368,366,[np.int64(393)],0.9685650182625792,[np.float64(2.360085792513856)],[np.float64(3.1438865877063304)],[np.float64(137.5969282181345)]
350,370,369,[np.int64(456)],0.9685650182626528,[np.float64(2.062993412911157)],[np.float64(2.91134170022489)],[np.float64(145.20761197479519)]
350,371,369,[np.int64(489)],0.9685650182626551,[np.float64(2.063828449508488)],[np.float64(2.9014379796432332)],[np.float64(143.67125842036427)]
350,373,372,[np.int64(369)],0.9685650182627452,[np.float64(1.9201131014430501)],[np.float64(2.803596140474203)],[np.float64(150.4344724485343)]
350,374,372,[np.int64(345)],0.9685650182627409,[np.float64(1.969204040132793)],[np.float64(2.91426587135597)],[np.float64(164.56724862493184)]
350,376,375,,0.9685650182624106,,,
350,377,375,[np.int64(339)],0.9685650182624069,[np.float64(1.803988302682255)],[np.float64(2.766840666012252)],[np.float64(172.2835103342654)]
350,379,378,"[np.int64(30), np.int64(183)]",0.9685650182624317,"[np.float64(2.114660911279855), np.float64(2.303599040915624)]","[np.float64(2.8997638865482362), np.float64(3.05829243994593)]","[np.float64(137.0579472713231), np.float64(134.15446655070784)]"
350,380,378,[np.int64(558)],0.9685650182625201,[np.float64(2.168756076362716)],[np.float64(3.0169633051187095)],[np.float64(145.455682439871)]
350,382,381,[np.int64(378)],0.9685650182627195,[np.float64(2.1864660359807804)],[np.float64(2.8607586060557506)],[np.float64(125.59374583903953)]
350,383,381,[np.int64(384)],0.968565018262731,[np.float64(2.038720795043054)],[np.float64(2.8295312503928174)],[np.float64(137.50088376056172)]
350,385,384,"[np.int64(534), np.int64(561)]",0.9685650182625918,"[np.float64(2.118803514945948), np.float64(2.339062726813604)]","[np.float64(2.9593858937496273), np.float64(3.0994712076864124)]","[np.float64(144.23795400158673), np.float64(134.88280380336775)]"
350,386,384,[np.int64(459)],0.968565018262494,[np.float64(2.098329642148408)],[np.float64(2.907581895813518)],[np.float64(139.98152862558288)]
350,388,387,[np.int64(378)],0.9685650182625836,[np.float64(1.8261750212091112)],[np.float64(2.7180462911976733)],[np.float64(151.70067353116434)]
350,389,387,[np.int64(360)],0.9685650182625906,[np.float64(1.8935027248305505)],[np.float64(2.8305636259425366)],[np.float64(162.00917514847947)]
350,391,390,[np.int64(399)],0.968565018262576,[np.float64(1.7384141858795064)],[np.float64(2.6742898331178484)],[np.float64(161.39900638608682)]
350,392,390,"[np.int64(393), np.int64(381)]",0.9685650182625879,"[np.float64(2.163526854965169), np.float64(2.253099589142519)]","[np.float64(2.828731981900746), np.float64(3.135405963784781)]","[np.float64(124.64828136406057), np.float64(150.96957601701882)]"
350,394,393,,0.9685650182626041,,,
350,395,393,[np.int64(81)],0.9685650182625117,[np.float64(2.1295194974005955)],[np.float64(2.921589975429622)],[np.float64(137.94041997116793)]
350,397,396,[np.int64(456)],0.9685650182624187,[np.float64(2.1467292688134227)],[np.float64(3.0282156697358613)],[np.float64(150.61651325187833)]
350,398,396,"[np.int64(390), np.int64(162)]",0.9685650182624119,"[np.float64(2.056370742494135), np.float64(2.0615738070373446)]","[np.float64(2.690816170640898), np.float64(2.827335484698571)]","[np.float64(121.37124089338784), np.float64(134.63118623706305)]"
350,400,399,[np.int64(369)],0.9685650182626089,[np.float64(2.00527923740944)],[np.float64(2.854609374890478)],[np.float64(145.19453511670557)]
350,401,399,[np.int64(543)],0.9685650182626094,[np.float64(1.9120965664750753)],[np.float64(2.839546685085681)],[np.float64(159.47259387961503)]
350,403,402,[np.int64(375)],0.9685650182627376,[np.float64(2.1620979036009094)],[np.float64(3.029983751363711)],[np.float64(148.41979688985887)]
350,404,402,[np.int64(546)],0.9685650182626567,[np.float64(2.0086724386184964)],[np.float64(2.823743479400279)],[np.float64(140.45850504566673)]
350,406,405,[np.int64(432)],0.9685650182625632,[np.float64(2.181812143037398)],[np.float64(3.1191771648848388)],[np.float64(162.50013969058102)]
350,407,405,,0.9685650182625706,,,
350,409,408,[np.int64(138)],0.9685650182624144,[np.float64(2.1085787240205316)],[np.float64(2.846428933116642)],[np.float64(131.71392666706674)]
350,410,408,[np.int64(591)],0.9685650182624069,[np.float64(2.0312848555970104)],[np.float64(2.9843927765005294)],[np.float64(167.5521068004466)]
350,412,411,,0.9685650182625736,,,
350,413,411,[np.int64(141)],0.9685650182625747,[np.float64(2.1245499666675247)],[np.float64(3.012143182387315)],[np.float64(151.62799825696845)]
350,415,414,"[np.int64(450), np.int64(339)]",0.9685650182625637,"[np.float64(2.166999331490194), np.float64(2.2743397513636343)]","[np.float64(3.077944923983382), np.float64(2.8900007047440512)]","[np.float64(156.16484932676758), np.float64(120.5801331029249)]"
350,416,414,,0.9685650182625674,,,
350,418,417,[np.int64(156)],0.9685650182625796,[np.float64(1.969137527752548)],[np.float64(2.841340058721795)],[np.float64(148.6503145272957)]
350,419,417,[np.int64(414)],0.9685650182625729,[np.float64(2.3075616222543394)],[np.float64(3.0188438070217756)],[np.float64(129.6190325227484)]
350,421,420,[np.int64(426)],0.9685650182625728,[np.float64(2.0040715436126275)],[np.float64(2.9405200294661653)],[np.float64(162.00457228868873)]
350,422,420,[np.int64(411)],0.968565018262575,[np.float64(1.8276074215934148)],[np.float64(2.7826061821258876)],[np.float64(168.13157442723454)]
350,424,423,"[np.int64(156), np.int64(417)]",0.9685650182625848,"[np.float64(2.0914352334649378), np.float64(2.250158179375967)]","[np.float64(2.8905824138999052), np.float64(3.0293615413266415)]","[np.float64(138.69119756076995), np.float64(136.76616034163357)]"
350,425,423,,0.9685650182624945,,,
350,427,426,[np.int64(597)],0.9685650182627382,[np.float64(1.941716863650044)],[np.float64(2.8820058427147286)],[np.float64(163.02974883196305)]
350,428,426,[np.int64(414)],0.9685650182627448,[np.float64(1.987241221162797)],[np.float64(2.857151843733291)],[np.float64(148.32367115096534)]
350,430,429,[np.int64(570)],0.9685650182625573,[np.float64(2.1475946784833626)],[np.float64(2.923011477025661)],[np.float64(136.02258721606344)]
350,431,429,[np.int64(159)],0.9685650182625549,[np.float64(2.2032822770051474)],[np.float64(3.15014298460122)],[np.float64(165.4322150387546)]
350,433,432,[np.int64(357)],0.9685650182625846,[np.float64(2.1674443394906255)],[np.float64(3.019003630241066)],[np.float64(145.94232252969258)]
350,434,432,[np.int64(408)],0.9685650182625775,[np.float64(2.254934120658247)],[np.float64(2.887079877001659)],[np.float64(121.96355848325204)]
350,436,435,[np.int64(639)],0.9685650182625818,[np.float64(2.2757194192862626)],[np.float64(2.933403133217256)],[np.float64(124.356794753892)]
350,437,435,,0.9685650182626697,,,
350,439,438,[np.int64(351)],0.9685650182624269,[np.float64(1.9754690901259886)],[np.float64(2.8159943260016154)],[np.float64(143.83043247068244)]
350,440,438,[np.int64(474)],0.9685650182624218,[np.float64(2.2048446549419944)],[np.float64(2.8194817416934668)],[np.float64(120.22460987755886)]
350,442,441,[np.int64(366)],0.9685650182627135,[np.float64(2.0553271696181556)],[np.float64(2.971187124892599)],[np.float64(157.01966813844635)]
350,443,441,[np.int64(468)],0.9685650182627122,[np.float64(2.0290650368286998)],[np.float64(2.774037955047411)],[np.float64(132.19652662856484)]
350,445,444,[np.int64(411)],0.9685650182625581,[np.float64(2.2840934506464525)],[np.float64(3.2261232217917812)],[np.float64(163.97581779109075)]
350,446,444,[np.int64(447)],0.968565018262556,[np.float64(2.2225379028884573)],[np.float64(2.8583975861036204)],[np.float64(122.17527525405615)]
350,448,447,[np.int64(456)],0.9685650182625812,[np.float64(2.0644228583835247)],[np.float64(2.821984860514596)],[np.float64(133.71509276109276)]
350,449,447,[np.int64(360)],0.9685650182625896,[np.float64(2.116208406166396)],[np.float64(3.0119332593696786)],[np.float64(153.0838457956091)]
350,451,450,[np.int64(339)],0.9685650182627225,[np.float64(1.9649998616594964)],[np.float64(2.7501268423307645)],[np.float64(136.5600862286729)]
350,452,450,[np.int64(519)],0.9685650182627258,[np.float64(1.7229255094560307)],[np.float64(2.6060836334046713)],[np.float64(149.81835457964254)]
350,454,453,,0.968565018262578,,,
350,455,453,[np.int64(477)],0.9685650182625792,[np.float64(1.7483352230738838)],[np.float64(2.706431132670479)],[np.float64(169.49387854997218)]
350,457,456,[np.int64(420)],0.9685650182625719,[np.float64(1.8119545370748844)],[np.float64(2.696626206269756)],[np.float64(150.35296071641235)]
350,458,456,[np.int64(600)],0.9685650182625826,[np.float64(1.9268313310322789)],[np.float64(2.857231723015094)],[np.float64(160.25067988796638)]
350,460,459,,0.9685650182624923,,,
350,461,459,[np.int64(261)],0.9685650182625815,[np.float64(2.157245556087401)],[np.float64(2.9103167030804773)],[np.float64(133.52979220942822)]
350,463,462,[np.int64(465)],0.9685650182627443,[np.float64(2.168170937699605)],[np.float64(2.9946442817087986)],[np.float64(142.4261992668405)]
350,464,462,[np.int64(435)],0.9685650182626524,[np.float64(1.876289068037568)],[np.float64(2.8347624981005253)],[np.float64(169.81127090242668)]
350,466,465,"[np.int64(387), np.int64(474)]",0.9685650182627491,"[np.float64(2.1901741511646966), np.float64(2.351744377466396)]","[np.float64(3.0989984253789156), np.float64(2.9988122667982595)]","[np.float64(155.76713829458419), np.float64(123.64539381976296)]"
350,467,465,[np.int64(438)],0.968565018262657,[np.float64(1.9563087242428636)],[np.float64(2.7974483052859567)],[np.float64(143.86093285002408)]
350,469,468,[np.int64(357)],0.9685650182624486,[np.float64(2.239529538675767)],[np.float64(3.0347471050514874)],[np.float64(138.6380080271796)]
350,470,468,"[np.int64(435), np.int64(639)]",0.9685650182624448,"[np.float64(1.9637349522166558), np.float64(2.3039611429067444)]","[np.float64(2.7431383798721476), np.float64(2.9174497707048475)]","[np.float64(135.87133904359865), np.float64(120.49966619982182)]"
350,472,471,"[np.int64(483), np.int64(474)]",0.9685650182625616,"[np.float64(2.0252696516933892), np.float64(2.2896579747972257)]","[np.float64(2.860157574005323), np.float64(3.0274197618398966)]","[np.float64(143.1811857841533), np.float64(132.29235538045947)]"
350,473,471,[np.int64(462)],0.9685650182626646,[np.float64(1.7981119196547415)],[np.float64(2.7621297827913436)],[np.float64(173.11193822318947)]
350,475,474,[np.int64(483)],0.9685650182627413,[np.float64(1.975537450617995)],[np.float64(2.8149983663662828)],[np.float64(143.67886949931508)]
350,476,474,[np.int64(447)],0.9685650182626464,[np.float64(2.2729532934340813)],[np.float64(3.059358009684081)],[np.float64(137.67363997832672)]
350,478,477,[np.int64(450)],0.9685650182624056,[np.float64(2.0573507747587634)],[np.float64(2.9543335034865583)],[np.float64(153.20012162192214)]
350,479,477,[np.int64(471)],0.9685650182623974,[np.float64(2.3510896239956844)],[np.float64(3.0200943881637503)],[np.float64(125.66234984376806)]
350,481,480,[np.int64(477)],0.9685650182625777,[np.float64(2.0168414703876767)],[np.float64(2.8757334369284315)],[np.float64(146.66455747728529)]
350,482,480,[np.int64(246)],0.9685650182625812,[np.float64(2.0158872095029015)],[np.float64(2.7265003531943948)],[np.float64(128.5176792649144)]
350,484,483,[np.int64(396)],0.9685650182627326,[np.float64(2.2515217900792037)],[np.float64(2.92572598339884)],[np.float64(125.81808802177714)]
350,485,483,[np.int64(18)],0.9685650182627461,[np.float64(2.1194013303456973)],[np.float64(3.0058095302184196)],[np.float64(151.40881985821906)]
350,487,486,"[np.int64(573), np.int64(303)]",0.9685650182627243,"[np.float64(2.2225954134478436), np.float64(2.369319357173755)]","[np.float64(2.9483280652785386), np.float64(2.9958352017873695)]","[np.float64(130.8231377286671), np.float64(121.86873570776982)]"
350,488,486,"[np.int64(495), np.int64(225)]",0.9685650182627343,"[np.float64(1.8484395844812187), np.float64(2.3900910200597534)]","[np.float64(2.774928744546681), np.float64(3.062821903745149)]","[np.float64(159.11375359505286), np.float64(126.1351493899025)]"
350,490,489,,0.9685650182625781,,,
350,491,489,[np.int64(486)],0.9685650182625732,[np.float64(1.8418857340994617)],[np.float64(2.74102055450227)],[np.float64(153.12214387600844)]
350,493,492,[np.int64(498)],0.9685650182625845,[np.float64(2.3878422351376205)],[np.float64(3.1246850018215153)],[np.float64(132.47923721878774)]
350,494,492,"[np.int64(219), np.int64(231)]",0.9685650182625888,"[np.float64(2.1578161711375987), np.float64(2.341798234934095)]","[np.float64(2.7938487875466445), np.float64(3.0068890279284415)]","[np.float64(121.93949376859759), np.float64(125.26704025730575)]"
350,496,495,[np.int64(573)],0.9685650182627501,[np.float64(2.1232244980684296)],[np.float64(2.8663922173345657)],[np.float64(132.3363425110552)]
350,497,495,[np.int64(321)],0.9685650182626628,[np.float64(2.095518174927576)],[np.float64(2.965936029184546)],[np.float64(148.67188357549958)]
350,499,498,[np.int64(537)],0.9685650182627328,[np.float64(2.0254413615519025)],[np.float64(2.929375242402445)],[np.float64(154.47884066859217)]
350,500,498,[np.int64(228)],0.9685650182627369,[np.float64(1.7191351162751958)],[np.float64(2.6761897472187366)],[np.float64(168.95002243732716)]
350,502,501,[np.int64(576)],0.9685650182625557,[np.float64(1.7960020224895443)],[np.float64(2.70414863777301)],[np.float64(154.82724869449515)]
350,503,501,[np.int64(492)],0.968565018262563,[np.float64(2.2834737107616805)],[np.float64(2.9056114649885747)],[np.float64(121.18144287790224)]
350,505,504,[np.int64(234)],0.9685650182627646,[np.float64(2.0932514449394057)],[np.float64(2.771301746933698)],[np.float64(125.5972715402354)]
350,506,504,[np.int64(351)],0.9685650182625856,[np.float64(1.647644163594067)],[np.float64(2.573857111982486)],[np.float64(158.6117700049426)]
350,508,507,[np.int64(531)],0.9685650182626071,[np.float64(2.329173952762025)],[np.float64(2.971472479718593)],[np.float64(123.13812891502427)]
350,509,507,[np.int64(327)],0.9685650182626068,[np.float64(1.8362096743010503)],[np.float64(2.7144119535277995)],[np.float64(149.2928517295645)]
350,511,510,[np.int64(507)],0.9685650182625545,[np.float64(2.3407782422370897)],[np.float64(3.132187627128647)],[np.float64(138.44624581430776)]
350,512,510,[np.int64(330)],0.9685650182626507,[np.float64(2.253169114451002)],[np.float64(3.042559282721838)],[np.float64(137.97425190806234)]
350,514,513,[np.int64(543)],0.9685650182625979,[np.float64(1.730914164564782)],[np.float64(2.6682591737264882)],[np.float64(161.80892873100117)]
350,515,513,[np.int64(516)],0.9685650182625948,[np.float64(2.0874678945784533)],[np.float64(2.8339659511333637)],[np.float64(132.57385455311137)]
350,517,516,[np.int64(348)],0.9685650182625947,[np.float64(1.8822184117837086)],[np.float64(2.808825115209654)],[np.float64(159.20728436489014)]
350,518,516,[np.int64(375)],0.9685650182625892,[np.float64(1.929092743425109)],[np.float64(2.840096872252244)],[np.float64(155.73009054875632)]
350,520,519,[np.int64(555)],0.9685650182625718,[np.float64(1.8488763545591744)],[np.float64(2.7815871637617504)],[np.float64(160.72561797976675)]
350,521,519,"[np.int64(501), np.int64(348)]",0.9685650182625734,"[np.float64(2.1370185465971625), np.float64(2.209819729954076)]","[np.float64(2.9865593497306593), np.float64(2.924399686879091)]","[np.float64(145.5721339172524), np.float64(129.63589816835972)]"
350,523,522,[np.int64(531)],0.9685650182626453,[np.float64(2.070593449009549)],[np.float64(2.8326764302351046)],[np.float64(134.24474912037925)]
350,524,522,[np.int64(540)],0.9685650182626475,[np.float64(2.3818863528569674)],[np.float64(3.318181196324182)],[np.float64(162.4321199906226)]
350,526,525,"[np.int64(498), np.int64(531)]",0.9685650182627249,"[np.float64(2.142014811882151), np.float64(2.35553883244809)]","[np.float64(2.7924278129059648), np.float64(3.161225831030283)]","[np.float64(123.18795152432831), np.float64(140.21964311738367)]"
350,527,525,[np.int64(513)],0.9685650182627208,[np.float64(1.9709166609192827)],[np.float64(2.8188537904674886)],[np.float64(144.89150096277123)]
350,529,528,"[np.int64(552), np.int64(525)]",0.9685650182624519,"[np.float64(2.2539561242651533), np.float64(2.256029401816451)]","[np.float64(3.114780619040681), np.float64(2.9528726106054366)]","[np.float64(147.52445618774675), np.float64(128.01817498927576)]"
350,530,528,"[np.int64(537), np.int64(498)]",0.9685650182624527,"[np.float64(2.3375974693105417), np.float64(2.3434025686431763)]","[np.float64(2.960441787448601), np.float64(3.2350547971428996)]","[np.float64(121.43682802107466), np.float64(152.75700837809882)]"
350,532,531,[np.int64(354)],0.9685650182627247,[np.float64(1.88393458651113)],[np.float64(2.8094822435447684)],[np.float64(158.948794454546)]
350,533,531,[np.int64(504)],0.9685650182627327,[np.float64(2.071534686560775)],[np.float64(2.856248627486063)],[np.float64(136.87416697757354)]
350,535,534,[np.int64(537)],0.9685650182625775,[np.float64(1.9878619853866115)],[np.float64(2.8919873160833505)],[np.float64(154.4395650174045)]
350,536,534,"[np.int64(558), np.int64(561)]",0.9685650182625701,"[np.float64(2.0938771094073148), np.float64(2.200130056928385)]","[np.float64(2.8903623236273317), np.float64(2.82976626351772)]","[np.float64(138.3702610077987), np.float64(121.53201485945874)]"
350,538,537,"[np.int64(585), np.int64(240)]",0.968565018262409,"[np.float64(1.8085435924509614), np.float64(2.2341433061429776)]","[np.float64(2.6458916598019173), np.float64(2.9981558917822486)]","[np.float64(142.8336711656924), np.float64(134.9848190164173)]"
350,539,537,"[np.int64(357), np.int64(564)]",0.9685650182624052,"[np.float64(2.3108967263561575), np.float64(2.3674027806085047)]","[np.float64(3.0539222761526728), np.float64(3.2746292102913737)]","[np.float64(132.9144573433278), np.float64(155.72481516737957)]"
350,541,540,,0.9685650182624215,,,
350,542,540,[np.int64(162)],0.9685650182625085,[np.float64(2.1991160518816564)],[np.float64(2.9400348405204384)],[np.float64(132.34656241478828)]
350,544,543,[np.int64(516)],0.9685650182627169,[np.float64(2.1733725006960767)],[np.float64(2.8830360442410474)],[np.float64(129.01270743075955)]
350,545,543,[np.int64(165)],0.968565018262722,[np.float64(2.0427374907299476)],[np.float64(2.923118427561944)],[np.float64(150.19816479746737)]
350,547,546,[np.int64(555)],0.9685650182626041,[np.float64(1.9949382328845917)],[np.float64(2.7013694754228514)],[np.float64(128.0057268986233)]
350,548,546,[np.int64(375)],0.9685650182625121,[np.float64(2.028192563014234)],[np.float64(2.86661221611741)],[np.float64(143.68504226162136)]
350,550,549,[np.int64(540)],0.9685650182624228,[np.float64(2.2875492113469615)],[np.float64(3.223517002022071)],[np.float64(162.2385329151598)]
350,551,549,[np.int64(645)],0.9685650182624224,[np.float64(2.129945067440664)],[np.float64(2.9514921992374767)],[np.float64(141.66752256723112)]
350,553,552,,0.9685650182625897,,,
350,554,552,"[np.int64(549), np.int64(525)]",0.9685650182625998,"[np.float64(1.9979259605039612), np.float64(2.2296028632532017)]","[np.float64(2.7368448880710936), np.float64(2.960877272727145)]","[np.float64(131.4208522407864), np.float64(131.42336407613985)]"
350,556,555,[np.int64(528)],0.9685650182626087,[np.float64(1.8581530119875487)],[np.float64(2.6124886648341104)],[np.float64(132.55335127465452)]
350,557,555,[np.int64(165)],0.9685650182625166,[np.float64(2.343097326213709)],[np.float64(3.2051922870066574)],[np.float64(147.90109297519228)]
350,559,558,,0.9685650182625559,,,
350,560,558,,0.968565018262565,,,
350,562,561,[np.int64(552)],0.9685650182625971,[np.float64(2.1356166537009407)],[np.float64(2.910786509353863)],[np.float64(135.95647936390222)]
350,563,561,[np.int64(564)],0.9685650182626008,[np.float64(1.987503413359163)],[np.float64(2.834199696129785)],[np.float64(144.75740090662893)]
350,565,564,[np.int64(630)],0.9685650182625812,[np.float64(2.1019532681638413)],[np.float64(3.0586753159162594)],[np.float64(169.1650723986913)]
350,566,564,[np.int64(639)],0.9685650182625891,[np.float64(2.1156424371325113)],[np.float64(2.894875555679034)],[np.float64(136.3673359239161)]
350,568,567,[np.int64(423)],0.9685650182627209,[np.float64(1.973883765679288)],[np.float64(2.673783917451926)],[np.float64(127.25641841956771)]
350,569,567,[np.int64(519)],0.9685650182627307,[np.float64(2.3218999269251763)],[np.float64(3.234711573831552)],[np.float64(156.79722790766894)]
350,571,570,[np.int64(579)],0.9685650182624097,[np.float64(2.0458575662047713)],[np.float64(2.6717006883586585)],[np.float64(120.54887118418202)]
350,572,570,[np.int64(567)],0.9685650182625009,[np.float64(1.9471513936061637)],[np.float64(2.7464958730424245)],[np.float64(138.24269784472912)]
350,574,573,[np.int64(429)],0.968565018262574,[np.float64(1.8967794020353606)],[np.float64(2.827839912216078)],[np.float64(160.37113933337335)]
350,575,573,[np.int64(579)],0.9685650182625867,[np.float64(2.372284883953937)],[np.float64(3.3193310500055295)],[np.float64(165.6529501303238)]
350,577,576,[np.int64(585)],0.9685650182625591,[np.float64(1.869555235399289)],[np.float64(2.5712557179472557)],[np.float64(126.96999027226131)]
350,578,576,,0.9685650182625714,,,
350,580,579,[np.int64(576)],0.9685650182626045,[np.float64(2.043348766228899)],[np.float64(2.95504264012492)],[np.float64(156.1019694722105)]
350,581,579,[np.int64(582)],0.9685650182626026,[np.float64(1.9988394094996702)],[np.float64(2.735010974834894)],[np.float64(131.12834379987265)]
350,583,582,[np.int64(504)],0.9685650182625616,[np.float64(1.9023537151414438)],[np.float64(2.8235324853909907)],[np.float64(157.9376846602239)]
350,584,582,[np.int64(609)],0.9685650182625619,[np.float64(2.1665476031803155)],[np.float64(2.98230690150748)],[np.float64(141.0111940029378)]
350,586,585,[np.int64(510)],0.9685650182627519,[np.float64(2.3159581261996762)],[np.float64(3.1225844406815715)],[np.float64(140.23979464440424)]
350,587,585,[np.int64(588)],0.9685650182626682,[np.float64(1.991586517358364)],[np.float64(2.880689869571232)],[np.float64(151.60587866988635)]
350,589,588,[np.int64(591)],0.9685650182626064,[np.float64(2.0547809083322073)],[np.float64(2.869885183667626)],[np.float64(140.605139572357)]
350,590,588,"[np.int64(432), np.int64(615)]",0.9685650182626059,"[np.float64(2.1555069677109495), np.float64(2.261008800466152)]","[np.float64(2.972362792415913), np.float64(3.0000673589132734)]","[np.float64(141.12316679007398), np.float64(132.3428013936969)]"
350,592,591,[np.int64(411)],0.9685650182627229,[np.float64(1.9206999998280236)],[np.float64(2.7753999081183864)],[np.float64(145.7552101289473)]
350,593,591,[np.int64(615)],0.9685650182627275,[np.float64(2.2795132345557723)],[np.float64(3.2047292486891146)],[np.float64(159.49683956129908)]
350,595,594,[np.int64(621)],0.968565018262732,[np.float64(1.9472040157067736)],[np.float64(2.9080516662262728)],[np.float64(171.14633090656912)]
350,596,594,"[np.int64(630), np.int64(603)]",0.9685650182627317,"[np.float64(2.2340809971371516), np.float64(2.359352217474521)]","[np.float64(2.892193351693003), np.float64(3.2048182914465655)]","[np.float64(124.24827597987586), np.float64(145.4919422502654)]"
350,598,597,[np.int64(594)],0.9685650182627633,[np.float64(1.9312680863518357)],[np.float64(2.703508548379555)],[np.float64(134.90638783427156)]
350,599,597,[np.int64(450)],0.9685650182627602,[np.float64(1.9956059719240742)],[np.float64(2.749915739456774)],[np.float64(133.10224866319464)]
350,601,600,[np.int64(540)],0.9685650182625871,[np.float64(2.044028116389954)],[np.float64(2.9572120669395328)],[np.float64(156.41994588261224)]
350,602,600,[np.int64(573)],0.9685650182625892,[np.float64(1.937435442195948)],[np.float64(2.796952218292725)],[np.float64(146.54262652835664)]
350,604,603,[np.int64(537)],0.9685650182625847,[np.float64(2.0934440984142464)],[np.float64(3.052582742800378)],[np.float64(170.3283768842965)]
350,605,603,[np.int64(501)],0.9685650182625853,[np.float64(1.9676994338566813)],[np.float64(2.8933979306458384)],[np.float64(159.13773513034585)]
350,607,606,,0.9685650182627282,,,
350,608,606,[np.int64(609)],0.968565018262727,[np.float64(1.884440709071966)],[np.float64(2.8426875534865337)],[np.float64(169.70500586839202)]
350,610,609,[np.int64(522)],0.9685650182624344,[np.float64(1.9731811101211056)],[np.float64(2.6422469428349746)],[np.float64(124.22630181047124)]
350,611,609,[np.int64(636)],0.9685650182624281,[np.float64(1.8630106056941056)],[np.float64(2.8121361328180923)],[np.float64(165.8361330270062)]
350,613,612,[np.int64(585)],0.9685650182625908,[np.float64(2.3031696611418733)],[np.float64(2.9409681175244176)],[np.float64(122.64326994751032)]
350,614,612,"[np.int64(564), np.int64(630)]",0.9685650182625849,"[np.float64(2.141605753737571), np.float64(2.3457270781687023)]","[np.float64(2.9397708301700876), np.float64(2.9627941785817384)]","[np.float64(138.72068228274895), np.float64(120.95990449901657)]"
350,616,615,[np.int64(438)],0.968565018262667,[np.float64(1.879971022962378)],[np.float64(2.782831076535924)],[np.float64(153.9482888919048)]
350,617,615,[np.int64(432)],0.9685650182626536,[np.float64(2.126988202864145)],[np.float64(3.0144933381991192)],[np.float64(151.61750740879637)]
350,619,618,[np.int64(522)],0.9685650182624308,[np.float64(1.9315776243222056)],[np.float64(2.8883772705478847)],[np.float64(169.05162425429288)]
350,620,618,[np.int64(642)],0.9685650182624224,[np.float64(2.040006153254696)],[np.float64(2.947441428728408)],[np.float64(155.21215256892978)]
350,622,621,[np.int64(546)],0.9685650182624128,[np.float64(2.2495280879776565)],[np.float64(3.1485750692070873)],[np.float64(153.95264004091885)]
350,623,621,[np.int64(177)],0.9685650182624966,[np.float64(1.8555331649042934)],[np.float64(2.555211285455328)],[np.float64(126.69749440119911)]
350,625,624,[np.int64(627)],0.9685650182625866,[np.float64(1.9270276565756594)],[np.float64(2.8451887070102546)],[np.float64(157.29203270050283)]
350,626,624,[np.int64(621)],0.9685650182625876,[np.float64(2.3076561857050306)],[np.float64(3.038018700043182)],[np.float64(131.57017331578894)]
350,628,627,[np.int64(453)],0.9685650182625963,[np.float64(2.1859097905273783)],[np.float64(2.9131164949782935)],[np.float64(130.8552423334747)]
350,629,627,[np.int64(597)],0.9685650182624964,[np.float64(2.2465210202378207)],[np.float64(3.104425301934528)],[np.float64(147.0665902637662)]
350,631,630,"[np.int64(606), np.int64(612)]",0.9685650182626041,"[np.float64(1.8067036938695373), np.float64(2.352804487272845)]","[np.float64(2.746528584647377), np.float64(2.9627941785817384)]","[np.float64(162.67974687691836), np.float64(120.37082581488073)]"
350,632,630,[np.int64(624)],0.9685650182626094,[np.float64(2.067143628835866)],[np.float64(3.0168979792030863)],[np.float64(166.3044125145238)]
350,634,633,[np.int64(264)],0.9685650182626577,[np.float64(2.052856711364333)],[np.float64(2.970383066036933)],[np.float64(157.3832248446411)]
350,635,633,"[np.int64(624), np.int64(255)]",0.9685650182626646,"[np.float64(1.956061005701072), np.float64(2.230630627927374)]","[np.float64(2.7989311319602734), np.float64(2.9878454145484645)]","[np.float64(144.1092272500699), np.float64(134.217084517962)]"
350,637,636,[np.int64(633)],0.9685650182627593,[np.float64(1.8909059006704618)],[np.float64(2.734648972957423)],[np.float64(144.03430531986982)]
350,638,636,[np.int64(249)],0.968565018262669,[np.float64(2.1720213344568253)],[np.float64(3.0459670415864695)],[np.float64(149.41495191580677)]
350,640,639,[np.int64(252)],0.9685650182625635,[np.float64(1.8941147762035098)],[np.float64(2.6953159268449145)],[np.float64(138.28624610126514)]
350,641,639,[np.int64(264)],0.9685650182625715,[np.float64(2.2569949005584045)],[np.float64(2.9534855521336016)],[np.float64(127.98675915077112)]
350,643,642,[np.int64(633)],0.9685650182627474,[np.float64(1.7385050278226435)],[np.float64(2.5754101468677)],[np.float64(142.51216650391183)]
350,644,642,,0.9685650182627548,,,
350,646,645,"[np.int64(618), np.int64(465)]",0.9685650182625823,"[np.float64(2.1670843718868595), np.float64(2.210415953323811)]","[np.float64(2.852950555374204), np.float64(2.9247987379676985)]","[np.float64(126.63481125572126), np.float64(129.61786351117294)]"
350,647,645,[np.int64(633)],0.9685650182625858,[np.float64(2.289508941995431)],[np.float64(3.018403789549643)],[np.float64(131.36252272807826)]
400,1,0,[np.int64(294)],0.9685650182627059,[np.float64(1.7418308036399224)],[np.float64(2.625391923538074)],[np.float64(149.9486897250325)]
400,2,0,[np.int64(9)],0.9685650182627188,[np.float64(1.9407552293965304)],[np.float64(2.843623820199477)],[np.float64(154.08828550254316)]
400,4,3,[np.int64(459)],0.9685650182625959,[np.float64(2.0292961048341773)],[np.float64(2.84956736849749)],[np.float64(141.20669117094735)]
400,5,3,[np.int64(384)],0.9685650182625927,[np.float64(1.8400201100157472)],[np.float64(2.7504342542460725)],[np.float64(155.40977854406688)]
400,7,6,[np.int64(213)],0.9685650182625842,[np.float64(1.8679163059420933)],[np.float64(2.722703547845825)],[np.float64(145.60832676768322)]
400,8,6,,0.9685650182625901,,,
400,10,9,[np.int64(387)],0.9685650182625901,[np.float64(2.0131765764963157)],[np.float64(2.9766058815029823)],[np.float64(172.81767594945268)]
400,11,9,"[np.int64(30), np.int64(12)]",0.9685650182625962,"[np.float64(1.9543779462583384), np.float64(2.202365102558175)]","[np.float64(2.7511649724795504), np.float64(2.8206212255749095)]","[np.float64(137.94884389044805), np.float64(120.53241621745877)]"
400,13,12,"[np.int64(15), np.int64(3)]",0.968565018262759,"[np.float64(2.1164460580968942), np.float64(2.290729390993716)]","[np.float64(2.7996034247011234), np.float64(3.1612603948732807)]","[np.float64(126.18153507586649), np.float64(149.1099530737613)]"
400,14,12,[np.int64(378)],0.9685650182627557,[np.float64(1.693079676115134)],[np.float64(2.5376467081795187)],[np.float64(143.45866854400714)]
400,16,15,[np.int64(39)],0.9685650182625732,[np.float64(2.1617193028595505)],[np.float64(3.0204060244431394)],[np.float64(146.99358644638164)]
400,17,15,[np.int64(81)],0.9685650182625732,[np.float64(2.204788063410942)],[np.float64(3.1695802253538963)],[np.float64(173.93182609630776)]
400,19,18,[np.int64(96)],0.9685650182626112,[np.float64(1.9518485822069063)],[np.float64(2.8472726736847354)],[np.float64(152.676306744464)]
400,20,18,[np.int64(390)],0.9685650182625187,[np.float64(2.0425837728518417)],[np.float64(2.880465270136249)],[np.float64(143.65004540950002)]
400,22,21,,0.968565018262605,,,
400,23,21,[np.int64(390)],0.9685650182626065,[np.float64(2.235107522283961)],[np.float64(3.1833023372275995)],[np.float64(165.9185337809061)]
400,25,24,[np.int64(195)],0.968565018262738,[np.float64(2.2805291996599086)],[np.float64(3.232525758197283)],[np.float64(167.34077839874107)]
400,26,24,[np.int64(39)],0.9685650182626493,[np.float64(2.1757757394066255)],[np.float64(2.992234224329396)],[np.float64(141.1268269137097)]
400,28,27,,0.9685650182625978,,,
400,29,27,[np.int64(36)],0.9685650182625981,[np.float64(2.2014285335138046)],[np.float64(3.0581779986883313)],[np.float64(146.79275048115966)]
400,31,30,[np.int64(33)],0.9685650182625894,[np.float64(1.830853581383042)],[np.float64(2.7508317443127623)],[np.float64(157.51265747376203)]
400,32,30,[np.int64(210)],0.9685650182625816,[np.float64(2.1325994292505217)],[np.float64(2.766774207966235)],[np.float64(121.66990106555039)]
400,34,33,[np.int64(42)],0.9685650182624471,[np.float64(1.9773286089230355)],[np.float64(2.9205293177836658)],[np.float64(163.97739709110795)]
400,35,33,[np.int64(6)],0.9685650182624461,[np.float64(1.9052871011615775)],[np.float64(2.853303092993761)],[np.float64(165.49211985325937)]
400,37,36,[np.int64(9)],0.968565018262557,[np.float64(2.252830302111232)],[np.float64(3.135777181049445)],[np.float64(151.07791226907068)]
400,38,36,,0.968565018262556,,,
400,40,39,"[np.int64(48), np.int64(36)]",0.9685650182627231,"[np.float64(2.1923227865363186), np.float64(2.353674591052929)]","[np.float64(2.98125504614148), np.float64(3.161518479022178)]","[np.float64(137.74830070385127), np.float64(140.48364358563438)]"
400,41,39,"[np.int64(63), np.int64(78)]",0.9685650182627195,"[np.float64(2.035388523755736), np.float64(2.1627494951924646)]","[np.float64(2.838503346872184), np.float64(2.922396784573388)]","[np.float64(139.01104163099617), np.float64(134.27649511204928)]"
400,43,42,[np.int64(117)],0.9685650182624196,[np.float64(2.3858055310400186)],[np.float64(3.1796034223604552)],[np.float64(138.8436701589253)]
400,44,42,"[np.int64(81), np.int64(3)]",0.9685650182624197,"[np.float64(1.7477607930414594), np.float64(2.273452779873991)]","[np.float64(2.471398728847343), np.float64(3.0197344438995835)]","[np.float64(128.66052769568165), np.float64(133.15295422520012)]"
400,46,45,[np.int64(18)],0.9685650182625665,[np.float64(2.306656259314995)],[np.float64(3.138367581368407)],[np.float64(143.47202144486872)]
400,47,45,[np.int64(48)],0.9685650182625622,[np.float64(1.94128005192363)],[np.float64(2.795455288518785)],[np.float64(145.73601311347466)]
400,49,48,,0.9685650182627489,,,
400,50,48,"[np.int64(12), np.int64(9)]",0.9685650182627441,"[np.float64(2.3467792935043335), np.float64(2.398003012166073)]","[np.float64(2.956337339322208), np.float64(3.330324910716342)]","[np.float64(120.31238297671322), np.float64(161.39660386942853)]"
400,52,51,[np.int64(99)],0.9685650182624279,[np.float64(2.275603911116429)],[np.float64(2.921814614071691)],[np.float64(123.30527916196888)]
400,53,51,"[np.int64(147), np.int64(144)]",0.9685650182624267,"[np.float64(2.1877253666273524), np.float64(2.30954400754051)]","[np.float64(2.9169251803759617), np.float64(2.9335925119610717)]","[np.float64(131.06943315078067), np.float64(121.44374780133873)]"
400,55,54,,0.968565018262408,,,
400,56,54,,0.9685650182624984,,,
400,58,57,[np.int64(327)],0.9685650182625541,[np.float64(1.9301964000525569)],[np.float64(2.728175370305578)],[np.float64(138.0118005064888)]
400,59,57,[np.int64(66)],0.9685650182625563,[np.float64(2.0032401586618875)],[np.float64(2.9057734178346664)],[np.float64(154.15626573694735)]
400,61,60,[np.int64(213)],0.9685650182626084,[np.float64(2.2169026564239678)],[np.float64(3.1050932909886146)],[np.float64(151.91693830563648)]
400,62,60,[np.int64(33)],0.9685650182625095,[np.float64(1.8115343137966926)],[np.float64(2.777789361482428)],[np.float64(175.09740967706168)]
400,64,63,[np.int64(72)],0.968565018262433,[np.float64(1.6414370840862758)],[np.float64(2.5864539024544952)],[np.float64(164.05291435386323)]
400,65,63,[np.int64(78)],0.9685650182624221,[np.float64(1.8934983230451972)],[np.float64(2.7171800634206393)],[np.float64(141.22590322221865)]
400,67,66,[np.int64(39)],0.9685650182625792,[np.float64(2.062081259762016)],[np.float64(2.6880051681352404)],[np.float64(120.62830969516196)]
400,68,66,,0.9685650182625903,,,
400,70,69,[np.int64(51)],0.9685650182627439,[np.float64(2.0188875701947833)],[np.float64(2.800528607448022)],[np.float64(136.33225934697853)]
400,71,69,[np.int64(66)],0.9685650182626525,[np.float64(2.1733424928541742)],[np.float64(2.9671509034207197)],[np.float64(138.28091299262067)]
400,73,72,"[np.int64(342), np.int64(159)]",0.9685650182624307,"[np.float64(1.8154851869986752), np.float64(2.248445386200565)]","[np.float64(2.667644180938282), np.float64(2.913972397025061)]","[np.float64(145.03983105533186), np.float64(124.9900485319997)]"
400,74,72,,0.9685650182624285,,,
400,76,75,[np.int64(219)],0.9685650182625816,[np.float64(1.8046392493934587)],[np.float64(2.7510507743879105)],[np.float64(164.79465761891194)]
400,77,75,[np.int64(63)],0.9685650182625875,[np.float64(2.2815285166347765)],[np.float64(3.165232838112377)],[np.float64(151.261093325925)]
400,79,78,,0.96856501826272,,,
400,80,78,[np.int64(69)],0.9685650182627331,[np.float64(1.7627379038222342)],[np.float64(2.7040487698992806)],[np.float64(163.0614107966408)]
400,82,81,"[np.int64(3), np.int64(393)]",0.968565018262716,"[np.float64(2.305970218888967), np.float64(2.3629232620497986)]","[np.float64(3.052750120898421), np.float64(3.013134318288511)]","[np.float64(133.3024752742705), np.float64(123.96778556277911)]"
400,83,81,[np.int64(402)],0.9685650182627231,[np.float64(1.8627449404572467)],[np.float64(2.8057012522761138)],[np.float64(163.7385818559644)]
400,85,84,[np.int64(639)],0.9685650182625047,[np.float64(2.1396587315477897)],[np.float64(3.0213912263448504)],[np.float64(150.64347069166246)]
400,86,84,[np.int64(81)],0.9685650182625014,[np.float64(2.013213115510875)],[np.float64(2.9423912709167603)],[np.float64(160.07986280577398)]
400,88,87,[np.int64(0)],0.9685650182625567,[np.float64(1.884185945733835)],[np.float64(2.7935696195039696)],[np.float64(155.29175038921625)]
400,89,87,[np.int64(465)],0.9685650182626563,[np.float64(2.0313022750502534)],[np.float64(2.9791969343174927)],[np.float64(165.60190945793474)]
400,91,90,[np.int64(471)],0.9685650182626548,[np.float64(2.0628492100054876)],[np.float64(2.7362958515738005)],[np.float64(125.03211488634231)]
400,92,90,[np.int64(480)],0.9685650182626622,[np.float64(2.212918636967437)],[np.float64(3.0718002679941634)],[np.float64(147.13993298593473)]
400,94,93,[np.int64(87)],0.9685650182626071,[np.float64(2.2024715505798227)],[np.float64(2.9767936763971687)],[np.float64(136.06300212534308)]
400,95,93,[np.int64(117)],0.9685650182626001,[np.float64(1.8743874088771626)],[np.float64(2.8025816508128076)],[np.float64(159.59141159378055)]
400,97,96,[np.int64(102)],0.9685650182625749,[np.float64(2.114312510779732)],[np.float64(2.888819597607761)],[np.float64(135.81191126455744)]
400,98,96,[np.int64(93)],0.9685650182625769,[np.float64(2.203062697107334)],[np.float64(2.8180258649766885)],[np.float64(120.24612975960713)]
400,100,99,[np.int64(126)],0.9685650182627605,[np.float64(1.9625439395417041)],[np.float64(2.8781986871454404)],[np.float64(156.80196528622568)]
400,101,99,,0.9685650182626725,,,
400,103,102,[np.int64(471)],0.9685650182625941,[np.float64(2.329260627586981)],[np.float64(2.947694973839663)],[np.float64(121.0213204514496)]
400,104,102,[np.int64(480)],0.9685650182625946,[np.float64(1.9316330779490383)],[np.float64(2.8433080676844074)],[np.float64(155.87792136913498)]
400,106,105,[np.int64(189)],0.9685650182625807,[np.float64(2.250575209323114)],[np.float64(3.1858358213633484)],[np.float64(162.00267397357075)]
400,107,105,[np.int64(18)],0.9685650182625855,[np.float64(1.9699767506211747)],[np.float64(2.9307286902334115)],[np.float64(171.10867033357675)]
400,109,108,"[np.int64(288), np.int64(213)]",0.9685650182625812,"[np.float64(2.281689114572883), np.float64(2.3407866262902597)]","[np.float64(3.0168989769077372), np.float64(3.1898632622495873)]","[np.float64(131.999068130658), np.float64(145.9691170458705)]"
400,110,108,[np.int64(261)],0.968565018262574,[np.float64(2.004928636768315)],[np.float64(2.8605383076430826)],[np.float64(146.13213593246235)]
400,112,111,[np.int64(135)],0.9685650182626069,[np.float64(1.905634457745159)],[np.float64(2.818111932827523)],[np.float64(155.99526376342337)]
400,113,111,[np.int64(117)],0.9685650182625999,[np.float64(2.336426735465298)],[np.float64(3.1702534596342393)],[np.float64(143.8263057797312)]
400,115,114,[np.int64(318)],0.9685650182624442,[np.float64(2.071059283667549)],[np.float64(2.7775330672133354)],[np.float64(128.3143193441976)]
400,116,114,[np.int64(111)],0.9685650182624396,[np.float64(1.8595290310352817)],[np.float64(2.7774011748214384)],[np.float64(157.089508857345)]
400,118,117,[np.int64(144)],0.9685650182627229,[np.float64(2.343653730691479)],[np.float64(3.301595029698216)],[np.float64(169.90659946838198)]
400,119,117,[np.int64(120)],0.968565018262733,[np.float64(1.986982904821506)],[np.float64(2.917461423081197)],[np.float64(160.37078029874607)]
400,121,120,,0.9685650182625715,,,
400,122,120,[np.int64(129)],0.9685650182625669,[np.float64(2.010583768496186)],[np.float64(2.8082040878079337)],[np.float64(138.24400983958597)]
400,124,123,[np.int64(45)],0.9685650182625145,[np.float64(2.2334894853741063)],[np.float64(3.196983610732537)],[np.float64(172.97837455370635)]
400,125,123,[np.int64(9)],0.9685650182625148,[np.float64(2.0272219813879104)],[np.float64(2.837186885347175)],[np.float64(139.85565986332)]
400,127,126,[np.int64(147)],0.968565018262563,[np.float64(1.9078413141590134)],[np.float64(2.856521384136024)],[np.float64(165.7320917476708)]
400,128,126,[np.int64(270)],0.9685650182625632,[np.float64(2.3757688809298756)],[np.float64(3.152969134794592)],[np.float64(136.87240439808343)]
400,130,129,[np.int64(132)],0.9685650182626044,[np.float64(1.918263354889699)],[np.float64(2.867367170821126)],[np.float64(165.89808773585844)]
400,131,129,,0.9685650182625984,,,
400,133,132,"[np.int64(159), np.int64(72)]",0.9685650182624146,"[np.float64(2.0247008432903697), np.float64(2.278126533315454)]","[np.float64(2.7137171245878284), np.float64(3.0537582319673833)]","[np.float64(126.38685152824476), np.float64(136.43145779289375)]"
400,134,132,[np.int64(45)],0.968565018262409,[np.float64(1.9019808175416029)],[np.float64(2.5732051288947853)],[np.float64(124.10236581640405)]
400,136,135,"[np.int64(315), np.int64(318)]",0.9685650182624147,"[np.float64(2.1103845241009638), np.float64(2.2517003714339285)]","[np.float64(2.806545243663566), np.float64(2.979487001104512)]","[np.float64(127.43261939735139), np.float64(131.12975772545488)]"
400,137,135,[np.int64(405)],0.9685650182625045,[np.float64(2.0616153598868507)],[np.float64(2.935168867622037)],[np.float64(149.1016083202553)]
400,139,138,[np.int64(120)],0.9685650182625717,[np.float64(1.8777094702914328)],[np.float64(2.7571038902738416)],[np.float64(149.6134407036377)]
400,140,138,,0.9685650182625668,,,
400,142,141,[np.int64(324)],0.9685650182626122,[np.float64(2.1999432385303654)],[np.float64(2.847563089906137)],[np.float64(123.15606218360826)]
400,143,141,[np.int64(114)],0.968565018262512,[np.float64(2.3147863850406827)],[np.float64(2.9339536015577066)],[np.float64(121.03394984430648)]
400,145,144,"[np.int64(108), np.int64(60)]",0.9685650182624435,"[np.float64(2.0239106300944365), np.float64(2.3193239452295047)]","[np.float64(2.754343457660503), np.float64(2.9644608875747362)]","[np.float64(130.61278781561745), np.float64(123.36073663574285)]"
400,146,144,,0.9685650182624346,,,
400,148,147,[np.int64(156)],0.9685650182625677,[np.float64(2.008134679397935)],[np.float64(2.949881469252832)],[np.float64(163.56503029013552)]
400,149,147,"[np.int64(138), np.int64(417)]",0.9685650182625729,"[np.float64(2.182559678759247), np.float64(2.2569268234300415)]","[np.float64(3.006283939644966), np.float64(3.0170658890644457)]","[np.float64(142.09753077118555), np.float64(134.61958903672564)]"
400,151,150,[np.int64(417)],0.9685650182625799,[np.float64(2.000815864025792)],[np.float64(2.9316239646349826)],[np.float64(160.47825322650053)]
400,152,150,[np.int64(123)],0.9685650182624891,[np.float64(2.239950420130133)],[np.float64(2.9395309334152353)],[np.float64(128.23404160788576)]
400,154,153,[np.int64(423)],0.9685650182625662,[np.float64(1.9342188375253697)],[np.float64(2.826406294533662)],[np.float64(152.0324038423364)]
400,155,153,[np.int64(51)],0.9685650182625624,[np.float64(1.8748294929535847)],[np.float64(2.825302110900361)],[np.float64(166.35120173463406)]
400,157,156,[np.int64(129)],0.9685650182627302,[np.float64(1.951068024278624)],[np.float64(2.81679758150602)],[np.float64(147.55616873416344)]
400,158,156,[np.int64(300)],0.9685650182627452,[np.float64(1.870589910816701)],[np.float64(2.765593394807967)],[np.float64(152.40191410265476)]
400,160,159,[np.int64(420)],0.968565018262713,[np.float64(2.222885286541102)],[np.float64(2.9837948314039258)],[np.float64(134.60393983222806)]
400,161,159,[np.int64(150)],0.9685650182627233,[np.float64(1.743424700579803)],[np.float64(2.7070562556300133)],[np.float64(172.78592054958793)]
400,163,162,[np.int64(105)],0.9685650182625503,[np.float64(2.2116516712248786)],[np.float64(3.1194080343066775)],[np.float64(155.58648549284635)]
400,164,162,[np.int64(399)],0.968565018262559,[np.float64(2.1755332714407944)],[np.float64(3.1338619925249134)],[np.float64(169.98134258975085)]
400,166,165,[np.int64(192)],0.9685650182625678,[np.float64(2.0007155921571353)],[np.float64(2.7318411041713833)],[np.float64(130.59618534371495)]
400,167,165,[np.int64(243)],0.9685650182625645,[np.float64(1.9087590846935016)],[np.float64(2.852825212152235)],[np.float64(164.16118852475446)]
400,169,168,[np.int64(15)],0.9685650182627125,[np.float64(2.170709350447991)],[np.float64(2.896913503791774)],[np.float64(130.69949335163798)]
400,170,168,"[np.int64(399), np.int64(21)]",0.9685650182627188,"[np.float64(2.122608493262356), np.float64(2.131958722032258)]","[np.float64(2.8770830088230563), np.float64(2.870076699586798)]","[np.float64(133.57048210543243), np.float64(131.82371575774778)]"
400,172,171,"[np.int64(549), np.int64(636)]",0.9685650182625628,"[np.float64(2.010030357701288), np.float64(2.2967631245959943)]","[np.float64(2.8539670158703117), np.float64(2.999066789470577)]","[np.float64(144.4208609839701), np.float64(128.6897276533035)]"
400,173,171,,0.968565018262664,,,
400,175,174,[np.int64(6)],0.9685650182627397,[np.float64(2.3252216506888543)],[np.float64(3.1163513769452957)],[np.float64(138.37313473378595)]
400,176,174,[np.int64(165)],0.9685650182627408,[np.float64(1.93926079523721)],[np.float64(2.904097975928842)],[np.float64(173.843448299916)]
400,178,177,[np.int64(186)],0.9685650182625701,[np.float64(1.7419073818613837)],[np.float64(2.637866819074852)],[np.float64(152.24150655074845)]
400,179,177,[np.int64(252)],0.968565018262573,[np.float64(2.154789135141103)],[np.float64(2.9541225141775826)],[np.float64(138.90316082315877)]
400,181,180,[np.int64(0)],0.9685650182626072,[np.float64(1.9720860411047025)],[np.float64(2.924703360128397)],[np.float64(167.2947965607483)]
400,182,180,[np.int64(558)],0.9685650182625166,[np.float64(2.142571496212867)],[np.float64(3.0304765638421487)],[np.float64(151.720078442647)]
400,184,183,[np.int64(3)],0.9685650182626132,[np.float64(2.304042377223599)],[np.float64(3.126988509049403)],[np.float64(142.29822195269938)]
400,185,183,[np.int64(180)],0.9685650182626145,[np.float64(1.8449148027642117)],[np.float64(2.6724475517599675)],[np.float64(141.58328219948717)]
400,187,186,"[np.int64(183), np.int64(174)]",0.9685650182625692,"[np.float64(1.9781800006484005), np.float64(2.2947097582591804)]","[np.float64(2.772631721915433), np.float64(2.9322983537898963)]","[np.float64(137.74249504692344), np.float64(122.59456815416983)]"
400,188,186,[np.int64(459)],0.9685650182625712,[np.float64(1.8579467537466599)],[np.float64(2.818861897920817)],[np.float64(171.1151453438578)]
400,190,189,"[np.int64(75), np.int64(24)]",0.9685650182625871,"[np.float64(2.1145472880364933), np.float64(2.1948178301520715)]","[np.float64(2.741990267910227), np.float64(2.988959827885495)]","[np.float64(120.99033033030291), np.float64(138.38302255856627)]"
400,191,189,[np.int64(72)],0.9685650182625777,[np.float64(1.8657584890094148)],[np.float64(2.796636403269058)],[np.float64(160.26821348141502)]
400,193,192,[np.int64(198)],0.9685650182625871,[np.float64(1.8179271791600344)],[np.float64(2.6978493417206373)],[np.float64(149.53636237092297)]
400,194,192,[np.int64(24)],0.9685650182625806,[np.float64(1.9803441937618516)],[np.float64(2.8193699783355037)],[np.float64(143.631343460254)]
400,196,195,[np.int64(270)],0.9685650182624335,[np.float64(2.1635798585196397)],[np.float64(2.798457822923169)],[np.float64(121.8583599980065)]
400,197,195,[np.int64(153)],0.96856501826243,[np.float64(1.9960479351792166)],[np.float64(2.9230076638764486)],[np.float64(159.4960835702766)]
400,199,198,[np.int64(171)],0.9685650182625721,[np.float64(2.073699357534127)],[np.float64(2.859345114611573)],[np.float64(136.99249103795964)]
400,200,198,[np.int64(276)],0.9685650182625757,[np.float64(2.1942775292447667)],[np.float64(2.83476171563801)],[np.float64(122.48490920852842)]
400,202,201,[np.int64(174)],0.9685650182625644,[np.float64(2.3592956716251723)],[np.float64(3.1588421606172914)],[np.float64(139.47365114370578)]
400,203,201,,0.9685650182625539,,,
400,205,204,[np.int64(192)],0.9685650182624285,[np.float64(1.755496622202183)],[np.float64(2.7199036441393893)],[np.float64(173.3854673263888)]
400,206,204,[np.int64(177)],0.9685650182624242,[np.float64(2.2466228389818563)],[np.float64(3.014371960761367)],[np.float64(135.44254438173013)]
400,208,207,,0.9685650182625866,,,
400,209,207,[np.int64(210)],0.9685650182625815,[np.float64(2.2332860843280375)],[np.float64(2.9224384449331557)],[np.float64(127.18945365669055)]
400,211,210,[np.int64(207)],0.9685650182625704,[np.float64(2.2728188623967447)],[np.float64(2.9224384449331557)],[np.float64(123.60594412135735)]
400,212,210,[np.int64(6)],0.9685650182625687,[np.float64(1.9568745254180997)],[np.float64(2.8556633200679076)],[np.float64(153.32745359616618)]
400,214,213,[np.int64(306)],0.968565018262564,[np.float64(1.827321710598529)],[np.float64(2.7228435213085125)],[np.float64(152.38973832217835)]
400,215,213,[np.int64(237)],0.9685650182625649,[np.float64(1.8481185338303716)],[np.float64(2.7295719001548413)],[np.float64(149.8878958357203)]
400,217,216,"[np.int64(486), np.int64(312)]",0.9685650182624197,"[np.float64(1.9370696406357946), np.float64(2.297838100354518)]","[np.float64(2.7208196148223145), np.float64(3.097458305023406)]","[np.float64(136.2927609822429), np.float64(139.32870474192515)]"
400,218,216,,0.9685650182625125,,,
400,220,219,"[np.int64(216), np.int64(486)]",0.9685650182627361,"[np.float64(2.0008221944167794), np.float64(2.123190182641295)]","[np.float64(2.7821337985578642), np.float64(2.9216086798444025)]","[np.float64(136.2304316450158), np.float64(138.69729151414748)]"
400,221,219,[np.int64(228)],0.9685650182627339,[np.float64(1.738731969944291)],[np.float64(2.5679720978339327)],[np.float64(141.42442420057313)]
400,223,222,"[np.int64(195), np.int64(75)]",0.96856501826268,"[np.float64(2.1982354708141987), np.float64(2.237183326292135)]","[np.float64(2.9314896293429076), np.float64(2.94209142597924)]","[np.float64(131.52983545071658), np.float64(128.75373941271872)]"
400,224,222,[np.int64(231)],0.968565018262584,[np.float64(2.130857542785514)],[np.float64(2.9312014488836233)],[np.float64(138.95810013718898)]
400,226,225,,0.9685650182625944,,,
400,227,225,[np.int64(294)],0.9685650182625886,[np.float64(1.7838480488723116)],[np.float64(2.6464940079908086)],[np.float64(146.5651841840799)]
400,229,228,[np.int64(237)],0.9685650182627235,[np.float64(2.16999144722248)],[np.float64(3.0825902861587458)],[np.float64(156.51602914462202)]
400,230,228,[np.int64(234)],0.9685650182627332,[np.float64(1.9159891154724726)],[np.float64(2.8100643174130373)],[np.float64(152.33897280251134)]
400,232,231,[np.int64(306)],0.9685650182626045,[np.float64(2.2142534710292456)],[np.float64(3.1424067220101093)],[np.float64(160.11996214546127)]
400,233,231,[np.int64(228)],0.9685650182625085,[np.float64(2.1722631516603887)],[np.float64(2.9036513943064235)],[np.float64(131.2472421374622)]
400,235,234,"[np.int64(504), np.int64(531)]",0.9685650182625588,"[np.float64(2.2031656223745513), np.float64(2.246468900158914)]","[np.float64(2.9385445431307238), np.float64(3.0487125767664605)]","[np.float64(131.7702493177824), np.float64(139.5171785334836)]"
400,236,234,[np.int64(321)],0.9685650182625634,[np.float64(1.7820592702704476)],[np.float64(2.657912830662084)],[np.float64(148.73153004476728)]
400,238,237,[np.int64(57)],0.9685650182625765,[np.float64(1.8605272992452782)],[np.float64(2.775387571584461)],[np.float64(156.41781672132183)]
400,239,237,[np.int64(210)],0.9685650182626739,[np.float64(2.156033005517069)],[np.float64(3.0009284139310277)],[np.float64(144.9467701287154)]
400,241,240,[np.int64(507)],0.9685650182627213,[np.float64(2.102940654480575)],[np.float64(2.933059024796797)],[np.float64(142.7432286463452)]
400,242,240,[np.int64(231)],0.9685650182627348,[np.float64(1.9683160160708058)],[np.float64(2.7905527152015663)],[np.float64(141.27855854387033)]
400,244,243,[np.int64(24)],0.9685650182627353,[np.float64(2.235325295991699)],[np.float64(3.1475264086925847)],[np.float64(156.5381514490677)]
400,245,243,[np.int64(546)],0.9685650182627399,[np.float64(1.9497854641464587)],[np.float64(2.8366060529792785)],[np.float64(151.09790790951752)]
400,247,246,[np.int64(273)],0.9685650182624213,[np.float64(1.990816860581056)],[np.float64(2.923602209711598)],[np.float64(160.98243027726977)]
400,248,246,[np.int64(255)],0.9685650182624166,[np.float64(1.9638973925211414)],[np.float64(2.8452752060505193)],[np.float64(150.17934922707968)]
400,250,249,[np.int64(105)],0.9685650182625831,[np.float64(1.7859991241254032)],[np.float64(2.711841861015407)],[np.float64(158.82762551097497)]
400,251,249,[np.int64(480)],0.9685650182625875,[np.float64(1.9599089135401335)],[np.float64(2.922157580314535)],[np.float64(171.9993049383612)]
400,253,252,"[np.int64(630), np.int64(633)]",0.9685650182625808,"[np.float64(2.2363936434226317), np.float64(2.3838050275024436)]","[np.float64(2.8577087048014422), np.float64(3.2656054779104853)]","[np.float64(120.93342887871177), np.float64(151.122259124639)]"
400,254,252,[np.int64(261)],0.968565018262591,[np.float64(1.965095136000987)],[np.float64(2.786036388787012)],[np.float64(141.09488120210472)]
400,256,255,[np.int64(258)],0.9685650182627453,[np.float64(2.266820400087895)],[np.float64(3.0773833339158894)],[np.float64(140.610790862311)]
400,257,255,[np.int64(279)],0.9685650182627468,[np.float64(1.7205151488940698)],[np.float64(2.545038960868119)],[np.float64(140.69539808011942)]
400,259,258,[np.int64(171)],0.9685650182627406,[np.float64(2.1665884937218687)],[np.float64(2.841530857188023)],[np.float64(125.58194927843827)]
400,260,258,[np.int64(249)],0.9685650182627434,[np.float64(1.7690938686252229)],[np.float64(2.7000880015340987)],[np.float64(160.11619231594864)]
400,262,261,[np.int64(288)],0.9685650182627429,[np.float64(1.852077444425683)],[np.float64(2.7840048391034014)],[np.float64(160.52130163845843)]
400,263,261,[np.int64(111)],0.9685650182626523,[np.float64(2.1095520598561803)],[np.float64(2.839398360917412)],[np.float64(130.86795230167908)]
400,265,264,[np.int64(84)],0.968565018262755,[np.float64(2.081671610884903)],[np.float64(2.794113305619827)],[np.float64(128.96124239223235)]
400,266,264,"[np.int64(87), np.int64(267)]",0.9685650182627504,"[np.float64(2.0816671140530127), np.float64(2.285072096107324)]","[np.float64(2.8295168372808006), np.float64(3.1102424962185258)]","[np.float64(132.70111546096658), np.float64(142.54619797643446)]"
400,268,267,[np.int64(0)],0.9685650182627217,[np.float64(1.8793429271641362)],[np.float64(2.8015560151756485)],[np.float64(158.1359294455219)]
400,269,267,[np.int64(285)],0.9685650182627272,[np.float64(1.967255368362537)],[np.float64(2.869565041517515)],[np.float64(154.03572008421773)]
400,271,270,[np.int64(204)],0.9685650182627442,[np.float64(1.8292302960335125)],[np.float64(2.78009308269625)],[np.float64(166.44228012739214)]
400,272,270,[np.int64(246)],0.9685650182627441,[np.float64(1.7376180240937418)],[np.float64(2.684778228355236)],[np.float64(164.95408873712165)]
400,274,273,[np.int64(258)],0.9685650182627608,[np.float64(1.8594168616203006)],[np.float64(2.8022521455691503)],[np.float64(163.69513735112412)]
400,275,273,[np.int64(132)],0.9685650182627582,[np.float64(2.2384792739433403)],[np.float64(3.134829157402169)],[np.float64(153.42928408898004)]
400,277,276,,0.968565018262439,,,
400,278,276,"[np.int64(258), np.int64(171)]",0.9685650182624378,"[np.float64(2.034195986994261), np.float64(2.11591221120943)]","[np.float64(2.760811876164274), np.float64(2.9486122742862255)]","[np.float64(130.24919565377627), np.float64(143.13182607054333)]"
400,280,279,[np.int64(177)],0.9685650182625766,[np.float64(1.9891058212982964)],[np.float64(2.8844366125630274)],[np.float64(152.7432495065666)]
400,281,279,,0.968565018262574,,,
400,283,282,,0.9685650182626504,,,
400,284,282,[np.int64(273)],0.9685650182626501,[np.float64(1.9325986538051962)],[np.float64(2.8201414646767904)],[np.float64(151.18466842044816)]
400,286,285,[np.int64(312)],0.968565018262513,[np.float64(1.970600829547156)],[np.float64(2.88797064181679)],[np.float64(157.1981069950511)]
400,287,285,[np.int64(273)],0.968565018262513,[np.float64(2.3750613917799193)],[np.float64(3.0144584069637683)],[np.float64(123.03189999766914)]
400,289,288,,0.9685650182627438,,,
400,290,288,[np.int64(282)],0.9685650182627441,[np.float64(2.146287375544545)],[np.float64(2.79979432750293)],[np.float64(123.49052351337848)]
400,292,291,[np.int64(267)],0.9685650182625714,[np.float64(2.0224470050205214)],[np.float64(2.8245981154240156)],[np.float64(138.84834324683635)]
400,293,291,"[np.int64(111), np.int64(114)]",0.9685650182625634,"[np.float64(1.929429837974833), np.float64(2.214784703268092)]","[np.float64(2.7095516865498355), np.float64(3.0133110445572022)]","[np.float64(135.82988517580606), np.float64(138.97362295352656)]"
400,295,294,[np.int64(114)],0.9685650182624186,[np.float64(1.8542137100611165)],[np.float64(2.8003436883302544)],[np.float64(164.76964824409137)]
400,296,294,[np.int64(285)],0.968565018262423,[np.float64(1.7622472131750375)],[np.float64(2.7079090419075493)],[np.float64(164.47431636898907)]
400,298,297,[np.int64(153)],0.9685650182624,[np.float64(2.1411381899171515)],[np.float64(2.962900331213779)],[np.float64(141.72674161939304)]
400,299,297,[np.int64(576)],0.9685650182624881,[np.float64(2.130860530067459)],[np.float64(2.8951147779565294)],[np.float64(134.69149670697067)]
400,301,300,[np.int64(129)],0.9685650182625799,[np.float64(2.1979843217614508)],[np.float64(3.0589216447839416)],[np.float64(147.4192413039008)]
400,302,300,[np.int64(270)],0.968565018262584,[np.float64(2.05188739701655)],[np.float64(2.75430695894803)],[np.float64(127.83066403322971)]
400,304,303,[np.int64(156)],0.9685650182626112,[np.float64(2.2143725147157562)],[np.float64(2.9618187158530396)],[np.float64(133.09788948913817)]
400,305,303,[np.int64(159)],0.968565018262515,[np.float64(1.973108229785314)],[np.float64(2.911459333713274)],[np.float64(162.50276728147088)]
400,307,306,[np.int64(297)],0.968565018262574,[np.float64(2.1085534297254647)],[np.float64(2.835364302458691)],[np.float64(130.54570997623546)]
400,308,306,[np.int64(195)],0.9685650182625742,[np.float64(2.31149640450153)],[np.float64(3.1580849680739)],[np.float64(145.54978811337705)]
400,310,309,[np.int64(315)],0.9685650182625856,[np.float64(1.968851716371837)],[np.float64(2.8892645347398034)],[np.float64(157.88589026643623)]
400,311,309,"[np.int64(297), np.int64(300)]",0.9685650182625909,"[np.float64(1.8161464514464185), np.float64(2.1216853894085244)]","[np.float64(2.67405280793896), np.float64(2.861445757266099)]","[np.float64(145.92450825184912), np.float64(131.96419905141582)]"
400,313,312,,0.9685650182627413,,,
400,314,312,[np.int64(303)],0.968565018262652,[np.float64(2.0084318221376827)],[np.float64(2.9042145973750637)],[np.float64(152.87058358456602)]
400,316,315,[np.int64(405)],0.9685650182624927,[np.float64(1.9103328638558128)],[np.float64(2.8226679124780323)],[np.float64(155.97457001691447)]
400,317,315,"[np.int64(288), np.int64(213)]",0.9685650182624951,"[np.float64(2.100678007469462), np.float64(2.2851233053483)]","[np.float64(2.7677897056777216), np.float64(3.1198483371938397)]","[np.float64(124.58246376252649), np.float64(143.83226700340126)]"
400,319,318,[np.int64(282)],0.9685650182627324,[np.float64(2.200238010859028)],[np.float64(3.088968014523059)],[np.float64(151.98011544844033)]
400,320,318,,0.9685650182627438,,,
400,322,321,[np.int64(318)],0.9685650182625887,[np.float64(1.9730201527082152)],[np.float64(2.833777879095436)],[np.float64(146.8345115744584)]
400,323,321,[np.int64(582)],0.9685650182625893,[np.float64(1.9082784972502962)],[np.float64(2.8392781275342047)],[np.float64(160.37511706080886)]
400,325,324,[np.int64(354)],0.9685650182625757,[np.float64(2.2481482037444143)],[np.float64(3.084247888100188)],[np.float64(143.9343250854001)]
400,326,324,[np.int64(54)],0.9685650182625822,[np.float64(2.060963167334899)],[np.float64(2.9683859476124077)],[np.float64(155.24996717501796)]
400,328,327,[np.int64(363)],0.9685650182624379,[np.float64(2.0666548744882167)],[np.float64(2.8276361411881394)],[np.float64(134.10683110209035)]
400,329,327,[np.int64(60)],0.9685650182624326,[np.float64(2.05060708874683)],[np.float64(3.0172298045951162)],[np.float64(175.59676977526027)]
400,331,330,[np.int64(414)],0.9685650182627448,[np.float64(1.7211160598398108)],[np.float64(2.5434453283171603)],[np.float64(140.39580956021067)]
400,332,330,[np.int64(69)],0.96856501826275,[np.float64(2.032174786753596)],[np.float64(2.7354965795303623)],[np.float64(127.84287862922702)]
400,334,333,[np.int64(336)],0.9685650182625698,[np.float64(2.328861628128026)],[np.float64(3.0112449695740335)],[np.float64(126.85556177905384)]
400,335,333,[np.int64(354)],0.9685650182625722,[np.float64(1.979668708677343)],[np.float64(2.864658938580336)],[np.float64(150.84648473632845)]
400,337,336,[np.int64(63)],0.9685650182625938,[np.float64(2.140183946204247)],[np.float64(2.8764848272894303)],[np.float64(131.65813924258373)]
400,338,336,[np.int64(372)],0.9685650182625913,[np.float64(1.9883871661749113)],[np.float64(2.787490596288673)],[np.float64(138.35431374818384)]
400,340,339,[np.int64(372)],0.9685650182625748,[np.float64(2.1422378395647845)],[np.float64(2.876912896281398)],[np.float64(131.49245032896948)]
400,341,339,[np.int64(330)],0.9685650182625782,[np.float64(2.278747575748381)],[np.float64(2.972181119071605)],[np.float64(127.75958386926828)]
400,343,342,[np.int64(456)],0.9685650182627453,[np.float64(1.8217998079454734)],[np.float64(2.7053038874674353)],[np.float64(150.1737881930835)]
400,344,342,[np.int64(345)],0.9685650182626506,[np.float64(2.100800015476727)],[np.float64(3.0044253907455696)],[np.float64(154.5655388499824)]
400,346,345,[np.int64(489)],0.9685650182627568,[np.float64(2.010688986236065)],[np.float64(2.845406489044523)],[np.float64(143.11482778797534)]
400,347,345,[np.int64(222)],0.9685650182627552,[np.float64(2.104960458886027)],[np.float64(3.0071637100877853)],[np.float64(154.29485798645743)]
400,349,348,[np.int64(78)],0.9685650182627281,[np.float64(2.350840635888615)],[np.float64(3.228847786885695)],[np.float64(150.4333623114269)]
400,350,348,[np.int64(501)],0.9685650182627322,[np.float64(1.8603245869097271)],[np.float64(2.8078588767500725)],[np.float64(165.26320180873518)]
400,352,351,[np.int64(354)],0.9685650182625984,[np.float64(1.8780494479278924)],[np.float64(2.8223969641033038)],[np.float64(164.2094092618336)]
400,353,351,[np.int64(618)],0.9685650182625982,[np.float64(2.2875594162699016)],[np.float64(2.9135409109243624)],[np.float64(121.53528581273505)]
400,355,354,[np.int64(534)],0.9685650182627693,[np.float64(1.73434086590276)],[np.float64(2.616531563739629)],[np.float64(149.68241041971257)]
400,356,354,[np.int64(363)],0.968565018262763,[np.float64(1.9890265453553118)],[np.float64(2.9370000692898612)],[np.float64(165.58032422216627)]
400,358,357,[np.int64(510)],0.9685650182625062,[np.float64(1.9230269269120697)],[np.float64(2.8117767253856423)],[np.float64(151.3780458851032)]
400,359,357,"[np.int64(432), np.int64(612)]",0.968565018262603,"[np.float64(2.0816218441367313), np.float64(2.2290841580163434)]","[np.float64(2.7818351904749825), np.float64(2.9699164997358367)]","[np.float64(127.72576901372328), np.float64(132.4326120453078)]"
400,361,360,[np.int64(354)],0.9685650182626463,[np.float64(2.370668475246055)],[np.float64(3.2319138955039803)],[np.float64(147.82607258094532)]
400,362,360,"[np.int64(381), np.int64(390)]",0.9685650182626494,"[np.float64(1.9667921888129505), np.float64(2.0447135552521263)]","[np.float64(2.6789210567136523), np.float64(2.8654438007686847)]","[np.float64(128.4709849174821), np.float64(141.3140768429149)]"
400,364,363,[np.int64(372)],0.9685650182625798,[np.float64(1.8003851934374242)],[np.float64(2.707389759691619)],[np.float64(154.59999839489745)]
400,365,363,[np.int64(366)],0.9685650182625748,[np.float64(2.059677172088772)],[np.float64(2.9292640323603516)],[np.float64(148.45282774135703)]
400,367,366,[np.int64(384)],0.9685650182624294,[np.float64(2.2137914444106626)],[np.float64(2.95769259758997)],[np.float64(132.7133368984818)]
400,368,366,[np.int64(393)],0.9685650182624352,[np.float64(1.6624886854730478)],[np.float64(2.556495502157681)],[np.float64(151.630397135212)]
400,370,369,[np.int64(456)],0.9685650182626517,[np.float64(2.0504585224566574)],[np.float64(2.8456320346501873)],[np.float64(138.0722369380147)]
400,371,369,"[np.int64(489), np.int64(513)]",0.9685650182626543,"[np.float64(2.2757434872964697), np.float64(2.2870951593170474)]","[np.float64(3.155354717020543), np.float64(2.978123348538009)]","[np.float64(150.55946949730318), np.float64(127.55281971511997)]"
400,373,372,[np.int64(369)],0.968565018262576,[np.float64(2.1381704711890164)],[np.float64(2.9238521348399176)],[np.float64(137.1994700760035)]
400,374,372,,0.9685650182625681,,,
400,376,375,[np.int64(516)],0.9685650182625496,[np.float64(1.899955344248586)],[np.float64(2.7708528309294262)],[np.float64(148.24967679926917)]
400,377,375,[np.int64(339)],0.9685650182625511,[np.float64(1.9051724219484591)],[np.float64(2.782580407555613)],[np.float64(149.34903562175325)]
400,379,378,[np.int64(30)],0.9685650182624006,[np.float64(2.254735236398322)],[np.float64(3.1328783192304677)],[np.float64(150.27465015595013)]
400,380,378,[np.int64(558)],0.968565018262498,[np.float64(2.0710728888067895)],[np.float64(2.930855529930073)],[np.float64(146.94128703673326)]
400,382,381,,0.9685650182627153,,,
400,383,381,"[np.int64(366), np.int64(393)]",0.9685650182627186,"[np.float64(2.0696372459644903), np.float64(2.0872797677546986)]","[np.float64(2.991217831567782), np.float64(2.7169619352988206)]","[np.float64(158.33209270517432), np.float64(121.07536532957937)]"
400,385,384,[np.int64(561)],0.9685650182626785,[np.float64(1.7256396070722337)],[np.float64(2.6475488084462326)],[np.float64(157.73544964769476)]
400,386,384,[np.int64(357)],0.9685650182625823,[np.float64(2.01025788560597)],[np.float64(2.9196484798161584)],[np.float64(155.55625947235805)]
400,388,387,[np.int64(378)],0.9685650182624295,[np.float64(2.387664707048328)],[np.float64(3.134303573454998)],[np.float64(133.51722771113754)]
400,389,387,[np.int64(360)],0.9685650182624286,[np.float64(1.885089137829587)],[np.float64(2.5357204602261394)],[np.float64(122.05760538675452)]
400,391,390,,0.9685650182625796,,,
400,392,390,"[np.int64(381), np.int64(12)]",0.9685650182625838,"[np.float64(1.9602776311127226), np.float64(2.2486989358064946)]","[np.float64(2.653070819163307), np.float64(3.0792528027871544)]","[np.float64(126.48592509693952), np.float64(143.17868550496394)]"
400,394,393,,0.968565018262587,,,
400,395,393,,0.9685650182624871,,,
400,397,396,[np.int64(456)],0.9685650182624206,[np.float64(2.0627571551087023)],[np.float64(2.8125160318029927)],[np.float64(132.8435949392291)]
400,398,396,"[np.int64(390), np.int64(360)]",0.9685650182624153,"[np.float64(1.989158998828188), np.float64(2.30380383637914)]","[np.float64(2.8860775049253564), np.float64(2.9123321755320237)]","[np.float64(153.04235266444624), np.float64(120.06917548374291)]"
400,400,399,"[np.int64(369), np.int64(516)]",0.9685650182625996,"[np.float64(2.0728677024459556), np.float64(2.2077003373018935)]","[np.float64(2.8965681796505565), np.float64(2.934895092353944)]","[np.float64(141.79232901380982), np.float64(130.92630806177027)]"
400,401,399,[np.int64(543)],0.9685650182626013,[np.float64(2.0818046843237243)],[np.float64(2.89994353613788)],[np.float64(141.08194637535593)]
400,403,402,[np.int64(375)],0.9685650182625534,[np.float64(2.0179594488508124)],[np.float64(2.9325122724523007)],[np.float64(156.66656125377878)]
400,404,402,[np.int64(546)],0.968565018262656,[np.float64(2.110850497692922)],[np.float64(2.8431896338823623)],[np.float64(131.1356595932479)]
400,406,405,[np.int64(408)],0.9685650182627076,[np.float64(1.717781342507282)],[np.float64(2.6369614334000446)],[np.float64(157.07212043929394)]
400,407,405,[np.int64(60)],0.9685650182627183,[np.float64(1.9778083469624501)],[np.float64(2.7027123287457013)],[np.float64(129.84625584471965)]
400,409,408,[np.int64(417)],0.9685650182625879,[np.float64(1.7630926190931642)],[np.float64(2.6805845026926503)],[np.float64(156.7897864986704)]
400,410,408,[np.int64(591)],0.9685650182625806,[np.float64(2.141410600852194)],[np.float64(3.033308279267776)],[np.float64(152.43161936217962)]
400,412,411,[np.int64(324)],0.9685650182625758,[np.float64(2.193953114098124)],[np.float64(3.1597031489902383)],[np.float64(174.7547160521011)]
400,413,411,[np.int64(591)],0.968565018262575,[np.float64(2.3517609569230187)],[np.float64(3.0076015879325637)],[np.float64(124.445253657437)]
400,415,414,[np.int64(339)],0.9685650182627202,[np.float64(2.2422151473529026)],[np.float64(3.118157807967789)],[np.float64(149.88707628996167)]
400,416,414,[np.int64(435)],0.9685650182627316,[np.float64(1.8231067982064917)],[np.float64(2.7658964152140912)],[np.float64(163.6251875547196)]
400,418,417,[np.int64(423)],0.9685650182627298,[np.float64(2.2654119267088006)],[np.float64(3.0950122449364468)],[np.float64(143.09037359310136)]
400,419,417,,0.9685650182627314,,,
400,421,420,[np.int64(426)],0.9685650182625833,[np.float64(1.9757895015022156)],[np.float64(2.8493683901855165)],[np.float64(148.89404380235686)]
400,422,420,[np.int64(447)],0.9685650182625831,[np.float64(2.1904227400288563)],[np.float64(3.034317946273348)],[np.float64(144.88818482912978)]
400,424,423,[np.int64(426)],0.9685650182627398,[np.float64(2.200932631621864)],[np.float64(3.157832591347771)],[np.float64(169.32329820801982)]
400,425,423,[np.int64(339)],0.9685650182626467,[np.float64(1.961882202467656)],[np.float64(2.820468476079045)],[np.float64(146.46792693423689)]
400,427,426,"[np.int64(597), np.int64(453)]",0.9685650182626124,"[np.float64(2.104802218277627), np.float64(2.3737562053030548)]","[np.float64(2.9050676168708027), np.float64(3.020304250845515)]","[np.float64(138.87054430788), np.float64(123.67116039047029)]"
400,428,426,"[np.int64(414), np.int64(444)]",0.9685650182626114,"[np.float64(2.2854523768963544), np.float64(2.3742820066273387)]","[np.float64(3.1347663512432353), np.float64(3.1311866535511634)]","[np.float64(145.88489056672856), np.float64(134.59280969400274)]"
400,430,429,[np.int64(570)],0.9685650182625589,[np.float64(1.9233394341609271)],[np.float64(2.777319575680135)],[np.float64(145.65386547180657)]
400,431,429,[np.int64(420)],0.9685650182625632,[np.float64(1.9713535065450563)],[np.float64(2.864492209700541)],[np.float64(152.29515404891418)]
400,433,432,"[np.int64(414), np.int64(330)]",0.968565018262759,"[np.float64(2.0253335213323096), np.float64(2.341785970403765)]","[np.float64(2.903470801142186), np.float64(2.9917709823703924)]","[np.float64(149.77705973500912), np.float64(123.87702889154106)]"
400,434,432,[np.int64(615)],0.9685650182626655,[np.float64(1.9490014695506992)],[np.float64(2.8384432775595037)],[np.float64(151.56648838861082)]
400,436,435,[np.int64(432)],0.9685650182627581,[np.float64(1.909961801013266)],[np.float64(2.5992569680988398)],[np.float64(125.91105157540007)]
400,437,435,[np.int64(444)],0.9685650182627598,[np.float64(1.8060048053997098)],[np.float64(2.690714628598317)],[np.float64(150.34285772654508)]
400,439,438,"[np.int64(351), np.int64(447)]",0.9685650182624401,"[np.float64(2.2327157416762633), np.float64(2.3432901266465556)]","[np.float64(2.9604134152221806), np.float64(3.2470770814238836)]","[np.float64(131.05996489777786), np.float64(155.01249234177115)]"
400,440,438,[np.int64(435)],0.9685650182624339,[np.float64(2.1714914275138715)],[np.float64(2.983434249462134)],[np.float64(140.53379853507425)]
400,442,441,[np.int64(366)],0.9685650182625535,[np.float64(1.7242704174441048)],[np.float64(2.6149406274387745)],[np.float64(151.18947332330953)]
400,443,441,[np.int64(435)],0.9685650182626477,[np.float64(2.0605566865991767)],[np.float64(2.9229741779058576)],[np.float64(147.32179271233818)]
400,445,444,[np.int64(411)],0.968565018262729,[np.float64(2.052344532828501)],[np.float64(2.9593948211008376)],[np.float64(155.15771875997663)]
400,446,444,[np.int64(453)],0.9685650182627279,[np.float64(2.069448567347796)],[np.float64(3.030034051309169)],[np.float64(171.08580162432818)]
400,448,447,"[np.int64(396), np.int64(360)]",0.9685650182625736,"[np.float64(1.95827941179211), np.float64(2.3119188014440573)]","[np.float64(2.594769128409923), np.float64(3.1427451568765643)]","[np.float64(121.10725396256134), np.float64(143.36466269537104)]"
400,449,447,"[np.int64(351), np.int64(411)]",0.968565018262575,"[np.float64(1.8979493534485694), np.float64(2.255968898876795)]","[np.float64(2.7122525193896663), np.float64(2.93084435986092)]","[np.float64(139.9894346475593), np.float64(125.89718312194525)]"
400,451,450,[np.int64(441)],0.9685650182627338,[np.float64(2.088035211126139)],[np.float64(3.040344833674755)],[np.float64(167.29030762138794)]
400,452,450,[np.int64(519)],0.9685650182627339,[np.float64(2.3304909381309566)],[np.float64(3.153009950054691)],[np.float64(142.3044703231074)]
400,454,453,[np.int64(483)],0.968565018262574,[np.float64(1.9966124105448135)],[np.float64(2.876618064178077)],[np.float64(150.02452801868313)]
400,455,453,[np.int64(597)],0.9685650182625712,[np.float64(2.3863268528251593)],[np.float64(3.1886118506069465)],[np.float64(139.87357507677595)]
400,457,456,[np.int64(420)],0.9685650182624305,[np.float64(2.11890079410188)],[np.float64(2.796840513298283)],[np.float64(125.68732892686354)]
400,458,456,[np.int64(600)],0.9685650182624254,[np.float64(1.7616526437699453)],[np.float64(2.655741282530951)],[np.float64(151.939995039553)]
400,460,459,"[np.int64(261), np.int64(252)]",0.9685650182624033,"[np.float64(1.9114754168190426), np.float64(2.3210434242484745)]","[np.float64(2.7178805386304368), np.float64(2.9668806704546697)]","[np.float64(139.0117307106558), np.float64(123.43006099491538)]"
400,461,459,[np.int64(468)],0.9685650182624936,[np.float64(2.0638258021645237)],[np.float64(2.999278020538944)],[np.float64(161.81290908110788)]
400,463,462,"[np.int64(465), np.int64(264)]",0.9685650182625735,"[np.float64(2.2670906502683454), np.float64(2.3299038196660007)]","[np.float64(2.995393227958029), np.float64(3.221640589956039)]","[np.float64(131.23172535985557), np.float64(152.74926005503892)]"
400,464,462,[np.int64(435)],0.9685650182625749,[np.float64(2.019068715455583)],[np.float64(2.8105361350484768)],[np.float64(137.51558334712826)]
400,466,465,[np.int64(474)],0.9685650182625981,[np.float64(2.194836627686272)],[np.float64(2.99017021921525)],[np.float64(138.52784763644541)]
400,467,465,[np.int64(642)],0.968565018262501,[np.float64(2.0679712845397273)],[np.float64(2.9960058973047308)],[np.float64(159.87848315294193)]
400,469,468,[np.int64(357)],0.9685650182624224,[np.float64(1.9135898652482053)],[np.float64(2.718460148693572)],[np.float64(138.82288783407353)]
400,470,468,,0.9685650182624235,,,
400,472,471,,0.9685650182627172,,,
400,473,471,[np.int64(462)],0.9685650182627268,[np.float64(1.7084326080822738)],[np.float64(2.6689572171405196)],[np.float64(170.75552578858913)]
400,475,474,,0.968565018262585,,,
400,476,474,"[np.int64(447), np.int64(396)]",0.9685650182624899,"[np.float64(2.1503114018906047), np.float64(2.3354306680448875)]","[np.float64(2.8452912375302932), np.float64(3.195706598742795)]","[np.float64(127.46481379363725), np.float64(147.60989902987177)]"
400,478,477,"[np.int64(450), np.int64(597)]",0.9685650182624937,"[np.float64(2.253983164573161), np.float64(2.392833535753128)]","[np.float64(3.070239202640825), np.float64(3.0138186126183197)]","[np.float64(141.30523817133198), np.float64(121.46276734811288)]"
400,479,477,[np.int64(402)],0.9685650182623982,[np.float64(2.371740272024179)],[np.float64(3.077358562315679)],[np.float64(129.249736836076)]
400,481,480,[np.int64(477)],0.9685650182625949,[np.float64(2.006828762076552)],[np.float64(2.968817254628423)],[np.float64(171.86770613393873)]
400,482,480,[np.int64(246)],0.9685650182626051,[np.float64(2.0656119534543538)],[np.float64(2.888953486736065)],[np.float64(141.72332557254717)]
400,484,483,[np.int64(396)],0.9685650182627162,[np.float64(1.7412158537352955)],[np.float64(2.7058247960752513)],[np.float64(173.53872967256757)]
400,485,483,[np.int64(105)],0.9685650182627253,[np.float64(2.3898887960263364)],[np.float64(3.337319810052888)],[np.float64(165.7972264180587)]
400,487,486,[np.int64(429)],0.9685650182626453,[np.float64(2.2941057269667717)],[np.float64(3.2519330257227943)],[np.float64(169.82058336875411)]
400,488,486,[np.int64(573)],0.9685650182626563,[np.float64(2.1954833186156053)],[np.float64(2.863632412648837)],[np.float64(125.04509401571423)]
400,490,489,,0.9685650182624445,,,
400,491,489,[np.int64(486)],0.9685650182624423,[np.float64(2.023231059222334)],[np.float64(2.807883742430431)],[np.float64(136.70633413797293)]
400,493,492,[np.int64(513)],0.9685650182625894,[np.float64(2.0804534486796573)],[np.float64(2.7662788480028366)],[np.float64(126.300288564462)]
400,494,492,"[np.int64(228), np.int64(219)]",0.9685650182625966,"[np.float64(2.0742794774085307), np.float64(2.236734897648619)]","[np.float64(2.886561944751114), np.float64(3.007787043015957)]","[np.float64(140.29830798180194), np.float64(135.78896545680993)]"
400,496,495,[np.int64(522)],0.9685650182626552,[np.float64(2.0974914112145484)],[np.float64(2.7174250210987965)],[np.float64(120.24868470140652)]
400,497,495,[np.int64(504)],0.9685650182625672,[np.float64(2.0075786812724146)],[np.float64(2.907484768221875)],[np.float64(153.65330342299447)]
400,499,498,"[np.int64(528), np.int64(537)]",0.9685650182625983,"[np.float64(2.1165653963727915), np.float64(2.228693485155434)]","[np.float64(2.7888392215108624), np.float64(3.0169212941608494)]","[np.float64(125.1358685761672), np.float64(137.76777542577446)]"
400,500,498,[np.int64(228)],0.9685650182625956,[np.float64(2.3915257770024785)],[np.float64(3.052836008919919)],[np.float64(125.07686254751309)]
400,502,501,[np.int64(576)],0.9685650182625621,[np.float64(1.9706349101808243)],[np.float64(2.8145824766579124)],[np.float64(144.30838965394076)]
400,503,501,,0.9685650182625591,,,
400,505,504,[np.int64(615)],0.9685650182626053,[np.float64(2.187936576935563)],[np.float64(2.887090414528184)],[np.float64(128.01265305530524)]
400,506,504,"[np.int64(351), np.int64(618)]",0.9685650182625103,"[np.float64(2.010816627524245), np.float64(2.151804335963786)]","[np.float64(2.641093083740083), np.float64(3.0103913469987122)]","[np.float64(120.7889519269678), np.float64(146.95522041896174)]"
400,508,507,,0.9685650182626145,,,
400,509,507,,0.9685650182626123,,,
400,511,510,[np.int64(327)],0.968565018262582,[np.float64(2.0705028155393395)],[np.float64(2.8498766714012254)],[np.float64(136.2379284130571)]
400,512,510,[np.int64(330)],0.968565018262581,[np.float64(1.901680137707139)],[np.float64(2.777325536937569)],[np.float64(149.0422201651219)]
400,514,513,[np.int64(543)],0.9685650182627543,[np.float64(1.9930282311710172)],[np.float64(2.9275748798261043)],[np.float64(161.46121022956217)]
400,515,513,[np.int64(516)],0.9685650182627541,[np.float64(1.8449429709246878)],[np.float64(2.625236652119836)],[np.float64(135.5195116094356)]
400,517,516,"[np.int64(348), np.int64(372)]",0.96856501826268,"[np.float64(1.9136550208227816), np.float64(2.170333072312039)]","[np.float64(2.7914779655047712), np.float64(2.8622499176888785)]","[np.float64(149.44210927655868), np.float64(127.23670253239743)]"
400,518,516,[np.int64(519)],0.9685650182626713,[np.float64(1.9329878408247507)],[np.float64(2.781925080914055)],[np.float64(144.92734515382892)]
400,520,519,[np.int64(594)],0.9685650182624128,[np.float64(1.9251362294951297)],[np.float64(2.782793109737651)],[np.float64(146.22016459022151)]
400,521,519,[np.int64(501)],0.9685650182624095,[np.float64(2.022996923898997)],[np.float64(2.858720144003215)],[np.float64(143.29122345684664)]
400,523,522,[np.int64(531)],0.9685650182627132,[np.float64(2.1988036177612713)],[np.float64(3.0204848487627443)],[np.float64(141.87007583379025)]
400,524,522,"[np.int64(540), np.int64(525)]",0.9685650182627183,"[np.float64(2.1192596973947975), np.float64(2.1942374141080134)]","[np.float64(2.8088934744430625), np.float64(2.93222527257889)]","[np.float64(126.82339657154449), np.float64(132.01802986336176)]"
400,526,525,[np.int64(498)],0.9685650182625919,[np.float64(1.771947339175058)],[np.float64(2.7245385214256923)],[np.float64(167.05031161564438)]
400,527,525,[np.int64(540)],0.9685650182625852,[np.float64(2.371865240996842)],[np.float64(3.295154681153603)],[np.float64(159.16563887792216)]
400,529,528,[np.int64(552)],0.9685650182625786,[np.float64(2.2822988803474047)],[np.float64(3.100253774455731)],[np.float64(141.59525027200434)]
400,530,528,[np.int64(513)],0.9685650182625841,[np.float64(2.378169517020834)],[np.float64(3.227210784350004)],[np.float64(146.04119371194307)]
400,532,531,"[np.int64(507), np.int64(498)]",0.9685650182625707,"[np.float64(2.09851578275486), np.float64(2.1647348435104923)]","[np.float64(2.9072732163092323), np.float64(2.9861859545902614)]","[np.float64(139.91905067242666), np.float64(141.74966217193983)]"
400,533,531,,0.9685650182625661,,,
400,535,534,[np.int64(537)],0.9685650182626672,[np.float64(1.9638287874407734)],[np.float64(2.808111011168125)],[np.float64(144.33677799104683)]
400,536,534,[np.int64(558)],0.9685650182626576,[np.float64(2.3957748516641506)],[np.float64(3.2646333691631666)],[np.float64(149.04616152073518)]
400,538,537,[np.int64(585)],0.9685650182624228,[np.float64(1.7298130377775895)],[np.float64(2.6504657982518354)],[np.float64(157.44621193696761)]
400,539,537,"[np.int64(564), np.int64(357)]",0.9685650182624149,"[np.float64(2.363476799744048), np.float64(2.367918517637433)]","[np.float64(3.242978567177274), np.float64(2.9745832197135083)]","[np.float64(150.70308103479422), np.float64(120.13720327163193)]"
400,541,540,[np.int64(609)],0.9685650182624279,[np.float64(2.1953442703366157)],[np.float64(3.033014877327585)],[np.float64(144.02394716603388)]
400,542,540,[np.int64(162)],0.968565018262515,[np.float64(1.982540539217963)],[np.float64(2.859601409517791)],[np.float64(149.49121071942398)]
400,544,543,[np.int64(165)],0.9685650182627172,[np.float64(1.9143192140846181)],[np.float64(2.5554856375190576)],[np.float64(121.32252509749812)]
400,545,543,[np.int64(552)],0.9685650182627239,[np.float64(2.1296238926351307)],[np.float64(2.8488724840967308)],[np.float64(129.83573739466476)]
400,547,546,[np.int64(555)],0.9685650182626154,[np.float64(1.8990811637910046)],[np.float64(2.7185761168898663)],[np.float64(140.6815781738967)]
400,548,546,[np.int64(375)],0.9685650182625208,[np.float64(1.8867919237876143)],[np.float64(2.7821482971118496)],[np.float64(152.508723381118)]
400,550,549,,0.968565018262581,,,
400,551,549,"[np.int64(636), np.int64(645)]",0.9685650182625818,"[np.float64(2.135890210250907), np.float64(2.252729954316579)]","[np.float64(2.8210439887719105), np.float64(3.0279443305157017)]","[np.float64(126.44948074402274), np.float64(136.3119756154093)]"
400,553,552,,0.9685650182625966,,,
400,554,552,[np.int64(525)],0.9685650182626008,[np.float64(1.9317611246462933)],[np.float64(2.698967961378833)],[np.float64(134.32328486355726)]
400,556,555,[np.int64(603)],0.9685650182625835,[np.float64(1.94623577523848)],[np.float64(2.896049069062351)],[np.float64(166.1913083276804)]
400,557,555,[np.int64(177)],0.9685650182625843,[np.float64(1.7426305187295255)],[np.float64(2.6419314004755567)],[np.float64(152.8936343513592)]
400,559,558,[np.int64(618)],0.9685650182625747,[np.float64(2.0909325277676793)],[np.float64(3.041996006266112)],[np.float64(166.81429859427033)]
400,560,558,[np.int64(525)],0.9685650182625726,[np.float64(1.9789395021760383)],[np.float64(2.874203664512548)],[np.float64(152.70800264636438)]
400,562,561,[np.int64(183)],0.9685650182625933,[np.float64(2.060940155449133)],[np.float64(2.771332475413876)],[np.float64(128.6729588677234)]
400,563,561,[np.int64(528)],0.9685650182625972,[np.float64(1.9503457927763346)],[np.float64(2.8991118096247432)],[np.float64(165.8152578106537)]
400,565,564,[np.int64(252)],0.9685650182625576,[np.float64(1.9263086834676104)],[np.float64(2.884242515262432)],[np.float64(169.58846953994842)]
400,566,564,[np.int64(357)],0.968565018262567,[np.float64(1.9190566924485335)],[np.float64(2.789444650450574)],[np.float64(148.21932608559217)]
400,568,567,[np.int64(450)],0.9685650182627114,[np.float64(2.3519877516899506)],[np.float64(2.9602227399615773)],[np.float64(120.21661562823242)]
400,569,567,[np.int64(519)],0.9685650182627166,[np.float64(2.1498879792572727)],[np.float64(2.9739710040681073)],[np.float64(142.05830640994023)]
400,571,570,[np.int64(309)],0.9685650182625056,[np.float64(2.0839465766718837)],[np.float64(2.994443600534917)],[np.float64(155.9258393670347)]
400,572,570,[np.int64(567)],0.9685650182625032,[np.float64(2.168988006182041)],[np.float64(3.111268725001692)],[np.float64(163.92681494268174)]
400,574,573,,0.9685650182627358,,,
400,575,573,[np.int64(570)],0.9685650182627447,[np.float64(1.8811171079325248)],[np.float64(2.7203069460787677)],[np.float64(143.34488089276374)]
400,577,576,[np.int64(603)],0.9685650182625675,[np.float64(1.9578948133323948)],[np.float64(2.851403739519311)],[np.float64(152.33262629689995)]
400,578,576,[np.int64(315)],0.9685650182625708,[np.float64(2.356032956523895)],[np.float64(2.9670420340571884)],[np.float64(120.47018235106896)]
400,580,579,[np.int64(576)],0.9685650182627558,[np.float64(1.7920104852662038)],[np.float64(2.707770673825848)],[np.float64(156.46521430120478)]
400,581,579,"[np.int64(582), np.int64(588)]",0.968565018262758,"[np.float64(2.0874021398005604), np.float64(2.1943104366969504)]","[np.float64(2.928135780705052), np.float64(2.8429143606375766)]","[np.float64(144.17627853679838), np.float64(123.22477773814074)]"
400,583,582,"[np.int64(615), np.int64(606)]",0.9685650182625605,"[np.float64(2.291253052193012), np.float64(2.292232803050612)]","[np.float64(3.089711030847267), np.float64(2.943875499879841)]","[np.float64(139.16972217346813), np.float64(123.85909823145204)]"
400,584,582,[np.int64(573)],0.9685650182625649,[np.float64(2.115647360490766)],[np.float64(2.81280378103886)],[np.float64(127.55122534012075)]
400,586,585,"[np.int64(510), np.int64(240)]",0.9685650182627462,"[np.float64(2.0773370823904878), np.float64(2.182169891273286)]","[np.float64(2.7915143866597174), np.float64(2.847127862233577)]","[np.float64(129.12238945568015), np.float64(124.69547122279927)]"
400,587,585,[np.int64(588)],0.9685650182626575,[np.float64(2.3683673822293776)],[np.float64(3.23058134367132)],[np.float64(147.96863011480002)]
400,589,588,[np.int64(315)],0.9685650182627409,[np.float64(1.8464490615089955)],[np.float64(2.69731832282635)],[np.float64(144.9464422628586)]
400,590,588,[np.int64(591)],0.9685650182627376,[np.float64(2.0164091491625236)],[np.float64(2.9839320165921204)],[np.float64(176.7660058354087)]
400,592,591,[np.int64(141)],0.9685650182625695,[np.float64(1.769538214951385)],[np.float64(2.7100481580451086)],[np.float64(162.82543639058963)]
400,593,591,[np.int64(615)],0.9685650182625681,[np.float64(1.984827471743909)],[np.float64(2.748861102472606)],[np.float64(134.15990953255456)]
400,595,594,[np.int64(621)],0.9685650182625952,[np.float64(2.1314448183412966)],[np.float64(3.021472663231057)],[np.float64(152.07493654311452)]
400,596,594,[np.int64(630)],0.9685650182625888,[np.float64(2.208521173671752)],[np.float64(2.8478493710863346)],[np.float64(122.43477228685994)]
400,598,597,[np.int64(594)],0.9685650182626089,[np.float64(2.114735526740271)],[np.float64(2.8065052818958414)],[np.float64(127.01578877596356)]
400,599,597,[np.int64(567)],0.9685650182626054,[np.float64(2.314683770570839)],[np.float64(3.2736927203274093)],[np.float64(170.41019582449755)]
400,601,600,[np.int64(609)],0.9685650182624467,[np.float64(2.175748669768225)],[np.float64(2.8630518006819723)],[np.float64(126.80603620580585)]
400,602,600,[np.int64(453)],0.9685650182624405,[np.float64(2.175620817400801)],[np.float64(2.858472512034316)],[np.float64(126.37433996181944)]
400,604,603,[np.int64(564)],0.9685650182627219,[np.float64(2.0818471046175477)],[np.float64(3.0302013703887396)],[np.float64(165.81896741773926)]
400,605,603,[np.int64(528)],0.9685650182627271,[np.float64(1.7550797974388603)],[np.float64(2.6534306501149945)],[np.float64(152.7417061453478)]
400,607,606,[np.int64(579)],0.968565018262723,[np.float64(1.9840953368590424)],[np.float64(2.8722731107136448)],[np.float64(151.42230759757902)]
400,608,606,[np.int64(609)],0.9685650182627225,[np.float64(1.9393090240219912)],[np.float64(2.8579350740479885)],[np.float64(157.42132717862074)]
400,610,609,[np.int64(522)],0.9685650182624369,[np.float64(2.0326206734233137)],[np.float64(2.996932655394399)],[np.float64(173.4743783531942)]
400,611,609,"[np.int64(636), np.int64(627)]",0.9685650182624371,"[np.float64(2.045709175357247), np.float64(2.1859812394075675)]","[np.float64(2.7375218353599498), np.float64(2.8046384669924334)]","[np.float64(126.74888198146985), np.float64(120.50280114538025)]"
400,613,612,,0.9685650182625728,,,
400,614,612,"[np.int64(564), np.int64(630)]",0.9685650182625712,"[np.float64(2.069106758739723), np.float64(2.284557670882386)]","[np.float64(2.764043423989084), np.float64(2.9637662853921833)]","[np.float64(127.15163039885655), np.float64(126.40678977659059)]"
400,616,615,[np.int64(438)],0.9685650182625878,[np.float64(1.8271164856283801)],[np.float64(2.720128450690586)],[np.float64(151.9157943493267)]
400,617,615,,0.9685650182625796,,,
400,619,618,,0.9685650182625642,,,
400,620,618,"[np.int64(438), np.int64(642)]",0.9685650182625682,"[np.float64(2.235963949540698), np.float64(2.3144058789610527)]","[np.float64(3.0649040272571226), np.float64(3.183896250547482)]","[np.float64(142.92997140155592), np.float64(148.99156444888493)]"
400,622,621,[np.int64(90)],0.9685650182624205,[np.float64(2.279362078120983)],[np.float64(3.101251394334077)],[np.float64(142.1002597196477)]
400,623,621,[np.int64(243)],0.9685650182625132,[np.float64(2.2783392945425303)],[np.float64(3.088530839449045)],[np.float64(140.5930822779897)]
400,625,624,"[np.int64(627), np.int64(480)]",0.9685650182625699,"[np.float64(1.973567970037088), np.float64(2.172776306696012)]","[np.float64(2.841690477849648), np.float64(2.8562354478810037)]","[np.float64(147.99941065693716), np.float64(126.42258652315542)]"
400,626,624,"[np.int64(621), np.int64(246)]",0.96856501826257,"[np.float64(2.1678494067640184), np.float64(2.3893916845227388)]","[np.float64(2.7911145375281388), np.float64(3.0802896035442244)]","[np.float64(120.83741641942507), np.float64(127.86260809735903)]"
400,628,627,,0.9685650182625881,,,
400,629,627,,0.9685650182625849,,,
400,631,630,[np.int64(606)],0.9685650182625963,[np.float64(1.9187137357835664)],[np.float64(2.8729738184717784)],[np.float64(167.91288946824355)]
400,632,630,[np.int64(624)],0.9685650182626053,[np.float64(1.7309008977384959)],[np.float64(2.695095477192934)],[np.float64(173.20143050186564)]
400,634,633,,0.9685650182625822,,,
400,635,633,"[np.int64(624), np.int64(255)]",0.9685650182625875,"[np.float64(1.8832190268993536), np.float64(2.0143057683206615)]","[np.float64(2.7228051278355827), np.float64(2.6478149687897115)]","[np.float64(143.40856972958682), np.float64(121.09793349451864)]"
400,637,636,[np.int64(633)],0.9685650182625862,[np.float64(1.795565801295085)],[np.float64(2.751086809089433)],[np.float64(168.32664013264792)]
400,638,636,[np.int64(249)],0.9685650182624895,[np.float64(1.711865067367681)],[np.float64(2.6774533360254718)],[np.float64(174.37832831805258)]
400,640,639,,0.9685650182624054,,,
400,641,639,[np.int64(252)],0.9685650182624028,[np.float64(1.8918059315844293)],[np.float64(2.827497474627454)],[np.float64(161.6184720712824)]
400,643,642,,0.968565018262606,,,
400,644,642,[np.int64(606)],0.9685650182626102,[np.float64(2.1731816619188513)],[np.float64(3.093580712829065)],[np.float64(158.22659248027065)]
400,646,645,,0.9685650182625773,,,
400,647,645,"[np.int64(267), np.int64(633)]",0.9685650182625841,"[np.float64(1.996691191888809), np.float64(2.1949408546290727)]","[np.float64(2.8681112039703), np.float64(2.816559652249208)]","[np.float64(148.59320842187563), np.float64(120.79963774821802)]"
450,1,0,[np.int64(27)],0.9685650182625548,[np.float64(2.381503831771127)],[np.float64(3.2818947219473937)],[np.float64(154.42145015160958)]
450,2,0,"[np.int64(30), np.int64(9)]",0.9685650182626546,"[np.float64(2.0549318293873675), np.float64(2.3110471347762402)]","[np.float64(2.8113939059263022), np.float64(2.9930145956072103)]","[np.float64(133.558766458478), np.float64(126.7579940692475)]"
450,4,3,"[np.int64(30), np.int64(183)]",0.9685650182624383,"[np.float64(2.268940363952545), np.float64(2.3556326537258188)]","[np.float64(3.101524156348166), np.float64(2.9646846553691564)]","[np.float64(143.50231652610432), np.float64(120.29982585178496)]"
450,5,3,[np.int64(384)],0.968565018262434,[np.float64(2.1476969216157724)],[np.float64(2.9614057714451385)],[np.float64(140.6944268315491)]
450,7,6,"[np.int64(279), np.int64(213)]",0.9685650182627163,"[np.float64(2.1435934454853687), np.float64(2.301141436971312)]","[np.float64(2.8307527000501467), np.float64(3.080216557407721)]","[np.float64(126.6734955599996), np.float64(136.89219608720902)]"
450,8,6,[np.int64(261)],0.9685650182627257,[np.float64(1.9833190682407882)],[np.float64(2.886261193202149)],[np.float64(154.19499797146798)]
450,10,9,[np.int64(96)],0.9685650182627182,[np.float64(1.9053091605073977)],[np.float64(2.8031548317199944)],[np.float64(153.0273948456022)]
450,11,9,"[np.int64(30), np.int64(12)]",0.9685650182627243,"[np.float64(2.2913822108952187), np.float64(2.3362949719720203)]","[np.float64(2.932518324425634), np.float64(3.0995160890305153)]","[np.float64(122.901872237081), np.float64(135.18739277652122)]"
450,13,12,[np.int64(15)],0.9685650182625839,[np.float64(1.7783123181168163)],[np.float64(2.722276009001018)],[np.float64(163.93364572949048)]
450,14,12,[np.int64(381)],0.9685650182625806,[np.float64(1.7766260652801278)],[np.float64(2.6623971348441984)],[np.float64(150.44806113498774)]
450,16,15,[np.int64(39)],0.9685650182625849,[np.float64(2.245257438838094)],[np.float64(3.2044189319192413)],[np.float64(170.4438703778582)]
450,17,15,"[np.int64(99), np.int64(81)]",0.9685650182625865,"[np.float64(1.9564347331476968), np.float64(2.3227617147118913)]","[np.float64(2.6139287911211997), np.float64(3.252726403046195)]","[np.float64(123.04973693206354), np.float64(160.71019421111274)]"
450,19,18,"[np.int64(387), np.int64(96)]",0.9685650182627452,"[np.float64(1.9385332586693955), np.float64(2.1583978405175324)]","[np.float64(2.6815067328056834), np.float64(2.7732208209585614)]","[np.float64(131.62610611791592), np.float64(120.05390377560109)]"
450,20,18,"[np.int64(390), np.int64(12)]",0.9685650182626605,"[np.float64(2.0088551044596805), np.float64(2.1371840442929617)]","[np.float64(2.8950707750818303), np.float64(2.793630851832044)]","[np.float64(151.1311891464758), np.float64(123.72731372750029)]"
450,22,21,"[np.int64(105), np.int64(189)]",0.9685650182625926,"[np.float64(2.2344243677239164), np.float64(2.2865272968484143)]","[np.float64(2.849716357430319), np.float64(3.1717705409434176)]","[np.float64(120.39710281842626), np.float64(151.5341181736295)]"
450,23,21,[np.int64(390)],0.968565018262589,[np.float64(2.375180317877078)],[np.float64(3.18375345707808)],[np.float64(140.62577788499704)]
450,25,24,[np.int64(243)],0.96856501826256,[np.float64(2.113245424411252)],[np.float64(3.0705441051355358)],[np.float64(169.441309945527)]
450,26,24,[np.int64(195)],0.9685650182625688,[np.float64(2.0562424903408028)],[np.float64(2.8741498064394273)],[np.float64(140.97602649239548)]
450,28,27,,0.9685650182626039,,,
450,29,27,[np.int64(57)],0.9685650182626016,[np.float64(1.836124825058082)],[np.float64(2.7707601089031857)],[np.float64(161.2292659622123)]
450,31,30,[np.int64(33)],0.9685650182625934,[np.float64(2.1197681657774687)],[np.float64(2.793245170376356)],[np.float64(125.26317965370708)]
450,32,30,[np.int64(210)],0.9685650182625872,[np.float64(2.1164341464466316)],[np.float64(3.0242456244930978)],[np.float64(155.43212395276655)]
450,34,33,[np.int64(42)],0.968565018262591,[np.float64(1.8452933468804604)],[np.float64(2.7752821899322893)],[np.float64(159.99838202126443)]
450,35,33,[np.int64(6)],0.9685650182625954,[np.float64(1.7619950077439193)],[np.float64(2.705685760317802)],[np.float64(163.8182714058161)]
450,37,36,,0.9685650182625765,,,
450,38,36,[np.int64(63)],0.9685650182625768,[np.float64(2.3391162802640832)],[np.float64(3.269538850555346)],[np.float64(160.844997557474)]
450,40,39,[np.int64(48)],0.9685650182625805,[np.float64(2.2142483557870123)],[np.float64(2.8832454733329707)],[np.float64(125.1935733376042)]
450,41,39,[np.int64(78)],0.9685650182625716,[np.float64(1.8038971230314635)],[np.float64(2.747982171346731)],[np.float64(164.01345955226714)]
450,43,42,[np.int64(117)],0.9685650182624472,[np.float64(2.0045200271342822)],[np.float64(2.8243206017156655)],[np.float64(141.0679974547691)]
450,44,42,[np.int64(3)],0.9685650182624473,[np.float64(2.245521072352886)],[np.float64(3.1057683577258888)],[np.float64(147.41855350251618)]
450,46,45,[np.int64(96)],0.9685650182626508,[np.float64(2.1683820798364026)],[np.float64(3.100816713546298)],[np.float64(161.14605194036946)]
450,47,45,[np.int64(48)],0.9685650182626546,[np.float64(1.8052309977264078)],[np.float64(2.6611857372674748)],[np.float64(145.58659087958563)]
450,49,48,[np.int64(18)],0.9685650182625881,[np.float64(1.8392812835735088)],[np.float64(2.7841828157062336)],[np.float64(164.33567705619538)]
450,50,48,,0.9685650182625775,,,
450,52,51,[np.int64(39)],0.9685650182624037,[np.float64(2.0027304324229673)],[np.float64(2.8662897400709775)],[np.float64(147.3516201941255)]
450,53,51,[np.int64(144)],0.9685650182624078,[np.float64(1.8593941950271546)],[np.float64(2.791992481618157)],[np.float64(160.7140296779534)]
450,55,54,[np.int64(150)],0.9685650182624287,[np.float64(2.1112366500461603)],[np.float64(2.841208759070531)],[np.float64(130.88719692159907)]
450,56,54,"[np.int64(342), np.int64(336)]",0.9685650182625164,"[np.float64(2.128484594021588), np.float64(2.2461837864004295)]","[np.float64(2.82879049888603), np.float64(2.9568241852182644)]","[np.float64(127.91232689279724), np.float64(129.35812199926227)]"
450,58,57,[np.int64(327)],0.9685650182625628,[np.float64(1.969493870285935)],[np.float64(2.794581733567285)],[np.float64(141.66635191411933)]
450,59,57,"[np.int64(36), np.int64(66)]",0.9685650182625606,"[np.float64(1.9339780588418993), np.float64(2.113824987393153)]","[np.float64(2.7485849737725787), np.float64(2.8898431141861107)]","[np.float64(140.1536237129427), np.float64(135.9858920043824)]"
450,61,60,[np.int64(108)],0.9685650182625823,[np.float64(2.1890644236340515)],[np.float64(3.0418224983418902)],[np.float64(146.17016573661888)]
450,62,60,,0.9685650182624885,,,
450,64,63,[np.int64(54)],0.968565018262437,[np.float64(1.9874003119209356)],[np.float64(2.9497429277771525)],[np.float64(172.0772369701975)]
450,65,63,[np.int64(345)],0.9685650182624315,[np.float64(2.0548618010263615)],[np.float64(2.7543179560244515)],[np.float64(127.54530481815404)]
450,67,66,"[np.int64(33), np.int64(60)]",0.9685650182627262,"[np.float64(2.1250854663034753), np.float64(2.2650087699950827)]","[np.float64(3.0173693392481256), np.float64(2.9133693286949316)]","[np.float64(152.46902553406747), np.float64(123.46320855133268)]"
450,68,66,[np.int64(39)],0.9685650182627342,[np.float64(1.8506993126803122)],[np.float64(2.714116963910494)],[np.float64(146.8989835244836)]
450,70,69,"[np.int64(51), np.int64(144)]",0.9685650182627371,"[np.float64(2.2440940748322107), np.float64(2.2783496207835445)]","[np.float64(3.0692108917575074), np.float64(3.0721827611557124)]","[np.float64(142.43922822529447), np.float64(138.57501453735594)]"
450,71,69,[np.int64(66)],0.9685650182626474,[np.float64(2.009925325707653)],[np.float64(2.7716493141085445)],[np.float64(133.98933797892113)]
450,73,72,"[np.int64(159), np.int64(132)]",0.9685650182624241,"[np.float64(2.2302541461359047), np.float64(2.388733736545156)]","[np.float64(2.969249548425323), np.float64(3.205940249105439)]","[np.float64(132.24050489880725), np.float64(141.7499662692847)]"
450,74,72,[np.int64(342)],0.9685650182624161,[np.float64(2.297091688051258)],[np.float64(3.1417637310851583)],[np.float64(145.24536678136087)]
450,76,75,[np.int64(219)],0.9685650182625802,[np.float64(1.894397549488382)],[np.float64(2.824027179947424)],[np.float64(159.99472809594633)]
450,77,75,[np.int64(63)],0.9685650182625878,[np.float64(2.0447008398366044)],[np.float64(3.0068482786573516)],[np.float64(171.99087650764767)]
450,79,78,"[np.int64(51), np.int64(153)]",0.9685650182625625,"[np.float64(2.1954087163210416), np.float64(2.376188582941737)]","[np.float64(2.9770265328078116), np.float64(3.16078818430758)]","[np.float64(136.89055492975936), np.float64(137.73107737043898)]"
450,80,78,[np.int64(372)],0.9685650182625651,[np.float64(2.3687591685028764)],[np.float64(3.235133876502479)],[np.float64(148.6084965928818)]
450,82,81,[np.int64(468)],0.9685650182625718,[np.float64(2.2718048979202274)],[np.float64(3.189598329560395)],[np.float64(157.7919958399906)]
450,83,81,[np.int64(402)],0.9685650182625761,[np.float64(2.1317306878910616)],[np.float64(3.072701382995695)],[np.float64(163.4859234619521)]
450,85,84,[np.int64(462)],0.9685650182624428,[np.float64(1.8858044086059111)],[np.float64(2.8192351776298508)],[np.float64(160.98485176108184)]
450,86,84,"[np.int64(81), np.int64(117), np.int64(42)]",0.9685650182624354,"[np.float64(2.093215362147775), np.float64(2.1861438068877055), np.float64(2.3535151876909195)]","[np.float64(2.755558050477892), np.float64(2.977051279681625), np.float64(3.035241859839951)]","[np.float64(124.10231073210895), np.float64(137.9674234195042), np.float64(126.8715037429528)]"
450,88,87,,0.9685650182625729,,,
450,89,87,,0.9685650182625821,,,
450,91,90,"[np.int64(99), np.int64(81)]",0.9685650182627212,"[np.float64(2.160000597204153), np.float64(2.3369589305294114)]","[np.float64(2.820568287899547), np.float64(3.2546120894041444)]","[np.float64(124.20023639563739), np.float64(157.8534767486781)]"
450,92,90,[np.int64(126)],0.9685650182627319,[np.float64(1.9282607278596564)],[np.float64(2.7447673952166274)],[np.float64(140.38432836400744)]
450,94,93,[np.int64(111)],0.9685650182625991,[np.float64(1.8359905149458944)],[np.float64(2.762615087777753)],[np.float64(159.12329715486774)]
450,95,93,[np.int64(462)],0.968565018262593,[np.float64(2.148605789684763)],[np.float64(2.8074799869997085)],[np.float64(123.99810622064481)]
450,97,96,[np.int64(102)],0.9685650182625855,[np.float64(1.9199115924875967)],[np.float64(2.7296469514242214)],[np.float64(139.47045062463317)]
450,98,96,[np.int64(93)],0.9685650182625861,[np.float64(2.193038074438102)],[np.float64(2.8107773455452065)],[np.float64(120.45009009420275)]
450,100,99,,0.9685650182625881,,,
450,101,99,[np.int64(117)],0.9685650182624974,[np.float64(2.380257461520807)],[np.float64(3.3417603153553945)],[np.float64(171.79046173786043)]
450,103,102,[np.int64(93)],0.9685650182627457,[np.float64(1.970958929340801)],[np.float64(2.8735098879852528)],[np.float64(154.09130290512365)]
450,104,102,"[np.int64(480), np.int64(471), np.int64(483)]",0.9685650182627489,"[np.float64(2.094273000319379), np.float64(2.1897691422252086), np.float64(2.383684693787996)]","[np.float64(2.8953637215687307), np.float64(2.9162105031130845), np.float64(3.002315488393419)]","[np.float64(138.9412210099591), np.float64(130.78845525525912), np.float64(121.22660762629756)]"
450,106,105,[np.int64(276)],0.9685650182626427,[np.float64(2.1719741123594334)],[np.float64(2.8887519783365363)],[np.float64(129.73096145004453)]
450,107,105,[np.int64(18)],0.9685650182626492,[np.float64(1.7261119309386985)],[np.float64(2.650337186335619)],[np.float64(158.29828501741)]
450,109,108,,0.9685650182626666,,,
450,110,108,[np.int64(33)],0.9685650182626662,[np.float64(2.397062955206194)],[np.float64(3.1788546335027124)],[np.float64(137.4561383532694)]
450,112,111,,0.968565018262755,,,
450,113,111,,0.968565018262751,,,
450,115,114,[np.int64(291)],0.9685650182625852,[np.float64(2.0464689725012657)],[np.float64(2.7381501644836788)],[np.float64(126.73897434866262)]
450,116,114,[np.int64(111)],0.9685650182625896,[np.float64(2.118153472839591)],[np.float64(3.0502290663491323)],[np.float64(160.98332917969978)]
450,118,117,[np.int64(147)],0.968565018262564,[np.float64(2.3656554371191874)],[np.float64(3.2082454026211704)],[np.float64(145.09959203954392)]
450,119,117,"[np.int64(111), np.int64(93)]",0.9685650182625563,"[np.float64(2.195061693839267), np.float64(2.2723889775068327)]","[np.float64(2.851839127311239), np.float64(3.1564695189943244)]","[np.float64(123.9807757451086), np.float64(151.3083740000539)]"
450,121,120,[np.int64(93)],0.9685650182625798,[np.float64(1.9626123378626008)],[np.float64(2.7294066547804032)],[np.float64(134.39347223094273)]
450,122,120,,0.9685650182625776,,,
450,124,123,"[np.int64(45), np.int64(54)]",0.9685650182624431,"[np.float64(2.2123369661939996), np.float64(2.395734705508674)]","[np.float64(2.8366809528614754), np.float64(3.18400717500623)]","[np.float64(121.10872234424562), np.float64(138.21105328376413)]"
450,125,123,[np.int64(9)],0.9685650182624458,[np.float64(2.256005772202453)],[np.float64(3.202170743040554)],[np.float64(165.25287108074815)]
450,127,126,[np.int64(51)],0.9685650182625655,[np.float64(1.8166565436574642)],[np.float64(2.721357189980869)],[np.float64(154.166876324581)]
450,128,126,[np.int64(195)],0.9685650182625626,[np.float64(1.8394601207130483)],[np.float64(2.666893125389561)],[np.float64(141.5501466297037)]
450,130,129,[np.int64(102)],0.9685650182625786,[np.float64(1.9840813259442787)],[np.float64(2.9371726734357706)],[np.float64(167.49775233858767)]
450,131,129,[np.int64(126)],0.9685650182625775,[np.float64(2.201148992112665)],[np.float64(3.149174030969963)],[np.float64(165.82700337028584)]
450,133,132,[np.int64(45)],0.9685650182624254,[np.float64(2.354978429365998)],[np.float64(3.222107224773098)],[np.float64(148.69947062256276)]
450,134,132,,0.9685650182624249,,,
450,136,135,[np.int64(318)],0.96856501826243,[np.float64(1.9908388018814476)],[np.float64(2.8496099476774814)],[np.float64(146.57618576518425)]
450,137,135,[np.int64(405)],0.9685650182625244,[np.float64(1.8937200776272582)],[np.float64(2.841888152593696)],[np.float64(165.53115596487743)]
450,139,138,[np.int64(120)],0.968565018262724,[np.float64(1.833119337122127)],[np.float64(2.7217076174113863)],[np.float64(151.116076812818)]
450,140,138,[np.int64(135)],0.9685650182627279,[np.float64(1.7598241721969918)],[np.float64(2.6937148604797296)],[np.float64(160.88263574454916)]
450,142,141,"[np.int64(324), np.int64(27)]",0.9685650182625892,"[np.float64(2.1185069874956715), np.float64(2.345640590181251)]","[np.float64(2.8036336596953984), np.float64(2.974115257817066)]","[np.float64(126.38066637390193), np.float64(121.96076456119789)]"
450,143,141,[np.int64(123)],0.9685650182625847,[np.float64(2.004251531156987)],[np.float64(2.71093167261889)],[np.float64(128.06941860234457)]
450,145,144,[np.int64(108)],0.96856501826259,[np.float64(2.139109269094173)],[np.float64(2.8853719898869508)],[np.float64(132.7254496742758)]
450,146,144,[np.int64(138)],0.9685650182625919,[np.float64(2.0932792943345264)],[np.float64(2.901817641022349)],[np.float64(139.87561230522775)]
450,148,147,,0.968565018262572,,,
450,149,147,,0.9685650182625754,,,
450,151,150,[np.int64(417)],0.9685650182625998,[np.float64(2.060975048807857)],[np.float64(2.7527790555613034)],[np.float64(126.8094699171026)]
450,152,150,[np.int64(138)],0.9685650182625051,[np.float64(2.385575308048198)],[np.float64(3.193999525183697)],[np.float64(140.63150520150475)]
450,154,153,"[np.int64(423), np.int64(348)]",0.9685650182624937,"[np.float64(1.9574879986904832), np.float64(2.187644004157619)]","[np.float64(2.75647374762605), np.float64(2.955378592373185)]","[np.float64(138.23385822074334), np.float64(135.26477831635106)]"
450,155,153,[np.int64(147)],0.9685650182624944,[np.float64(1.966951759333473)],[np.float64(2.845509045641797)],[np.float64(149.7047362079077)]
450,157,156,,0.9685650182625996,,,
450,158,156,[np.int64(300)],0.9685650182626112,[np.float64(2.0518333220774987)],[np.float64(2.974142718126402)],[np.float64(158.47192795571087)]
450,160,159,[np.int64(342)],0.9685650182625642,[np.float64(1.9656231114093972)],[np.float64(2.7939447312008854)],[np.float64(142.09424066801927)]
450,161,159,"[np.int64(150), np.int64(54)]",0.9685650182625655,"[np.float64(2.091548809249009), np.float64(2.318481900270484)]","[np.float64(2.980944701521865), np.float64(3.0136962000208976)]","[np.float64(151.87928178840153), np.float64(128.06201311094478)]"
450,163,162,,0.9685650182625852,,,
450,164,162,"[np.int64(399), np.int64(513)]",0.9685650182625891,"[np.float64(2.305350940655756), np.float64(2.3954032344111402)]","[np.float64(2.923284348280749), np.float64(3.016826025255416)]","[np.float64(120.89216395419469), np.float64(121.50959648706801)]"
450,166,165,[np.int64(243)],0.9685650182624306,[np.float64(2.0262175777138225)],[np.float64(2.7813247012513926)],[np.float64(133.30445310227643)]
450,167,165,[np.int64(555)],0.968565018262422,[np.float64(2.366388402042911)],[np.float64(3.2684817898691363)],[np.float64(154.72178878619954)]
450,169,168,[np.int64(15)],0.9685650182626503,[np.float64(1.8513404132793005)],[np.float64(2.7537533123493403)],[np.float64(153.79101456282993)]
450,170,168,[np.int64(21)],0.9685650182626565,[np.float64(1.9399688338306458)],[np.float64(2.7745734739952104)],[np.float64(142.88389485752862)]
450,172,171,[np.int64(549)],0.9685650182625691,[np.float64(1.7667586703294802)],[np.float64(2.723888362184039)],[np.float64(169.03972969425723)]
450,173,171,[np.int64(207)],0.968565018262579,[np.float64(2.1454565539469854)],[np.float64(3.015648420707532)],[np.float64(148.74987832453866)]
450,175,174,[np.int64(186)],0.9685650182625969,[np.float64(2.0320711989078335)],[np.float64(2.925057211892319)],[np.float64(152.4027849534875)]
450,176,174,[np.int64(192)],0.9685650182625902,[np.float64(2.0714290139633067)],[np.float64(2.8185466398307972)],[np.float64(132.58482809097185)]
450,178,177,[np.int64(186)],0.968565018262573,[np.float64(2.090206665059986)],[np.float64(2.9502474775882104)],[np.float64(147.0285694139293)]
450,179,177,"[np.int64(255), np.int64(252)]",0.968565018262573,"[np.float64(2.0510284200232163), np.float64(2.189561041075639)]","[np.float64(2.7476756848782844), np.float64(2.9220236154403834)]","[np.float64(127.24976538517363), np.float64(131.41792988212313)]"
450,181,180,[np.int64(0)],0.9685650182626002,[np.float64(2.077694182564911)],[np.float64(3.0359463213520654)],[np.float64(169.87130256802337)]
450,182,180,[np.int64(645)],0.9685650182625022,[np.float64(2.0409185795380114)],[np.float64(2.779148740429481)],[np.float64(131.5099885444426)]
450,184,183,[np.int64(6)],0.9685650182627675,[np.float64(1.8940614089882224)],[np.float64(2.8401340815620357)],[np.float64(164.80521439931408)]
450,185,183,[np.int64(552)],0.968565018262762,[np.float64(2.294757545969067)],[np.float64(2.9391426400702674)],[np.float64(123.207348809154)]
450,187,186,,0.9685650182627068,,,
450,188,186,"[np.int64(459), np.int64(183)]",0.9685650182627105,"[np.float64(1.9455292162663007), np.float64(2.3076039897254073)]","[np.float64(2.7429026280259716), np.float64(2.9206450493971117)]","[np.float64(137.99070323731158), np.float64(120.4739882876227)]"
450,190,189,,0.9685650182625789,,,
450,191,189,,0.9685650182625707,,,
450,193,192,[np.int64(198)],0.9685650182627622,[np.float64(2.18910106757303)],[np.float64(2.9838025281115392)],[np.float64(138.43467169332936)]
450,194,192,[np.int64(75)],0.9685650182627518,[np.float64(1.7950923907615226)],[np.float64(2.7606219408445893)],[np.float64(174.37088426645514)]
450,196,195,[np.int64(153)],0.968565018262576,[np.float64(2.1378610925168218)],[np.float64(2.7753232838313218)],[np.float64(121.9883935631093)]
450,197,195,[np.int64(78)],0.9685650182625829,[np.float64(2.022552587937543)],[np.float64(2.908299032589601)],[np.float64(151.08010021612807)]
450,199,198,,0.9685650182625571,,,
450,200,198,,0.9685650182625555,,,
450,202,201,[np.int64(219)],0.9685650182626506,[np.float64(2.005977175889128)],[np.float64(2.973427095327931)],[np.float64(176.65190263417819)]
450,203,201,[np.int64(192)],0.9685650182626466,[np.float64(1.8467341563434176)],[np.float64(2.730247202893988)],[np.float64(150.24487453001893)]
450,205,204,[np.int64(192)],0.9685650182625913,[np.float64(1.7778179813915604)],[np.float64(2.7366524363469393)],[np.float64(169.90151107448372)]
450,206,204,[np.int64(243)],0.9685650182625976,[np.float64(2.0147708325671707)],[np.float64(2.96389728427091)],[np.float64(166.0198158577096)]
450,208,207,[np.int64(216)],0.9685650182626528,[np.float64(1.894795968444137)],[np.float64(2.840372859624548)],[np.float64(164.63934170405238)]
450,209,207,[np.int64(294)],0.9685650182626514,[np.float64(1.9076687841172488)],[np.float64(2.853432842324129)],[np.float64(164.71956118700584)]
450,211,210,,0.9685650182627312,,,
450,212,210,"[np.int64(174), np.int64(6)]",0.9685650182627232,"[np.float64(2.2021695862204753), np.float64(2.292963293878703)]","[np.float64(2.919211549673817), np.float64(3.0919143777050913)]","[np.float64(129.86104214941014), np.float64(139.23434566816542)]"
450,214,213,[np.int64(306)],0.9685650182625545,[np.float64(1.9821797225711026)],[np.float64(2.872653928400025)],[np.float64(151.831907408354)]
450,215,213,"[np.int64(201), np.int64(237)]",0.9685650182625584,"[np.float64(2.113542652676004), np.float64(2.1926062973035614)]","[np.float64(2.8618822203356835), np.float64(3.037040979151114)]","[np.float64(132.86518335139073), np.float64(144.97039701898925)]"
450,217,216,[np.int64(312)],0.9685650182625595,[np.float64(1.9323627350995085)],[np.float64(2.8364399785343166)],[np.float64(154.31066727979382)]
450,218,216,[np.int64(72)],0.9685650182626506,[np.float64(1.8241762364909715)],[np.float64(2.725702101863725)],[np.float64(153.54783154154114)]
450,220,219,"[np.int64(486), np.int64(72)]",0.9685650182627223,"[np.float64(2.1153953366911256), np.float64(2.29158327905692)]","[np.float64(2.9336672530316283), np.float64(2.980067112279694)]","[np.float64(141.19598478075082), np.float64(127.32090021609484)]"
450,221,219,[np.int64(225)],0.9685650182627226,[np.float64(1.7631849744563117)],[np.float64(2.60174145091463)],[np.float64(142.84320511999638)]
450,223,222,[np.int64(75)],0.9685650182626111,[np.float64(2.1948544373093113)],[np.float64(2.939976338979118)],[np.float64(132.78463931131492)]
450,224,222,"[np.int64(297), np.int64(231)]",0.9685650182625182,"[np.float64(2.1472792191246795), np.float64(2.241456688077703)]","[np.float64(2.864907181699162), np.float64(2.904240180692542)]","[np.float64(129.7317751172471), np.float64(124.70894053344452)]"
450,226,225,[np.int64(321)],0.9685650182625117,[np.float64(1.9218248682801164)],[np.float64(2.671767580587098)],[np.float64(132.32716875013486)]
450,227,225,[np.int64(294)],0.9685650182625118,[np.float64(2.2609024332157417)],[np.float64(3.1340431277694303)],[np.float64(149.46866636275735)]
450,229,228,[np.int64(237)],0.9685650182625692,[np.float64(1.8663121798648674)],[np.float64(2.657467011694027)],[np.float64(136.92653284508367)]
450,230,228,[np.int64(495)],0.9685650182625755,[np.float64(1.9026914290899732)],[np.float64(2.7802017157451537)],[np.float64(149.35970020617188)]
450,232,231,[np.int64(306)],0.9685650182625982,[np.float64(2.0325507688054776)],[np.float64(2.7921638349646147)],[np.float64(133.8325148860849)]
450,233,231,[np.int64(228)],0.9685650182625051,[np.float64(2.2670139110711576)],[np.float64(3.160960956319316)],[np.float64(153.03876769761533)]
450,235,234,[np.int64(321)],0.9685650182625605,[np.float64(2.1937830253066)],[np.float64(3.0420942210647652)],[np.float64(145.53079032515373)]
450,236,234,[np.int64(27)],0.9685650182625659,[np.float64(2.230092296073766)],[np.float64(3.0303972087217677)],[np.float64(139.23400697514109)]
450,238,237,"[np.int64(240), np.int64(60)]",0.9685650182626042,"[np.float64(2.137462526813238), np.float64(2.2278396556625624)]","[np.float64(2.7675763829472215), np.float64(3.0939228203845692)]","[np.float64(121.3246781437965), np.float64(148.27972783947908)]"
450,239,237,[np.int64(210)],0.968565018262609,[np.float64(1.9433883602903714)],[np.float64(2.898472114189269)],[np.float64(168.29143521811116)]
450,241,240,[np.int64(507)],0.9685650182627268,[np.float64(1.9128593022672755)],[np.float64(2.8768911252718095)],[np.float64(173.1950968028923)]
450,242,240,[np.int64(231)],0.9685650182627396,[np.float64(1.86543148896787)],[np.float64(2.80989445543051)],[np.float64(164.2290888479007)]
450,244,243,[np.int64(90)],0.968565018262647,[np.float64(1.7508369428370727)],[np.float64(2.713269939180596)],[np.float64(171.9628864901794)]
450,245,243,[np.int64(168)],0.9685650182626583,[np.float64(1.6808557994525168)],[np.float64(2.6392318978821754)],[np.float64(169.56168539145747)]
450,247,246,"[np.int64(273), np.int64(258)]",0.9685650182625769,"[np.float64(1.824021141518502), np.float64(2.2465659455532303)]","[np.float64(2.6727046895455553), np.float64(2.859448887257997)]","[np.float64(144.54500587667522), np.float64(120.23326795925168)]"
450,248,246,[np.int64(624)],0.9685650182625748,[np.float64(2.157246216659224)],[np.float64(2.928573271888429)],[np.float64(135.5809177776358)]
450,250,249,[np.int64(105)],0.9685650182625587,[np.float64(2.1577852148390115)],[np.float64(2.962665295352906)],[np.float64(139.60144700440517)]
450,251,249,[np.int64(480)],0.9685650182625675,[np.float64(1.9551169949314908)],[np.float64(2.7056631514174856)],[np.float64(132.52747969937548)]
450,253,252,,0.9685650182626537,,,
450,254,252,[np.int64(633)],0.9685650182626611,[np.float64(1.890484757665239)],[np.float64(2.827845673023862)],[np.float64(162.09045191447004)]
450,256,255,[np.int64(291)],0.9685650182625996,[np.float64(2.159747662891952)],[np.float64(2.8019762871203575)],[np.float64(122.50870552156373)]
450,257,255,[np.int64(279)],0.9685650182625966,[np.float64(2.2165719115989977)],[np.float64(3.121184158771568)],[np.float64(154.96805937116375)]
450,259,258,[np.int64(171)],0.9685650182627276,[np.float64(1.7373448510734868)],[np.float64(2.6438663673655496)],[np.float64(154.3393946720608)]
450,260,258,[np.int64(249)],0.9685650182627322,[np.float64(1.7867706840017856)],[np.float64(2.748205896773332)],[np.float64(171.36435161681243)]
450,262,261,,0.9685650182625999,,,
450,263,261,[np.int64(288)],0.968565018262509,[np.float64(2.1056128508311436)],[np.float64(3.0627336997212518)],[np.float64(169.35216802176265)]
450,265,264,[np.int64(639)],0.9685650182625981,[np.float64(1.7848025653509862)],[np.float64(2.6739394532165863)],[np.float64(151.08242857973457)]
450,266,264,[np.int64(465)],0.968565018262591,[np.float64(2.27242562937717)],[np.float64(3.0886923408480804)],[np.float64(141.3529445028586)]
450,268,267,[np.int64(87)],0.968565018262568,[np.float64(2.1324197258144313)],[np.float64(2.945171321875784)],[np.float64(140.52824826571583)]
450,269,267,[np.int64(171)],0.9685650182625755,[np.float64(1.8925943398522203)],[np.float64(2.703334049782257)],[np.float64(139.50438177702688)]
450,271,270,[np.int64(204)],0.9685650182625907,[np.float64(1.8388495519105532)],[np.float64(2.703221998122767)],[np.float64(147.01484841507926)]
450,272,270,[np.int64(246)],0.9685650182625873,[np.float64(1.755736431072895)],[np.float64(2.6675350047103974)],[np.float64(155.50627366116595)]
450,274,273,[np.int64(303)],0.9685650182627642,[np.float64(1.8911884176029803)],[np.float64(2.7201130550631354)],[np.float64(141.93509722899043)]
450,275,273,[np.int64(129)],0.9685650182627621,[np.float64(1.9788089914528493)],[np.float64(2.9387205248288613)],[np.float64(170.64922684260705)]
450,277,276,[np.int64(189)],0.9685650182624416,[np.float64(1.9316908126865993)],[np.float64(2.696982028588725)],[np.float64(134.10219876789847)]
450,278,276,[np.int64(216)],0.9685650182624457,[np.float64(2.3975912665448598)],[np.float64(3.033770915372688)],[np.float64(122.81863100935544)]
450,280,279,[np.int64(204)],0.9685650182625852,[np.float64(1.9952795451373722)],[np.float64(2.9282744439429536)],[np.float64(161.04529479003958)]
450,281,279,"[np.int64(213), np.int64(288)]",0.9685650182625825,"[np.float64(1.9451823333781637), np.float64(2.213790731478867)]","[np.float64(2.7394151955279873), np.float64(2.860888730149776)]","[np.float64(137.5997939611445), np.float64(123.1605115190933)]"
450,283,282,[np.int64(270)],0.9685650182627344,[np.float64(2.1677527781493593)],[np.float64(2.9222890733711906)],[np.float64(133.72523001644362)]
450,284,282,[np.int64(273)],0.968565018262734,[np.float64(2.3711826208413296)],[np.float64(3.310627121721613)],[np.float64(163.3030874637853)]
450,286,285,[np.int64(312)],0.9685650182624507,[np.float64(2.0709685874871906)],[np.float64(2.8399398741538873)],[np.float64(135.03038682983419)]
450,287,285,[np.int64(258)],0.968565018262453,[np.float64(2.062393928619867)],[np.float64(2.992478909864487)],[np.float64(160.38741838715865)]
450,289,288,[np.int64(135)],0.9685650182627448,[np.float64(2.0170896885139764)],[np.float64(2.848856944297982)],[np.float64(142.72448595268574)]
450,290,288,[np.int64(282)],0.9685650182627443,[np.float64(2.052822969942896)],[np.float64(2.777418787363635)],[np.float64(130.1083335611199)]
450,292,291,[np.int64(264)],0.9685650182625757,[np.float64(2.047175304095906)],[np.float64(2.9951830125345773)],[np.float64(165.65935559540588)]
450,293,291,"[np.int64(267), np.int64(285)]",0.9685650182625676,"[np.float64(2.358008103724985), np.float64(2.3651559278310486)]","[np.float64(3.1030356639553704), np.float64(3.1479601822434615)]","[np.float64(133.26296489487495), np.float64(137.49355776005265)]"
450,295,294,[np.int64(114)],0.9685650182625697,[np.float64(1.9801728103563832)],[np.float64(2.832249982947863)],[np.float64(145.53195226490445)]
450,296,294,[np.int64(285)],0.9685650182625735,[np.float64(1.9202128426313565)],[np.float64(2.8819248098284005)],[np.float64(171.63770626351786)]
450,298,297,[np.int64(567)],0.9685650182625568,[np.float64(1.9047595376161073)],[np.float64(2.863547121892467)],[np.float64(169.99677822714563)]
450,299,297,[np.int64(576)],0.9685650182626523,[np.float64(1.614273408364967)],[np.float64(2.5677520395876585)],[np.float64(167.20046288534766)]
450,301,300,[np.int64(129)],0.9685650182625772,[np.float64(2.33168621110101)],[np.float64(3.1383605198977187)],[np.float64(140.2845110357175)]
450,302,300,[np.int64(153)],0.9685650182625771,[np.float64(2.351260372301007)],[np.float64(3.147637515419725)],[np.float64(139.06916893985107)]
450,304,303,[np.int64(156)],0.9685650182627643,[np.float64(2.3024832507914073)],[np.float64(3.051959491265248)],[np.float64(133.5833598117656)]
450,305,303,[np.int64(159)],0.968565018262668,[np.float64(2.174558913752054)],[np.float64(2.8070638511241324)],[np.float64(121.68855799902208)]
450,307,306,,0.9685650182624477,,,
450,308,306,[np.int64(204)],0.9685650182624457,[np.float64(1.8902580775041933)],[np.float64(2.8199136722819627)],[np.float64(159.9940392226436)]
450,310,309,[np.int64(297)],0.9685650182626593,[np.float64(1.9881901121744217)],[np.float64(2.9518777759642845)],[np.float64(172.98647853990096)]
450,311,309,[np.int64(282)],0.9685650182626633,[np.float64(2.021313199675727)],[np.float64(2.984165335901666)],[np.float64(172.42959323460335)]
450,313,312,[np.int64(318)],0.9685650182626758,[np.float64(1.938551589040441)],[np.float64(2.8057189169330323)],[np.float64(147.751676904795)]
450,314,312,[np.int64(303)],0.9685650182624922,[np.float64(1.967353086675102)],[np.float64(2.8636285229941336)],[np.float64(152.87210150117798)]
450,316,315,"[np.int64(240), np.int64(405)]",0.9685650182625661,"[np.float64(2.128807447371403), np.float64(2.1526933939944426)]","[np.float64(2.894926586974409), np.float64(2.881721813098034)]","[np.float64(134.89615091049907), np.float64(130.9329752764728)]"
450,317,315,[np.int64(288)],0.9685650182625645,[np.float64(1.8509130392455475)],[np.float64(2.74815881562425)],[np.float64(152.77950132884254)]
450,319,318,[np.int64(282)],0.9685650182626679,[np.float64(2.024573590547506)],[np.float64(2.973292475345603)],[np.float64(165.8848490446146)]
450,320,318,"[np.int64(588), np.int64(582)]",0.968565018262672,"[np.float64(2.21593060232154), np.float64(2.3909249081757724)]","[np.float64(3.117852930235737), np.float64(3.0202735134117855)]","[np.float64(154.44275323136083), np.float64(122.19091039397777)]"
450,322,321,[np.int64(318)],0.9685650182627259,[np.float64(2.317510635498674)],[np.float64(3.0541439664987577)],[np.float64(132.25607343152262)]
450,323,321,"[np.int64(582), np.int64(504)]",0.9685650182627324,"[np.float64(2.0213096844410288), np.float64(2.3998914689945026)]","[np.float64(2.8706135498454097), np.float64(3.020764816103146)]","[np.float64(145.23511076325875), np.float64(121.47656150170098)]"
450,325,324,[np.int64(354)],0.9685650182625762,[np.float64(1.8941276353240994)],[np.float64(2.7347294138792426)],[np.float64(143.58984027281798)]
450,326,324,[np.int64(336)],0.9685650182625822,[np.float64(1.7178215779001913)],[np.float64(2.5671889604061153)],[np.float64(144.2736090975601)]
450,328,327,[np.int64(363)],0.9685650182625819,[np.float64(2.225231075735672)],[np.float64(2.8527256859497907)],[np.float64(121.43781785035526)]
450,329,327,[np.int64(60)],0.9685650182625831,[np.float64(1.6454507861676293)],[np.float64(2.5866883260983062)],[np.float64(162.82591151550403)]
450,331,330,[np.int64(414)],0.9685650182625714,[np.float64(2.1691085962601857)],[np.float64(2.8774638726731148)],[np.float64(128.86574261295712)]
450,332,330,[np.int64(144)],0.9685650182625813,[np.float64(2.121842008721315)],[np.float64(2.805962370429533)],[np.float64(126.29569141662085)]
450,334,333,[np.int64(456)],0.9685650182625675,[np.float64(2.134606575031087)],[np.float64(2.7914261549689825)],[np.float64(123.75179647933139)]
450,335,333,,0.968565018262579,,,
450,337,336,[np.int64(63)],0.968565018262751,[np.float64(2.2244527183644944)],[np.float64(3.1322108863284366)],[np.float64(155.60810319967305)]
450,338,336,[np.int64(363)],0.9685650182627554,[np.float64(1.8476677869780262)],[np.float64(2.7978475625454373)],[np.float64(166.2066568715531)]
450,340,339,[np.int64(348)],0.9685650182626514,[np.float64(1.87199737841374)],[np.float64(2.782531384224254)],[np.float64(155.50738607353938)]
450,341,339,[np.int64(69)],0.9685650182626561,[np.float64(1.8708105995390674)],[np.float64(2.8192045468669766)],[np.float64(165.5818996355574)]
450,343,342,[np.int64(420)],0.9685650182625991,[np.float64(2.352984727132125)],[np.float64(3.1132712799555238)],[np.float64(134.9073425635875)]
450,344,342,"[np.int64(345), np.int64(489)]",0.9685650182625118,"[np.float64(2.2543431007791037), np.float64(2.270534636675246)]","[np.float64(2.9139326666388716), np.float64(2.9751890787636777)]","[np.float64(124.45784762128937), np.float64(128.8384504934944)]"
450,346,345,"[np.int64(492), np.int64(489)]",0.9685650182625792,"[np.float64(2.2129691701662573), np.float64(2.3515973358628335)]","[np.float64(3.135411105959388), np.float64(3.0153856352815813)]","[np.float64(158.75414138648534), np.float64(125.178014383928)]"
450,347,345,[np.int64(222)],0.9685650182626777,[np.float64(2.1280010567674723)],[np.float64(3.0656596723965417)],[np.float64(162.5155576318818)]
450,349,348,[np.int64(222)],0.9685650182625711,[np.float64(1.995580786310883)],[np.float64(2.7859376693343227)],[np.float64(137.30063072820872)]
450,350,348,[np.int64(567)],0.9685650182625696,[np.float64(1.761832463874932)],[np.float64(2.7185332613990947)],[np.float64(168.8303614182525)]
450,352,351,"[np.int64(618), np.int64(531)]",0.9685650182626007,"[np.float64(2.276217790975651), np.float64(2.35412052099284)]","[np.float64(2.968419226112427), np.float64(3.1927894016275347)]","[np.float64(127.63109904452348), np.float64(144.52905406742138)]"
450,353,351,[np.int64(354)],0.9685650182626002,[np.float64(1.7667530817804142)],[np.float64(2.7170346020634306)],[np.float64(166.13717387030758)]
450,355,354,,0.9685650182626135,,,
450,356,354,[np.int64(363)],0.96856501826261,[np.float64(1.925894862401635)],[np.float64(2.836730158140122)],[np.float64(155.687633613535)]
450,358,357,[np.int64(510)],0.9685650182624348,[np.float64(2.0501886209639166)],[np.float64(2.8807847567631164)],[np.float64(142.6600381747949)]
450,359,357,"[np.int64(432), np.int64(612)]",0.9685650182624338,"[np.float64(1.8816186931787893), np.float64(2.1449048444066143)]","[np.float64(2.726752576664695), np.float64(2.863615554713148)]","[np.float64(144.20788743933028), np.float64(129.834633994738)]"
450,361,360,[np.int64(396)],0.9685650182625735,[np.float64(2.194781221942703)],[np.float64(2.959736651611761)],[np.float64(134.97217332164215)]
450,362,360,"[np.int64(354), np.int64(351)]",0.9685650182625773,"[np.float64(2.015725957624915), np.float64(2.293614379326397)]","[np.float64(2.85685954965375), np.float64(3.02801737048546)]","[np.float64(144.03470563420277), np.float64(131.95034148933442)]"
450,364,363,[np.int64(339)],0.9685650182627378,[np.float64(1.7696051672161572)],[np.float64(2.6639684815331774)],[np.float64(152.01433429919686)]
450,365,363,[np.int64(366)],0.9685650182627349,[np.float64(1.9720554551888627)],[np.float64(2.8607783453348086)],[np.float64(151.4917687312206)]
450,367,366,[np.int64(384)],0.9685650182625777,[np.float64(2.2858291369642574)],[np.float64(3.008312569048587)],[np.float64(130.68896615658767)]
450,368,366,[np.int64(393)],0.9685650182625801,[np.float64(2.1545243322385534)],[np.float64(2.8712442111407537)],[np.float64(129.6641923084502)]
450,370,369,,0.9685650182625771,,,
450,371,369,[np.int64(513)],0.9685650182625747,[np.float64(2.2940351874515663)],[np.float64(2.924394590953157)],[np.float64(121.94664059016901)]
450,373,372,[np.int64(369)],0.9685650182627431,[np.float64(1.9270584864892033)],[np.float64(2.743613977746201)],[np.float64(140.38670352083946)]
450,374,372,[np.int64(345)],0.9685650182627407,[np.float64(1.8442895996349367)],[np.float64(2.714407691509185)],[np.float64(147.96145723106653)]
450,376,375,[np.int64(516)],0.9685650182624025,[np.float64(2.130847226397497)],[np.float64(3.0282033432347872)],[np.float64(153.41742017303997)]
450,377,375,[np.int64(366)],0.9685650182623973,[np.float64(2.3198879067030993)],[np.float64(3.2039569571386974)],[np.float64(151.39341790467253)]
450,379,378,[np.int64(183)],0.9685650182625689,[np.float64(2.2642009684170885)],[np.float64(3.1678919444692717)],[np.float64(154.8674872575973)]
450,380,378,[np.int64(558)],0.9685650182626596,[np.float64(1.756577553515679)],[np.float64(2.677415034808181)],[np.float64(157.55135142467427)]
450,382,381,[np.int64(378)],0.968565018262552,[np.float64(1.7814918426311717)],[np.float64(2.709181766013525)],[np.float64(159.2828415429988)]
450,383,381,[np.int64(534)],0.9685650182626517,[np.float64(2.0227545795655626)],[np.float64(2.979880968852101)],[np.float64(169.28635248988255)]
450,385,384,[np.int64(561)],0.9685650182625896,[np.float64(2.3815676169942903)],[np.float64(3.06586723864435)],[np.float64(127.20464858975406)]
450,386,384,[np.int64(357)],0.96856501826249,[np.float64(2.318501713178236)],[np.float64(3.0521905794721302)],[np.float64(131.9497778424744)]
450,388,387,[np.int64(378)],0.9685650182624562,[np.float64(1.865458013997888)],[np.float64(2.7462663810653445)],[np.float64(149.8237680166171)]
450,389,387,[np.int64(360)],0.968565018262449,[np.float64(1.9389892864468168)],[np.float64(2.8547628179408973)],[np.float64(156.78190005216547)]
450,391,390,[np.int64(399)],0.9685650182625768,[np.float64(1.9392509618613014)],[np.float64(2.697425595008426)],[np.float64(133.32012148887094)]
450,392,390,[np.int64(360)],0.9685650182625873,[np.float64(2.1602912651823214)],[np.float64(3.039218925942797)],[np.float64(150.2132417883325)]
450,394,393,,0.9685650182627579,,,
450,395,393,[np.int64(12)],0.968565018262661,[np.float64(2.3773858602783284)],[np.float64(3.135890697638597)],[np.float64(134.77673599801167)]
450,397,396,[np.int64(456)],0.9685650182624035,[np.float64(2.091925846267236)],[np.float64(2.987981686009081)],[np.float64(153.09695631599155)]
450,398,396,[np.int64(18)],0.9685650182624025,[np.float64(2.3034336947156993)],[np.float64(3.0984363672893975)],[np.float64(138.7818647773131)]
450,400,399,[np.int64(516)],0.9685650182626042,[np.float64(2.091415996578333)],[np.float64(3.0125652487888557)],[np.float64(158.26842638552668)]
450,401,399,[np.int64(546)],0.9685650182626121,[np.float64(2.016933788401249)],[np.float64(2.7796141447060743)],[np.float64(134.12327476812703)]
450,403,402,[np.int64(441)],0.9685650182627233,[np.float64(2.0871038661434516)],[np.float64(3.0300586662216538)],[np.float64(164.03921541246964)]
450,404,402,[np.int64(546)],0.9685650182627299,[np.float64(1.880308700668353)],[np.float64(2.7864116012106246)],[np.float64(154.60366429887404)]
450,406,405,[np.int64(330)],0.9685650182625657,[np.float64(2.019512764861328)],[np.float64(2.8496212914398886)],[np.float64(142.50352611179477)]
450,407,405,[np.int64(240)],0.9685650182625697,[np.float64(2.276870581907481)],[np.float64(3.095996466774104)],[np.float64(141.73367452515004)]
450,409,408,[np.int64(138)],0.9685650182625882,[np.float64(1.9022390063747607)],[np.float64(2.7562017472558153)],[np.float64(145.58813582744705)]
450,410,408,[np.int64(591)],0.9685650182625839,[np.float64(2.022049041565279)],[np.float64(2.9838406980456655)],[np.float64(171.7569433372855)]
450,412,411,[np.int64(351)],0.9685650182625848,[np.float64(1.7356888395018952)],[np.float64(2.6835653129388968)],[np.float64(165.20547715279028)]
450,413,411,"[np.int64(141), np.int64(591)]",0.9685650182625914,"[np.float64(2.0794442781769127), np.float64(2.2196652308480567)]","[np.float64(2.900712971388674), np.float64(2.9387290464210625)]","[np.float64(141.48772917012514), np.float64(130.1262481765541)]"
450,415,414,[np.int64(441)],0.9685650182625923,[np.float64(1.8773068639181503)],[np.float64(2.8279158211134097)],[np.float64(166.40585713242808)]
450,416,414,,0.968565018262599,,,
450,418,417,[np.int64(156)],0.9685650182625922,[np.float64(1.8428788951367439)],[np.float64(2.7092002661124144)],[np.float64(147.33980826662682)]
450,419,417,[np.int64(414)],0.9685650182625877,[np.float64(2.082705782082386)],[np.float64(3.0126270898447784)],[np.float64(160.37613942861236)]
450,421,420,,0.9685650182625779,,,
450,422,420,[np.int64(411)],0.9685650182625855,[np.float64(2.203714932388731)],[np.float64(3.091013863660131)],[np.float64(151.73497609172364)]
450,424,423,[np.int64(426)],0.9685650182626008,[np.float64(1.9738153140230332)],[np.float64(2.881503808734549)],[np.float64(155.13143904608486)]
450,425,423,[np.int64(339)],0.96856501826251,[np.float64(2.294392320939031)],[np.float64(3.2496123491287077)],[np.float64(168.65067665444695)]
450,427,426,[np.int64(597)],0.9685650182625967,[np.float64(2.039917138924852)],[np.float64(2.661574470320167)],[np.float64(120.14754697836413)]
450,428,426,[np.int64(450)],0.9685650182625981,[np.float64(2.170963998895333)],[np.float64(2.8641121620341767)],[np.float64(127.35976331105354)]
450,430,429,"[np.int64(570), np.int64(303)]",0.9685650182625491,"[np.float64(2.0433491668319435), np.float64(2.251187847686176)]","[np.float64(2.813810754872195), np.float64(2.980334667205334)]","[np.float64(135.10744028006678), np.float64(131.26967731333798)]"
450,431,429,[np.int64(600)],0.9685650182625557,[np.float64(2.364877309457864)],[np.float64(3.0962506696326386)],[np.float64(131.84313510464662)]
450,433,432,[np.int64(408)],0.9685650182627412,[np.float64(1.9408163895497952)],[np.float64(2.8153826767766668)],[np.float64(148.96673411709486)]
450,434,432,[np.int64(615)],0.9685650182627445,[np.float64(2.1274608026922226)],[np.float64(2.815375307538253)],[np.float64(126.68641869886088)]
450,436,435,,0.9685650182626045,,,
450,437,435,[np.int64(444)],0.9685650182625953,[np.float64(1.7503297807055234)],[np.float64(2.7179032588245446)],[np.float64(176.76866033720856)]
450,439,438,"[np.int64(444), np.int64(447)]",0.9685650182624257,"[np.float64(2.1564016563224437), np.float64(2.343898403238319)]","[np.float64(3.034148910359205), np.float64(2.968332957339826)]","[np.float64(150.00783704684704), np.float64(121.59849110800073)]"
450,440,438,,0.9685650182624291,,,
450,442,441,[np.int64(366)],0.9685650182627249,[np.float64(1.9619970541892993)],[np.float64(2.8875335670056113)],[np.float64(159.0882287166567)]
450,443,441,[np.int64(468)],0.9685650182627294,[np.float64(1.9434257861917832)],[np.float64(2.7717801874688046)],[np.float64(142.02829375031786)]
450,445,444,[np.int64(411)],0.9685650182627389,[np.float64(1.8768755618758817)],[np.float64(2.635349546182961)],[np.float64(133.10157890170055)]
450,446,444,,0.9685650182627422,,,
450,448,447,[np.int64(396)],0.968565018262439,[np.float64(2.1091889081083544)],[np.float64(3.019212327347208)],[np.float64(155.8730079321022)]
450,449,447,[np.int64(351)],0.9685650182624448,[np.float64(1.9456737213587698)],[np.float64(2.904885057207591)],[np.float64(170.2508357351766)]
450,451,450,[np.int64(441)],0.9685650182625876,[np.float64(1.9678059106997958)],[np.float64(2.9256963598716252)],[np.float64(169.60406419055832)]
450,452,450,[np.int64(519)],0.9685650182625891,[np.float64(2.094935970240761)],[np.float64(2.9014772871316525)],[np.float64(139.62720823564106)]
450,454,453,[np.int64(447)],0.9685650182625901,[np.float64(1.8513578504031358)],[np.float64(2.7591394501278304)],[np.float64(154.88291102543462)]
450,455,453,[np.int64(474)],0.9685650182625778,[np.float64(2.316714024212676)],[np.float64(3.1257896990135206)],[np.float64(140.5482092309088)]
450,457,456,,0.9685650182624091,,,
450,458,456,[np.int64(489)],0.9685650182624044,[np.float64(1.736597004896557)],[np.float64(2.578682045975233)],[np.float64(143.2581000230589)]
450,460,459,"[np.int64(261), np.int64(84)]",0.9685650182625672,"[np.float64(2.0773253400142413), np.float64(2.3211850745181652)]","[np.float64(2.773959039967185), np.float64(3.08636823182073)]","[np.float64(127.35233377446201), np.float64(135.36498619679264)]"
450,461,459,[np.int64(3)],0.9685650182626707,[np.float64(1.9854775302749208)],[np.float64(2.9118575838692027)],[np.float64(159.33533497467383)]
450,463,462,[np.int64(474)],0.9685650182625843,[np.float64(2.114114302387412)],[np.float64(3.054273217239515)],[np.float64(163.2224339942268)]
450,464,462,"[np.int64(435), np.int64(639)]",0.9685650182625876,"[np.float64(2.2026421909747973), np.float64(2.2873495519179152)]","[np.float64(2.8821390672208564), np.float64(3.053943067475548)]","[np.float64(126.14969439980544), np.float64(135.4289299822956)]"
450,466,465,[np.int64(474)],0.968565018262602,[np.float64(1.9477937210318366)],[np.float64(2.9062778490377896)],[np.float64(169.8804622351536)]
450,467,465,[np.int64(642)],0.9685650182625074,[np.float64(2.1482859365117615)],[np.float64(3.091540213180859)],[np.float64(164.20461140986907)]
450,469,468,[np.int64(384)],0.9685650182624469,[np.float64(1.9243058230744507)],[np.float64(2.768160206418712)],[np.float64(144.15518407886796)]
450,470,468,[np.int64(639)],0.9685650182624408,[np.float64(2.166729387421712)],[np.float64(3.0649945186405763)],[np.float64(153.65663267222197)]
450,472,471,[np.int64(477)],0.9685650182625706,[np.float64(1.7455277410378314)],[np.float64(2.697237705206562)],[np.float64(166.661927870256)]
450,473,471,,0.9685650182625702,,,
450,475,474,[np.int64(96)],0.9685650182626063,[np.float64(1.8984108405650304)],[np.float64(2.863824865541926)],[np.float64(174.31968520025214)]
450,476,474,,0.968565018262511,,,
450,478,477,"[np.int64(450), np.int64(597)]",0.9685650182624121,"[np.float64(1.9951934098002466), np.float64(2.3551521507453503)]","[np.float64(2.6924284949560775), np.float64(3.2246987973831596)]","[np.float64(127.0793363388569), np.float64(149.07867950203115)]"
450,479,477,[np.int64(402)],0.9685650182624068,[np.float64(1.7597549398682235)],[np.float64(2.6401193516132078)],[np.float64(149.44008521332924)]
450,481,480,"[np.int64(90), np.int64(471)]",0.9685650182627431,"[np.float64(2.049734006108515), np.float64(2.1023406631310184)]","[np.float64(2.8900121452063225), np.float64(2.816327712054617)]","[np.float64(144.00880377789028), np.float64(129.19643102596294)]"
450,482,480,[np.int64(246)],0.9685650182627512,[np.float64(1.7850296588565002)],[np.float64(2.7410320076230525)],[np.float64(168.53244809852376)]
450,484,483,[np.int64(453)],0.9685650182625827,[np.float64(2.326997675777249)],[np.float64(3.2051702849529136)],[np.float64(150.41699888691315)]
450,485,483,[np.int64(105)],0.9685650182625912,[np.float64(1.9642712049619666)],[np.float64(2.8446673263067583)],[np.float64(150.01155905809492)]
450,487,486,,0.9685650182625604,,,
450,488,486,[np.int64(312)],0.9685650182625667,[np.float64(1.958551753860379)],[np.float64(2.7469330490510715)],[np.float64(136.93061249425773)]
450,490,489,[np.int64(492)],0.9685650182625979,[np.float64(1.8135985230313176)],[np.float64(2.64107351460501)],[np.float64(141.46258276878476)]
450,491,489,"[np.int64(486), np.int64(429)]",0.9685650182625901,"[np.float64(1.8736269498627447), np.float64(2.2934693723063018)]","[np.float64(2.7035434484877157), np.float64(2.914033109023688)]","[np.float64(142.01277836579783), np.float64(121.07953964521046)]"
450,493,492,[np.int64(498)],0.9685650182627413,[np.float64(2.020239050979012)],[np.float64(2.921874081378774)],[np.float64(154.01551483453883)]
450,494,492,"[np.int64(228), np.int64(219)]",0.9685650182627483,"[np.float64(1.7309731136206505), np.float64(2.280295938077684)]","[np.float64(2.4953811548503575), np.float64(3.037925430806337)]","[np.float64(133.13375578174342), np.float64(134.40997568437183)]"
450,496,495,[np.int64(573)],0.9685650182627259,[np.float64(1.885420649295404)],[np.float64(2.7264374236226434)],[np.float64(143.6215292896817)]
450,497,495,[np.int64(504)],0.9685650182627346,[np.float64(1.6701630249470711)],[np.float64(2.5780611623560827)],[np.float64(154.445825803971)]
450,499,498,[np.int64(537)],0.9685650182625954,[np.float64(1.9786133488405817)],[np.float64(2.8632607060067268)],[np.float64(150.78375773410397)]
450,500,498,[np.int64(507)],0.9685650182625826,[np.float64(2.041904214790803)],[np.float64(2.6883190665354033)],[np.float64(122.40241682160914)]
450,502,501,[np.int64(576)],0.9685650182625569,[np.float64(2.1198356430234457)],[np.float64(3.0792139919369665)],[np.float64(170.47104144011405)]
450,503,501,[np.int64(492)],0.9685650182625603,[np.float64(2.1045436828843633)],[np.float64(2.875764474837572)],[np.float64(135.40058404655161)]
450,505,504,"[np.int64(582), np.int64(615), np.int64(606)]",0.9685650182627596,"[np.float64(2.122483446232324), np.float64(2.2495042879046774), np.float64(2.377904973434393)]","[np.float64(2.76649485459682), np.float64(2.943297304364543), np.float64(3.0177714068250565)]","[np.float64(122.52178106168664), np.float64(127.69720599752928), np.float64(123.08334876335326)]"
450,506,504,"[np.int64(618), np.int64(522)]",0.9685650182626705,"[np.float64(2.2066377158739234), np.float64(2.211815824142233)]","[np.float64(3.059085751699397), np.float64(2.9793454394341428)]","[np.float64(146.16526083577094), np.float64(135.31479762753392)]"
450,508,507,[np.int64(234)],0.9685650182625901,[np.float64(2.0175377912662693)],[np.float64(2.8835246171870432)],[np.float64(147.77297120626318)]
450,509,507,[np.int64(327)],0.9685650182625812,[np.float64(1.7740597179865785)],[np.float64(2.6933798624521845)],[np.float64(157.23567193139453)]
450,511,510,[np.int64(534)],0.9685650182625715,[np.float64(2.328884609537208)],[np.float64(3.2186420814692673)],[np.float64(152.39612263618469)]
450,512,510,[np.int64(330)],0.9685650182625669,[np.float64(2.1381215926547297)],[np.float64(2.839476482802373)],[np.float64(128.05243458062992)]
450,514,513,[np.int64(543)],0.9685650182625851,[np.float64(1.9101101990738687)],[np.float64(2.8577473693209434)],[np.float64(165.36498542792756)]
450,515,513,[np.int64(516)],0.9685650182625828,[np.float64(2.1735040844620137)],[np.float64(3.0881761723517704)],[np.float64(156.96300672774763)]
450,517,516,[np.int64(372)],0.9685650182627611,[np.float64(1.9609839051713387)],[np.float64(2.801454546111737)],[np.float64(143.7792383946383)]
450,518,516,[np.int64(519)],0.9685650182627564,[np.float64(2.1340854503327438)],[np.float64(2.918757264168052)],[np.float64(137.06686317591746)]
450,520,519,[np.int64(567)],0.968565018262421,[np.float64(1.969105375214557)],[np.float64(2.835068692015238)],[np.float64(147.64220748269898)]
450,521,519,,0.968565018262427,,,
450,523,522,[np.int64(525)],0.9685650182625578,[np.float64(1.975730888195638)],[np.float64(2.835441936998005)],[np.float64(146.67978610379595)]
450,524,522,[np.int64(540)],0.9685650182625567,[np.float64(1.9894633767530507)],[np.float64(2.8688129016152546)],[np.float64(149.89530393195946)]
450,526,525,[np.int64(531)],0.9685650182627235,[np.float64(2.255853881348485)],[np.float64(3.168790942218495)],[np.float64(156.7244922661194)]
450,527,525,[np.int64(513)],0.9685650182627287,[np.float64(1.8491050662355466)],[np.float64(2.7185096212775566)],[np.float64(147.8588619665483)]
450,529,528,[np.int64(543)],0.9685650182625126,[np.float64(2.133532268618684)],[np.float64(3.0235410391516964)],[np.float64(152.07575390794807)]
450,530,528,[np.int64(501)],0.968565018262512,[np.float64(1.9051680547016197)],[np.float64(2.790023102802666)],[np.float64(150.63734172635063)]
450,532,531,"[np.int64(495), np.int64(504)]",0.968565018262564,"[np.float64(2.2029274342663956), np.float64(2.242480964392277)]","[np.float64(3.0637399825298224), np.float64(3.039513653865532)]","[np.float64(147.41121987989044), np.float64(138.86674387153207)]"
450,533,531,[np.int64(507)],0.9685650182625687,[np.float64(1.843167457896928)],[np.float64(2.792959809432387)],[np.float64(166.05601144936222)]
450,535,534,[np.int64(537)],0.9685650182627396,[np.float64(2.051064272487173)],[np.float64(2.9914597790426734)],[np.float64(163.21236780996293)]
450,536,534,"[np.int64(558), np.int64(561)]",0.9685650182627363,"[np.float64(2.01905002332771), np.float64(2.1615087121767877)]","[np.float64(2.8629078755468114), np.float64(2.8850985574850037)]","[np.float64(144.43502369601424), np.float64(130.39636221245806)]"
450,538,537,[np.int64(585)],0.9685650182624175,[np.float64(1.9475051846316325)],[np.float64(2.789394569933388)],[np.float64(143.94199552278647)]
450,539,537,"[np.int64(564), np.int64(561)]",0.9685650182624171,"[np.float64(2.271136369262878), np.float64(2.281456043961354)]","[np.float64(2.962958051947471), np.float64(2.9674247210554445)]","[np.float64(127.57726078235652), np.float64(127.0445232192777)]"
450,541,540,[np.int64(162)],0.9685650182625624,[np.float64(2.2856741742702993)],[np.float64(3.0940228206929596)],[np.float64(140.37952250030662)]
450,542,540,"[np.int64(525), np.int64(513)]",0.9685650182626568,"[np.float64(2.325696245990149), np.float64(2.3643510885425183)]","[np.float64(3.137000655369918), np.float64(3.1345543899171924)]","[np.float64(140.85094749776982), np.float64(136.0457742227732)]"
450,544,543,,0.9685650182625613,,,
450,545,543,"[np.int64(165), np.int64(552)]",0.9685650182625625,"[np.float64(1.9617048427619392), np.float64(2.2350872075184363)]","[np.float64(2.6005071738202448), np.float64(2.8621223550113934)]","[np.float64(121.33566261974698), np.float64(121.43441907984243)]"
450,547,546,"[np.int64(621), np.int64(555)]",0.9685650182626157,"[np.float64(2.0659399811978187), np.float64(2.280055287566051)]","[np.float64(2.8393610616791762), np.float64(2.898638801229503)]","[np.float64(135.52698398672075), np.float64(120.85686694047057)]"
450,548,546,[np.int64(519)],0.9685650182625235,[np.float64(2.282015304333342)],[np.float64(3.1379709189632425)],[np.float64(146.85169136591534)]
450,550,549,,0.9685650182625892,,,
450,551,549,[np.int64(645)],0.9685650182625896,[np.float64(1.9390981799567168)],[np.float64(2.797096181007519)],[np.float64(146.31292404184796)]
450,553,552,[np.int64(198)],0.9685650182626575,[np.float64(2.229286059826812)],[np.float64(3.048874771300495)],[np.float64(141.6745588547878)]
450,554,552,,0.9685650182626667,,,
450,556,555,[np.int64(603)],0.9685650182626153,[np.float64(1.9328951908277214)],[np.float64(2.891406797534212)],[np.float64(169.8813604161491)]
450,557,555,,0.9685650182625212,,,
450,559,558,[np.int64(618)],0.9685650182624135,[np.float64(1.7556153595821715)],[np.float64(2.604373660694432)],[np.float64(144.31964154335415)]
450,560,558,,0.9685650182624186,,,
450,562,561,"[np.int64(552), np.int64(183)]",0.9685650182627373,"[np.float64(2.069920004472847), np.float64(2.268623958751985)]","[np.float64(2.7417371774230683), np.float64(3.0919129226620763)]","[np.float64(124.90522717191809), np.float64(142.25793880928822)]"
450,563,561,[np.int64(528)],0.9685650182627462,[np.float64(2.0157900608657733)],[np.float64(2.8709972484976687)],[np.float64(146.10068563083985)]
450,565,564,"[np.int64(459), np.int64(186)]",0.9685650182627266,"[np.float64(1.826447802235619), np.float64(2.2142442641856293)]","[np.float64(2.7313062155020056), np.float64(2.8310118800091026)]","[np.float64(154.22292335687098), np.float64(120.44821380815782)]"
450,566,564,[np.int64(357)],0.9685650182627372,[np.float64(1.8339336987258124)],[np.float64(2.760588089107191)],[np.float64(159.12671808992854)]
450,568,567,[np.int64(570)],0.9685650182627253,[np.float64(2.0499289159370466)],[np.float64(2.978652301077611)],[np.float64(160.02292952283364)]
450,569,567,[np.int64(423)],0.9685650182627387,[np.float64(1.8655568662054538)],[np.float64(2.693708247358326)],[np.float64(141.74089869337107)]
450,571,570,[np.int64(309)],0.9685650182624275,[np.float64(1.9780095518152938)],[np.float64(2.8285869867479145)],[np.float64(145.30227250964077)]
450,572,570,,0.968565018262416,,,
450,574,573,[np.int64(540)],0.9685650182627111,[np.float64(1.860003752061392)],[np.float64(2.8044121616231847)],[np.float64(164.2033564792338)]
450,575,573,"[np.int64(570), np.int64(429)]",0.96856501826272,"[np.float64(2.1179281729853363), np.float64(2.3341981411267607)]","[np.float64(3.0010816006103016), np.float64(2.9747032778765985)]","[np.float64(150.84048637409737), np.float64(122.99389445685514)]"
450,577,576,"[np.int64(603), np.int64(585)]",0.9685650182625944,"[np.float64(1.877962222743338), np.float64(2.1511070529897687)]","[np.float64(2.609728694366106), np.float64(2.8122820647351165)]","[np.float64(130.15342943523143), np.float64(124.22267574261797)]"
450,578,576,[np.int64(315)],0.9685650182626009,[np.float64(1.9007768612949394)],[np.float64(2.8045102970854856)],[np.float64(154.17093541342408)]
450,580,579,[np.int64(603)],0.9685650182625907,[np.float64(2.2347135105594895)],[np.float64(2.96895665527258)],[np.float64(131.7515148793519)]
450,581,579,,0.9685650182625885,,,
450,583,582,[np.int64(588)],0.9685650182625819,[np.float64(2.357932147594868)],[np.float64(3.034988440284723)],[np.float64(126.44177695799382)]
450,584,582,[np.int64(573)],0.9685650182625821,[np.float64(2.010002639307159)],[np.float64(2.960986843937835)],[np.float64(166.7006088884242)]
450,586,585,[np.int64(240)],0.968565018262592,[np.float64(2.115442121695082)],[np.float64(2.9297059564348005)],[np.float64(140.6747111914145)]
450,587,585,"[np.int64(432), np.int64(357)]",0.968565018262497,"[np.float64(1.8013114917715471), np.float64(2.272447632958236)]","[np.float64(2.7019228902145658), np.float64(2.9063587693363364)]","[np.float64(153.30872053079628), np.float64(122.18537843343707)]"
450,589,588,"[np.int64(585), np.int64(405)]",0.968565018262614,"[np.float64(1.9234514723421074), np.float64(2.180471588547129)]","[np.float64(2.621778002123886), np.float64(2.965715446664027)]","[np.float64(126.87664013766546), np.float64(137.2743912562941)]"
450,590,588,,0.9685650182626128,,,
450,592,591,[np.int64(141)],0.9685650182626434,[np.float64(2.0596364101950795)],[np.float64(2.995053052919821)],[np.float64(161.79722240762214)]
450,593,591,,0.9685650182626465,,,
450,595,594,[np.int64(621)],0.9685650182625705,[np.float64(1.86972202498218)],[np.float64(2.616839437333108)],[np.float64(131.79489835141064)]
450,596,594,[np.int64(630)],0.9685650182625768,[np.float64(1.9968844434483881)],[np.float64(2.7995999708301356)],[np.float64(138.8356383692894)]
450,598,597,[np.int64(627)],0.9685650182626168,[np.float64(2.152580196294833)],[np.float64(3.014716902548347)],[np.float64(147.50003191460212)]
450,599,597,"[np.int64(567), np.int64(450)]",0.9685650182626059,"[np.float64(1.9915188943677435), np.float64(2.115144280306868)]","[np.float64(2.673619847014708), np.float64(2.917988465254309)]","[np.float64(125.56795577638198), np.float64(139.22269259989065)]"
450,601,600,[np.int64(609)],0.968565018262438,[np.float64(2.1551981558515774)],[np.float64(3.028609509380522)],[np.float64(149.2914479658662)]
450,602,600,[np.int64(453)],0.9685650182624357,[np.float64(2.0546576238026684)],[np.float64(2.834027304574552)],[np.float64(136.1847899256468)]
450,604,603,[np.int64(564)],0.9685650182627314,[np.float64(2.1801513634034704)],[np.float64(2.9941916609468957)],[np.float64(140.82644310632946)]
450,605,603,[np.int64(528)],0.9685650182627378,[np.float64(2.0855742957433177)],[np.float64(2.9649116537458586)],[np.float64(150.11921248186633)]
450,607,606,"[np.int64(609), np.int64(573)]",0.9685650182627427,"[np.float64(2.2021273312692755), np.float64(2.362525969167418)]","[np.float64(2.8963888105644204), np.float64(3.0052021526449995)]","[np.float64(127.58006050431749), np.float64(123.28470653001811)]"
450,608,606,[np.int64(522)],0.9685650182626478,[np.float64(1.692456003030147)],[np.float64(2.6591728036268467)],[np.float64(175.56137516392266)]
450,610,609,[np.int64(636)],0.9685650182626024,[np.float64(1.9945469640775297)],[np.float64(2.8660391689186118)],[np.float64(148.5995223647954)]
450,611,609,,0.9685650182626063,,,
450,613,612,[np.int64(585)],0.9685650182627461,[np.float64(2.114320469279737)],[np.float64(2.805027185210884)],[np.float64(126.90977826633679)]
450,614,612,[np.int64(630)],0.9685650182627455,[np.float64(2.2515743358278164)],[np.float64(3.173572688888633)],[np.float64(158.7072760519871)]
450,616,615,[np.int64(438)],0.9685650182626038,[np.float64(1.9473697630376843)],[np.float64(2.887019511639137)],[np.float64(162.8467932645183)]
450,617,615,[np.int64(612)],0.9685650182625969,[np.float64(1.8318563044709884)],[np.float64(2.7692235057363845)],[np.float64(161.9956814247957)]
450,619,618,[np.int64(645)],0.9685650182624899,[np.float64(2.242789549205522)],[np.float64(2.967729997847572)],[np.float64(130.80633056590514)]
450,620,618,[np.int64(438)],0.9685650182624863,[np.float64(1.9639451355616107)],[np.float64(2.9284040232758013)],[np.float64(173.5520475534356)]
450,622,621,[np.int64(90)],0.9685650182623959,[np.float64(2.0706645334160374)],[np.float64(2.988080427387347)],[np.float64(157.38972251778904)]
450,623,621,[np.int64(177)],0.9685650182625839,[np.float64(1.901295698497423)],[np.float64(2.7927266225421987)],[np.float64(151.81276285005364)]
450,625,624,[np.int64(627)],0.9685650182627188,[np.float64(2.021720440338645)],[np.float64(2.958976811464232)],[np.float64(162.25819159774315)]
450,626,624,[np.int64(621)],0.9685650182627269,[np.float64(1.9120524738606188)],[np.float64(2.8315413108154512)],[np.float64(157.56521947061728)]
450,628,627,"[np.int64(249), np.int64(483)]",0.9685650182627413,"[np.float64(2.0859457748488537), np.float64(2.185857367915368)]","[np.float64(2.7876393154192147), np.float64(2.827055737644288)]","[np.float64(127.89053346653967), np.float64(122.51718762291996)]"
450,629,627,"[np.int64(477), np.int64(480)]",0.9685650182626466,"[np.float64(2.0119421008437253), np.float64(2.172717304974918)]","[np.float64(2.7571436690619415), np.float64(2.801181835165305)]","[np.float64(132.1573989984725), np.float64(121.31960275551732)]"
450,631,630,"[np.int64(606), np.int64(609)]",0.9685650182626027,"[np.float64(2.03183652189011), np.float64(2.3073345818050544)]","[np.float64(2.8990520054795508), np.float64(2.9755457487883117)]","[np.float64(148.0045444911471), np.float64(125.44408011590687)]"
450,632,630,[np.int64(624)],0.9685650182626063,[np.float64(1.8316059397782045)],[np.float64(2.737629466872508)],[np.float64(154.47341271501244)]
450,634,633,[np.int64(267)],0.9685650182627511,[np.float64(1.998703607893658)],[np.float64(2.761722484877604)],[np.float64(134.0954098973706)]
450,635,633,[np.int64(258)],0.968565018262665,[np.float64(1.6975065138777408)],[np.float64(2.6229426670920515)],[np.float64(158.53321324859422)]
450,637,636,[np.int64(633)],0.9685650182625992,[np.float64(1.8295149283158476)],[np.float64(2.79342004544612)],[np.float64(173.04800870746044)]
450,638,636,[np.int64(249)],0.9685650182625011,[np.float64(1.7280256638417872)],[np.float64(2.695456989369975)],[np.float64(176.53683004488252)]
450,640,639,[np.int64(612)],0.9685650182625553,[np.float64(2.22114191805645)],[np.float64(3.1772178462978147)],[np.float64(168.96756255758999)]
450,641,639,[np.int64(252)],0.968565018262559,[np.float64(1.7687426123282575)],[np.float64(2.6438351820765047)],[np.float64(148.5611219953294)]
450,643,642,[np.int64(633)],0.9685650182626038,[np.float64(1.934290650408021)],[np.float64(2.830158745380348)],[np.float64(152.71919851244402)]
450,644,642,[np.int64(606)],0.9685650182626088,[np.float64(2.225499068486832)],[np.float64(3.1608705472553944)],[np.float64(162.0024324351042)]
450,646,645,[np.int64(465)],0.9685650182627173,[np.float64(2.0321424385340965)],[np.float64(2.7854136188969414)],[np.float64(133.12161660890482)]
450,647,645,[np.int64(267)],0.9685650182627237,[np.float64(1.7867687392254255)],[np.float64(2.704018534247324)],[np.float64(156.78912562356874)]
500,1,0,[np.int64(27)],0.9685650182627111,[np.float64(1.7883564817905726)],[np.float64(2.6580976301067287)],[np.float64(147.72858090211977)]
500,2,0,[np.int64(9)],0.9685650182627195,[np.float64(2.131564787842067)],[np.float64(3.088592384503604)],[np.float64(169.32933043107838)]
500,4,3,,0.9685650182625057,,,
500,5,3,[np.int64(12)],0.9685650182624989,[np.float64(1.9303804516313392)],[np.float64(2.861075302035634)],[np.float64(160.3332977669127)]
500,7,6,[np.int64(279)],0.9685650182627283,[np.float64(2.240415202688159)],[np.float64(3.1742558477134444)],[np.float64(161.60932870901058)]
500,8,6,[np.int64(459)],0.9685650182627403,[np.float64(2.098095249022328)],[np.float64(2.786479882682151)],[np.float64(126.61969505391382)]
500,10,9,[np.int64(96)],0.9685650182626546,[np.float64(1.8949012069175197)],[np.float64(2.8457540089083375)],[np.float64(166.51993736445533)]
500,11,9,[np.int64(12)],0.9685650182626621,[np.float64(1.9300159998466004)],[np.float64(2.8655101468375905)],[np.float64(161.62493889876177)]
500,13,12,[np.int64(15)],0.9685650182626085,[np.float64(2.087630164097113)],[np.float64(3.0329304919970803)],[np.float64(164.7898475577484)]
500,14,12,[np.int64(381)],0.9685650182626044,[np.float64(2.063608287730363)],[np.float64(2.8702544052780956)],[np.float64(139.54542195347594)]
500,16,15,[np.int64(99)],0.9685650182625786,[np.float64(2.080227550126257)],[np.float64(2.73057280384365)],[np.float64(122.92961489546266)]
500,17,15,[np.int64(3)],0.9685650182625827,[np.float64(2.3278234812439162)],[np.float64(2.9360143461196047)],[np.float64(120.12701430528521)]
500,19,18,,0.9685650182626139,,,
500,20,18,[np.int64(390)],0.9685650182625222,[np.float64(2.1278816303027197)],[np.float64(3.020738365125049)],[np.float64(152.57891110214226)]
500,22,21,[np.int64(198)],0.9685650182626753,[np.float64(2.1984623932430436)],[np.float64(3.115299711332057)],[np.float64(157.47204860595326)]
500,23,21,"[np.int64(189), np.int64(105)]",0.9685650182626777,"[np.float64(2.220347748569998), np.float64(2.239520727818431)]","[np.float64(2.867939778810423), np.float64(2.875553897166387)]","[np.float64(123.23010659831048), np.float64(122.25452199919401)]"
500,25,24,[np.int64(21)],0.9685650182625614,[np.float64(1.949859088066278)],[np.float64(2.7919952749148895)],[np.float64(143.9846760575305)]
500,26,24,"[np.int64(168), np.int64(99)]",0.968565018262566,"[np.float64(2.123611137309634), np.float64(2.287145634500031)]","[np.float64(2.974926487504975), np.float64(2.9688273762385484)]","[np.float64(145.79937454838768), np.float64(126.65171289658178)]"
500,28,27,[np.int64(321)],0.968565018262577,[np.float64(2.170077176857884)],[np.float64(3.1352497252743414)],[np.float64(174.23192925218277)]
500,29,27,[np.int64(57)],0.9685650182625741,[np.float64(2.1734452307999423)],[np.float64(3.07991727802527)],[np.float64(155.2630662229322)]
500,31,30,[np.int64(9)],0.9685650182626033,[np.float64(2.3575564865242438)],[np.float64(2.979540386784834)],[np.float64(121.43049904533348)]
500,32,30,[np.int64(210)],0.9685650182625994,[np.float64(1.8272220071869705)],[np.float64(2.716324907437078)],[np.float64(151.19384023460685)]
500,34,33,[np.int64(42)],0.9685650182624169,[np.float64(2.047887053588776)],[np.float64(2.997316877995685)],[np.float64(166.16591307145222)]
500,35,33,,0.9685650182624215,,,
500,37,36,[np.int64(54)],0.9685650182625555,[np.float64(1.8694447084783554)],[np.float64(2.8235794118381263)],[np.float64(167.8064858141719)]
500,38,36,[np.int64(48)],0.9685650182625558,[np.float64(2.0721842101329297)],[np.float64(3.038165252892547)],[np.float64(174.92959092575094)]
500,40,39,"[np.int64(24), np.int64(75)]",0.9685650182625853,"[np.float64(2.069738265466541), np.float64(2.2244378199778176)]","[np.float64(2.8269496188516743), np.float64(3.0299493528486554)]","[np.float64(133.69443750914417), np.float64(139.8646222847383)]"
500,41,39,[np.int64(63)],0.9685650182625759,[np.float64(2.313239888442137)],[np.float64(2.9740791967604454)],[np.float64(124.77751946871446)]
500,43,42,[np.int64(51)],0.9685650182625758,[np.float64(2.0360408805259977)],[np.float64(2.7242853244219805)],[np.float64(126.35779102722748)]
500,44,42,"[np.int64(117), np.int64(81)]",0.9685650182625822,"[np.float64(2.2229732580894113), np.float64(2.3727694961833894)]","[np.float64(2.836694056629773), np.float64(3.290296891187006)]","[np.float64(120.2154927860408), np.float64(157.8747789310707)]"
500,46,45,[np.int64(96)],0.9685650182625793,[np.float64(1.8848276604558605)],[np.float64(2.759400946224394)],[np.float64(148.81610413632583)]
500,47,45,[np.int64(9)],0.9685650182625799,[np.float64(2.238134733374929)],[np.float64(3.071617353111292)],[np.float64(143.5511266419231)]
500,49,48,[np.int64(18)],0.9685650182625976,[np.float64(2.111314744292899)],[np.float64(2.962074597695971)],[np.float64(145.68671787045855)]
500,50,48,[np.int64(15)],0.9685650182625892,[np.float64(1.9834333684611902)],[np.float64(2.665610150971572)],[np.float64(125.54017677067466)]
500,52,51,[np.int64(39)],0.968565018262408,[np.float64(1.8310183820395693)],[np.float64(2.7348673532070746)],[np.float64(154.02955834309094)]
500,53,51,[np.int64(144)],0.9685650182624091,[np.float64(1.9825535445889295)],[np.float64(2.818065100339204)],[np.float64(143.142112358594)]
500,55,54,[np.int64(324)],0.9685650182624925,[np.float64(1.9061467275561885)],[np.float64(2.7909392202652907)],[np.float64(150.62881495338561)]
500,56,54,[np.int64(342)],0.9685650182625832,[np.float64(2.080581571368387)],[np.float64(3.0216549993875823)],[np.float64(163.45377228952012)]
500,58,57,,0.9685650182625772,,,
500,59,57,[np.int64(33)],0.9685650182625769,[np.float64(2.193414834986532)],[np.float64(2.9750605849933724)],[np.float64(136.88797107852457)]
500,61,60,[np.int64(108)],0.9685650182627744,[np.float64(2.073788321643)],[np.float64(2.883542743617738)],[np.float64(139.97228591046286)]
500,62,60,"[np.int64(237), np.int64(240)]",0.9685650182625837,"[np.float64(2.1787880904050483), np.float64(2.281062288097304)]","[np.float64(2.794208371802556), np.float64(3.1585159022808833)]","[np.float64(120.18933208300936), np.float64(150.2117888786682)]"
500,64,63,[np.int64(45)],0.9685650182625127,[np.float64(2.094324191515401)],[np.float64(2.9996610780759783)],[np.float64(154.89273001031205)]
500,65,63,[np.int64(72)],0.9685650182624147,[np.float64(1.7518116746422852)],[np.float64(2.527945643378251)],[np.float64(134.6189630670248)]
500,67,66,[np.int64(33)],0.9685650182626578,[np.float64(1.8996951183324982)],[np.float64(2.6793624794873603)],[np.float64(135.66223635842272)]
500,68,66,[np.int64(36)],0.968565018262664,[np.float64(1.9628995131645284)],[np.float64(2.9139688363345715)],[np.float64(166.68131311980423)]
500,70,69,,0.9685650182625858,,,
500,71,69,"[np.int64(66), np.int64(327)]",0.9685650182625837,"[np.float64(2.146998400906544), np.float64(2.3654816572554744)]","[np.float64(2.8650261296931454), np.float64(3.1644072422602876)]","[np.float64(129.77182673231533), np.float64(139.41314297421306)]"
500,73,72,,0.9685650182624954,,,
500,74,72,[np.int64(159)],0.968565018262494,[np.float64(1.8372856755337263)],[np.float64(2.789378576552818)],[np.float64(166.93241778558786)]
500,76,75,[np.int64(219)],0.968565018262669,[np.float64(2.027616242678076)],[np.float64(2.9503469526160466)],[np.float64(158.5297846293349)]
500,77,75,[np.int64(345)],0.9685650182626773,[np.float64(2.3861122705050093)],[np.float64(3.052831250307498)],[np.float64(125.56089401560247)]
500,79,78,[np.int64(69)],0.9685650182625826,[np.float64(1.9087183154794476)],[np.float64(2.8715277833947597)],[np.float64(172.32913798148408)]
500,80,78,"[np.int64(372), np.int64(222)]",0.968565018262591,"[np.float64(2.068517816307666), np.float64(2.3842805682099466)]","[np.float64(2.832314710314578), np.float64(3.0040052044352783)]","[np.float64(134.43162683382033), np.float64(121.32399195322539)]"
500,82,81,[np.int64(468)],0.9685650182625777,[np.float64(2.075312090341423)],[np.float64(2.955970478657589)],[np.float64(150.31998537999416)]
500,83,81,[np.int64(402)],0.9685650182625829,[np.float64(1.988902278520763)],[np.float64(2.6683014486291343)],[np.float64(125.29333220986256)]
500,85,84,[np.int64(462)],0.9685650182624335,[np.float64(2.0891278283377646)],[np.float64(2.8745218620924633)],[np.float64(137.01200843486)]
500,86,84,[np.int64(42)],0.9685650182624256,[np.float64(2.1161515179709594)],[np.float64(3.0049208060057286)],[np.float64(151.818966284117)]
500,88,87,[np.int64(114)],0.968565018262574,[np.float64(1.8454502690937873)],[np.float64(2.772263109809791)],[np.float64(159.1887606288222)]
500,89,87,"[np.int64(267), np.int64(0)]",0.9685650182625818,"[np.float64(2.1691391831234963), np.float64(2.2846168620753597)]","[np.float64(2.9974383198420202), np.float64(2.9738809047775234)]","[np.float64(142.67412552141954), np.float64(127.37348569120734)]"
500,91,90,[np.int64(243)],0.9685650182625894,[np.float64(2.138174473787969)],[np.float64(2.8731257569773647)],[np.float64(131.50780931270336)]
500,92,90,[np.int64(126)],0.9685650182625913,[np.float64(1.9539261749624903)],[np.float64(2.8916686725637057)],[np.float64(162.29848949995062)]
500,94,93,[np.int64(111)],0.9685650182627388,[np.float64(2.0306205667025)],[np.float64(2.9397158217685955)],[np.float64(155.5347657500596)]
500,95,93,"[np.int64(471), np.int64(462)]",0.9685650182627401,"[np.float64(1.9963254930884125), np.float64(2.050096812839873)]","[np.float64(2.6699403857445065), np.float64(2.929629436513489)]","[np.float64(124.7660417058436), np.float64(150.07115335549432)]"
500,97,96,[np.int64(483)],0.9685650182627407,[np.float64(1.8699699923677937)],[np.float64(2.834413275917351)],[np.float64(173.48642759764067)]
500,98,96,[np.int64(93)],0.9685650182627502,[np.float64(1.9427222137181572)],[np.float64(2.893697925340336)],[np.float64(166.62281712439042)]
500,100,99,[np.int64(51)],0.9685650182627381,[np.float64(1.840446217127446)],[np.float64(2.7567380839143443)],[np.float64(156.69245906625818)]
500,101,99,"[np.int64(90), np.int64(81)]",0.9685650182626526,"[np.float64(2.1297540597212605), np.float64(2.1913184709799975)]","[np.float64(2.9629178688349778), np.float64(2.917646109149223)]","[np.float64(143.23260807653574), np.float64(130.78180154041252)]"
500,103,102,"[np.int64(471), np.int64(93)]",0.9685650182627445,"[np.float64(2.1680778695671226), np.float64(2.34674621868118)]","[np.float64(3.013770462437857), np.float64(3.125214600293554)]","[np.float64(145.0909096347573), np.float64(136.9433139746567)]"
500,104,102,[np.int64(480)],0.968565018262748,[np.float64(1.79969857592715)],[np.float64(2.650739504961005)],[np.float64(144.81754462668678)]
500,106,105,"[np.int64(276), np.int64(189)]",0.9685650182625831,"[np.float64(2.2906998485935532), np.float64(2.3347941801193377)]","[np.float64(2.9090116735660874), np.float64(3.0574670708799485)]","[np.float64(120.87209711276994), np.float64(130.85746171361643)]"
500,107,105,"[np.int64(18), np.int64(396)]",0.968565018262587,"[np.float64(1.9220208732783828), np.float64(2.2793305151185663)]","[np.float64(2.7914677988774494), np.float64(2.9202173181798194)]","[np.float64(148.07423538786512), np.float64(122.8365463075198)]"
500,109,108,[np.int64(288)],0.968565018262602,[np.float64(1.8855359776144673)],[np.float64(2.8299795075046204)],[np.float64(164.25143513961325)]
500,110,108,,0.9685650182625959,,,
500,112,111,[np.int64(291)],0.9685650182627645,[np.float64(1.8023994934262946)],[np.float64(2.6841784096227164)],[np.float64(149.81473339051524)]
500,113,111,[np.int64(84)],0.9685650182627625,[np.float64(2.0023893088281874)],[np.float64(2.8086325468207463)],[np.float64(139.30038746483788)]
500,115,114,[np.int64(135)],0.9685650182624252,[np.float64(2.0291095198166174)],[np.float64(2.722042001122127)],[np.float64(126.7919452563646)]
500,116,114,,0.9685650182624255,,,
500,118,117,"[np.int64(147), np.int64(126)]",0.9685650182625575,"[np.float64(2.2277023390157753), np.float64(2.266123624511633)]","[np.float64(3.1729166832486007), np.float64(2.8876490185329717)]","[np.float64(164.91391581256497), np.float64(121.06367818887756)]"
500,119,117,,0.9685650182625563,,,
500,121,120,[np.int64(93)],0.9685650182625849,[np.float64(1.8634023583607484)],[np.float64(2.795706622964484)],[np.float64(160.6422296747637)]
500,122,120,[np.int64(150)],0.9685650182625802,[np.float64(2.053676955117427)],[np.float64(2.7947591174607043)],[np.float64(131.86466859910868)]
500,124,123,"[np.int64(54), np.int64(45)]",0.9685650182624498,"[np.float64(1.9814802382398407), np.float64(2.160973673086933)]","[np.float64(2.7689111039377394), np.float64(2.8883649792278074)]","[np.float64(136.89656422740327), np.float64(130.79008044938695)]"
500,125,123,[np.int64(87)],0.9685650182624536,[np.float64(2.102483163119414)],[np.float64(2.7467074177319444)],[np.float64(122.45902813045673)]
500,127,126,[np.int64(51)],0.968565018262563,[np.float64(2.299827409484672)],[np.float64(2.964438891752154)],[np.float64(125.08252195830441)]
500,128,126,"[np.int64(270), np.int64(153)]",0.9685650182625579,"[np.float64(1.9140756221953128), np.float64(2.274061396127171)]","[np.float64(2.6419222315487496), np.float64(2.89478450444527)]","[np.float64(129.8914171434983), np.float64(121.02249890740603)]"
500,130,129,[np.int64(120)],0.9685650182625748,[np.float64(1.9348455204207573)],[np.float64(2.8820095447963268)],[np.float64(165.23197665916538)]
500,131,129,,0.9685650182625712,,,
500,133,132,[np.int64(45)],0.9685650182625715,[np.float64(2.0344167092825947)],[np.float64(2.748950402818616)],[np.float64(128.99347778319728)]
500,134,132,[np.int64(102)],0.9685650182625746,[np.float64(1.7950917133396544)],[np.float64(2.6914580960861945)],[np.float64(152.46606002955028)]
500,136,135,"[np.int64(408), np.int64(591)]",0.9685650182625519,"[np.float64(2.1069133396716615), np.float64(2.1728457241348886)]","[np.float64(2.8770817231239625), np.float64(3.002616934208441)]","[np.float64(135.28732904995178), np.float64(142.88270366376878)]"
500,137,135,[np.int64(108)],0.9685650182626486,[np.float64(2.373031608893334)],[np.float64(3.1617937708969928)],[np.float64(138.2128255752279)]
500,139,138,[np.int64(120)],0.9685650182627178,[np.float64(1.7311577335761887)],[np.float64(2.626674965445523)],[np.float64(152.12585479452125)]
500,140,138,"[np.int64(135), np.int64(111)]",0.9685650182627235,"[np.float64(1.8735664184494876), np.float64(2.0329833970308733)]","[np.float64(2.552334595017934), np.float64(2.839634719258649)]","[np.float64(124.69870588009195), np.float64(139.4505270948357)]"
500,142,141,[np.int64(324)],0.968565018262586,[np.float64(2.060028634648244)],[np.float64(2.9268915284365584)],[np.float64(148.01856896255535)]
500,143,141,,0.9685650182624923,,,
500,145,144,[np.int64(108)],0.9685650182625958,[np.float64(2.047108824414042)],[np.float64(2.932371296691241)],[np.float64(151.05101065953443)]
500,146,144,[np.int64(138)],0.9685650182625917,[np.float64(1.9094247078844124)],[np.float64(2.8672040195003192)],[np.float64(169.49752161423663)]
500,148,147,[np.int64(417)],0.9685650182625622,[np.float64(2.1684868729652393)],[np.float64(2.9623242951986963)],[np.float64(138.27033373331878)]
500,149,147,"[np.int64(156), np.int64(129)]",0.9685650182625682,"[np.float64(2.147403560506573), np.float64(2.242441726344489)]","[np.float64(2.9086896845708963), np.float64(3.045241464516854)]","[np.float64(134.41071796806136), np.float64(139.57528583067008)]"
500,151,150,[np.int64(417)],0.9685650182626757,[np.float64(1.7485746736583903)],[np.float64(2.702394457292695)],[np.float64(167.52959595611253)]
500,152,150,,0.9685650182625835,,,
500,154,153,[np.int64(348)],0.9685650182624264,[np.float64(1.6134081938255915)],[np.float64(2.5214120524940236)],[np.float64(154.30444398319844)]
500,155,153,,0.968565018262425,,,
500,157,156,[np.int64(159)],0.9685650182627591,[np.float64(2.0545879239379206)],[np.float64(2.7463190630694867)],[np.float64(126.77667395940719)]
500,158,156,[np.int64(300)],0.9685650182626733,[np.float64(1.7571566090599724)],[np.float64(2.6847731005976745)],[np.float64(159.21380951196184)]
500,160,159,[np.int64(420)],0.9685650182627414,[np.float64(2.353263348587628)],[np.float64(3.2538298514904347)],[np.float64(154.41073587488728)]
500,161,159,"[np.int64(150), np.int64(54)]",0.9685650182627448,"[np.float64(1.9631116337928312), np.float64(2.1463209028953036)]","[np.float64(2.753550444150832), np.float64(2.7853119870652194)]","[np.float64(137.19744539599907), np.float64(122.16108815996245)]"
500,163,162,[np.int64(105)],0.9685650182627356,[np.float64(1.7599265060404983)],[np.float64(2.579077342712835)],[np.float64(140.11981203516152)]
500,164,162,"[np.int64(543), np.int64(399)]",0.9685650182627494,"[np.float64(2.078489977587699), np.float64(2.1344380564648593)]","[np.float64(2.7477900778074846), np.float64(3.005381900820796)]","[np.float64(124.70031727347397), np.float64(148.84591716854513)]"
500,166,165,[np.int64(555)],0.9685650182624176,[np.float64(1.8223002352630528)],[np.float64(2.7427951021289982)],[np.float64(157.61495762929397)]
500,167,165,[np.int64(552)],0.9685650182624082,[np.float64(2.2292007243051692)],[np.float64(3.144620194398007)],[np.float64(157.21181546150692)]
500,169,168,"[np.int64(99), np.int64(15)]",0.9685650182625901,"[np.float64(2.1473413258490446), np.float64(2.2604627445820977)]","[np.float64(2.8630010754060846), np.float64(3.1322627720433323)]","[np.float64(129.5303660636599), np.float64(149.2521095864974)]"
500,170,168,[np.int64(21)],0.9685650182625983,[np.float64(1.8491921443866437)],[np.float64(2.7932124107769)],[np.float64(164.06078836338898)]
500,172,171,[np.int64(549)],0.968565018262654,[np.float64(2.2899759871172867)],[np.float64(3.1753291324839488)],[np.float64(151.55935460800174)]
500,173,171,[np.int64(207)],0.9685650182626617,[np.float64(2.3035543240533642)],[np.float64(3.2640029000764126)],[np.float64(171.15631736344045)]
500,175,174,[np.int64(186)],0.968565018262592,[np.float64(1.8212342497001999)],[np.float64(2.6952752369232282)],[np.float64(148.54383375489857)]
500,176,174,"[np.int64(192), np.int64(204)]",0.9685650182625892,"[np.float64(2.038643855456502), np.float64(2.376573207070983)]","[np.float64(2.7511636415628447), np.float64(3.224908554379995)]","[np.float64(128.80338592850978), np.float64(145.93663341405605)]"
500,178,177,"[np.int64(279), np.int64(204)]",0.968565018262557,"[np.float64(2.13074527929039), np.float64(2.1775210572614676)]","[np.float64(2.933402372733858), np.float64(3.027193640379422)]","[np.float64(139.2453882217604), np.float64(145.69001582366428)]"
500,179,177,"[np.int64(555), np.int64(252)]",0.9685650182625615,"[np.float64(1.9746831894272705), np.float64(2.1211494397945194)]","[np.float64(2.656944325691472), np.float64(2.971406754254783)]","[np.float64(125.51004227542658), np.float64(145.6375635562694)]"
500,181,180,"[np.int64(210), np.int64(0)]",0.9685650182627433,"[np.float64(2.0590539885406414), np.float64(2.3570890808375364)]","[np.float64(2.9048544800312035), np.float64(2.9944470724337173)]","[np.float64(144.82614142945405), np.float64(122.78944501334931)]"
500,182,180,[np.int64(645)],0.9685650182626513,[np.float64(2.2317214403954933)],[np.float64(3.130159683860947)],[np.float64(153.8069690169063)]
500,184,183,"[np.int64(30), np.int64(6)]",0.9685650182625947,"[np.float64(2.305319096295988), np.float64(2.345169529100858)]","[np.float64(3.0174723041610876), np.float64(3.111955237013215)]","[np.float64(129.69962485300562), np.float64(135.60992124598806)]"
500,185,183,"[np.int64(552), np.int64(180)]",0.9685650182625886,"[np.float64(2.1225234484208744), np.float64(2.332803498869135)]","[np.float64(2.946790697510103), np.float64(3.139100365794837)]","[np.float64(142.008224375441), np.float64(140.2402409602067)]"
500,187,186,[np.int64(459)],0.9685650182625813,[np.float64(2.0767843907304497)],[np.float64(2.9470048215661917)],[np.float64(148.59589298670343)]
500,188,186,[np.int64(279)],0.9685650182625867,[np.float64(2.0097776702182792)],[np.float64(2.7566651070838395)],[np.float64(132.333939553189)]
500,190,189,[np.int64(75)],0.9685650182627603,[np.float64(1.9403968005021923)],[np.float64(2.858964310915854)],[np.float64(157.41013955557534)]
500,191,189,"[np.int64(48), np.int64(45)]",0.9685650182627565,"[np.float64(1.8829592480619357), np.float64(2.2399125793733403)]","[np.float64(2.699086274958285), np.float64(2.9130532235695545)]","[np.float64(140.1771953471139), np.float64(125.67668723687532)]"
500,193,192,,0.968565018262596,,,
500,194,192,"[np.int64(24), np.int64(75)]",0.9685650182625912,"[np.float64(2.1371062953894477), np.float64(2.2056431429403998)]","[np.float64(2.978455688438257), np.float64(2.8745482925636363)]","[np.float64(144.39380268283082), np.float64(125.15362269649657)]"
500,196,195,[np.int64(153)],0.9685650182624403,[np.float64(2.3258938264347435)],[np.float64(3.112617943239942)],[np.float64(137.85211642112438)]
500,197,195,[np.int64(75)],0.968565018262437,[np.float64(2.2557628172753565)],[np.float64(3.1106109984540873)],[np.float64(146.63043089299921)]
500,199,198,,0.9685650182625514,,,
500,200,198,,0.968565018262646,,,
500,202,201,[np.int64(210)],0.9685650182625664,[np.float64(2.127004205480627)],[np.float64(3.0241156576672066)],[np.float64(153.36403650123935)]
500,203,201,[np.int64(192)],0.9685650182625619,[np.float64(2.1261410580040985)],[np.float64(2.9453795812901897)],[np.float64(141.3529195738468)]
500,205,204,[np.int64(195)],0.9685650182625991,[np.float64(1.991093298769931)],[np.float64(2.9412322501366615)],[np.float64(166.36318041489454)]
500,206,204,[np.int64(165)],0.9685650182625998,[np.float64(1.960631422528745)],[np.float64(2.815720339939407)],[np.float64(145.93003451684146)]
500,208,207,"[np.int64(201), np.int64(219)]",0.9685650182627289,"[np.float64(1.8621466511992664), np.float64(2.3069908202370746)]","[np.float64(2.648101666536755), np.float64(3.023485769128672)]","[np.float64(136.27316281882185), np.float64(130.14343709067256)]"
500,209,207,[np.int64(216)],0.9685650182627273,[np.float64(1.935301106727131)],[np.float64(2.892655866872154)],[np.float64(169.31671465258623)]
500,211,210,[np.int64(27)],0.9685650182626665,[np.float64(2.157480164275938)],[np.float64(2.90875553599181)],[np.float64(133.33327239184638)]
500,212,210,"[np.int64(174), np.int64(180)]",0.96856501826266,"[np.float64(2.0466339459800618), np.float64(2.278750337598673)]","[np.float64(2.8570333675158146), np.float64(2.9048544800312035)]","[np.float64(139.9719977030968), np.float64(121.51410405105202)]"
500,214,213,[np.int64(201)],0.9685650182624171,[np.float64(2.0466413087179856)],[np.float64(2.7627064621463644)],[np.float64(129.1988482209174)]
500,215,213,[np.int64(6)],0.9685650182624194,[np.float64(2.3356854224573085)],[np.float64(3.2770063027404843)],[np.float64(163.815966749174)]
500,217,216,[np.int64(312)],0.9685650182624037,[np.float64(2.273130087249609)],[np.float64(2.9723691104260794)],[np.float64(128.3105529611602)]
500,218,216,[np.int64(72)],0.9685650182624944,[np.float64(2.1068982978562083)],[np.float64(3.0286136026854047)],[np.float64(158.4240951517677)]
500,220,219,[np.int64(486)],0.9685650182626494,[np.float64(1.9854700685189828)],[np.float64(2.8189621653420414)],[np.float64(142.86888437244838)]
500,221,219,[np.int64(228)],0.9685650182626537,[np.float64(2.2241194505349777)],[np.float64(3.1352952241044085)],[np.float64(156.3066852107574)]
500,223,222,"[np.int64(306), np.int64(297)]",0.9685650182627695,"[np.float64(2.1016582275778424), np.float64(2.169731300059629)]","[np.float64(2.892291821499976), np.float64(2.879110578494712)]","[np.float64(137.6810005210856), np.float64(128.97122963328852)]"
500,224,222,[np.int64(231)],0.968565018262679,[np.float64(1.646373447035817)],[np.float64(2.5813152081274437)],[np.float64(160.94706006040002)]
500,226,225,[np.int64(321)],0.9685650182625135,[np.float64(2.041932179635722)],[np.float64(2.835136202810501)],[np.float64(137.80319720750128)]
500,227,225,"[np.int64(294), np.int64(216)]",0.9685650182625108,"[np.float64(1.9119691410799506), np.float64(2.3648854976908615)]","[np.float64(2.8098652335247705), np.float64(3.0404970621842304)]","[np.float64(153.0528062831005), np.float64(126.32723535244824)]"
500,229,228,[np.int64(234)],0.9685650182627206,[np.float64(2.0925182229705523)],[np.float64(2.7559261833699584)],[np.float64(124.1997392882259)]
500,230,228,[np.int64(495)],0.9685650182627282,[np.float64(2.1401578647524677)],[np.float64(2.9335272286966076)],[np.float64(138.12997502182168)]
500,232,231,[np.int64(201)],0.9685650182626767,[np.float64(1.8270480635760007)],[np.float64(2.7913569190244836)],[np.float64(173.3545560260786)]
500,233,231,"[np.int64(228), np.int64(498)]",0.9685650182625842,"[np.float64(1.8445902495664752), np.float64(2.252390647599152)]","[np.float64(2.569786721283933), np.float64(2.9519279321544896)]","[np.float64(129.29935341768524), np.float64(128.2714456605994)]"
500,235,234,[np.int64(504)],0.9685650182624128,[np.float64(2.2217787622300076)],[np.float64(3.1247246548851355)],[np.float64(154.65105584698188)]
500,236,234,[np.int64(324)],0.9685650182624136,[np.float64(2.2441720613882565)],[np.float64(3.126389313565968)],[np.float64(150.9372761778284)]
500,238,237,"[np.int64(213), np.int64(201)]",0.9685650182626679,"[np.float64(1.8184340411691475), np.float64(2.2280288806666637)]","[np.float64(2.581857256700905), np.float64(3.0431878784852704)]","[np.float64(133.41949948734137), np.float64(141.0974297321623)]"
500,239,237,,0.9685650182626714,,,
500,241,240,[np.int64(507)],0.968565018262648,[np.float64(1.9357246889684214)],[np.float64(2.616003614344348)],[np.float64(125.1411062910239)]
500,242,240,[np.int64(231)],0.9685650182626563,[np.float64(2.145272916595648)],[np.float64(3.0273549786502993)],[np.float64(150.7149267495105)]
500,244,243,,0.9685650182627116,,,
500,245,243,[np.int64(168)],0.9685650182627262,[np.float64(2.1537833418997585)],[np.float64(3.1078953312077995)],[np.float64(168.07458784711596)]
500,247,246,"[np.int64(273), np.int64(258)]",0.9685650182625766,"[np.float64(2.1392707054025037), np.float64(2.1724934654994583)]","[np.float64(2.8949864939035077), np.float64(2.9362335450700625)]","[np.float64(133.76316708896465), np.float64(134.76618525923115)]"
500,248,246,"[np.int64(177), np.int64(255)]",0.9685650182625717,"[np.float64(1.7923137517053758), np.float64(2.307706869811706)]","[np.float64(2.615030216370153), np.float64(3.036837608886967)]","[np.float64(140.72986182358522), np.float64(131.44225763423185)]"
500,250,249,"[np.int64(276), np.int64(105)]",0.96856501826259,"[np.float64(2.1659625570313246), np.float64(2.3279627923385626)]","[np.float64(2.985470843706353), np.float64(2.9359922412065953)]","[np.float64(141.49769914386624), np.float64(120.11359095136928)]"
500,251,249,[np.int64(480)],0.968565018262595,[np.float64(2.0996059325280823)],[np.float64(2.9422784204767387)],[np.float64(144.48448910746666)]
500,253,252,,0.9685650182627188,,,
500,254,252,[np.int64(633)],0.9685650182627311,[np.float64(1.9612442365980731)],[np.float64(2.925997167428306)],[np.float64(173.78587389046095)]
500,256,255,"[np.int64(285), np.int64(291)]",0.9685650182626708,"[np.float64(2.003920596860484), np.float64(2.1742754914276263)]","[np.float64(2.6647353866093813), np.float64(3.0391507706540004)]","[np.float64(123.57896989043063), np.float64(147.97408767101453)]"
500,257,255,[np.int64(261)],0.9685650182626658,[np.float64(1.9434514098803226)],[np.float64(2.707183775436872)],[np.float64(133.96889612836904)]
500,259,258,,0.9685650182625887,,,
500,260,258,"[np.int64(249), np.int64(624)]",0.9685650182625907,"[np.float64(2.1119334789608235), np.float64(2.1570986104757828)]","[np.float64(2.810024767268387), np.float64(2.8116656488824856)]","[np.float64(127.6300446104739), np.float64(123.63095412950445)]"
500,262,261,,0.9685650182625913,,,
500,263,261,[np.int64(291)],0.9685650182624994,[np.float64(1.891130338278996)],[np.float64(2.8461656973940364)],[np.float64(168.21669392107503)]
500,265,264,[np.int64(462)],0.9685650182627545,[np.float64(1.8264253374927704)],[np.float64(2.651933372562617)],[np.float64(141.23844593030776)]
500,266,264,[np.int64(465)],0.968565018262754,[np.float64(1.9741391703198752)],[np.float64(2.772079290032818)],[np.float64(138.16084056145164)]
500,268,267,,0.9685650182627131,,,
500,269,267,[np.int64(171)],0.968565018262721,[np.float64(2.308311804552036)],[np.float64(3.084932328976966)],[np.float64(136.6281143783863)]
500,271,270,[np.int64(204)],0.96856501826258,[np.float64(2.169331634912356)],[np.float64(3.0296933466731124)],[np.float64(147.26624833624908)]
500,272,270,[np.int64(246)],0.968565018262573,[np.float64(1.7738132418365737)],[np.float64(2.706822965727355)],[np.float64(160.66763610921564)]
500,274,273,[np.int64(303)],0.9685650182625918,[np.float64(1.999705697794626)],[np.float64(2.716132035112837)],[np.float64(129.05026495796113)]
500,275,273,[np.int64(132)],0.9685650182625768,[np.float64(2.1974856606019886)],[np.float64(3.1598850434184493)],[np.float64(172.23790971856857)]
500,277,276,[np.int64(189)],0.9685650182624433,[np.float64(1.799990636453459)],[np.float64(2.6811689314807374)],[np.float64(149.7026380808279)]
500,278,276,[np.int64(216)],0.9685650182624408,[np.float64(1.816863411244793)],[np.float64(2.7467179210050414)],[np.float64(159.90974285020096)]
500,280,279,[np.int64(204)],0.9685650182625785,[np.float64(1.646712244530773)],[np.float64(2.55232304834116)],[np.float64(153.898333653828)]
500,281,279,,0.9685650182625826,,,
500,283,282,[np.int64(270)],0.9685650182625675,[np.float64(1.9334057236025943)],[np.float64(2.839692153594545)],[np.float64(154.75923641383898)]
500,284,282,[np.int64(285)],0.9685650182625631,[np.float64(1.8957661950912958)],[np.float64(2.8258471119977426)],[np.float64(160.11381237936618)]
500,286,285,[np.int64(312)],0.9685650182624325,[np.float64(1.8800326390530877)],[np.float64(2.8310099828500483)],[np.float64(166.54955582649234)]
500,287,285,[np.int64(258)],0.9685650182624352,[np.float64(1.9402001943557814)],[np.float64(2.873463421810501)],[np.float64(161.0300400339235)]
500,289,288,"[np.int64(318), np.int64(135)]",0.9685650182627386,"[np.float64(2.261011264318693), np.float64(2.3372414585649803)]","[np.float64(3.083318986804981), np.float64(3.0770093265964005)]","[np.float64(142.11017827718587), np.float64(132.644493362744)]"
500,290,288,"[np.int64(255), np.int64(282)]",0.9685650182627372,"[np.float64(2.024195703677034), np.float64(2.332728506472157)]","[np.float64(2.8205365131452873), np.float64(3.086278068978799)]","[np.float64(138.13058015130053), np.float64(134.11204576835303)]"
500,292,291,"[np.int64(264), np.int64(267)]",0.9685650182625963,"[np.float64(2.0670517426856705), np.float64(2.290078677811608)]","[np.float64(2.8195967587108597), np.float64(2.9942528955809107)]","[np.float64(133.16618508948298), np.float64(128.85378875310246)]"
500,293,291,[np.int64(285)],0.9685650182625879,[np.float64(1.9120769080636129)],[np.float64(2.868310352386955)],[np.float64(168.77195054332842)]
500,295,294,"[np.int64(267), np.int64(0)]",0.9685650182624029,"[np.float64(2.1806949008737857), np.float64(2.319257256168909)]","[np.float64(2.9363746933873194), np.float64(3.1230670113895)]","[np.float64(133.89280542291672), np.float64(139.898229034483)]"
500,296,294,[np.int64(285)],0.9685650182623956,[np.float64(2.2008473023967)],[np.float64(2.9858321550685076)],[np.float64(137.30327139906936)]
500,298,297,[np.int64(567)],0.9685650182624057,[np.float64(2.0036657846557935)],[np.float64(2.8543128396738906)],[np.float64(145.38485942353824)]
500,299,297,[np.int64(576)],0.9685650182624974,[np.float64(2.0823158529273464)],[np.float64(3.048094518022209)],[np.float64(174.73880920668128)]
500,301,300,[np.int64(270)],0.9685650182627253,[np.float64(1.9031756751326365)],[np.float64(2.8511167325205653)],[np.float64(165.4629323678154)]
500,302,300,[np.int64(153)],0.9685650182627286,[np.float64(1.8425409614965196)],[np.float64(2.6552469259921883)],[np.float64(139.57887158680555)]
500,304,303,[np.int64(429)],0.9685650182626041,[np.float64(2.3809961582745847)],[np.float64(3.1460384246446136)],[np.float64(135.5101458936109)]
500,305,303,"[np.int64(159), np.int64(72)]",0.968565018262507,"[np.float64(2.383224654746069), np.float64(2.397037086629236)]","[np.float64(3.1030481641601693), np.float64(3.0198993265693956)]","[np.float64(130.70887311598892), np.float64(121.64093844716628)]"
500,307,306,[np.int64(315)],0.9685650182624284,[np.float64(1.9565723012026062)],[np.float64(2.8985029065525483)],[np.float64(163.55168289504553)]
500,308,306,,0.9685650182624287,,,
500,310,309,,0.9685650182627372,,,
500,311,309,"[np.int64(282), np.int64(300)]",0.9685650182627438,"[np.float64(2.047163578225878), np.float64(2.050547953725043)]","[np.float64(2.8450796226543416), np.float64(2.759642423044016)]","[np.float64(138.3999248509542), np.float64(128.50040978514676)]"
500,313,312,[np.int64(321)],0.968565018262588,[np.float64(2.392824364083129)],[np.float64(3.1830321654103644)],[np.float64(138.43286191444201)]
500,314,312,,0.9685650182624992,,,
500,316,315,[np.int64(213)],0.968565018262426,[np.float64(2.285193668370846)],[np.float64(3.1132323503089356)],[np.float64(142.92809231682426)]
500,317,315,[np.int64(288)],0.9685650182624218,[np.float64(2.0614189223722237)],[np.float64(2.876967512481412)],[np.float64(140.6829885876487)]
500,319,318,,0.9685650182627569,,,
500,320,318,[np.int64(588)],0.9685650182627674,[np.float64(2.1868725654233168)],[np.float64(2.856145930786961)],[np.float64(125.11934412009907)]
500,322,321,[np.int64(318)],0.9685650182625862,[np.float64(1.9470538936535073)],[np.float64(2.7560400175869844)],[np.float64(139.46723930323864)]
500,323,321,[np.int64(591)],0.9685650182625904,[np.float64(2.180932158945151)],[np.float64(2.934281690685367)],[np.float64(133.6366450400309)]
500,325,324,"[np.int64(336), np.int64(333)]",0.9685650182627423,"[np.float64(2.2063250275365323), np.float64(2.3923551915739885)]","[np.float64(2.8503806986192672), np.float64(3.247694100121785)]","[np.float64(122.85510733467342), np.float64(146.98596934677386)]"
500,326,324,[np.int64(57)],0.9685650182626553,[np.float64(1.7889314223950943)],[np.float64(2.6891480717755645)],[np.float64(153.19864551856463)]
500,328,327,[np.int64(336)],0.968565018262414,[np.float64(2.0496757931631984)],[np.float64(2.9550016191800705)],[np.float64(154.80474768768545)]
500,329,327,"[np.int64(330), np.int64(60)]",0.9685650182624066,"[np.float64(2.2055281950715337), np.float64(2.232858082668024)]","[np.float64(2.9374411665538886), np.float64(2.8982533594510023)]","[np.float64(131.41255790956995), np.float64(124.9222226781164)]"
500,331,330,[np.int64(414)],0.9685650182627363,[np.float64(2.1740261263422984)],[np.float64(3.0159440205143184)],[np.float64(144.56724380870818)]
500,332,330,[np.int64(144)],0.9685650182627485,[np.float64(1.7665895463740149)],[np.float64(2.6807447943489433)],[np.float64(156.04859611061013)]
500,334,333,"[np.int64(420), np.int64(447)]",0.968565018262725,"[np.float64(2.332543988656733), np.float64(2.3381718171304837)]","[np.float64(3.0221363077866257), np.float64(3.126538696258465)]","[np.float64(127.5603710233228), np.float64(138.07796397233304)]"
500,335,333,[np.int64(342)],0.9685650182627336,[np.float64(1.6873174111816447)],[np.float64(2.5941889438503116)],[np.float64(154.27736563677908)]
500,337,336,,0.9685650182625757,,,
500,338,336,[np.int64(363)],0.9685650182625773,[np.float64(2.3811335325249523)],[np.float64(3.2920249967968305)],[np.float64(156.48486554530294)]
500,340,339,[np.int64(363)],0.9685650182625853,[np.float64(2.1391424288084164)],[np.float64(2.803482893933163)],[np.float64(124.47308157572695)]
500,341,339,[np.int64(414)],0.968565018262583,[np.float64(2.3243985168369306)],[np.float64(3.1682356475007616)],[np.float64(145.18691342188356)]
500,343,342,[np.int64(420)],0.9685650182625793,[np.float64(2.14478771090452)],[np.float64(2.9119492077661686)],[np.float64(135.06587907645203)]
500,344,342,"[np.int64(489), np.int64(345)]",0.9685650182625838,"[np.float64(2.2324676606317437), np.float64(2.323777717729017)]","[np.float64(2.894312182231857), np.float64(3.2267964363727204)]","[np.float64(124.5891710049698), np.float64(154.83325463124945)]"
500,346,345,[np.int64(219)],0.9685650182627452,[np.float64(1.8770417994971673)],[np.float64(2.6801622437981956)],[np.float64(138.46688616504696)]
500,347,345,[np.int64(222)],0.9685650182627455,[np.float64(1.7738926737889742)],[np.float64(2.6612800461259902)],[np.float64(150.73206453313387)]
500,349,348,[np.int64(222)],0.968565018262569,[np.float64(1.9587435752485371)],[np.float64(2.804608661932051)],[np.float64(144.5521250034391)]
500,350,348,"[np.int64(339), np.int64(516)]",0.9685650182625725,"[np.float64(2.142606826282486), np.float64(2.371541867767916)]","[np.float64(2.9541089297845287), np.float64(3.0401908319969984)]","[np.float64(140.3968805279566), np.float64(125.69465111961294)]"
500,352,351,,0.9685650182627312,,,
500,353,351,[np.int64(354)],0.9685650182627343,[np.float64(2.093897254532738)],[np.float64(2.8689352046766534)],[np.float64(135.80744526813385)]
500,355,354,[np.int64(534)],0.968565018262597,[np.float64(2.105945551811159)],[np.float64(2.8390110540197018)],[np.float64(131.1951765072801)]
500,356,354,[np.int64(327)],0.968565018262589,[np.float64(1.986011621689248)],[np.float64(2.7935278755626465)],[np.float64(139.4090938282142)]
500,358,357,[np.int64(510)],0.9685650182625697,[np.float64(1.9101795810993771)],[np.float64(2.846792132114776)],[np.float64(161.9079733108772)]
500,359,357,,0.9685650182625716,,,
500,361,360,[np.int64(333)],0.9685650182625654,[np.float64(2.309023906089681)],[np.float64(2.952203683764409)],[np.float64(123.14816005581075)]
500,362,360,[np.int64(381)],0.9685650182625696,[np.float64(2.249916405785185)],[np.float64(2.937160681751471)],[np.float64(127.06145447126994)]
500,364,363,[np.int64(327)],0.9685650182627183,[np.float64(2.3733710870173637)],[np.float64(3.092475629563646)],[np.float64(130.60728879529438)]
500,365,363,[np.int64(366)],0.9685650182627137,[np.float64(1.8425677834109713)],[np.float64(2.737320408291949)],[np.float64(152.2833998421825)]
500,367,366,[np.int64(384)],0.9685650182625871,[np.float64(2.0130931619956876)],[np.float64(2.900668556387818)],[np.float64(151.3819880154349)]
500,368,366,[np.int64(393)],0.9685650182625893,[np.float64(1.9698326854548303)],[np.float64(2.9358848633893335)],[np.float64(174.95868844555545)]
500,370,369,[np.int64(456)],0.9685650182627321,[np.float64(1.9815334344932596)],[np.float64(2.895907347990774)],[np.float64(156.55855489922186)]
500,371,369,[np.int64(513)],0.968565018262728,[np.float64(2.2340481056223394)],[np.float64(3.1490009870357345)],[np.float64(157.1189832096181)]
500,373,372,,0.9685650182626651,,,
500,374,372,[np.int64(345)],0.968565018262658,[np.float64(1.9279389107229354)],[np.float64(2.6095084278817984)],[np.float64(125.23162371416836)]
500,376,375,[np.int64(516)],0.9685650182623985,[np.float64(1.9949622266578222)],[np.float64(2.732361302957687)],[np.float64(131.2453281811341)]
500,377,375,[np.int64(363)],0.968565018262488,[np.float64(2.2635908987934927)],[np.float64(3.1746941100496517)],[np.float64(156.3540017866773)]
500,379,378,[np.int64(30)],0.9685650182625706,[np.float64(1.9141798193174473)],[np.float64(2.733748084810399)],[np.float64(140.7430720861315)]
500,380,378,[np.int64(183)],0.9685650182626635,[np.float64(1.9788329770514301)],[np.float64(2.9049464880689313)],[np.float64(159.25854714668816)]
500,382,381,"[np.int64(558), np.int64(378)]",0.968565018262724,"[np.float64(1.9102653541019046), np.float64(2.277734355040987)]","[np.float64(2.7894151555628577), np.float64(2.9230975355831412)]","[np.float64(149.65915083576834), np.float64(123.23588254265451)]"
500,383,381,[np.int64(534)],0.968565018262732,[np.float64(1.7713912107279317)],[np.float64(2.6763529698663038)],[np.float64(154.10627133383932)]
500,385,384,[np.int64(183)],0.9685650182626089,[np.float64(2.35298537255368)],[np.float64(3.0830589348792827)],[np.float64(131.6738824377667)]
500,386,384,[np.int64(564)],0.9685650182625142,[np.float64(2.1753569828310395)],[np.float64(2.9340790696124737)],[np.float64(134.21337907684142)]
500,388,387,[np.int64(378)],0.9685650182626026,[np.float64(2.0690796302824337)],[np.float64(3.032080989785419)],[np.float64(172.5571406405174)]
500,389,387,[np.int64(360)],0.968565018262601,[np.float64(2.2934342566152353)],[np.float64(3.183414504486681)],[np.float64(152.37356017384593)]
500,391,390,[np.int64(399)],0.9685650182627532,[np.float64(1.9516736890129505)],[np.float64(2.62452522900533)],[np.float64(124.49269937799025)]
500,392,390,[np.int64(369)],0.9685650182627562,[np.float64(2.0699532921033397)],[np.float64(2.980600216690355)],[np.float64(155.93147587601626)]
500,394,393,,0.9685650182626103,,,
500,395,393,"[np.int64(390), np.int64(375)]",0.9685650182625141,"[np.float64(1.9710877113319885), np.float64(2.0610112075381872)]","[np.float64(2.7110962544726753), np.float64(2.8972921035244243)]","[np.float64(131.43365239968315), np.float64(143.47733810978556)]"
500,397,396,"[np.int64(162), np.int64(105)]",0.9685650182624161,"[np.float64(1.920401066561608), np.float64(2.22183833930912)]","[np.float64(2.806494657147382), np.float64(2.9202173181798194)]","[np.float64(150.89566026105692), np.float64(128.05382018521084)]"
500,398,396,[np.int64(18)],0.9685650182624144,[np.float64(2.1489432383181017)],[np.float64(2.8233880080280307)],[np.float64(125.46796034208901)]
500,400,399,"[np.int64(516), np.int64(369)]",0.9685650182627629,"[np.float64(2.0186008996820974), np.float64(2.112498606767232)]","[np.float64(2.752603970850173), np.float64(2.851865483373503)]","[np.float64(130.9724013071778), np.float64(131.89010884776732)]"
500,401,399,[np.int64(546)],0.968565018262769,[np.float64(1.9443299714438862)],[np.float64(2.9020121110243458)],[np.float64(169.48216136336856)]
500,403,402,"[np.int64(441), np.int64(450)]",0.9685650182625709,"[np.float64(2.0836915860719896), np.float64(2.229921061728337)]","[np.float64(2.8811883530175866), np.float64(2.9791392019634717)]","[np.float64(138.463305027406), np.float64(133.3384863422299)]"
500,404,402,[np.int64(168)],0.9685650182625788,[np.float64(1.950028927611711)],[np.float64(2.807402231858913)],[np.float64(146.2481818498536)]
500,406,405,[np.int64(330)],0.9685650182627114,[np.float64(2.113706957247491)],[np.float64(2.9809337447644677)],[np.float64(148.20487624775777)]
500,407,405,[np.int64(60)],0.9685650182627229,[np.float64(1.7231897041927546)],[np.float64(2.659647872600118)],[np.float64(161.53688244850673)]
500,409,408,"[np.int64(138), np.int64(417)]",0.9685650182625046,"[np.float64(1.9623971732796535), np.float64(2.132804882419955)]","[np.float64(2.6834877567808006), np.float64(2.7507371801846157)]","[np.float64(129.3826301816857), np.float64(120.221551882551)]"
500,410,408,[np.int64(591)],0.9685650182624986,[np.float64(1.822402555864957)],[np.float64(2.7029025344032327)],[np.float64(149.64944746584155)]
500,412,411,[np.int64(351)],0.9685650182625576,[np.float64(1.7404502547745306)],[np.float64(2.694705415935658)],[np.float64(167.70509704333435)]
500,413,411,[np.int64(150)],0.9685650182625632,[np.float64(2.3207890886999833)],[np.float64(2.988794515856895)],[np.float64(125.4696900374891)]
500,415,414,[np.int64(441)],0.9685650182625947,[np.float64(1.7935297849170941)],[np.float64(2.7572918803588076)],[np.float64(172.91762872923167)]
500,416,414,"[np.int64(444), np.int64(432)]",0.9685650182625963,"[np.float64(2.3309608411674843), np.float64(2.3941007954020788)]","[np.float64(3.025790109571268), np.float64(3.27432826848667)]","[np.float64(128.06390974171302), np.float64(150.87737006180947)]"
500,418,417,[np.int64(156)],0.9685650182625881,[np.float64(1.9017233952243828)],[np.float64(2.7035078209536922)],[np.float64(138.3878649779968)]
500,419,417,[np.int64(426)],0.9685650182625831,[np.float64(1.99264284087651)],[np.float64(2.6310992845613375)],[np.float64(121.44937088860308)]
500,421,420,[np.int64(426)],0.9685650182625861,[np.float64(2.223523445159657)],[np.float64(3.068418336463663)],[np.float64(145.10962394981215)]
500,422,420,[np.int64(447)],0.9685650182625899,[np.float64(2.215405143147448)],[np.float64(3.152380602920651)],[np.float64(162.43186442563106)]
500,424,423,[np.int64(156)],0.9685650182625936,[np.float64(2.2305904454435583)],[np.float64(3.1445748191103022)],[np.float64(156.90682507927573)]
500,425,423,[np.int64(414)],0.9685650182624989,[np.float64(2.005177458269014)],[np.float64(2.72585766527412)],[np.float64(129.51401821420728)]
500,427,426,[np.int64(597)],0.9685650182627705,[np.float64(1.8472576721100553)],[np.float64(2.7091977552300284)],[np.float64(146.6544860625917)]
500,428,426,[np.int64(414)],0.9685650182627736,[np.float64(2.206923663730029)],[np.float64(2.952755857418562)],[np.float64(132.8997877010894)]
500,430,429,[np.int64(570)],0.9685650182625833,[np.float64(2.2150182815084647)],[np.float64(2.832871397010195)],[np.float64(120.54652739936283)]
500,431,429,[np.int64(600)],0.9685650182625873,[np.float64(1.9033618507316727)],[np.float64(2.8107280296897192)],[np.float64(154.91471453923452)]
500,433,432,[np.int64(408)],0.9685650182626668,[np.float64(2.039180876769985)],[np.float64(2.8908627368428315)],[np.float64(145.63548141800462)]
500,434,432,"[np.int64(615), np.int64(444)]",0.9685650182626685,"[np.float64(2.0248681632622847), np.float64(2.3274254814760975)]","[np.float64(2.8924543282258277), np.float64(3.0625100815773356)]","[np.float64(148.04609021099176), np.float64(132.12235074453488)]"
500,436,435,[np.int64(357)],0.9685650182625819,[np.float64(2.033502483617198)],[np.float64(2.8734455140417756)],[np.float64(143.91575697696967)]
500,437,435,,0.9685650182626707,,,
500,439,438,[np.int64(447)],0.9685650182626032,[np.float64(2.362724840993881)],[np.float64(3.322688259440048)],[np.float64(170.92940894661524)]
500,440,438,[np.int64(435)],0.9685650182625087,[np.float64(2.015024192603222)],[np.float64(2.8992128732784392)],[np.float64(150.78983438249202)]
500,442,441,"[np.int64(339), np.int64(375)]",0.9685650182627111,"[np.float64(1.9641607831035757), np.float64(2.2685573234181176)]","[np.float64(2.7329740494800547), np.float64(2.984248187310431)]","[np.float64(134.63226069226255), np.float64(129.9411812357117)]"
500,443,441,[np.int64(468)],0.9685650182627198,[np.float64(1.9206826527855696)],[np.float64(2.85212250354709)],[np.float64(160.51197187099137)]
500,445,444,"[np.int64(615), np.int64(438)]",0.9685650182627273,"[np.float64(1.9009329079148825), np.float64(2.168258501332272)]","[np.float64(2.7821644679187543), np.float64(2.8246771455305257)]","[np.float64(149.99261625312468), np.float64(123.84574229927414)]"
500,446,444,[np.int64(411)],0.9685650182627179,[np.float64(1.9900090602079135)],[np.float64(2.846441099165531)],[np.float64(146.21617823005207)]
500,448,447,"[np.int64(360), np.int64(396)]",0.9685650182624469,"[np.float64(2.1898543962779184), np.float64(2.3882922025657796)]","[np.float64(2.881724120181785), np.float64(3.0623338841480696)]","[np.float64(127.30222106761984), np.float64(126.25271463569658)]"
500,449,447,,0.9685650182624473,,,
500,451,450,[np.int64(339)],0.9685650182626521,[np.float64(2.029942738674011)],[np.float64(2.814814555412773)],[np.float64(136.75529559504346)]
500,452,450,"[np.int64(597), np.int64(519)]",0.9685650182626544,"[np.float64(2.182720333341555), np.float64(2.294133065256308)]","[np.float64(2.7983949280616254), np.float64(2.971753136386787)]","[np.float64(120.22747924207006), np.float64(126.28760705184699)]"
500,454,453,,0.968565018262594,,,
500,455,453,[np.int64(426)],0.9685650182625881,[np.float64(2.1937770101669924)],[np.float64(2.8695546778206027)],[np.float64(125.76200523819688)]
500,457,456,[np.int64(396)],0.9685650182624901,[np.float64(2.122075606533463)],[np.float64(2.8263909713571054)],[np.float64(128.28960413431903)]
500,458,456,[np.int64(489)],0.9685650182624895,[np.float64(1.815022903464283)],[np.float64(2.618240765324991)],[np.float64(138.24189639565526)]
500,460,459,"[np.int64(84), np.int64(468)]",0.9685650182624911,"[np.float64(2.2436976449248833), np.float64(2.2988905892873075)]","[np.float64(2.8607042629677273), np.float64(3.043898596879269)]","[np.float64(120.58265692978885), np.float64(133.0914296853063)]"
500,461,459,[np.int64(3)],0.968565018262586,[np.float64(1.8975445992835265)],[np.float64(2.837629060773774)],[np.float64(162.90264910671164)]
500,463,462,"[np.int64(474), np.int64(438)]",0.9685650182626484,"[np.float64(1.9377923505634578), np.float64(2.3427123920328663)]","[np.float64(2.820798886000043), np.float64(3.0588729068897207)]","[np.float64(150.39621047777123), np.float64(130.21830929596675)]"
500,464,462,"[np.int64(435), np.int64(639)]",0.9685650182626497,"[np.float64(1.947269388130844), np.float64(2.232512857098525)]","[np.float64(2.7309289852115115), np.float64(2.9315350346402225)]","[np.float64(136.31940222371605), np.float64(128.15373709466948)]"
500,466,465,[np.int64(387)],0.9685650182625931,[np.float64(2.3116934331671395)],[np.float64(3.19613162460574)],[np.float64(151.44173227734348)]
500,467,465,[np.int64(438)],0.9685650182624956,[np.float64(2.101662178081095)],[np.float64(2.9647051016645376)],[np.float64(147.52004157824837)]
500,469,468,[np.int64(384)],0.9685650182624256,[np.float64(2.229876932865337)],[np.float64(3.176595475562267)],[np.float64(165.41106130706373)]
500,470,468,[np.int64(435)],0.9685650182624169,[np.float64(1.9584264199980608)],[np.float64(2.892609490983236)],[np.float64(161.3085074729179)]
500,472,471,[np.int64(477)],0.9685650182627302,[np.float64(1.9486023870070581)],[np.float64(2.8214306332669623)],[np.float64(148.69938208198903)]
500,473,471,[np.int64(90)],0.9685650182627487,[np.float64(2.0593517137798902)],[np.float64(2.860221763132223)],[np.float64(138.80573894968273)]
500,475,474,[np.int64(387)],0.968565018262618,[np.float64(1.9015564361309236)],[np.float64(2.849550981885977)],[np.float64(165.47974793743236)]
500,476,474,[np.int64(453)],0.968565018262522,[np.float64(1.8623939803708713)],[np.float64(2.5328372704523225)],[np.float64(123.83226267255075)]
500,478,477,,0.9685650182625785,,,
500,479,477,[np.int64(621)],0.9685650182625821,[np.float64(1.9390971497384037)],[np.float64(2.8440814988233303)],[np.float64(154.50770944598446)]
500,481,480,[np.int64(90)],0.9685650182627475,[np.float64(2.0029120749573375)],[np.float64(2.7369717301069505)],[np.float64(130.91777442034737)]
500,482,480,[np.int64(246)],0.9685650182627596,[np.float64(1.787946296566131)],[np.float64(2.695507561903289)],[np.float64(154.68510045666483)]
500,484,483,,0.9685650182625862,,,
500,485,483,[np.int64(396)],0.9685650182625948,[np.float64(1.9744250074019862)],[np.float64(2.8784872941070136)],[np.float64(154.39867262846764)]
500,487,486,"[np.int64(72), np.int64(303)]",0.9685650182625714,"[np.float64(1.952763800148652), np.float64(2.2275956156850594)]","[np.float64(2.7570445069959857), np.float64(2.883380064582657)]","[np.float64(138.88484715535387), np.float64(124.0093407219447)]"
500,488,486,[np.int64(312)],0.968565018262578,[np.float64(2.219841258704881)],[np.float64(3.1218614591095704)],[np.float64(154.46843288644337)]
500,490,489,[np.int64(492)],0.9685650182624402,[np.float64(2.0723338846588084)],[np.float64(2.859331592021085)],[np.float64(137.15004037775586)]
500,491,489,[np.int64(486)],0.9685650182624351,[np.float64(2.372670774639017)],[np.float64(3.3294615998484995)],[np.float64(169.39254735454304)]
500,493,492,,0.9685650182625906,,,
500,494,492,[np.int64(228)],0.968565018262595,[np.float64(2.0533563766362404)],[np.float64(2.978488734293831)],[np.float64(159.14428800096013)]
500,496,495,[np.int64(486)],0.9685650182625943,[np.float64(2.3766571926526003)],[np.float64(3.3040503160522623)],[np.float64(160.14186907278923)]
500,497,495,,0.9685650182625997,,,
500,499,498,[np.int64(537)],0.9685650182626703,[np.float64(1.7228131579065478)],[np.float64(2.6212711496769523)],[np.float64(152.6725047693971)]
500,500,498,[np.int64(507)],0.9685650182626654,[np.float64(1.9389447022933783)],[np.float64(2.8381150994467763)],[np.float64(153.36050630384187)]
500,502,501,[np.int64(576)],0.9685650182625661,[np.float64(1.985895701051117)],[np.float64(2.932064788969131)],[np.float64(164.95673070249504)]
500,503,501,[np.int64(492)],0.9685650182625689,[np.float64(1.9462877203435707)],[np.float64(2.8530811578132886)],[np.float64(154.89037519546173)]
500,505,504,[np.int64(606)],0.968565018262615,[np.float64(2.176185272333432)],[np.float64(3.048102337888947)],[np.float64(149.09493224433615)]
500,506,504,[np.int64(615)],0.968565018262521,[np.float64(2.205318928470195)],[np.float64(2.920939447922568)],[np.float64(129.72664178581135)]
500,508,507,[np.int64(237)],0.9685650182627459,[np.float64(2.273123606284908)],[np.float64(3.023028403744369)],[np.float64(133.54369731500984)]
500,509,507,[np.int64(354)],0.9685650182627433,[np.float64(1.8368666582821198)],[np.float64(2.796208937883788)],[np.float64(170.22461510363004)]
500,511,510,"[np.int64(507), np.int64(534)]",0.9685650182625589,"[np.float64(2.2353631619871477), np.float64(2.36256887000249)]","[np.float64(2.9607747930084987), np.float64(3.113776274434664)]","[np.float64(130.83122391385598), np.float64(133.94045928591424)]"
500,512,510,[np.int64(330)],0.9685650182625645,[np.float64(1.7982038581247286)],[np.float64(2.7154442930460787)],[np.float64(156.8128630166867)]
500,514,513,[np.int64(543)],0.9685650182625926,[np.float64(1.9600284622870463)],[np.float64(2.887764634346535)],[np.float64(159.62835067209673)]
500,515,513,"[np.int64(501), np.int64(516)]",0.9685650182625891,"[np.float64(2.221143838025607), np.float64(2.3504373351109495)]","[np.float64(2.960437819503717), np.float64(3.167072037971377)]","[np.float64(132.2434993612767), np.float64(141.58854671630718)]"
500,517,516,[np.int64(372)],0.9685650182625974,[np.float64(2.1160121894378556)],[np.float64(3.0418329612185957)],[np.float64(159.40884476882155)]
500,518,516,"[np.int64(501), np.int64(519)]",0.9685650182625877,"[np.float64(2.100733905223079), np.float64(2.191456511973325)]","[np.float64(2.8287876210229905), np.float64(2.854017812762814)]","[np.float64(130.6478800256359), np.float64(124.50566991713976)]"
500,520,519,[np.int64(567)],0.9685650182624391,[np.float64(2.2173083719020528)],[np.float64(3.0073870501159448)],[np.float64(137.9568720244019)]
500,521,519,[np.int64(603)],0.9685650182624387,[np.float64(2.273388791597504)],[np.float64(3.0488743188989416)],[np.float64(136.401429611128)]
500,523,522,[np.int64(525)],0.9685650182625635,[np.float64(1.8727756768934334)],[np.float64(2.7190753358656736)],[np.float64(144.35088639966094)]
500,524,522,[np.int64(540)],0.968565018262567,[np.float64(2.1213457521390304)],[np.float64(3.0892801651701003)],[np.float64(177.504650226003)]
500,526,525,[np.int64(498)],0.9685650182625632,[np.float64(1.8890910799224694)],[np.float64(2.8272944400895943)],[np.float64(162.33230564107558)]
500,527,525,[np.int64(513)],0.9685650182625526,[np.float64(2.200583408955753)],[np.float64(3.016260176061127)],[np.float64(141.09213259586224)]
500,529,528,[np.int64(546)],0.9685650182625125,[np.float64(2.09727863364312)],[np.float64(2.9684051876211526)],[np.float64(148.79030648355564)]
500,530,528,[np.int64(501)],0.9685650182625116,[np.float64(2.141076229560639)],[np.float64(3.0890746037924255)],[np.float64(165.75726079328004)]
500,532,531,[np.int64(525)],0.9685650182627421,[np.float64(1.9325100525834098)],[np.float64(2.866810674109844)],[np.float64(161.29935212093977)]
500,533,531,[np.int64(504)],0.9685650182627444,[np.float64(2.285324925552475)],[np.float64(3.2153444964463476)],[np.float64(160.67777239367024)]
500,535,534,[np.int64(537)],0.9685650182625986,[np.float64(1.9460717247860164)],[np.float64(2.8013530926924886)],[np.float64(145.91759598873415)]
500,536,534,[np.int64(531)],0.9685650182625894,[np.float64(2.1605520375225593)],[np.float64(3.0220444851970027)],[np.float64(147.41928110747656)]
500,538,537,"[np.int64(585), np.int64(510)]",0.9685650182624088,"[np.float64(2.2337765673947056), np.float64(2.2599681521868273)]","[np.float64(3.039754944476771), np.float64(3.0097306019832057)]","[np.float64(139.94793721681276), np.float64(133.48898539431175)]"
500,539,537,[np.int64(564)],0.9685650182624032,[np.float64(2.0212323883491115)],[np.float64(2.9299670571129424)],[np.float64(155.44202210325156)]
500,541,540,[np.int64(162)],0.9685650182624128,[np.float64(1.6736043342748286)],[np.float64(2.5877472372178785)],[np.float64(155.81218286705607)]
500,542,540,,0.9685650182624999,,,
500,544,543,[np.int64(21)],0.9685650182625744,[np.float64(2.1680641119043846)],[np.float64(2.82430006517148)],[np.float64(123.82804586721036)]
500,545,543,[np.int64(552)],0.9685650182625718,[np.float64(1.759135985013039)],[np.float64(2.7236809816203866)],[np.float64(173.49856747563248)]
500,547,546,[np.int64(621)],0.968565018262613,[np.float64(2.1495830848240924)],[np.float64(3.1009995584241454)],[np.float64(167.00454441067296)]
500,548,546,,0.9685650182625142,,,
500,550,549,[np.int64(540)],0.9685650182624193,[np.float64(2.064024901653222)],[np.float64(3.0145750996717045)],[np.float64(166.594509985939)]
500,551,549,[np.int64(645)],0.9685650182624178,[np.float64(2.1444363144492233)],[np.float64(3.0375764390127213)],[np.float64(152.66342834401686)]
500,553,552,[np.int64(174)],0.9685650182627386,[np.float64(2.21187657860851)],[np.float64(2.974216000603448)],[np.float64(134.73038284845512)]
500,554,552,[np.int64(549)],0.9685650182627477,[np.float64(2.1260321866869663)],[np.float64(2.9326903386554855)],[np.float64(139.73373228704202)]
500,556,555,[np.int64(603)],0.9685650182625913,[np.float64(2.077287239594404)],[np.float64(2.757200819430928)],[np.float64(125.71333259475824)]
500,557,555,[np.int64(186)],0.9685650182625025,[np.float64(2.194297557875209)],[np.float64(2.9299167493540823)],[np.float64(131.76678936489293)]
500,559,558,[np.int64(531)],0.9685650182625776,[np.float64(2.1113162981722327)],[np.float64(2.901345317203288)],[np.float64(137.6379443157288)]
500,560,558,[np.int64(561)],0.9685650182625868,[np.float64(2.12204969596748)],[np.float64(3.076783694512095)],[np.float64(168.30736340458148)]
500,562,561,"[np.int64(183), np.int64(552)]",0.9685650182625806,"[np.float64(2.0020842431704047), np.float64(2.133258600817833)]","[np.float64(2.818355932899563), np.float64(2.8368063690348135)]","[np.float64(140.5948785638968), np.float64(128.25382270612977)]"
500,563,561,[np.int64(528)],0.96856501826258,[np.float64(2.031432875806294)],[np.float64(2.9684784678323037)],[np.float64(162.21215194274902)]
500,565,564,[np.int64(459)],0.9685650182627319,[np.float64(2.1282899832107502)],[np.float64(2.8786887937780943)],[np.float64(133.1405365286301)]
500,566,564,[np.int64(357)],0.9685650182627371,[np.float64(1.9174912011233263)],[np.float64(2.8368652577280264)],[np.float64(157.54955483115054)]
500,568,567,[np.int64(300)],0.968565018262578,[np.float64(2.1045831333333123)],[np.float64(2.81182775567165)],[np.float64(128.5195303895168)]
500,569,567,[np.int64(423)],0.9685650182625856,[np.float64(2.0583571570495027)],[np.float64(2.9629090031306644)],[np.float64(154.66720537467432)]
500,571,570,[np.int64(309)],0.968565018262572,[np.float64(1.9326773827227919)],[np.float64(2.8790994180167733)],[np.float64(164.97486053854772)]
500,572,570,[np.int64(609)],0.9685650182625687,[np.float64(2.015382852457339)],[np.float64(2.817353203893782)],[np.float64(138.80269376611642)]
500,574,573,[np.int64(609)],0.9685650182625688,[np.float64(2.0171090700606755)],[np.float64(2.8282122142283916)],[np.float64(139.97019622389544)]
500,575,573,[np.int64(582)],0.9685650182625761,[np.float64(2.3992696255053265)],[np.float64(3.1454951447233412)],[np.float64(133.50447159042054)]
500,577,576,[np.int64(585)],0.9685650182627359,[np.float64(2.090693585907612)],[np.float64(2.883174751211617)],[np.float64(137.87082804207571)]
500,578,576,[np.int64(315)],0.9685650182627501,[np.float64(2.0325465996299754)],[np.float64(2.965897781747028)],[np.float64(161.19715334282571)]
500,580,579,[np.int64(630)],0.9685650182626696,[np.float64(2.197010945360475)],[np.float64(3.0701228199888684)],[np.float64(149.33263691406378)]
500,581,579,[np.int64(576)],0.9685650182626651,[np.float64(2.1848669880125393)],[np.float64(3.14975454970863)],[np.float64(174.00073552778832)]
500,583,582,,0.9685650182626503,,,
500,584,582,"[np.int64(309), np.int64(579)]",0.9685650182626526,"[np.float64(1.8925414289622258), np.float64(2.252966183740819)]","[np.float64(2.7409888511134786), np.float64(2.944559830819305)]","[np.float64(144.731048095907), np.float64(127.49416369831249)]"
500,586,585,[np.int64(240)],0.9685650182627707,[np.float64(2.3617353710451883)],[np.float64(3.132771434222001)],[np.float64(136.13309151202137)]
500,587,585,[np.int64(432)],0.9685650182625856,[np.float64(1.8073756916916075)],[np.float64(2.716500351420731)],[np.float64(155.06028892598158)]
500,589,588,[np.int64(579)],0.9685650182626095,[np.float64(2.271613346793752)],[np.float64(3.2236513570805547)],[np.float64(167.34926812335297)]
500,590,588,"[np.int64(405), np.int64(315)]",0.9685650182626047,"[np.float64(1.9132300233988837), np.float64(2.3642535681738552)]","[np.float64(2.700969471804689), np.float64(2.986663333520866)]","[np.float64(136.68682188410926), np.float64(121.49077164616693)]"
500,592,591,"[np.int64(411), np.int64(141)]",0.9685650182625515,"[np.float64(2.0387187606209154), np.float64(2.186712047251301)]","[np.float64(2.900246128149555), np.float64(2.8519237200857397)]","[np.float64(147.12819649299513), np.float64(124.73626941045471)]"
500,593,591,[np.int64(615)],0.9685650182625567,[np.float64(2.0223113167045184)],[np.float64(2.952802350485846)],[np.float64(160.43007297579945)]
500,595,594,[np.int64(621)],0.9685650182627495,[np.float64(2.0314156992119456)],[np.float64(2.880266921782589)],[np.float64(145.1962220865198)]
500,596,594,[np.int64(630)],0.9685650182627532,[np.float64(2.213193841756614)],[np.float64(2.837559247103972)],[np.float64(121.11393470518483)]
500,598,597,[np.int64(627)],0.9685650182626124,[np.float64(1.9274386587185988)],[np.float64(2.849114179439281)],[np.float64(158.10214114925054)]
500,599,597,,0.968565018262602,,,
500,601,600,[np.int64(609)],0.9685650182624181,[np.float64(2.1343959724128667)],[np.float64(3.024582476133622)],[np.float64(152.10933503822835)]
500,602,600,,0.968565018262414,,,
500,604,603,[np.int64(564)],0.9685650182626463,[np.float64(2.084866358538928)],[np.float64(2.917524948492977)],[np.float64(143.0412922956058)]
500,605,603,[np.int64(576)],0.9685650182626465,[np.float64(2.0091019396343457)],[np.float64(2.8113366483472735)],[np.float64(138.81537040433543)]
500,607,606,[np.int64(582)],0.968565018262571,[np.float64(2.236081665232963)],[np.float64(3.0637445804591072)],[np.float64(142.75883668401053)]
500,608,606,[np.int64(522)],0.9685650182625746,[np.float64(1.984433904531108)],[np.float64(2.8769593834344995)],[np.float64(152.21200846945953)]
500,610,609,[np.int64(636)],0.9685650182626038,[np.float64(2.0480984071907025)],[np.float64(2.9146454061526175)],[np.float64(147.9389689534478)]
500,611,609,"[np.int64(594), np.int64(627)]",0.968565018262515,"[np.float64(2.318374417070163), np.float64(2.363361561485286)]","[np.float64(3.195711152138526), np.float64(2.9783383229527476)]","[np.float64(150.26329706324836), np.float64(120.8393451552848)]"
500,613,612,"[np.int64(585), np.int64(579)]",0.9685650182627467,"[np.float64(1.9791919652637961), np.float64(2.3169216352101554)]","[np.float64(2.6881779424166776), np.float64(3.0204844948863587)]","[np.float64(128.20063496262577), np.float64(128.87822333635978)]"
500,614,612,[np.int64(630)],0.9685650182626516,[np.float64(1.9284571214578519)],[np.float64(2.645260604604207)],[np.float64(128.79118689535272)]
500,616,615,"[np.int64(618), np.int64(438)]",0.9685650182627602,"[np.float64(1.9869332205065344), np.float64(2.1016217655100684)]","[np.float64(2.8317606112288023), np.float64(2.785656569063049)]","[np.float64(144.48354661319533), np.float64(126.20918984168523)]"
500,617,615,[np.int64(612)],0.9685650182627509,[np.float64(2.0918561440630103)],[np.float64(3.0462953788599023)],[np.float64(168.15661241689983)]
500,619,618,"[np.int64(522), np.int64(606)]",0.9685650182624298,"[np.float64(2.1278121178847895), np.float64(2.3313574157737116)]","[np.float64(2.963845924386637), np.float64(2.9418784492382892)]","[np.float64(143.62412363313396), np.float64(120.34092569585704)]"
500,620,618,[np.int64(465)],0.9685650182624225,[np.float64(2.2626843559881893)],[np.float64(3.1956477937922783)],[np.float64(161.40530015964188)]
500,622,621,[np.int64(243)],0.9685650182625755,[np.float64(2.0475857307598875)],[np.float64(2.9996984928962505)],[np.float64(167.1735747323536)]
500,623,621,"[np.int64(177), np.int64(624)]",0.9685650182626758,"[np.float64(2.0139392254536004), np.float64(2.281186044971467)]","[np.float64(2.785507101093852), np.float64(2.9454173662996777)]","[np.float64(135.1324877065815), np.float64(124.98334388518555)]"
500,625,624,"[np.int64(627), np.int64(249)]",0.9685650182625846,"[np.float64(2.129474533294221), np.float64(2.27115933130363)]","[np.float64(2.8745446404032506), np.float64(3.0996595672224134)]","[np.float64(132.5635319909949), np.float64(142.95641518009987)]"
500,626,624,[np.int64(246)],0.9685650182625812,[np.float64(2.202966456476177)],[np.float64(3.105283730306969)],[np.float64(154.49644097680977)]
500,628,627,[np.int64(249)],0.968565018262609,[np.float64(2.2508600807200962)],[np.float64(2.8676728658212505)],[np.float64(120.5928489796924)]
500,629,627,[np.int64(477)],0.9685650182625082,[np.float64(2.130836754822017)],[np.float64(2.8835325436888657)],[np.float64(133.40152697926445)]
500,631,630,"[np.int64(606), np.int64(609)]",0.9685650182625858,"[np.float64(2.065681728576873), np.float64(2.2610654934903938)]","[np.float64(2.9162866421367117), np.float64(2.9591659711052194)]","[np.float64(145.54635190671473), np.float64(128.15860992155206)]"
500,632,630,"[np.int64(636), np.int64(624), np.int64(633)]",0.9685650182625851,"[np.float64(2.139407558388355), np.float64(2.2344044033651813), np.float64(2.356157467427888)]","[np.float64(2.762637775145828), np.float64(2.9027299072810266), np.float64(3.1317088869654364)]","[np.float64(120.71826909110001), np.float64(125.20274278412148), np.float64(136.63260953739356)]"
500,634,633,[np.int64(264)],0.9685650182625974,[np.float64(2.088086760612126)],[np.float64(3.0416290271940647)],[np.float64(167.78240999816174)]
500,635,633,[np.int64(258)],0.968565018262602,[np.float64(2.1004621872378726)],[np.float64(2.915638846619853)],[np.float64(140.74974484985484)]
500,637,636,[np.int64(645)],0.9685650182626151,[np.float64(2.2837870092316153)],[np.float64(3.2174363791068075)],[np.float64(161.61129812327962)]
500,638,636,[np.int64(249)],0.9685650182625237,[np.float64(2.2596384880332057)],[np.float64(3.119147832457654)],[np.float64(147.33700393628078)]
500,640,639,[np.int64(642)],0.9685650182624006,[np.float64(2.147796638167501)],[np.float64(2.9292701635046194)],[np.float64(136.73076853316306)]
500,641,639,"[np.int64(564), np.int64(252)]",0.9685650182624036,"[np.float64(2.274954918125384), np.float64(2.3009548711607413)]","[np.float64(2.917582553985471), np.float64(3.243402583228366)]","[np.float64(122.97813043618561), np.float64(164.1201187038522)]"
500,643,642,[np.int64(633)],0.968565018262602,[np.float64(1.8492297075990756)],[np.float64(2.7828512107628787)],[np.float64(160.97334217250088)]
500,644,642,"[np.int64(630), np.int64(612)]",0.968565018262603,"[np.float64(1.8288175192695433), np.float64(2.189409254937642)]","[np.float64(2.6245633046736736), np.float64(2.9813059792321495)]","[np.float64(137.3498725803219), np.float64(138.0959977135027)]"
500,646,645,[np.int64(558)],0.9685650182627323,[np.float64(2.0641883999457273)],[np.float64(3.015935218446873)],[np.float64(167.04823350374969)]
500,647,645,[np.int64(465)],0.968565018262749,[np.float64(2.0024379675800206)],[np.float64(2.855757456182465)],[np.float64(145.78012189963925)]
