Frame,Donor,Acceptor,Distance
0,0,180,3.141222080139853
0,3,183,3.0014816062910255
0,6,186,2.8669596822501555
0,6,3,2.8210609127781376
0,9,387,2.9640802160699464
0,12,9,3.0685094423317407
0,15,42,2.898193446192509
0,18,396,2.7245870806745156
0,21,165,2.9990422081148433
0,24,402,3.0841307937726645
0,27,114,2.9768155927210853
0,39,36,2.949210342973314
0,45,72,3.3621392886927897
0,48,39,3.0276342216017444
0,54,57,3.0184082926215057
0,54,324,3.1943666745577306
0,57,60,3.087965436021765
0,57,30,2.957585478721861
0,66,39,2.9676289545373953
0,75,72,2.9549948086271254
0,75,66,3.0066058346843896
0,78,153,3.187484420252218
0,78,51,2.9084043102679527
0,81,261,3.049996842797993
0,87,267,2.9368312748873784
0,90,117,3.0215508304098506
0,93,90,3.053827216595272
0,96,123,2.8501171393070863
0,96,9,3.0280623838150516
0,99,102,3.0177284267841453
0,99,126,3.11939232116333
0,102,246,3.205161587999708
0,102,105,3.1900929058393683
0,105,483,3.1578992702794246
0,108,33,3.0371000887950435
0,114,87,3.2441741038540903
0,114,294,3.0839448079830527
0,120,117,3.0001439220326085
0,129,132,2.8134067577758746
0,135,138,2.945316478771043
0,135,405,3.1718785148908983
0,138,111,2.935463240615841
0,144,414,2.8628161453640995
0,147,120,3.0101628051086284
0,150,147,2.730754962708641
0,153,156,3.0134321151533716
0,156,153,3.0134321151533716
0,156,147,2.983721557997703
0,165,543,3.266033847439045
0,168,24,2.8635000493691636
0,171,549,2.972750362469233
0,171,180,3.1416145380979033
0,174,171,3.1257063560958245
0,177,204,2.923990036325367
0,177,252,2.8553698647231203
0,180,183,2.9951811230305534
0,183,3,3.0014816062910255
0,183,210,3.2094231548789187
0,186,177,3.1326027816569737
0,189,198,2.997611892418865
0,195,168,3.2678066024266195
0,195,51,2.9411634617897824
0,198,171,2.9840994505566387
0,201,192,3.166460610451634
0,204,231,2.958363628430347
0,207,198,3.215102444150446
0,210,213,2.5432385280938488
0,210,237,2.9430777969996282
0,213,288,3.2334653076664237
0,216,219,3.1365097698357682
0,216,486,3.231547265505902
0,222,297,3.075580774475505
0,225,312,2.896155672658137
0,228,201,2.955306625020498
0,234,54,2.8133390277857675
0,234,237,3.144012457453549
0,237,507,3.1876207670338714
0,237,228,2.769603232822453
0,240,213,2.828906023157563
0,246,624,3.276436595619345
0,249,105,2.881816594432828
0,249,246,2.822672583289807
0,252,255,3.1837235714748298
0,252,261,3.1358796314582613
0,258,285,2.952522289536321
0,258,171,3.055729536246253
0,261,639,2.7894604353482233
0,264,291,3.163024438306084
0,267,294,3.252727444238009
0,270,195,3.171906476266143
0,273,270,3.0227551681257636
0,279,252,3.051681667914934
0,279,204,3.0985424159725468
0,282,279,2.990412185722552
0,291,318,2.922734827612827
0,291,282,3.2206775857501304
0,294,321,2.900644682359172
0,294,291,2.7123114695306714
0,297,300,3.185938174590863
0,297,567,3.257256195876712
0,309,282,2.9645274982288594
0,315,318,3.0317168357867788
0,318,315,3.0317168357867788
0,321,591,3.2592839162716944
0,324,333,3.0349121072835588
0,330,510,2.727665670764526
0,330,327,2.7916514830817922
0,333,342,3.2308792410459177
0,333,360,2.925732434258245
0,336,333,3.14937981551882
0,339,366,3.0825356021559216
0,339,414,2.761523036902055
0,342,345,2.925885989061555
0,345,489,3.053011556384482
0,345,372,3.2847762923679333
0,351,378,2.861048165183806
0,354,534,2.861621868405603
0,357,354,3.015321147244176
0,360,369,3.0031309028231394
0,363,360,2.9973114253065156
0,366,357,3.199682530123069
0,369,513,3.17124036263878
0,372,375,2.70325149250854
0,372,363,3.097856190198113
0,378,381,2.944870643257188
0,378,0,3.135056656711327
0,384,459,3.1224237398293955
0,390,363,3.075127079240785
0,399,396,2.963080944941171
0,399,390,2.886041146582568
0,402,477,3.259934835980303
0,402,375,2.934049461537959
0,411,408,2.8153995673170433
0,414,423,3.2347247659216127
0,414,441,2.9160461721306263
0,420,447,2.9992146617358713
0,420,333,2.909614130634923
0,423,153,2.769888798595078
0,423,567,3.012744748155316
0,426,570,2.9653748032601004
0,426,453,3.1410915702837148
0,429,159,3.0555971928692327
0,432,441,3.0819773941299373
0,432,357,2.9519490814101945
0,438,411,3.1230437082506577
0,441,432,3.0819773941299373
0,444,441,2.962416294624337
0,447,438,3.154890175193275
0,447,360,3.0756028166618314
0,450,441,3.0862205509679064
0,453,480,3.0583263885565715
0,456,483,2.870343373403676
0,456,453,2.7033730555147555
0,459,462,3.0022239331599643
0,459,81,3.221051284680033
0,462,435,2.8083202964963117
0,471,444,2.9266691809698147
0,477,480,2.940014052805267
0,480,477,2.940014052805267
0,480,471,2.889730930016117
0,483,456,2.870343373403676
0,486,342,2.9906538022323157
0,492,348,2.842063466120579
0,492,489,2.908881156260513
0,495,504,3.1256610928718436
0,495,522,2.8521602901853753
0,501,528,2.9651850456259936
0,501,576,3.061063566800909
0,516,513,3.131002378199432
0,516,372,3.0786938256601792
0,519,492,3.205260537875067
0,525,522,3.079210999244024
0,528,519,3.2018201136733424
0,528,603,2.882490541116059
0,531,351,3.14217926337658
0,537,564,2.861481551741191
0,537,534,2.834822344621137
0,540,543,2.8203147814614287
0,540,162,3.220681802061105
0,543,516,2.9016133665898813
0,546,168,2.7528535799902416
0,552,525,3.1068936592505922
0,558,378,2.814100664211651
0,558,561,3.068676901191539
0,561,558,3.068676901191539
0,561,552,2.7763928669885223
0,564,537,2.861481551741191
0,567,594,3.2848719613469872
0,573,429,2.8847671892380116
0,573,600,3.124767634573726
0,576,585,3.181561936997988
0,576,603,2.984407788527702
0,582,609,2.994085691214537
0,585,315,2.720252289404159
0,588,408,3.1003265876118773
0,588,615,3.2384019417919587
0,600,573,3.124767634573726
0,603,594,3.167624459831518
0,603,606,3.0405232318167448
0,606,603,3.0405232318167448
0,612,603,2.9743507353955243
0,615,618,2.8102448697546305
0,618,645,2.835583068288675
0,621,624,3.0420979658443255
0,621,243,3.2343903460297865
0,624,597,2.8797269195004853
0,627,540,3.117462679550578
0,633,606,2.9360014720264904
0,639,459,2.828789876873937
0,639,642,3.0096003501167274
0,642,639,3.0096003501167274
0,645,618,2.835583068288675
50,3,183,3.038721593710341
50,3,30,2.8790691676345372
50,6,186,3.255458843948112
50,6,3,3.1278190164310273
50,9,387,2.8073702505632863
50,9,18,2.655595502683585
50,12,39,2.797320447316754
50,15,42,3.0201272736350337
50,15,6,2.8065986403872483
50,18,162,2.7101539297354273
50,18,21,2.785408064106688
50,21,12,3.0597834152874044
50,24,402,2.7149497831416416
50,27,36,2.926416223841669
50,27,54,2.8662334633898214
50,30,27,2.7598337114112823
50,30,57,2.995203697625732
50,33,6,2.7258191215495122
50,33,213,2.9002185627075607
50,36,123,2.848098755100816
50,39,30,2.976492718551926
50,39,66,2.9647756806789696
50,42,39,3.2670261689091045
50,42,33,2.7763085679377104
50,45,36,3.2874402681324213
50,45,18,3.1060490753550343
50,48,75,2.966761376620046
50,51,42,2.835135076557301
50,54,57,2.639656627882502
50,57,237,3.0163059949064057
50,57,60,2.7603274606991337
50,60,240,3.158038575243347
50,60,33,2.8461682612949524
50,63,150,2.8379758210861863
50,66,63,3.1330521790044306
50,66,336,2.9458148830716415
50,69,144,3.0489655296367877
50,69,339,3.2878570698284433
50,72,342,2.7673604904729725
50,75,72,2.9180254182425864
50,78,348,2.805213157731897
50,78,69,3.314072724166346
50,84,264,2.7935467284637823
50,87,267,3.1465951064229127
50,90,15,2.8573518985955455
50,93,96,2.7836628818168334
50,99,102,2.7091606085470565
50,99,126,3.279762448880723
50,102,246,2.8789116534287564
50,105,102,2.9382073057392635
50,108,135,3.1277574948269042
50,108,117,2.943010704969036
50,111,84,2.978028611732318
50,111,120,3.129092013662116
50,114,27,2.876149345204444
50,117,42,2.9896091535421574
50,117,144,2.747151996222976
50,120,147,2.8885734581965257
50,120,117,2.856977590997385
50,123,132,2.7022052924880438
50,123,150,2.860107439682572
50,126,153,2.7615712558094545
50,126,117,3.237244403519139
50,129,132,3.1079914250405607
50,132,105,2.92167433417692
50,135,138,2.7428457624129474
50,135,315,2.9379176220788756
50,138,141,2.7817116924293734
50,138,111,3.2090902497072324
50,141,321,2.7109855265619007
50,144,135,2.834396228483918
50,144,414,3.1700995247187134
50,147,417,3.039594138254831
50,147,144,2.9008108237140684
50,153,78,2.9430750147933313
50,156,147,2.9597898486995713
50,156,159,2.7887992009767264
50,159,303,2.991858980877864
50,159,132,2.994292526275937
50,162,189,2.6886170111189225
50,165,174,2.958967304505246
50,168,24,2.827024548722987
50,168,165,3.0956216210975214
50,171,549,3.247561934581224
50,171,180,2.8212404132956057
50,177,252,2.684415635807089
50,180,183,2.973811590834285
50,180,207,2.5421395787435506
50,183,186,2.9039522652039724
50,186,177,2.829390772965094
50,186,564,2.7007803997926776
50,189,216,3.0847875000186074
50,189,192,3.0830569631655322
50,192,201,3.0442406248606924
50,192,48,2.619145509723875
50,195,168,2.7799860715564746
50,195,51,3.033920073097243
50,198,171,3.001281483859846
50,201,198,3.0974553054925176
50,204,270,3.165392709371285
50,204,201,3.2010623260567876
50,207,234,2.5385793491507767
50,207,198,2.7619417529827994
50,210,30,2.954242122798283
50,210,207,2.6868879597148534
50,213,288,2.8223730433008254
50,213,315,3.087540494579447
50,219,75,2.936110871857935
50,219,222,3.0633717877260493
50,222,492,2.9120055838283756
50,225,495,2.949851421050106
50,225,312,2.9438687721612014
50,228,231,2.7137292289780985
50,231,306,3.0591191551172257
50,231,222,2.993495124997816
50,234,54,3.2102195523678043
50,234,237,2.931577684880214
50,237,240,2.843421491503082
50,237,210,3.2366745477203795
50,240,231,3.1303571981836287
50,240,315,3.0970605299782084
50,240,213,3.0208128691053613
50,243,168,3.168967747345863
50,243,99,2.654828489277646
50,246,249,3.098202252992968
50,249,162,3.027895670491931
50,249,105,2.685123250681696
50,252,255,2.8111947130617136
50,252,261,2.6010173141182804
50,255,258,3.1976298237650225
50,255,264,2.9850358384817857
50,258,285,2.943733682878662
50,258,171,2.837481878079275
50,261,264,2.780979643715046
50,261,288,2.8843533048838723
50,264,291,2.7192413410786886
50,267,180,2.7091898927358637
50,267,258,2.698180598096159
50,270,195,2.708905399023593
50,270,243,2.792537630970708
50,273,276,2.870183571088747
50,276,249,2.782381665826766
50,276,285,3.0109240159085258
50,279,204,2.7963923196291898
50,279,270,2.8957442165398644
50,282,279,3.0294394631927295
50,285,198,2.7817586538153676
50,288,108,3.1587019222091577
50,288,318,3.036245695890908
50,291,288,2.9128217107263072
50,291,282,2.743970131383289
50,297,300,2.9253762627568842
50,297,567,2.69867390339133
50,300,156,2.873638940690314
50,300,273,2.9564171872577782
50,309,579,2.8916986998649667
50,309,306,3.1815790637793318
50,312,309,3.189121834004732
50,315,318,3.0831187657743553
50,315,306,2.639820562649633
50,318,309,2.696907564463496
50,321,234,2.848997267288348
50,321,294,3.1776184709717987
50,324,504,2.6641609884648854
50,324,351,2.691485510509795
50,324,327,2.707409811872686
50,327,507,2.9328592549846717
50,333,324,3.0246995471541007
50,336,345,3.0001685425360667
50,339,366,2.8030391650208593
50,339,414,3.0744005738785942
50,342,345,2.997311109873886
50,342,369,2.914661872700158
50,345,489,2.7644883779666
50,345,372,2.7035317393633336
50,351,354,2.9343289354906577
50,351,438,2.779640100823014
50,354,534,3.1565394605574233
50,354,327,2.6325463140634118
50,357,330,2.8584222093077205
50,357,432,2.856324174567482
50,363,354,2.8710998382062916
50,363,366,2.942105583095148
50,366,357,2.9284599824301187
50,366,393,2.8675622572619166
50,369,456,2.7192466476216035
50,372,399,3.0183119513881684
50,372,363,2.7748489500199427
50,378,381,2.7625833309231496
50,378,558,2.9012385654172217
50,387,378,2.8636000156372465
50,387,360,3.2057741379276354
50,390,363,3.2889724199010013
50,393,384,2.9373546111421147
50,396,399,2.7696596494698627
50,399,21,2.891818204628371
50,399,390,2.891128009489734
50,405,330,2.8152858128051164
50,408,411,3.046015872628226
50,408,138,3.3062088150290636
50,411,141,2.7529015200164926
50,414,441,3.0210050636793486
50,414,417,2.6053260993152536
50,417,420,2.7228693187453237
50,417,426,2.7731424857879032
50,420,447,2.769682418423486
50,420,411,2.817514748421371
50,423,567,2.7944411671913643
50,426,156,3.047978574235925
50,429,159,2.947596225452336
50,432,441,2.8088469147601085
50,435,444,2.837132650175049
50,435,408,2.6003721943887688
50,438,465,2.5286181949282596
50,444,453,2.693299526089657
50,444,441,2.9633004105740177
50,447,474,3.0926762477132956
50,453,597,2.7896200106281626
50,453,450,2.8346270442894896
50,456,600,3.113329957417059
50,459,462,2.7508493086293226
50,459,81,2.820334700404912
50,462,471,2.842247590193063
50,465,645,2.923287581674845
50,468,459,2.692022122877641
50,468,393,2.822554486678181
50,471,468,3.2055582539078378
50,471,480,2.8769877439338254
50,474,96,3.0526107809428003
50,474,471,2.65239427174208
50,480,102,3.02971748487263
50,483,627,3.0507886146811627
50,486,342,3.110271278920478
50,486,513,2.9842687009775513
50,489,486,2.832905821025024
50,489,219,2.736794249259072
50,495,504,2.869325027543006
50,498,228,2.8482581583772593
50,498,495,2.897185616295257
50,501,528,2.996861346511638
50,504,507,2.715542317132921
50,504,531,2.6332114209024216
50,507,534,2.8894601921282947
50,507,510,2.884135245396165
50,510,240,2.9486656066007964
50,513,369,2.7670600335148943
50,519,594,2.908871236747417
50,522,513,2.7095454329962765
50,522,549,2.8992992771692467
50,525,522,2.9205656147705867
50,525,534,2.844719912016941
50,528,537,2.980773806754865
50,528,555,3.2358836780291487
50,531,351,2.7435510457514924
50,531,618,2.8064107306232295
50,534,561,3.2574497647999894
50,534,531,2.691819404631915
50,540,543,2.8527407981875657
50,540,162,2.606991764588836
50,543,516,2.862896075437712
50,546,168,3.2641747570031687
50,546,555,3.1050602584128133
50,549,540,2.6618377772956325
50,552,549,2.877741011887989
50,552,525,3.0877730785362747
50,555,177,2.5696184483870894
50,555,564,3.0308052758515713
50,558,645,2.707737410902217
50,561,183,3.118531268633364
50,561,552,2.894867973530901
50,564,561,2.9119919450110094
50,567,594,2.6497496208638873
50,570,579,3.1633529351569454
50,570,300,2.853075745342009
50,573,570,3.0472124411933823
50,573,582,2.7168616210591185
50,576,306,3.1545512307785004
50,576,585,2.872707268045681
50,579,588,2.824439241783758
50,579,576,2.805386041637635
50,582,609,3.0907585729430154
50,582,495,2.9617956736609323
50,585,405,2.7620787702457923
50,588,408,2.9474930585063537
50,588,591,2.8973137476517117
50,591,582,2.9626838620855205
50,591,618,2.906454392914011
50,594,603,3.317957064887593
50,597,594,2.671961460980645
50,600,513,2.916951964026653
50,600,573,2.722056083653525
50,603,606,2.9103584929813975
50,603,630,2.810501352425742
50,606,615,3.189158828157625
50,606,579,2.693217001500705
50,612,603,2.8678769642345108
50,612,585,2.876932137552318
50,615,612,2.7283241835436205
50,621,630,3.0202185123521685
50,624,627,2.9045356822835764
50,624,597,2.787091607178425
50,627,249,3.017617698273537
50,630,252,3.2724352812351625
50,633,624,2.635926857143669
50,633,255,3.0647341325020165
50,636,633,3.021577166790886
50,639,642,3.0649798465447393
50,642,633,2.87205754310085
50,642,615,2.851166970694461
50,645,636,3.0798249389503534
50,645,267,2.7831580683107844
100,0,9,2.8554002449235387
100,0,378,3.183369484281725
100,3,183,2.7514503829466763
100,6,186,2.7099553595967314
100,6,3,2.783415380664476
100,9,18,2.955987908702941
100,9,12,2.9681685592987663
100,12,39,3.2114276775928503
100,12,390,2.8834340837161396
100,15,81,2.7789347293058513
100,18,96,3.0893216318498187
100,18,483,3.072048816629279
100,18,396,2.749296134560765
100,21,12,2.907335830296233
100,24,51,3.088133689699799
100,24,15,3.002401377647359
100,27,0,2.5926589963855715
100,27,30,2.8710560916309187
100,27,54,2.64021475951681
100,30,36,3.1540898629167695
100,30,57,2.6512119557929585
100,33,6,2.9193794518349674
100,33,42,3.070366008172612
100,33,213,2.772863855021911
100,39,33,3.0683821800867324
100,39,66,3.1939851867215134
100,42,51,2.708056362121725
100,42,39,2.8215349132437533
100,45,18,2.703794282279408
100,45,48,2.864034638366633
100,48,75,2.641799207835354
100,51,195,2.987689618191964
100,51,126,3.0898858966717393
100,54,234,2.8865883786875988
100,54,150,3.1422253233345097
100,54,141,3.1028178343686297
100,57,33,2.5424664532676147
100,60,33,2.906241465893372
100,63,36,2.789978548857834
100,66,63,2.852195924055346
100,69,144,2.8683666795312255
100,69,330,3.1925307100671074
100,72,159,2.8045690634116567
100,72,216,2.9528256625812244
100,75,72,2.8543088283891276
100,78,423,2.7994345932461555
100,84,264,2.943545268827927
100,84,462,2.7761858754234443
100,87,93,2.8109640574431305
100,90,117,2.836352685033882
100,93,84,2.9612948123901908
100,96,9,3.0246938112282633
100,96,93,2.846511284705083
100,99,90,2.891424055036394
100,102,480,2.9809865723616134
100,102,246,3.042908917444921
100,105,96,2.9361749200249103
100,105,102,2.960774772534858
100,108,288,2.627067892084329
100,111,108,2.831808375707412
100,114,111,2.9443828598550064
100,114,123,2.8769639606890913
100,117,42,2.998280991475385
100,117,144,3.2596325156294603
100,120,147,2.8920206473234655
100,123,120,3.09887234050434
100,129,132,2.9553952420054608
100,132,276,2.9160237608210453
100,132,45,3.021645128498183
100,135,405,2.700882194179955
100,138,150,2.773036754867573
100,138,111,2.850766828513292
100,141,234,3.0052696940959645
100,144,135,2.8993654512880207
100,144,414,2.7379791310809867
100,147,144,3.3262348302805695
100,153,126,3.0417380753227587
100,156,147,2.875485581185357
100,156,429,3.1944656113536083
100,159,303,3.051414919515239
100,162,189,2.744493486414501
100,162,105,3.0411009483632934
100,162,18,3.006719455557359
100,165,543,2.7714407423355656
100,168,165,3.0918118415955798
100,171,549,2.7871267731389784
100,171,180,2.8019319819641915
100,174,210,3.2824463400568784
100,177,204,2.663585931185936
100,180,267,2.9336937046757554
100,180,207,3.1672043082154615
100,183,180,2.888324470937266
100,186,174,3.088098451584176
100,186,564,3.2351765864797577
100,189,198,3.020501185122562
100,192,165,3.0210776427958463
100,195,168,2.9724708886835782
100,195,192,2.954048080386279
100,198,171,3.155153314047205
100,201,192,3.133948740198747
100,201,210,2.9297595180858704
100,204,201,2.9167864293494876
100,207,225,2.7922039071822615
100,207,198,2.952661888072721
100,213,315,3.0342961405244293
100,213,288,2.656283114311565
100,216,219,3.174079219945843
100,219,75,2.9035621852182754
100,219,222,2.920136469403535
100,222,231,3.0151237437300984
100,225,228,2.8586540173940707
100,228,237,3.0797301581533425
100,231,306,2.857265236366342
100,231,201,2.983545878070127
100,234,27,2.80955692197103
100,237,240,2.9224308710959903
100,237,210,2.8970470712543857
100,240,231,3.0456361578314084
100,240,315,3.0280251712121267
100,243,168,2.9598611964218033
100,243,99,2.878163406551101
100,246,249,2.689568932938245
100,246,624,3.198770420780039
100,249,162,2.625016691565333
100,249,627,2.845646812772837
100,252,633,3.320538026917716
100,252,261,2.7815314328663954
100,255,258,2.693274145548185
100,258,171,2.679500677268486
100,261,291,2.977417527938503
100,261,81,3.150962266958412
100,264,642,2.6829466376981435
100,264,261,2.814091071812356
100,267,465,3.0069386920477945
100,267,294,2.9317171712526706
100,273,276,2.8610915462284403
100,276,249,2.8793088280099273
100,276,105,2.9652189766760726
100,276,189,3.097052509482509
100,279,252,3.0652475125198926
100,279,306,2.983602300494248
100,282,309,2.780280700039576
100,282,273,2.6791911655545664
100,288,318,2.896500262231066
100,288,279,2.923922071117336
100,291,264,2.7469054555010723
100,291,294,2.9764245806226994
100,294,207,3.1143634026693268
100,294,27,2.5691582188493656
100,297,567,3.0582804851612186
100,300,156,2.992575071061617
100,300,273,2.6466699412497694
100,303,312,2.7757065013102418
100,303,570,3.1438343916902713
100,309,297,2.899112442974871
100,312,582,3.042544140141018
100,312,321,2.890209193653545
100,315,135,2.8616856799682964
100,315,306,2.8398426633470537
100,318,321,3.179929761282519
100,318,282,2.9196329984043206
100,324,333,2.9475875246836587
100,324,351,3.1245044722554143
100,327,507,2.8174366558790855
100,327,510,2.5192754032085114
100,330,60,2.527100618046152
100,330,327,2.9901374761614035
100,333,420,2.8186865274686377
100,333,342,3.1086351408580546
100,336,345,2.7767567921607035
100,336,363,3.1044955354085957
100,339,366,2.918371982790248
100,339,330,3.077774399792802
100,339,414,2.7447783454556287
100,342,72,3.0674002315912183
100,342,345,2.849687166212784
100,345,489,2.9182296292027567
100,345,348,3.1104089020110495
100,348,339,2.822902431575862
100,351,354,2.833337158364317
100,354,327,3.249685266161728
100,354,363,2.7526721442706696
100,357,510,2.9901774296167414
100,357,432,2.742642100254236
100,360,333,2.5573855515639288
100,360,447,3.102801799976367
100,363,372,2.8488455311781657
100,363,366,2.9534389796745124
100,366,357,2.9017454247742056
100,366,393,3.0026286947867624
100,369,396,2.871987207321159
100,369,456,3.008496438495836
100,372,399,2.6667122188416577
100,375,402,2.8883276806651805
100,375,519,3.2494898614047645
100,378,381,2.9886895118002195
100,378,3,3.0617894253431226
100,378,558,2.771739856693279
100,381,384,3.285874935015842
100,381,354,2.953905640476106
100,384,357,2.92731286232637
100,384,459,2.7480590928434747
100,387,378,3.0371271406898575
100,387,360,2.82910657083089
100,390,381,2.7584556680257375
100,390,393,2.873691522795324
100,393,384,2.902301210869658
100,396,387,2.7741311507021567
100,396,483,2.5443249224768363
100,399,21,2.6643013932759043
100,399,390,3.1136170082669223
100,405,330,3.0084858460022503
100,408,591,2.681269128500504
100,408,138,3.0497167349232215
100,411,324,3.1521475732664404
100,411,351,2.9689844334172673
100,411,141,2.81346215560625
100,414,441,2.746304240275422
100,414,417,2.9126460998112904
100,417,420,2.896668852353272
100,417,444,2.9609654131607366
100,417,426,2.9855240720864806
100,420,444,2.6395506166192853
100,420,447,2.9683143041496503
100,420,411,2.933948426422154
100,423,414,3.0940396036095357
100,423,153,2.7207547633878133
100,426,423,2.9555328832808017
100,426,570,2.9095544778341456
100,429,159,2.9242982539284856
100,429,420,3.082303246268195
100,432,330,2.822297573280043
100,438,447,2.641503251608293
100,441,375,2.6941051387492894
100,441,468,2.842439945761934
100,444,447,2.709374673715933
100,444,453,2.752010212429574
100,447,360,3.102801799976367
100,450,423,3.004690275528329
100,450,519,2.8324725782101208
100,453,426,3.03773306784134
100,453,480,3.0724410691294683
100,459,462,2.9284183582372134
100,459,81,3.061752072909319
100,459,84,3.220151361965133
100,462,465,2.688020619309044
100,462,471,3.030056222875546
100,465,642,2.9369725596501577
100,468,459,3.1936680896271072
100,468,393,2.725815684410194
100,471,468,2.92630435021525
100,471,93,2.838368571046743
100,474,387,2.9959912054695126
100,477,450,2.869357670928536
100,477,441,2.929280440024153
100,480,471,2.738570896733763
100,483,480,3.1852445051242917
100,483,627,2.659275147628283
100,486,303,3.060036753393908
100,492,222,2.8338281153799616
100,492,489,2.7872873146179074
100,495,504,2.743903198662717
100,495,522,2.9306719250221103
100,498,501,2.6422210878179433
100,498,228,3.077697756458125
100,501,528,3.10705441439569
100,504,507,3.2494800406513904
100,504,351,2.7786962574706626
100,507,498,2.999444823072388
100,507,237,2.9191653724844784
100,510,534,3.0238112150408445
100,510,240,3.1773889593552602
100,513,516,2.6423095276286377
100,513,369,3.028169624101239
100,516,372,3.0575721883109783
100,516,519,2.8798010374015295
100,519,546,2.8141425277179715
100,519,528,3.112336697510471
100,519,492,3.0056226452352734
100,522,513,3.0004168277106213
100,525,531,3.1112790140987734
100,525,534,3.0184288901529026
100,525,498,3.0143069030068523
100,528,537,3.003463320683776
100,534,561,2.8600388206892626
100,534,531,2.981849503727734
100,537,510,3.0854431384365446
100,537,357,2.9005409223023197
100,540,513,2.8849306099391487
100,540,162,3.1408732169963147
100,543,516,2.994173053235891
100,543,552,2.629753788545118
100,546,543,3.0377862581293167
100,549,540,2.8909793187856345
100,549,636,2.6338357570636854
100,552,525,2.6132640769678583
100,555,630,2.806377133088232
100,558,531,2.5832317276765826
100,558,645,2.9760668233952723
100,561,183,2.768685560019584
100,561,552,3.057211680637779
100,564,537,2.8161974705392807
100,564,561,2.9216930096579756
100,567,423,3.0637607287758266
100,567,594,2.734559497650992
100,570,579,2.7821701280779476
100,570,426,2.9095544778341456
100,573,570,2.7544359210269382
100,573,582,2.984526498001423
100,576,603,2.7527067845619646
100,579,582,3.058899958403488
100,579,576,3.1735226761172175
100,582,609,3.0283546685788023
100,582,495,2.700684999498975
100,585,576,2.989571953894406
100,585,405,3.0712564756981973
100,591,504,3.032287473928742
100,591,615,2.591349643974261
100,594,603,2.7289529317661136
100,597,450,2.8198707136028798
100,597,594,3.100059501826519
100,600,513,2.7704440682061673
100,600,573,3.085504239749733
100,603,606,2.7587715620250046
100,606,588,2.8028388737474073
100,606,579,2.8517135343276214
100,609,606,3.0168545658645094
100,612,585,3.041626908258112
100,612,537,3.236607742469543
100,615,438,2.9030067372921438
100,618,615,2.626787639288048
100,621,477,3.077468440384017
100,621,243,2.7662866085016957
100,624,627,2.946652902700852
100,624,621,2.8910043827407024
100,627,249,2.845646812772837
100,627,636,3.100316382939013
100,627,600,2.597840280280308
100,630,639,2.8233792012633154
100,630,252,3.1415468100285753
100,633,624,2.728319712629214
100,633,255,2.8900546420432573
100,636,258,3.1954759130234818
100,639,252,2.8346179146246597
100,639,564,2.961691741367009
100,642,633,2.997101577695718
100,642,615,2.5772431954814756
100,645,267,3.079629812425373
150,0,267,2.9123006632699364
150,0,9,2.825139285081448
150,3,381,2.9997394440433793
150,3,378,2.772341981133588
150,3,183,3.006887230481096
150,6,186,3.1505482884873395
150,6,3,2.6890561081164135
150,9,96,3.052039579086653
150,9,18,2.971861847481764
150,9,12,2.98331636608852
150,12,39,2.950697247472568
150,15,81,2.7301809961672423
150,18,396,2.902239254020535
150,21,48,3.2401297066004853
150,21,390,2.9498144519608354
150,24,51,2.8893091577069203
150,24,15,3.181529462986746
150,27,30,2.9179991300745782
150,27,114,3.2167333110183796
150,30,0,3.0237830156568513
150,30,36,3.1005891238456633
150,33,39,2.714887982919148
150,33,6,3.0936624761968026
150,36,9,2.9041563849239678
150,36,45,3.1445561476566484
150,36,54,2.854849402340655
150,39,48,2.8591334708566425
150,42,117,2.8933529385623427
150,45,48,2.807076613937334
150,48,24,3.3596450279252625
150,48,75,3.024366504561042
150,51,126,2.9797920926918313
150,54,150,2.770835420177541
150,57,60,2.8652350577791377
150,57,33,2.9641559825405777
150,60,33,2.9125325891834137
150,63,54,2.9327440607971456
150,63,36,2.8837128529151244
150,63,75,2.856261921957389
150,66,36,3.0871599138282386
150,66,336,3.165840383810134
150,72,216,3.013355478614749
150,75,72,2.8245839467829312
150,75,66,2.8821344324024802
150,78,348,2.9059502596359885
150,78,69,2.6474077614039433
150,81,84,3.0836833771101895
150,81,6,2.8515621747379845
150,81,108,2.9755440134838964
150,87,93,3.0472452933883716
150,87,114,2.99934220744711
150,90,126,2.9966371553981217
150,93,102,3.174195450490148
150,93,84,2.9930403704617605
150,96,105,3.1351202806997214
150,99,90,3.0485985233393955
150,99,126,3.033120370843307
150,102,480,2.879084061070808
150,102,246,2.6370621279860185
150,105,483,2.9428862636798705
150,105,102,2.681715505250879
150,108,288,2.8129706415038203
150,108,261,2.9976757987933946
150,108,135,2.6795932873260964
150,111,108,2.772845332672862
150,111,87,2.9944673917816234
150,114,150,2.93999524619184
150,114,138,3.1816360138834905
150,114,123,3.0780292968352994
150,117,108,3.0217341960361592
150,117,144,2.694847968812076
150,120,111,3.224533451270101
150,120,147,2.8181018305564574
150,123,96,2.741275821397075
150,123,9,3.0658906138556175
150,123,120,2.771371204731725
150,126,147,2.7241331557024666
150,129,132,2.7049591569705598
150,129,102,2.9454366118778808
150,132,105,2.977719089960613
150,132,45,3.0154375580076813
150,135,318,2.7595016297024317
150,135,405,2.9748039266781308
150,138,147,2.808339184247822
150,138,111,2.875929922508783
150,138,135,3.055566736905594
150,141,234,2.9325126110500896
150,141,114,2.8777986255342625
150,141,54,3.118406671022219
150,144,138,2.6209161588787846
150,144,414,3.0151919619071967
150,144,417,3.009070864149287
150,147,417,2.6810557442412897
150,147,129,2.8329073401630227
150,150,417,3.1060517713214164
150,150,159,2.648233383967069
150,153,78,3.024592690269688
150,153,300,2.8579080713461815
150,156,153,3.0893431592165217
150,156,300,3.08438690673775
150,156,429,2.7706527745518557
150,159,132,2.669981748335506
150,159,63,2.703980230415217
150,162,18,2.7288875417755047
150,162,21,3.1264432092105086
150,165,168,2.986202037721994
150,168,99,2.8952124290789274
150,171,549,2.811660817740261
150,171,180,2.861075436267188
150,174,210,2.8483719149053783
150,177,186,3.058588681685136
150,177,252,3.2240449367256754
150,180,558,3.2099079993615494
150,180,0,2.8173532847347404
150,183,186,3.0738678733345695
150,186,174,3.0102491166078598
150,186,564,2.7266515134786315
150,189,45,2.8390688705150633
150,189,216,3.0338876198851707
150,192,165,2.657971423965803
150,195,99,3.324360583296162
150,198,171,2.7494405803784487
150,201,192,2.923983452815372
150,201,210,3.1321382378777343
150,204,201,3.0367475657557628
150,207,225,2.965155334081926
150,207,198,2.7191786921626364
150,210,30,2.972117683151729
150,210,207,2.8974239341462322
150,210,198,3.0549615901199
150,213,288,2.8130170651678985
150,213,108,2.9500265647815014
150,216,225,2.7818460022769638
150,216,312,3.1856840647817566
150,219,75,3.098229969696353
150,219,222,3.1003512031634797
150,222,231,3.0886697538626087
150,222,195,3.1284219531562925
150,225,495,2.9302688551860907
150,225,312,2.75008995780975
150,228,237,3.040170875583395
150,231,306,2.893116829580012
150,231,201,2.982994025269961
150,234,27,3.1271191734651773
150,234,507,2.960452394398547
150,237,57,2.8638700339485412
150,237,210,3.057522046629503
150,240,231,2.7144703437998055
150,240,228,3.1024304321463014
150,240,315,3.31723247331797
150,243,177,2.659330214142747
150,243,168,3.039589719502196
150,246,249,2.931588948783669
150,246,624,2.7687202862304234
150,246,480,2.8047159207144126
150,249,276,2.8176419609240777
150,252,255,3.205502363026326
150,252,261,3.066855123340068
150,255,246,2.9004326957261855
150,258,171,2.7377265703032863
150,258,645,2.91098395471899
150,261,291,3.170636003139784
150,261,84,3.0965478303319767
150,264,267,3.0610039004808187
150,264,258,2.9736582464913743
150,264,633,2.6521235346587715
150,267,87,3.0129454195341205
150,267,294,2.9674136186226243
150,270,204,2.998457668612308
150,270,243,2.9753334458857057
150,273,129,2.985175297431601
150,273,276,3.0409044417915205
150,276,189,2.694572265313962
150,276,285,2.863704468416731
150,279,255,3.036783951878734
150,282,309,3.1672723483751284
150,282,273,3.11181463487405
150,285,282,3.133274359937186
150,285,207,3.004388917982838
150,291,264,2.8139013826045485
150,291,282,3.015159103824665
150,294,27,2.78265256951298
150,297,300,2.808967775335833
150,297,567,2.9293969904005515
150,300,273,3.0014568466761786
150,300,270,3.052345550440855
150,303,156,2.9537420652290067
150,306,297,3.0724803905759472
150,306,279,2.750839764726099
150,309,297,2.9703830426525517
150,312,495,3.037415891206385
150,312,321,2.907026791382688
150,315,135,3.1149988089684033
150,315,306,2.818656594571062
150,318,141,3.0989230142143422
150,318,321,2.680867266804216
150,321,294,2.6627179004216552
150,321,282,3.059783897323014
150,324,336,2.741699044294129
150,324,234,3.086539118421142
150,327,507,2.954710905195814
150,327,510,2.8552881489874857
150,330,405,3.0057278083369785
150,330,60,2.9345768326439035
150,333,420,3.056627299188927
150,333,336,2.7561694479747665
150,336,345,2.7562003063412135
150,336,327,2.8667543740660353
150,339,366,2.5794375958442406
150,339,330,2.8475020059488605
150,342,72,2.671117995902362
150,345,489,2.9099915397327862
150,345,348,2.933197006034153
150,345,372,2.844093808002401
150,348,519,3.26908348275666
150,348,339,2.583281119941923
150,351,354,2.5674551282088354
150,354,534,2.763818641685296
150,357,510,2.7168833914939485
150,357,432,2.8357163885989323
150,357,612,3.1856653053692026
150,360,333,3.1097869694810605
150,360,351,2.6168925757848127
150,363,372,2.7271372354716004
150,363,366,2.953009226945584
150,366,393,2.901392235191213
150,369,396,3.0631718950894324
150,369,342,2.7512229758551405
150,369,333,2.953121580207736
150,372,369,3.2137455237067947
150,372,375,2.9031716590927177
150,372,516,2.7919873694368103
150,375,546,3.2224420290764084
150,378,381,2.898989436445616
150,378,558,3.0294801566231455
150,381,384,2.725662543445929
150,381,354,3.209814422646222
150,384,357,2.5841872466590865
150,387,378,2.6292193601922818
150,387,360,3.0427638916991744
150,390,399,2.6313550845992877
150,390,393,2.92019147110115
150,393,15,2.795484729025904
150,393,402,2.9444973841385114
150,396,387,3.0347897760461664
150,396,456,2.6857398592757624
150,399,543,2.6935509508554136
150,399,21,3.0559163951951165
150,402,168,2.793607725979677
150,405,408,3.201092873923407
150,405,432,2.7937984568780183
150,411,324,2.8285305053346312
150,411,141,2.9470789098974857
150,414,441,2.8011403705778055
150,414,444,2.965527359796302
150,417,426,2.900959942502463
150,420,411,2.7907650836810878
150,420,150,2.8015637036879
150,423,339,2.851583041191069
150,423,348,3.238482128946985
150,426,423,2.801416682489618
150,426,450,3.065568610115805
150,426,597,2.762207319333577
150,429,420,2.684846957135783
150,429,159,2.85503553408743
150,432,330,2.902222718862207
150,432,414,2.9390355511468496
150,435,462,2.998676886990736
150,435,444,2.8125018904729315
150,438,351,2.7585838136790612
150,441,366,3.141604926169949
150,441,468,2.7099073082213367
150,444,447,2.7271073849886327
150,444,453,2.881251436421341
150,450,441,2.863897093023576
150,450,519,2.740476610201078
150,453,426,2.7422319311598766
150,453,471,2.854969806938257
150,453,477,2.8743715024712144
150,456,453,2.7469701312741504
150,456,600,2.820473394008432
150,459,81,2.864643553307308
150,462,474,2.918621895190957
150,465,438,2.766715765100336
150,465,642,2.5876482276652464
150,468,462,2.8775335175184122
150,468,459,2.960719046364408
150,468,393,3.18565039547837
150,471,93,2.8977857414263353
150,471,474,3.1009440671633572
150,474,387,2.891745023836513
150,477,450,2.7721323236024626
150,480,477,2.6715431328985
150,480,471,3.0417545204252936
150,480,624,2.995603681111195
150,483,480,2.7485771575886893
150,483,456,2.80034311557453
150,483,627,3.0522792032061288
150,486,429,2.872590102684639
150,489,219,2.6270751252286395
150,492,222,3.101854401613062
150,492,489,2.9823011171135496
150,495,504,2.9932526331303952
150,498,501,3.027627542442492
150,498,228,2.5640215656330665
150,501,528,3.091729230877378
150,504,324,2.6542379727975227
150,504,351,2.858830236735163
150,507,237,3.271224853223533
150,510,534,2.9032137895972974
150,510,240,2.6471426356630166
150,513,516,2.832452263412944
150,513,369,2.6887445222143285
150,516,519,2.7156776965064746
150,519,594,2.6075817483048254
150,519,528,2.6773786105163304
150,522,525,3.201075013577771
150,522,600,3.2545701271695644
150,525,531,2.7096070860742043
150,525,498,2.7193117228806836
150,531,618,2.73253380932161
150,534,357,2.942817192760702
150,537,501,3.065889271995929
150,537,357,2.898770242208709
150,540,513,2.912716067841133
150,540,162,2.9847436771730482
150,543,516,2.928288116680985
150,543,552,3.231067631847667
150,546,555,2.894374125316232
150,546,543,2.912833332084272
150,549,540,2.711009374765232
150,549,645,2.7279306368956293
150,549,636,3.18542222435138
150,552,540,2.83962032598992
150,552,549,3.0205869233357854
150,552,525,2.8969907926625136
150,555,177,3.0430109975259745
150,558,531,3.16491078757012
150,558,549,2.9921461342797864
150,561,183,3.1177127620941514
150,561,552,2.8057864194880606
150,564,561,2.7903914853003933
150,567,450,2.774033243939161
150,567,594,3.1105133919559407
150,570,579,2.7212289839780186
150,573,570,3.02386008236189
150,573,609,2.6320661124862847
150,576,603,3.1708766622018163
150,579,573,2.806143063807298
150,579,582,2.981871763290095
150,579,309,2.9489756851375564
150,582,609,2.6884107447889614
150,582,495,3.1232186851168424
150,585,315,3.026331244547397
150,588,579,3.2841927127695074
150,588,585,3.015439145997915
150,591,504,2.8378230629303483
150,591,582,2.7136752344406383
150,594,621,2.744888753093702
150,594,603,2.869526018077209
150,597,450,2.7230794815734476
150,600,573,2.9166489555166812
150,603,612,2.835650505000424
150,603,537,2.9905522075675774
150,606,603,2.787270784125672
150,606,609,2.93063537725826
150,609,522,2.9557262032653773
150,609,636,2.6181830453894457
150,612,432,2.901864166912704
150,612,615,2.8343360935055184
150,615,435,2.914575411000443
150,615,588,2.6829247671941596
150,618,351,2.7900200280675995
150,618,438,2.7821468651625936
150,624,627,3.270406817378464
150,624,630,2.953449524896093
150,624,621,3.0191099450767824
150,627,636,2.7323183027950817
150,627,609,3.018031692391327
150,627,600,2.912734467044088
150,630,606,2.697748114353149
150,630,252,2.822062993142676
150,630,639,2.8943184736970524
150,633,624,2.7160333010752127
150,633,630,2.821615810283485
150,633,255,2.859897495008349
150,633,258,2.986536987557045
150,636,633,2.749236865207343
150,636,249,2.6873192913661645
150,639,612,2.923115467149289
150,639,459,3.017103902354362
150,642,633,3.0136213690792584
150,642,615,2.8790088611711933
150,645,558,2.8705801253247136
200,0,378,2.998612460893709
200,0,9,2.7031931462346317
200,3,15,2.95673223814124
200,3,30,3.0489048268104946
200,6,186,2.8153522671086653
200,9,96,3.207337566969038
200,9,12,2.5454797005741203
200,12,39,3.0285545086769026
200,12,390,2.725313690050623
200,15,42,2.949402274996899
200,15,81,2.8669694623561206
200,18,162,2.9114727512908574
200,18,387,2.9188877146766243
200,21,48,3.2017225830105835
200,21,390,3.2033561634323213
200,24,195,2.7859133718003397
200,24,39,2.9698260661881997
200,27,30,3.2200198201450587
200,27,114,2.927678426517333
200,30,36,2.778634364530958
200,33,39,2.8756740069741586
200,33,42,2.9244714528193283
200,33,213,2.9005586530332295
200,36,9,2.882404816688489
200,36,63,3.051766639315438
200,39,36,3.025996763032183
200,39,66,2.8370990000651513
200,42,51,3.063360091526018
200,42,108,2.880259745938175
200,45,105,2.904252276718888
200,45,48,2.7240102847308973
200,48,24,2.710172426633075
200,48,75,2.865115366557221
200,51,195,2.828632570613012
200,51,78,3.0953013068404
200,51,126,3.055125550171709
200,54,27,3.0649386097797184
200,54,150,2.69595571528215
200,57,327,2.742805626609811
200,57,33,2.835975762356146
200,60,240,2.895968050827632
200,60,33,2.7767077472832384
200,63,342,2.7103340082962353
200,63,159,2.9771611111294742
200,63,66,3.238757583824703
200,66,57,2.8021736572908527
200,66,36,2.9529049442141493
200,69,144,2.97038134899367
200,69,51,2.580589496367908
200,72,303,2.9147883719009373
200,72,219,3.0105735068494615
200,75,63,2.961971228011941
200,75,345,2.634046938515836
200,78,222,2.74870172958407
200,78,348,2.8660748625446724
200,78,69,2.9703106500830905
200,81,90,2.809111854264463
200,81,42,2.9860710948762734
200,84,264,2.7211533944403334
200,84,462,2.530473960049336
200,87,111,2.8533788753453164
200,87,0,2.7155756032418217
200,90,102,3.108511533804139
200,90,117,3.059184305780439
200,93,87,2.6833209150291437
200,93,84,2.971154434417181
200,96,474,3.1610232622357186
200,96,18,2.9971522953065772
200,99,126,3.121507394979059
200,102,96,3.2801802957949713
200,102,480,2.6802035189623297
200,105,132,2.8450122000394904
200,108,261,3.0361212209369057
200,108,135,2.8132877356059995
200,111,84,2.4832311098612037
200,111,291,3.1117294158644713
200,114,138,2.9473689820703264
200,114,123,2.7142034418018532
200,117,108,2.731012214440681
200,117,144,2.9216125496009173
200,120,102,2.8601955276240103
200,123,45,3.0154968569402607
200,123,87,2.7882305594247394
200,126,129,2.9761968769262452
200,126,147,2.7643630370824472
200,126,153,3.2159307361947183
200,129,156,2.750714297541889
200,132,45,2.747583015950018
200,135,318,3.086405023577875
200,135,405,2.977494888584172
200,138,117,2.9147680941935095
200,138,147,3.009239627346427
200,138,135,2.7593154239778035
200,138,111,3.0987340241466796
200,141,114,2.760260455200712
200,144,414,2.88799144679072
200,147,153,2.873138881671829
200,147,129,2.7735003106344216
200,150,417,2.754224456104817
200,153,423,2.931288809313936
200,153,78,3.158181973661763
200,156,153,2.7257019461540968
200,156,570,2.7018394102508743
200,159,72,2.7156017573327644
200,162,105,3.0634935462179205
200,162,21,3.000514748052185
200,165,168,3.116264621840533
200,165,555,3.2860483079855376
200,168,99,2.8548675188038053
200,168,21,2.610739681803343
200,171,549,2.7886304707302467
200,171,180,2.8073848211092423
200,174,198,3.0642763421201327
200,174,165,3.1920626679602524
200,177,186,3.028596841663675
200,177,252,2.792629952505116
200,180,183,2.954718245960945
200,180,378,2.9228517176017315
200,186,183,2.7775857050838653
200,186,174,3.268848143358789
200,186,564,3.119935807198366
200,189,48,2.931063611611935
200,189,72,2.7975122384000537
200,189,216,2.755507822587226
200,192,189,3.1397527559627703
200,195,126,2.837944606192231
200,195,204,3.1571083441548136
200,198,171,2.61780465732618
200,198,189,3.294436503241495
200,204,201,2.925016583277607
200,204,192,2.7746556407400185
200,207,225,2.7578840637081923
200,207,198,2.9388070867319565
200,210,30,2.6817106970657223
200,210,180,2.8935848521264926
200,213,288,2.8863516636509803
200,213,6,2.978946223412972
200,216,225,2.6453605091157635
200,216,312,3.165824045294863
200,219,75,2.6730997015711644
200,219,222,2.8881232561061205
200,222,231,2.83092948110324
200,222,204,2.7106303341711406
200,225,321,2.645558274581087
200,228,237,2.7907013004532697
200,228,219,3.1786047460762665
200,231,306,2.948942148163225
200,231,228,2.907875602922765
200,231,201,3.024354177855248
200,234,27,3.096576237317277
200,234,237,2.69340456910907
200,237,57,2.8356037605357027
200,237,210,2.8384941795897483
200,240,231,3.0393192950424393
200,240,315,2.8173012988255195
200,243,177,2.7920326138172737
200,246,255,2.7047286416912106
200,249,276,2.9060152537160278
200,249,105,2.8086760471951395
200,249,483,3.072076756854788
200,252,255,2.5869762999187307
200,252,633,2.960822317627233
200,252,261,2.6432697685951667
200,255,258,3.1207301244942203
200,255,282,2.6418147576029516
200,258,285,2.762745425728477
200,258,171,3.138574435758547
200,261,291,3.06062626390282
200,264,267,2.803803098021496
200,264,642,3.163552712403389
200,264,639,2.9457479495238594
200,267,87,2.6902095045976053
200,267,294,2.7955584368505164
200,270,243,2.949957201674656
200,273,246,2.7906417344354417
200,273,276,2.868071225335227
200,273,285,2.9317419486695244
200,276,189,3.0424278198857237
200,276,171,2.9637390854462757
200,279,255,2.8064841800390607
200,279,177,2.9440462743742444
200,282,309,2.6931483645914622
200,282,273,2.784323434560443
200,282,300,3.004390011663257
200,285,207,3.0520622989042185
200,288,291,2.6884899476041233
200,288,306,2.782230124996107
200,291,318,3.010808206919795
200,294,207,2.8208407926972607
200,294,27,2.871420431834315
200,297,567,2.64378142611095
200,300,273,2.8168601331862853
200,300,270,2.998147330415784
200,303,312,2.729046581276534
200,303,156,2.745078690366962
200,303,570,3.2580443064459432
200,306,297,2.7170936513330486
200,306,279,2.7395720486770267
200,309,300,2.8215129194750572
200,309,576,3.0303526404365093
200,312,573,2.6722520305373196
200,312,321,2.869564407433103
200,315,288,2.6383324985677112
200,318,591,3.313894391725168
200,318,309,3.220957359809402
200,321,294,3.094748573697776
200,321,141,2.6945199621822784
200,324,336,3.0934891223345358
200,324,54,2.6865117861753003
200,327,354,2.9193394039260965
200,327,510,3.008473115008842
200,330,144,3.0268862797418286
200,330,60,2.934830062942121
200,333,342,3.1592600962891613
200,333,336,2.808000876264853
200,336,345,2.802496859136919
200,339,330,2.7980026708832724
200,342,159,2.67646661767047
200,342,72,3.130853283815404
200,345,489,2.7649326433556682
200,345,348,2.792030897737846
200,348,339,2.807993896074159
200,351,360,2.940711788361461
200,354,534,3.113352419456268
200,354,363,2.985582421716726
200,357,510,2.8044854043841436
200,357,585,3.009432460017511
200,360,396,2.7790033427416216
200,360,354,2.6351155443523053
200,363,339,2.6609079509426077
200,363,372,2.74762886095675
200,363,330,2.923551130055695
200,369,333,2.801868248228569
200,369,342,3.3007309052314153
200,372,369,2.7397038762240205
200,372,516,2.9218786953823996
200,375,393,3.322787647952503
200,375,546,2.872691615349006
200,378,558,2.893702506998694
200,381,384,2.8967325218433673
200,381,354,2.770597596818232
200,384,357,2.926506883826142
200,384,561,3.027346063161805
200,387,378,2.9563608346699235
200,387,360,3.046071725192637
200,390,393,2.906658371943366
200,390,381,2.669360599454268
200,390,360,3.036251956416121
200,396,474,3.041625876410527
200,396,456,2.9323445789678595
200,399,168,3.1075626431844774
200,402,546,2.9486675639187974
200,402,99,3.0053999898807255
200,402,168,3.026870156052162
200,405,408,2.863808301639575
200,405,432,2.8899690584427504
200,408,591,2.737088949051236
200,408,138,3.060421426171765
200,411,324,2.804935171231517
200,411,54,2.8441241169382905
200,414,441,2.652185433495788
200,414,444,3.074515816881609
200,417,147,2.795593851238635
200,417,426,2.942291484164401
200,420,417,3.0121403489523897
200,420,411,2.9359670424731257
200,423,414,2.9745535448565676
200,423,339,2.796801682383579
200,426,423,2.8245772729549476
200,426,597,2.9482439692767826
200,426,450,3.06705405112573
200,429,159,3.0980362409170086
200,429,420,2.833699576475337
200,432,468,3.042875662085178
200,432,366,3.0491981616002843
200,432,330,2.8979467039517264
200,435,468,2.73152296550996
200,438,447,2.8995981910668465
200,438,435,2.5954923592691346
200,438,444,3.0057927055574414
200,444,453,2.6620358055275926
200,447,456,3.2217650827132944
200,447,333,2.774303431801498
200,450,375,2.601532036192768
200,453,477,2.9926768416970275
200,456,453,2.768863654795751
200,456,600,2.7611983024295355
200,459,384,2.9544295130561977
200,459,564,3.030366264470469
200,459,81,2.8497841846076137
200,462,435,2.8012529045682713
200,465,438,2.742373319690204
200,465,642,2.6495559301579488
200,468,459,2.860810154262203
200,471,483,2.858634207042496
200,471,93,2.8312037010529147
200,474,447,2.7826271695460756
200,477,450,2.8400614771923314
200,480,477,2.8826146647880764
200,480,621,3.0474698278726864
200,480,624,3.0410605126842314
200,483,480,2.7482334552908814
200,483,627,3.2708968060113865
200,486,303,3.0532032155148743
200,486,429,3.2456654922244073
200,489,513,2.758887079756074
200,492,222,2.741590219900601
200,495,234,3.150198028883994
200,498,501,2.9119934721941974
200,498,228,2.8527337705589306
200,501,567,2.9358694028926755
200,501,231,2.644133932972208
200,504,324,3.2918422380721855
200,504,351,2.8373773917181078
200,507,498,2.5259188869417524
200,510,507,2.9556540511318494
200,510,60,2.797691889462529
200,513,516,2.665727572519029
200,513,369,3.024974962812976
200,516,489,2.813446250649922
200,516,519,2.8823552523819793
200,519,528,2.8798356714357127
200,522,525,2.6454671430000896
200,525,531,3.0239160007459707
200,525,498,2.775190750251901
200,528,537,2.987593690445698
200,528,552,2.869845696234935
200,531,504,2.952021460173359
200,534,561,2.802229520305602
200,534,507,2.958365575552065
200,537,561,2.976972771966324
200,540,513,2.950676321962859
200,540,162,2.8767582276398684
200,543,540,3.2450890780969037
200,546,543,2.940887471539429
200,546,168,2.5715362138144378
200,549,540,2.8508629335777793
200,549,645,2.8340532442726296
200,552,549,3.071521959621264
200,552,525,2.840604920055728
200,555,177,2.9499823724263763
200,555,630,3.220305364584763
200,558,645,2.6819684625901457
200,558,549,2.975339685444966
200,561,183,2.6972005177700082
200,561,552,2.62569594426023
200,564,639,2.8212815359375703
200,564,537,2.881711221112202
200,567,597,3.1636101448583913
200,567,519,3.1469420364249094
200,570,429,3.22770209073455
200,570,597,2.7734834950027523
200,573,579,2.726416234104675
200,573,609,3.1060092013777076
200,573,600,2.987888490701788
200,576,603,2.7506806763750866
200,576,315,2.7865506145598276
200,579,576,2.9593523633273486
200,582,618,3.129438838830528
200,582,609,2.762180092542521
200,585,240,2.5830320583691915
200,585,405,2.7097309452488263
200,585,588,2.9907274849233048
200,588,576,2.998040293867187
200,588,315,3.04871923490132
200,588,612,2.9804733318908374
200,591,411,3.015625857188727
200,591,582,2.7894600098858637
200,594,630,2.771251957056242
200,594,603,2.953897386953419
200,597,594,2.73927514300253
200,600,513,2.7483476002739238
200,600,486,2.93498729725999
200,603,612,2.7946481411877167
200,603,537,2.9763162053006855
200,606,603,2.822221108533078
200,606,582,3.2454867964981826
200,609,522,2.7348563356287063
200,609,636,2.8044150781180397
200,612,432,2.77930057985781
200,612,615,2.624791756778056
200,615,438,2.885384375285964
200,615,591,2.74571636104754
200,618,615,2.967235700076747
200,621,546,3.006299107555543
200,624,480,3.0410605126842314
200,624,630,2.8160862539832117
200,624,621,2.895737909900366
200,627,609,3.0246711691644097
200,627,600,3.043430662170101
200,630,606,3.1083251424089986
200,630,252,2.978691336366915
200,633,624,2.9185712836975477
200,633,258,2.778508000706234
200,636,633,2.896523576405061
200,636,249,2.860737512450886
200,639,612,3.2284981452293713
200,639,459,2.662887691981613
200,642,633,2.886280649618316
200,645,642,2.7410340364850616
200,645,618,3.0397388295388112
200,645,267,2.8009619140729454
250,0,9,2.8818284751285574
250,3,12,3.0542292908820685
250,3,81,3.1754292581417607
250,6,3,3.239973017741004
250,6,186,2.69236534828093
250,9,18,2.592508496138671
250,9,96,2.9733388204484816
250,9,12,2.75190114856692
250,15,42,3.09546955119877
250,15,39,2.920952954397951
250,18,105,3.0531909975467957
250,18,396,2.8116970132580943
250,21,48,3.0402459448100023
250,21,18,2.8859757555300036
250,21,390,3.193868682647252
250,24,15,2.996441998514969
250,24,99,3.1342632393280403
250,27,57,2.8052412070751047
250,27,123,2.8876504704458688
250,30,12,3.0516420497240055
250,30,9,3.1297153327576406
250,33,42,2.960301737557458
250,33,39,3.0822829164898407
250,33,213,2.9077054884539106
250,36,9,2.9391392788462603
250,36,63,2.7650858602519555
250,39,36,3.019946784105327
250,39,66,3.08744043636569
250,42,51,2.8230208273496844
250,42,108,2.9131222138325565
250,45,18,2.9301050944745617
250,45,48,2.736935230395485
250,48,24,2.682716568539225
250,51,99,3.0021900066310057
250,54,123,2.6382885930458775
250,57,327,2.8834134035838908
250,57,33,2.720995912936882
250,60,240,2.9608514439714657
250,60,33,2.7623316392725616
250,63,66,2.9978752793454273
250,66,336,2.707424039046983
250,69,66,3.0953959604103654
250,72,303,2.8333320242375275
250,72,219,2.742688217251037
250,75,63,2.9723974321068027
250,75,24,3.179888262950819
250,78,69,3.0973895233611777
250,81,90,2.992091102305195
250,81,42,2.7673683478491515
250,84,264,2.9464584928042794
250,84,81,2.990911657140146
250,87,114,2.715483913942657
250,87,0,2.933457309858932
250,90,93,2.7972936854419785
250,90,117,2.7449180283011665
250,93,87,2.6196971066810653
250,93,462,3.0389630661299174
250,96,474,2.9668741813913813
250,99,126,2.706112160053549
250,102,93,2.8662768492031887
250,102,471,2.7236720342190903
250,102,480,3.081128135351522
250,105,45,2.662204459108973
250,105,276,2.9977104861107624
250,108,261,3.126362677095829
250,108,135,2.741508352171446
250,111,84,2.7825514891547267
250,111,108,2.791661452829683
250,114,111,2.8495866725431434
250,114,138,3.080455672225787
250,117,108,3.1545126512683344
250,117,144,3.218267416620752
250,120,138,2.7410550747472557
250,120,102,2.9684135571157584
250,123,45,2.8523398056907743
250,123,120,2.9269081742550846
250,123,150,2.8943041692258613
250,126,147,3.044236724317386
250,126,129,2.969446915206868
250,126,102,3.1533442251012134
250,129,132,2.9396267936315406
250,129,246,2.79605446805921
250,132,273,2.9848683781371737
250,132,189,2.90858692977337
250,135,318,2.719995879897578
250,135,405,2.8230194147942744
250,138,147,2.7690664402454446
250,138,111,2.975654541104305
250,141,27,2.84925253075329
250,141,114,2.6880444880360725
250,144,405,2.915004707878809
250,144,414,3.0629140520166294
250,147,129,3.338049467617864
250,150,138,2.6341310137236125
250,150,120,2.6015475814274365
250,153,423,2.726713266493015
250,153,78,2.713835232854557
250,156,129,3.094570822893289
250,156,300,2.9711420891273606
250,156,570,2.851221900588404
250,159,150,2.6666009905250827
250,162,105,2.722823328861958
250,162,21,2.935965263425822
250,165,168,2.7068670806110555
250,165,177,2.9890704318415815
250,168,99,3.1575091523233256
250,168,21,2.9484855433744563
250,171,636,2.965481952295798
250,171,180,2.827693958748135
250,177,174,2.628391608409287
250,177,252,2.8361646688375015
250,180,378,2.610097003718225
250,183,3,2.578839322481689
250,183,210,2.6639619021083996
250,186,561,2.816421306335177
250,186,183,3.0958748455836
250,186,564,2.8369700195358636
250,189,48,2.764004895345193
250,189,72,2.60734689560508
250,192,198,3.06671539200669
250,192,75,2.572445989454617
250,195,270,2.863354400200493
250,195,78,2.8729352448986183
250,198,171,3.100565177342849
250,198,189,3.1240426527326943
250,201,237,2.6091779097137784
250,204,201,2.813667940778278
250,204,195,3.135429498701697
250,207,216,3.258024728374718
250,207,198,2.8217545747366555
250,210,30,3.0614329853986137
250,213,315,3.100857519669866
250,213,6,3.0058423630759425
250,216,219,2.946370054191066
250,216,312,2.7805831523744255
250,219,222,2.8732797499084493
250,219,75,3.0115509279591066
250,222,492,2.860302419987936
250,225,495,2.6931377502836598
250,225,321,2.8845696600161577
250,228,237,2.918747421973117
250,228,225,2.7256680147369123
250,231,306,2.884120595822094
250,231,201,2.989561534676589
250,234,57,2.9849969148353805
250,234,507,2.8026149605124027
250,237,57,2.727403063804283
250,237,207,2.801130728980203
250,240,231,2.8592028686490747
250,240,315,3.0255705485731634
250,240,213,2.909340756210011
250,243,195,2.6134875652108773
250,243,99,3.002829331184935
250,246,480,2.877952115977158
250,246,255,2.9653746400906593
250,249,483,3.2408072594393866
250,249,624,2.913604500594734
250,252,255,2.790576711987785
250,252,261,2.7510690245053007
250,255,258,2.930652843863593
250,258,285,3.040072121012791
250,258,249,2.785618750670075
250,258,276,2.968860089965567
250,261,264,2.7143921659197803
250,261,291,3.090570347434889
250,261,84,2.6855251471414445
250,261,459,3.0337014075121744
250,264,267,2.8601881160514977
250,264,633,2.9679883663798443
250,267,0,2.885716400562637
250,267,87,3.0257927555319033
250,267,294,2.788407607697176
250,270,279,2.795702361845383
250,270,246,2.931893985783544
250,273,246,2.8404271153753355
250,273,276,2.7058413482143564
250,276,216,3.0208280148252653
250,276,171,2.592117838229635
250,279,252,3.0212384491405264
250,282,309,2.618839772871133
250,282,300,3.0564276936056376
250,282,273,3.175592879899415
250,285,282,2.74302625246398
250,285,216,2.9240430319280466
250,288,291,2.970235620058109
250,288,306,2.7289224066343056
250,291,282,3.0543878873441486
250,294,207,2.800178150573736
250,294,0,2.717700426291758
250,297,270,3.0368530650153738
250,300,273,2.86505986920867
250,300,270,2.802999525692801
250,303,312,2.856436723741244
250,303,156,2.9457168558076345
250,306,297,2.895370447491048
250,306,279,2.8396305774781645
250,306,204,2.8630200132325307
250,309,300,3.3206086841211477
250,309,576,2.8030974830994633
250,312,321,2.81955032873634
250,315,405,2.994157043371957
250,318,591,2.6009906137065393
250,318,321,3.0388348425449903
250,318,282,2.9584063580088755
250,321,294,2.8901232817191427
250,321,141,2.9604403421179373
250,324,327,2.7015119094668476
250,324,54,2.834395711062997
250,327,336,2.721030513186506
250,327,60,2.9219939419827665
250,330,144,2.940520127064951
250,330,60,2.8592764011723877
250,330,510,3.017793464777869
250,333,342,2.8304785518379405
250,333,420,3.1597487333072616
250,333,336,2.853101056795949
250,336,372,3.0137864098560723
250,339,330,2.9136616665282546
250,339,441,2.9813208243843254
250,342,159,2.7077492056876493
250,345,489,2.8038100519252445
250,345,75,2.7990403867988527
250,348,339,2.973838653101156
250,348,345,2.851676462817311
250,348,372,3.046054406319356
250,351,333,2.774100201847136
250,354,534,2.8614842268441767
250,354,363,2.8770945917504602
250,357,510,2.9501822413352294
250,357,612,3.053129982117104
250,360,396,2.9157946861560182
250,363,372,2.720776568218262
250,363,330,2.6405165967101256
250,366,357,3.0317478887546763
250,366,363,2.73455023427542
250,369,456,3.0787933431504273
250,369,489,2.8338094479711797
250,369,342,2.849854324059378
250,372,369,2.9844599135407996
250,372,375,2.722219568950553
250,375,393,2.93295305513954
250,375,546,2.860152445649975
250,378,30,3.150886050907977
250,378,381,2.9391022147021184
250,381,384,2.9369509614501097
250,384,561,2.8469837045154907
250,387,360,2.990317416389419
250,390,393,2.8486064776479814
250,390,399,3.11277061388563
250,390,381,3.1014511980400967
250,396,456,2.717051668721247
250,396,447,3.2617679602656877
250,396,162,3.129832971129097
250,399,516,3.1817469393507376
250,399,543,2.999198763765608
250,402,375,2.9809298603073384
250,405,432,3.120275843357484
250,405,330,2.8849519246809434
250,411,324,3.1985322633215865
250,414,444,2.7456466090199667
250,414,417,2.715781619044891
250,417,156,3.0197423571629747
250,417,147,2.979360692187458
250,417,426,2.645410803451231
250,420,417,2.758859105705853
250,420,411,2.717928646630925
250,423,426,3.037012043302175
250,423,69,2.896803143945003
250,429,303,3.131940295081327
250,429,159,2.820489321564582
250,429,420,3.103271977319403
250,432,414,2.784236236390943
250,435,432,2.824879022375822
250,438,351,2.737750418304449
250,438,435,2.7839815089028614
250,441,468,2.806046729124065
250,444,420,3.256537512498227
250,444,453,3.0675459755258663
250,447,456,2.9213883479747476
250,447,333,2.6774064368108847
250,447,351,2.946720620765812
250,450,375,2.975743890912615
250,453,477,2.8210328808241663
250,453,474,2.9774926385009466
250,456,600,2.902941432572737
250,459,384,2.8394968885474534
250,459,186,2.7560116447187237
250,462,465,2.724648831131499
250,462,435,2.863073893635566
250,465,438,2.6801045259503655
250,465,642,3.002286100785787
250,468,459,2.838819465575617
250,468,366,2.8915448172518095
250,471,483,3.026723972948056
250,471,474,2.684751945426689
250,474,438,2.97605967271228
250,474,447,3.083644558886161
250,474,387,2.8383380303560632
250,477,402,2.8104653711853675
250,480,477,2.887298764517331
250,480,621,2.7008732066757064
250,483,453,2.6517761100271993
250,483,396,2.949668140184516
250,486,303,3.218816408445547
250,489,486,2.8435124385902686
250,492,501,3.128507119233472
250,492,231,3.109428509863838
250,495,504,2.6625157347868287
250,495,522,2.871065414587648
250,498,501,2.8628242862497557
250,498,228,2.7452828337340502
250,501,567,2.652154222744806
250,501,519,3.2918998426065995
250,501,231,3.132920167585957
250,504,324,2.8677232675889375
250,504,234,2.889989142616053
250,504,351,2.836042539509445
250,510,240,2.861349855301174
250,513,369,2.707665919297483
250,516,492,2.9710839180022988
250,516,519,2.891583726346423
250,519,546,2.9824571466790006
250,519,528,2.6444226260323616
250,522,618,3.2229797961995637
250,522,525,2.9117294852831046
250,525,531,2.8394057048157677
250,525,498,2.684647913070295
250,528,498,2.872577180759356
250,528,555,2.674993387472536
250,531,558,2.7594544519724824
250,531,504,2.7980266672233265
250,534,561,3.016517962556567
250,534,537,2.9832261675046445
250,534,531,3.0080793149362797
250,537,585,3.0631209108437627
250,537,564,2.518756615124696
250,540,543,2.9568800890445335
250,540,162,2.7938502719236666
250,543,528,2.7792722023644347
250,543,165,2.9712028518464924
250,546,555,3.1001279126956818
250,546,168,2.828987056850111
250,549,540,2.85679352892985
250,549,636,2.890124531438225
250,549,645,2.811487261344389
250,552,549,2.5927194149878234
250,552,525,2.850153894096724
250,555,630,3.2036419896860098
250,558,645,2.9727566597173887
250,558,549,2.673364134345086
250,561,552,2.5814274017002474
250,561,537,2.788698378234701
250,564,639,2.843011200711076
250,567,597,2.8818372215095245
250,567,519,2.879634106126759
250,570,429,2.8400471634705586
250,570,579,3.1111818955020025
250,576,603,2.9326626128478037
250,579,309,2.9639219595941686
250,579,576,2.860441075452977
250,579,582,3.117395413770682
250,582,618,3.0593337984247997
250,582,609,2.802141352111064
250,585,588,3.1956472405795857
250,588,591,2.78550165527494
250,591,141,2.6737101384028703
250,591,411,3.1051879106944575
250,594,630,2.8059990626303954
250,600,513,2.877767275868333
250,603,612,2.774624424855577
250,603,537,2.75259622784536
250,603,501,2.837497678560491
250,606,579,2.82265715041646
250,606,609,2.6185225304497983
250,609,522,2.8651949685974687
250,609,600,3.0549435709489874
250,609,636,2.8735475144055886
250,612,585,2.9050371125680505
250,612,606,2.852008802911165
250,615,435,2.7218922375934462
250,618,438,2.9875537069957043
250,618,645,2.8816599150618085
250,621,546,3.0432962190555353
250,621,243,2.9075463456517303
250,624,627,3.091869655894601
250,624,621,2.771907906127622
250,627,600,2.7500278609616386
250,630,606,2.9571074966024278
250,630,252,2.7892869042034047
250,633,624,2.9035507414994286
250,633,258,3.028710563146999
250,636,633,3.0004103257568033
250,636,249,3.1491332246692743
250,639,252,3.1994415601013575
250,642,633,3.029646223551351
250,642,615,2.9625639684249627
250,645,180,3.0763276729726323
300,0,27,2.812419351404846
300,0,9,3.022382117672015
300,3,42,2.922600967751108
300,6,186,2.8683293371820486
300,9,18,2.719635353818459
300,9,12,2.760536003586279
300,12,15,2.6024525242946717
300,12,390,2.765019357509313
300,15,39,2.7679847971601363
300,15,81,2.7045663069989185
300,21,18,3.0723062080840573
300,24,192,2.7695046917092396
300,24,99,3.0673529031039193
300,27,57,2.769552084303347
300,27,123,2.791202729799214
300,30,12,2.8536614922352483
300,30,36,2.9508889492603
300,33,42,2.81842413227049
300,33,39,3.0013970649836095
300,33,6,2.8202036807293602
300,36,48,2.915301082500712
300,36,9,3.2096401552020386
300,36,63,2.9704122879045354
300,39,36,2.8652189429569894
300,42,51,2.760757719332962
300,42,108,3.0130869223399586
300,45,105,3.1882493347141896
300,54,123,3.1923317369640802
300,54,150,2.732315390748717
300,57,327,2.739138293780174
300,57,33,2.769883450249202
300,60,240,3.0550485158226603
300,60,33,3.0977006602751764
300,63,336,2.9003264255470027
300,63,345,3.0440614835317463
300,66,336,2.6801412648367187
300,69,144,2.6687021887469338
300,69,66,2.9238795898167473
300,72,159,2.8504645751764515
300,72,486,3.091282059137069
300,75,63,2.8400886838922297
300,78,69,2.610916202365679
300,81,402,2.6935388979157655
300,81,84,2.71230568538913
300,84,468,3.1101921561086097
300,84,261,3.0107782081088152
300,87,0,2.6639892462714028
300,90,102,2.767508495032162
300,90,117,2.8091462637678237
300,93,87,3.187505498798546
300,93,84,2.9668777414341454
300,96,120,3.112057664010899
300,96,87,2.897884741841593
300,99,195,2.7846216178407985
300,99,90,2.999834692995088
300,102,93,2.9096834881928704
300,102,96,3.255821839759304
300,102,480,2.878176082617567
300,105,276,2.805737381257019
300,105,189,2.9613151848372983
300,108,213,3.073985755587275
300,108,135,3.056732125616939
300,111,84,3.063875746035302
300,111,261,3.1101487002451282
300,114,135,3.1005049273996828
300,114,111,2.776415166936091
300,117,147,2.850183420627561
300,120,117,3.016317902238099
300,120,93,3.0085560975781744
300,120,129,3.1303641143404217
300,123,45,2.966655177900386
300,126,129,2.892278955471774
300,126,102,2.6633462051421746
300,129,132,2.9080422610492196
300,132,216,2.8316956396003454
300,135,318,2.6803991540019396
300,135,405,2.9401193379549997
300,138,120,3.013731670126383
300,138,135,3.023916744050293
300,141,114,2.889707857731466
300,144,405,3.0115243401408778
300,144,138,2.952833285366616
300,144,408,2.883292377291767
300,147,423,2.699451085136182
300,147,156,3.06291293461039
300,150,417,2.835690833475411
300,150,123,2.6885611793696476
300,153,423,2.9538932776529956
300,153,147,2.9345703167650905
300,153,126,2.8321705750278565
300,156,300,2.7422757036014658
300,156,570,2.836753046285951
300,159,420,3.2088482858941245
300,162,105,2.88999553168807
300,162,399,2.676703663786536
300,162,21,2.7107771409829797
300,165,243,2.794481798937344
300,165,177,2.8298766115215326
300,168,99,3.0547251515999885
300,168,21,2.8295208412197836
300,171,549,2.770912660107585
300,171,636,2.807272524475532
300,171,180,2.7981396181203055
300,174,165,2.8784035358611093
300,177,186,2.7169771950432517
300,177,252,2.8668530168162034
300,180,210,3.0340134906627347
300,180,378,2.681679995868265
300,183,3,2.816548044168211
300,183,210,3.178065756880481
300,186,183,2.750005206995001
300,186,564,3.0341474292083532
300,189,48,2.9176401462819714
300,192,198,2.7748948885128186
300,192,75,2.8289693899186115
300,195,270,2.7338520657743026
300,201,198,2.901773724673945
300,201,219,2.752645244656277
300,204,201,2.949301511228914
300,204,195,2.732554214208125
300,210,207,2.7373403093170374
300,210,201,3.2393535375580664
300,213,306,2.6664806220388684
300,213,237,2.752648021535686
300,216,219,3.0931545054246445
300,216,312,3.134790781239306
300,216,225,3.0055223070531554
300,219,225,2.882623592454984
300,222,492,2.9836688178612536
300,222,231,2.816142858811586
300,225,495,2.77236922105465
300,228,237,2.861159691596319
300,228,225,2.7698454230964473
300,231,306,2.7948316117687773
300,231,213,3.2635116664732147
300,231,228,3.2535207379263364
300,234,507,3.3006813149006664
300,237,57,2.66864270839988
300,237,207,3.110762097641086
300,240,213,2.82187667412423
300,243,99,2.8006517758161262
300,243,546,3.1948229657264378
300,246,480,2.8649368579349024
300,246,255,3.01059805828078
300,249,483,2.663569302598166
300,249,627,2.912783432781485
300,249,624,3.071574631007084
300,252,255,2.8033011846244382
300,255,282,2.754854877178629
300,255,291,2.8354879804621427
300,255,279,2.5491554359214548
300,258,171,2.8360827953682968
300,258,249,3.196295078713647
300,261,288,2.8520710812041683
300,261,108,3.2564868152857356
300,261,291,3.0046339387800107
300,264,465,2.530898385936219
300,264,633,3.0108293025117447
300,267,0,3.05327157513068
300,267,285,3.082115432755526
300,270,279,2.7972867275606577
300,270,126,3.144265970427096
300,273,258,2.72286566584157
300,273,276,2.67998126929417
300,276,216,2.803404938598625
300,276,171,2.8785357293846476
300,279,177,2.78265612939499
300,279,252,3.0611663004519505
300,279,204,2.7253245672854787
300,282,309,2.8130856458192306
300,282,300,2.6561090509414576
300,282,273,2.7201767097712453
300,285,273,2.9588535884552414
300,285,294,2.976742705284609
300,288,291,2.8496925588603834
300,288,306,2.7832533388694203
300,288,279,3.1002253559214212
300,291,267,2.780092439831318
300,294,114,2.855596359583332
300,297,153,2.869508438910526
300,300,273,3.1037045494483837
300,300,270,3.1337316070115193
300,303,159,2.802374648538745
300,303,156,3.014933559457276
300,306,297,2.8287849912513905
300,306,204,2.80661971876827
300,309,300,2.676106833980499
300,309,576,2.801893177460677
300,312,321,2.723196960521157
300,315,405,2.9897044906761714
300,315,288,2.9584189262556553
300,318,321,2.953146783942488
300,318,309,2.877306443769298
300,321,294,2.711967998228147
300,321,591,2.6877340807051553
300,324,333,2.715659500882368
300,327,363,3.1095199499269643
300,327,60,2.7721535365112535
300,330,414,3.2329206913165747
300,330,69,2.869124432350589
300,333,420,3.042789168155846
300,333,336,2.8884572397353074
300,336,342,2.8393483276179348
300,336,372,2.890534696345171
300,336,345,2.956298602113878
300,339,330,2.6589109532368753
300,339,375,2.960797499446974
300,342,489,2.9201319636787617
300,345,489,2.9149234259051715
300,345,75,3.0587374441743616
300,348,423,2.9715520917665668
300,348,78,3.0356796144635645
300,351,324,2.734121455851933
300,351,333,2.765950722008827
300,351,360,2.788201318764193
300,354,534,2.880336629828156
300,354,363,2.750027208380699
300,357,510,2.972391250009966
300,357,612,2.963372454132558
300,360,396,2.8151209099025585
300,360,381,2.7322695886147943
300,360,390,2.864727616119349
300,363,372,2.6587808411435314
300,363,366,2.8636269159103116
300,366,357,2.9587883935410586
300,369,456,2.7050362468086275
300,369,342,2.9520199517540857
300,372,516,2.6639791413318323
300,372,369,2.9670363680075824
300,372,348,2.9424333124990527
300,375,393,3.1648066781543682
300,378,30,2.956955301986535
300,378,183,2.713580201762429
300,381,558,3.087882146155527
300,384,561,2.8606342672336806
300,387,378,3.030046523290949
300,387,360,2.955828130247394
300,390,399,2.93982558120091
300,390,393,3.006633317026079
300,393,168,2.8610613308616157
300,393,81,2.587471911069243
300,396,456,2.6585259258919374
300,396,162,2.8736769656369527
300,399,369,2.712383356355635
300,399,543,2.991836557035918
300,402,375,2.8687957971474596
300,402,168,2.803234030819105
300,402,546,2.682760631510798
300,405,432,2.8493915975334194
300,405,330,2.7728354298995193
300,408,417,2.9111575924619704
300,411,324,3.0930606071999907
300,411,150,3.1581105372955536
300,414,441,2.844898383581776
300,414,444,2.71726946991882
300,417,156,2.6862588323192376
300,417,426,2.8104167141394485
300,417,414,2.966843471343082
300,420,417,2.7208784642202533
300,420,411,2.9982816122971263
300,423,426,3.231150604692647
300,423,339,3.0933460125227397
300,426,429,2.991011476892517
300,429,573,2.8988775608706434
300,429,303,3.0855172954221146
300,429,159,3.0558243871371618
300,432,330,2.93339477509913
300,432,408,2.7419593785971608
300,435,639,2.814150210206769
300,435,432,2.7551021575386643
300,438,351,2.831410255445934
300,438,447,2.9312697197775486
300,444,453,3.089502776748536
300,447,420,2.7681045662906074
300,447,333,2.6245040891329907
300,447,351,2.9585001250158114
300,450,441,3.0094505833461715
300,450,519,2.830297516240679
300,453,471,3.0390244521729715
300,456,600,2.917660020960178
300,459,3,2.693100206930985
300,459,384,2.9297055662385527
300,459,186,2.6319489531864506
300,462,465,2.9180573694148335
300,462,264,3.1707207398928987
300,462,435,2.7680676764166527
300,465,387,2.7611331507060397
300,465,438,2.9168829579564415
300,468,81,2.760204906232962
300,471,474,2.696710380727563
300,471,483,2.896948686359596
300,471,462,3.3338687567236556
300,474,396,2.926145585008321
300,474,447,2.844562015944667
300,474,387,2.817458521953678
300,477,450,2.47155119146871
300,477,402,3.060580073697588
300,480,471,3.113298839215271
300,483,396,2.8981876793263486
300,486,303,2.8984198751825274
300,486,573,2.8987252077609953
300,486,495,2.8262525873680975
300,489,513,2.956060686424434
300,492,489,2.6311915769704477
300,492,498,2.765983633615289
300,495,522,2.635175614808438
300,495,573,2.9397403953287276
300,495,582,2.907871825704838
300,498,537,3.088628112109325
300,498,228,2.503969407594877
300,501,231,2.8444494990802904
300,504,351,3.1287135692610573
300,507,531,2.7926447362854616
300,507,327,2.936869119985921
300,507,354,2.9353870799759347
300,510,363,3.029238256412127
300,510,507,2.7324561378383505
300,513,543,2.988146100826143
300,513,369,3.1678616193715587
300,516,348,3.04448594688556
300,516,519,2.9167148965739798
300,519,594,2.8281428220939815
300,522,618,2.7719353563167024
300,522,525,2.8342493503223816
300,525,531,2.8608251370519087
300,528,498,2.6539524140693063
300,528,525,2.9294594847563697
300,531,558,3.076558785309965
300,531,504,3.1053607444739812
300,534,537,2.85569491498304
300,534,384,2.9578058016535143
300,537,585,2.6109696734502656
300,537,510,3.0173802435382755
300,540,543,3.1071607471696625
300,540,162,2.741398715491068
300,543,528,3.308204569782391
300,543,555,3.0961826123234837
300,543,165,2.7150784424165093
300,546,519,3.1379985932394536
300,549,540,2.92883118109304
300,549,645,2.7581946127944543
300,552,549,3.1757761190603024
300,552,525,2.861577211855846
300,555,528,2.7132517513260503
300,555,594,3.0633117000280135
300,558,645,3.276072192144329
300,561,552,2.7305856972604685
300,561,564,2.9588350940215387
300,564,630,2.6682093266043982
300,564,252,2.9769103588390826
300,564,639,3.0739883998897364
300,567,423,3.2038582593647806
300,567,348,2.9385580250758587
300,567,519,2.967737620624245
300,570,573,2.7874579594504407
300,570,429,3.0508657435621225
300,570,597,3.0839981039002353
300,573,312,3.0704473785141997
300,573,579,2.671552076114426
300,576,315,2.7818339242081844
300,579,576,2.7588997024466915
300,579,309,2.9488248227511886
300,579,582,2.803494763485665
300,582,609,3.0508969667011163
300,585,240,2.8255095721385874
300,585,588,2.8290104452253733
300,585,405,2.8232670898189527
300,588,591,2.610072185887117
300,591,411,2.8283373927276343
300,591,504,2.70664024551567
300,594,621,2.5881590894581814
300,594,630,2.8731037994402193
300,594,603,2.9711857728010633
300,597,594,2.7217452308502845
300,597,450,2.9840451857496055
300,600,540,2.889226194114099
300,603,564,3.2002252730993237
300,603,501,2.8699971339978583
300,606,579,2.666845280679742
300,606,609,2.983186577769793
300,609,636,2.6362369558883834
300,612,588,2.8757076297582103
300,612,585,2.8962582148487477
300,615,435,3.0437262887510697
300,615,438,3.097274730459861
300,615,612,2.9965714856534396
300,618,438,2.777921629081261
300,618,645,3.037218967337564
300,621,546,2.9252960486644377
300,624,627,2.670097344704632
300,624,480,3.0696585616843866
300,627,609,2.962960572454067
300,627,600,3.1910467704267025
300,627,597,2.6527646782824705
300,630,606,2.810677752260446
300,630,624,2.758729737768178
300,633,624,2.942783188886192
300,633,255,3.2171927336557684
300,636,633,2.8313680137295743
300,636,249,2.6426420238659465
300,639,264,2.91793080627064
300,642,615,2.8673072317479824
300,645,465,2.6803279428852465
350,0,294,3.082850700206679
350,0,9,3.0828507036456285
350,3,81,3.065644925045835
350,3,384,3.075134964348632
350,6,213,2.9271782146372005
350,6,174,3.1730760545845964
350,9,96,3.052586089725677
350,9,12,2.8809012620721988
350,12,15,3.0884901091787174
350,12,381,3.2870709984857007
350,15,39,2.556041092093146
350,15,81,2.775029847744447
350,18,96,2.8755486634991674
350,18,390,2.7623955868896415
350,18,12,3.112207772383434
350,21,189,2.695203173418013
350,21,390,2.7816953395798847
350,24,39,2.8585067080022943
350,24,15,2.9112477205923035
350,27,57,2.911614428563154
350,27,123,2.997085586232337
350,27,36,2.931640949798811
350,30,33,2.9561573079842756
350,30,27,3.1789191242970922
350,33,42,2.852478037688362
350,33,108,3.202690593752553
350,36,48,2.8200811479231187
350,36,63,2.9368045574903756
350,39,36,2.9307042865598687
350,39,66,2.759459970331748
350,42,117,2.7159411641047573
350,45,105,3.1127477847686036
350,48,24,2.9377548357518664
350,48,18,3.148062513257179
350,51,99,2.6950705190918893
350,51,117,3.248405436861453
350,54,150,2.874434191025055
350,54,342,2.7723572032641837
350,57,327,2.9369163879205646
350,57,33,2.964205191160213
350,60,213,2.9447187003534903
350,60,33,2.7758062953280604
350,63,72,2.7797968645666637
350,63,345,2.7565644640487657
350,66,336,2.479408260093827
350,69,144,2.8583977551813793
350,69,51,2.8330260755080636
350,69,66,2.7447154362668926
350,72,159,2.9531182336310544
350,72,486,3.1847228050244203
350,75,219,2.9960912368369232
350,75,63,2.83437010735633
350,78,195,3.0409090533684644
350,78,69,3.161437033489687
350,81,468,3.0013976831233036
350,81,90,3.0807203929222853
350,84,462,2.7784259699172553
350,84,459,2.8085426364791504
350,84,81,3.086123843587013
350,90,102,3.1535933085532486
350,93,87,2.7253642227008315
350,93,84,2.996136977926615
350,96,102,2.911645278767899
350,99,126,2.7757896096898915
350,102,471,2.7795537225645917
350,102,480,2.691535122778717
350,105,276,2.9244417232123117
350,105,21,3.0953110704221154
350,108,213,2.6959859172282634
350,108,261,3.0012619694781204
350,111,135,3.235169628213761
350,111,84,2.8927322041301324
350,114,135,2.719247113237031
350,117,144,2.658934839979355
350,117,120,3.0942730079890888
350,120,93,2.6489206009112936
350,120,102,2.8260784416355436
350,123,96,3.0205041010870004
350,126,147,2.872807249231374
350,129,132,2.900699866503829
350,129,102,2.706458467606879
350,132,72,2.9393199611584073
350,132,159,3.1277162250862944
350,132,45,2.62705073307438
350,135,318,2.8907103897872974
350,135,405,2.6787210438071423
350,138,120,2.722912239515629
350,138,135,2.7839845005695865
350,141,324,2.916986213622565
350,141,27,2.771182124576124
350,141,294,2.8496153872664025
350,144,108,2.721645869782363
350,144,405,2.98071537703455
350,147,417,2.8215830057909344
350,150,417,2.874409188918888
350,150,120,3.0474162923375574
350,150,123,2.865813560563616
350,153,423,2.82180044987676
350,153,126,3.26742952374673
350,156,300,2.6786606902710455
350,156,570,2.900814257277186
350,159,420,2.73770653532096
350,159,150,2.970567814618963
350,162,21,2.945385672193081
350,165,204,3.0728334075047643
350,168,15,2.851778145987127
350,168,21,2.904176367418465
350,168,24,2.816144723202715
350,171,636,3.1076481827509714
350,171,549,2.964509766723604
350,171,180,2.607231801644783
350,174,204,2.947919562654145
350,174,165,2.8764246497890644
350,177,186,2.777121971872609
350,177,630,2.8203042949168102
350,180,0,2.6859860373666242
350,180,558,3.281696621616626
350,180,549,3.009349039692773
350,183,210,2.605060436739237
350,183,180,3.1027408729882833
350,186,183,2.9453087788553574
350,186,564,2.8556968170686896
350,189,24,2.8073784655832466
350,192,198,2.791342676898484
350,192,75,2.8157088985864176
350,198,276,2.7276044772771173
350,201,192,3.0958077601301435
350,204,192,2.641627723024861
350,204,243,2.6505904797085504
350,207,198,2.742954969717532
350,210,174,2.622772409026188
350,213,306,3.134184022221683
350,213,237,2.960009169555591
350,216,219,3.275736865274856
350,216,486,2.895961659968172
350,219,225,3.0260659564309527
350,219,201,2.8020930383523104
350,222,75,3.2287790147762307
350,222,492,2.7620190372206777
350,222,348,3.1331089005651176
350,225,321,2.8146492508264855
350,225,207,2.8922824639579314
350,228,237,2.7776922705185303
350,228,225,2.799370734062283
350,231,306,2.771987847261036
350,231,201,2.841250992682238
350,234,225,3.1161924017588865
350,237,57,2.8963125532933947
350,240,231,2.950597600174997
350,243,99,2.85463319152691
350,243,546,2.9944723570115745
350,246,273,3.0877168151465666
350,246,255,2.8070662473113295
350,249,105,2.839406922907319
350,249,480,2.890170639815896
350,252,255,2.8619202599439233
350,252,633,3.10583643556367
350,252,261,2.759685376466885
350,255,258,2.9081700659080374
350,255,282,2.9662773649118326
350,258,171,2.8140376757546828
350,258,249,2.6398521938720316
350,261,288,2.910214313412262
350,261,111,2.847166987991276
350,261,264,2.8978520036445845
350,261,84,2.881946009190888
350,264,291,3.067948579443173
350,264,465,2.9656548505427325
350,267,645,2.8210092401878253
350,267,171,2.729869584251454
350,270,279,2.8295464698332538
350,270,246,2.6579021730587633
350,273,276,2.9561246466213227
350,276,216,2.6369494302406244
350,276,132,2.6308334122659818
350,276,285,2.8494758485319744
350,276,171,2.99203999006975
350,279,255,2.6673355039209805
350,279,177,2.850409530156382
350,279,204,2.853902583946342
350,282,309,3.0005139833587164
350,282,273,2.686376958668844
350,285,216,2.634052541303355
350,288,291,3.0669505039854017
350,288,279,2.7567719893951774
350,291,267,2.6495586782091647
350,291,114,2.7576249073018166
350,294,114,2.8169827973285257
350,294,285,2.9315637504424874
350,297,153,2.6892693165308827
350,297,567,2.5420757913137835
350,300,273,2.8135421572391066
350,303,300,2.9529766444737957
350,303,159,2.8551386591249646
350,306,297,2.8908961429541202
350,306,204,3.067021816184202
350,309,576,3.1734988696327857
350,309,300,2.7502409762753244
350,312,318,3.086791976604682
350,312,321,2.951146428819207
350,312,303,2.8089710628778124
350,315,213,2.967444380433434
350,315,288,2.74612220354836
350,318,282,2.879874195215988
350,318,309,2.8268286870035157
350,318,315,3.0981964514883478
350,321,294,2.7265549039421138
350,324,354,3.0117707211902154
350,324,333,2.8631428802010173
350,324,54,2.942686378502851
350,327,363,2.665489034751166
350,327,60,2.9797317312931986
350,330,408,2.730800389781848
350,330,414,2.6480068377209265
350,330,69,2.772256499794526
350,333,54,2.897575151839884
350,333,336,2.9551997549274094
350,336,54,2.9683006661316127
350,336,342,2.922674436524
350,339,330,2.9335764728047526
350,342,456,2.8805136234185804
350,342,489,2.772461783175553
350,342,345,2.8786334739908512
350,345,492,3.341946427921118
350,345,78,2.8171899454055285
350,348,567,3.024519018406397
350,351,354,2.725830970923002
350,351,618,2.8712092421532565
350,354,534,2.835610621748447
350,354,363,2.756433035800479
350,357,510,2.7067099249333655
350,357,612,2.968851662990839
350,360,396,2.982982634273029
350,360,381,2.7942600893297787
350,363,372,2.902405236156004
350,363,366,2.8300587403159247
350,366,357,3.0071837402140487
350,366,393,3.1438865877063304
350,369,456,2.91134170022489
350,369,489,2.9014379796432332
350,372,369,2.803596140474203
350,372,345,2.91426587135597
350,375,339,2.766840666012252
350,378,30,2.8997638865482362
350,378,183,3.05829243994593
350,378,558,3.0169633051187095
350,381,378,2.8607586060557506
350,381,384,2.8295312503928174
350,384,534,2.9593858937496273
350,384,561,3.0994712076864124
350,384,459,2.907581895813518
350,387,378,2.7180462911976733
350,387,360,2.8305636259425366
350,390,399,2.6742898331178484
350,390,393,2.828731981900746
350,390,381,3.135405963784781
350,393,81,2.921589975429622
350,396,456,3.0282156697358613
350,396,390,2.690816170640898
350,396,162,2.827335484698571
350,399,369,2.854609374890478
350,399,543,2.839546685085681
350,402,375,3.029983751363711
350,402,546,2.823743479400279
350,405,432,3.1191771648848388
350,408,138,2.846428933116642
350,408,591,2.9843927765005294
350,411,141,3.012143182387315
350,414,450,3.077944923983382
350,414,339,2.8900007047440512
350,417,156,2.841340058721795
350,417,414,3.0188438070217756
350,420,426,2.9405200294661653
350,420,411,2.7826061821258876
350,423,156,2.8905824138999052
350,423,417,3.0293615413266415
350,426,597,2.8820058427147286
350,426,414,2.857151843733291
350,429,570,2.923011477025661
350,429,159,3.15014298460122
350,432,357,3.019003630241066
350,432,408,2.887079877001659
350,435,639,2.933403133217256
350,438,351,2.8159943260016154
350,438,474,2.8194817416934668
350,441,366,2.971187124892599
350,441,468,2.774037955047411
350,444,411,3.2261232217917812
350,444,447,2.8583975861036204
350,447,456,2.821984860514596
350,447,360,3.0119332593696786
350,450,339,2.7501268423307645
350,450,519,2.6060836334046713
350,453,477,2.706431132670479
350,456,420,2.696626206269756
350,456,600,2.857231723015094
350,459,261,2.9103167030804773
350,462,465,2.9946442817087986
350,462,435,2.8347624981005253
350,465,387,3.0989984253789156
350,465,474,2.9988122667982595
350,465,438,2.7974483052859567
350,468,357,3.0347471050514874
350,468,435,2.7431383798721476
350,468,639,2.9174497707048475
350,471,483,2.860157574005323
350,471,474,3.0274197618398966
350,471,462,2.7621297827913436
350,474,483,2.8149983663662828
350,474,447,3.059358009684081
350,477,450,2.9543335034865583
350,477,471,3.0200943881637503
350,480,477,2.8757334369284315
350,480,246,2.7265003531943948
350,483,396,2.92572598339884
350,483,18,3.0058095302184196
350,486,573,2.9483280652785386
350,486,303,2.9958352017873695
350,486,495,2.774928744546681
350,486,225,3.062821903745149
350,489,486,2.74102055450227
350,492,498,3.1246850018215153
350,492,219,2.7938487875466445
350,492,231,3.0068890279284415
350,495,573,2.8663922173345657
350,495,321,2.965936029184546
350,498,537,2.929375242402445
350,498,228,2.6761897472187366
350,501,576,2.70414863777301
350,501,492,2.9056114649885747
350,504,234,2.771301746933698
350,504,351,2.573857111982486
350,507,531,2.971472479718593
350,507,327,2.7144119535277995
350,510,507,3.132187627128647
350,510,330,3.042559282721838
350,513,543,2.6682591737264882
350,513,516,2.8339659511333637
350,516,348,2.808825115209654
350,516,375,2.840096872252244
350,519,555,2.7815871637617504
350,519,501,2.9865593497306593
350,519,348,2.924399686879091
350,522,531,2.8326764302351046
350,522,540,3.318181196324182
350,525,498,2.7924278129059648
350,525,531,3.161225831030283
350,525,513,2.8188537904674886
350,528,552,3.114780619040681
350,528,525,2.9528726106054366
350,528,537,2.960441787448601
350,528,498,3.2350547971428996
350,531,354,2.8094822435447684
350,531,504,2.856248627486063
350,534,537,2.8919873160833505
350,534,558,2.8903623236273317
350,534,561,2.82976626351772
350,537,585,2.6458916598019173
350,537,240,2.9981558917822486
350,537,357,3.0539222761526728
350,537,564,3.2746292102913737
350,540,162,2.9400348405204384
350,543,516,2.8830360442410474
350,543,165,2.923118427561944
350,546,555,2.7013694754228514
350,546,375,2.86661221611741
350,549,540,3.223517002022071
350,549,645,2.9514921992374767
350,552,549,2.7368448880710936
350,552,525,2.960877272727145
350,555,528,2.6124886648341104
350,555,165,3.2051922870066574
350,561,552,2.910786509353863
350,561,564,2.834199696129785
350,564,630,3.0586753159162594
350,564,639,2.894875555679034
350,567,423,2.673783917451926
350,567,519,3.234711573831552
350,570,579,2.6717006883586585
350,570,567,2.7464958730424245
350,573,429,2.827839912216078
350,573,579,3.3193310500055295
350,576,585,2.5712557179472557
350,579,576,2.95504264012492
350,579,582,2.735010974834894
350,582,504,2.8235324853909907
350,582,609,2.98230690150748
350,585,510,3.1225844406815715
350,585,588,2.880689869571232
350,588,591,2.869885183667626
350,588,432,2.972362792415913
350,588,615,3.0000673589132734
350,591,411,2.7753999081183864
350,591,615,3.2047292486891146
350,594,621,2.9080516662262728
350,594,630,2.892193351693003
350,594,603,3.2048182914465655
350,597,594,2.703508548379555
350,597,450,2.749915739456774
350,600,540,2.9572120669395328
350,600,573,2.796952218292725
350,603,537,3.052582742800378
350,603,501,2.8933979306458384
350,606,609,2.8426875534865337
350,609,522,2.6422469428349746
350,609,636,2.8121361328180923
350,612,585,2.9409681175244176
350,612,564,2.9397708301700876
350,612,630,2.9627941785817384
350,615,438,2.782831076535924
350,615,432,3.0144933381991192
350,618,522,2.8883772705478847
350,618,642,2.947441428728408
350,621,546,3.1485750692070873
350,621,177,2.555211285455328
350,624,627,2.8451887070102546
350,624,621,3.038018700043182
350,627,453,2.9131164949782935
350,627,597,3.104425301934528
350,630,606,2.746528584647377
350,630,612,2.9627941785817384
350,630,624,3.0168979792030863
350,633,264,2.970383066036933
350,633,624,2.7989311319602734
350,633,255,2.9878454145484645
350,636,633,2.734648972957423
350,636,249,3.0459670415864695
350,639,252,2.6953159268449145
350,639,264,2.9534855521336016
350,642,633,2.5754101468677
350,645,618,2.852950555374204
350,645,465,2.9247987379676985
350,645,633,3.018403789549643
400,0,294,2.625391923538074
400,0,9,2.843623820199477
400,3,459,2.84956736849749
400,3,384,2.7504342542460725
400,6,213,2.722703547845825
400,9,387,2.9766058815029823
400,9,30,2.7511649724795504
400,9,12,2.8206212255749095
400,12,15,2.7996034247011234
400,12,3,3.1612603948732807
400,12,378,2.5376467081795187
400,15,39,3.0204060244431394
400,15,81,3.1695802253538963
400,18,96,2.8472726736847354
400,18,390,2.880465270136249
400,21,390,3.1833023372275995
400,24,195,3.232525758197283
400,24,39,2.992234224329396
400,27,36,3.0581779986883313
400,30,33,2.7508317443127623
400,30,210,2.766774207966235
400,33,42,2.9205293177836658
400,33,6,2.853303092993761
400,36,9,3.135777181049445
400,39,48,2.98125504614148
400,39,36,3.161518479022178
400,39,63,2.838503346872184
400,39,78,2.922396784573388
400,42,117,3.1796034223604552
400,42,81,2.471398728847343
400,42,3,3.0197344438995835
400,45,18,3.138367581368407
400,45,48,2.795455288518785
400,48,12,2.956337339322208
400,48,9,3.330324910716342
400,51,99,2.921814614071691
400,51,147,2.9169251803759617
400,51,144,2.9335925119610717
400,57,327,2.728175370305578
400,57,66,2.9057734178346664
400,60,213,3.1050932909886146
400,60,33,2.777789361482428
400,63,72,2.5864539024544952
400,63,78,2.7171800634206393
400,66,39,2.6880051681352404
400,69,51,2.800528607448022
400,69,66,2.9671509034207197
400,72,342,2.667644180938282
400,72,159,2.913972397025061
400,75,219,2.7510507743879105
400,75,63,3.165232838112377
400,78,69,2.7040487698992806
400,81,3,3.052750120898421
400,81,393,3.013134318288511
400,81,402,2.8057012522761138
400,84,639,3.0213912263448504
400,84,81,2.9423912709167603
400,87,0,2.7935696195039696
400,87,465,2.9791969343174927
400,90,471,2.7362958515738005
400,90,480,3.0718002679941634
400,93,87,2.9767936763971687
400,93,117,2.8025816508128076
400,96,102,2.888819597607761
400,96,93,2.8180258649766885
400,99,126,2.8781986871454404
400,102,471,2.947694973839663
400,102,480,2.8433080676844074
400,105,189,3.1858358213633484
400,105,18,2.9307286902334115
400,108,288,3.0168989769077372
400,108,213,3.1898632622495873
400,108,261,2.8605383076430826
400,111,135,2.818111932827523
400,111,117,3.1702534596342393
400,114,318,2.7775330672133354
400,114,111,2.7774011748214384
400,117,144,3.301595029698216
400,117,120,2.917461423081197
400,120,129,2.8082040878079337
400,123,45,3.196983610732537
400,123,9,2.837186885347175
400,126,147,2.856521384136024
400,126,270,3.152969134794592
400,129,132,2.867367170821126
400,132,159,2.7137171245878284
400,132,72,3.0537582319673833
400,132,45,2.5732051288947853
400,135,315,2.806545243663566
400,135,318,2.979487001104512
400,135,405,2.935168867622037
400,138,120,2.7571038902738416
400,141,324,2.847563089906137
400,141,114,2.9339536015577066
400,144,108,2.754343457660503
400,144,60,2.9644608875747362
400,147,156,2.949881469252832
400,147,138,3.006283939644966
400,147,417,3.0170658890644457
400,150,417,2.9316239646349826
400,150,123,2.9395309334152353
400,153,423,2.826406294533662
400,153,51,2.825302110900361
400,156,129,2.81679758150602
400,156,300,2.765593394807967
400,159,420,2.9837948314039258
400,159,150,2.7070562556300133
400,162,105,3.1194080343066775
400,162,399,3.1338619925249134
400,165,192,2.7318411041713833
400,165,243,2.852825212152235
400,168,15,2.896913503791774
400,168,399,2.8770830088230563
400,168,21,2.870076699586798
400,171,549,2.8539670158703117
400,171,636,2.999066789470577
400,174,6,3.1163513769452957
400,174,165,2.904097975928842
400,177,186,2.637866819074852
400,177,252,2.9541225141775826
400,180,0,2.924703360128397
400,180,558,3.0304765638421487
400,183,3,3.126988509049403
400,183,180,2.6724475517599675
400,186,183,2.772631721915433
400,186,174,2.9322983537898963
400,186,459,2.818861897920817
400,189,75,2.741990267910227
400,189,24,2.988959827885495
400,189,72,2.796636403269058
400,192,198,2.6978493417206373
400,192,24,2.8193699783355037
400,195,270,2.798457822923169
400,195,153,2.9230076638764486
400,198,171,2.859345114611573
400,198,276,2.83476171563801
400,201,174,3.1588421606172914
400,204,192,2.7199036441393893
400,204,177,3.014371960761367
400,207,210,2.9224384449331557
400,210,207,2.9224384449331557
400,210,6,2.8556633200679076
400,213,306,2.7228435213085125
400,213,237,2.7295719001548413
400,216,486,2.7208196148223145
400,216,312,3.097458305023406
400,219,216,2.7821337985578642
400,219,486,2.9216086798444025
400,219,228,2.5679720978339327
400,222,195,2.9314896293429076
400,222,75,2.94209142597924
400,222,231,2.9312014488836233
400,225,294,2.6464940079908086
400,228,237,3.0825902861587458
400,228,234,2.8100643174130373
400,231,306,3.1424067220101093
400,231,228,2.9036513943064235
400,234,504,2.9385445431307238
400,234,531,3.0487125767664605
400,234,321,2.657912830662084
400,237,57,2.775387571584461
400,237,210,3.0009284139310277
400,240,507,2.933059024796797
400,240,231,2.7905527152015663
400,243,24,3.1475264086925847
400,243,546,2.8366060529792785
400,246,273,2.923602209711598
400,246,255,2.8452752060505193
400,249,105,2.711841861015407
400,249,480,2.922157580314535
400,252,630,2.8577087048014422
400,252,633,3.2656054779104853
400,252,261,2.786036388787012
400,255,258,3.0773833339158894
400,255,279,2.545038960868119
400,258,171,2.841530857188023
400,258,249,2.7000880015340987
400,261,288,2.7840048391034014
400,261,111,2.839398360917412
400,264,84,2.794113305619827
400,264,87,2.8295168372808006
400,264,267,3.1102424962185258
400,267,0,2.8015560151756485
400,267,285,2.869565041517515
400,270,204,2.78009308269625
400,270,246,2.684778228355236
400,273,258,2.8022521455691503
400,273,132,3.134829157402169
400,276,258,2.760811876164274
400,276,171,2.9486122742862255
400,279,177,2.8844366125630274
400,282,273,2.8201414646767904
400,285,312,2.88797064181679
400,285,273,3.0144584069637683
400,288,282,2.79979432750293
400,291,267,2.8245981154240156
400,291,111,2.7095516865498355
400,291,114,3.0133110445572022
400,294,114,2.8003436883302544
400,294,285,2.7079090419075493
400,297,153,2.962900331213779
400,297,576,2.8951147779565294
400,300,129,3.0589216447839416
400,300,270,2.75430695894803
400,303,156,2.9618187158530396
400,303,159,2.911459333713274
400,306,297,2.835364302458691
400,306,195,3.1580849680739
400,309,315,2.8892645347398034
400,309,297,2.67405280793896
400,309,300,2.861445757266099
400,312,303,2.9042145973750637
400,315,405,2.8226679124780323
400,315,288,2.7677897056777216
400,315,213,3.1198483371938397
400,318,282,3.088968014523059
400,321,318,2.833777879095436
400,321,582,2.8392781275342047
400,324,354,3.084247888100188
400,324,54,2.9683859476124077
400,327,363,2.8276361411881394
400,327,60,3.0172298045951162
400,330,414,2.5434453283171603
400,330,69,2.7354965795303623
400,333,336,3.0112449695740335
400,333,354,2.864658938580336
400,336,63,2.8764848272894303
400,336,372,2.787490596288673
400,339,372,2.876912896281398
400,339,330,2.972181119071605
400,342,456,2.7053038874674353
400,342,345,3.0044253907455696
400,345,489,2.845406489044523
400,345,222,3.0071637100877853
400,348,78,3.228847786885695
400,348,501,2.8078588767500725
400,351,354,2.8223969641033038
400,351,618,2.9135409109243624
400,354,534,2.616531563739629
400,354,363,2.9370000692898612
400,357,510,2.8117767253856423
400,357,432,2.7818351904749825
400,357,612,2.9699164997358367
400,360,354,3.2319138955039803
400,360,381,2.6789210567136523
400,360,390,2.8654438007686847
400,363,372,2.707389759691619
400,363,366,2.9292640323603516
400,366,384,2.95769259758997
400,366,393,2.556495502157681
400,369,456,2.8456320346501873
400,369,489,3.155354717020543
400,369,513,2.978123348538009
400,372,369,2.9238521348399176
400,375,516,2.7708528309294262
400,375,339,2.782580407555613
400,378,30,3.1328783192304677
400,378,558,2.930855529930073
400,381,366,2.991217831567782
400,381,393,2.7169619352988206
400,384,561,2.6475488084462326
400,384,357,2.9196484798161584
400,387,378,3.134303573454998
400,387,360,2.5357204602261394
400,390,381,2.653070819163307
400,390,12,3.0792528027871544
400,396,456,2.8125160318029927
400,396,390,2.8860775049253564
400,396,360,2.9123321755320237
400,399,369,2.8965681796505565
400,399,516,2.934895092353944
400,399,543,2.89994353613788
400,402,375,2.9325122724523007
400,402,546,2.8431896338823623
400,405,408,2.6369614334000446
400,405,60,2.7027123287457013
400,408,417,2.6805845026926503
400,408,591,3.033308279267776
400,411,324,3.1597031489902383
400,411,591,3.0076015879325637
400,414,339,3.118157807967789
400,414,435,2.7658964152140912
400,417,423,3.0950122449364468
400,420,426,2.8493683901855165
400,420,447,3.034317946273348
400,423,426,3.157832591347771
400,423,339,2.820468476079045
400,426,597,2.9050676168708027
400,426,453,3.020304250845515
400,426,414,3.1347663512432353
400,426,444,3.1311866535511634
400,429,570,2.777319575680135
400,429,420,2.864492209700541
400,432,414,2.903470801142186
400,432,330,2.9917709823703924
400,432,615,2.8384432775595037
400,435,432,2.5992569680988398
400,435,444,2.690714628598317
400,438,351,2.9604134152221806
400,438,447,3.2470770814238836
400,438,435,2.983434249462134
400,441,366,2.6149406274387745
400,441,435,2.9229741779058576
400,444,411,2.9593948211008376
400,444,453,3.030034051309169
400,447,396,2.594769128409923
400,447,360,3.1427451568765643
400,447,351,2.7122525193896663
400,447,411,2.93084435986092
400,450,441,3.040344833674755
400,450,519,3.153009950054691
400,453,483,2.876618064178077
400,453,597,3.1886118506069465
400,456,420,2.796840513298283
400,456,600,2.655741282530951
400,459,261,2.7178805386304368
400,459,252,2.9668806704546697
400,459,468,2.999278020538944
400,462,465,2.995393227958029
400,462,264,3.221640589956039
400,462,435,2.8105361350484768
400,465,474,2.99017021921525
400,465,642,2.9960058973047308
400,468,357,2.718460148693572
400,471,462,2.6689572171405196
400,474,447,2.8452912375302932
400,474,396,3.195706598742795
400,477,450,3.070239202640825
400,477,597,3.0138186126183197
400,477,402,3.077358562315679
400,480,477,2.968817254628423
400,480,246,2.888953486736065
400,483,396,2.7058247960752513
400,483,105,3.337319810052888
400,486,429,3.2519330257227943
400,486,573,2.863632412648837
400,489,486,2.807883742430431
400,492,513,2.7662788480028366
400,492,228,2.886561944751114
400,492,219,3.007787043015957
400,495,522,2.7174250210987965
400,495,504,2.907484768221875
400,498,528,2.7888392215108624
400,498,537,3.0169212941608494
400,498,228,3.052836008919919
400,501,576,2.8145824766579124
400,504,615,2.887090414528184
400,504,351,2.641093083740083
400,504,618,3.0103913469987122
400,510,327,2.8498766714012254
400,510,330,2.777325536937569
400,513,543,2.9275748798261043
400,513,516,2.625236652119836
400,516,348,2.7914779655047712
400,516,372,2.8622499176888785
400,516,519,2.781925080914055
400,519,594,2.782793109737651
400,519,501,2.858720144003215
400,522,531,3.0204848487627443
400,522,540,2.8088934744430625
400,522,525,2.93222527257889
400,525,498,2.7245385214256923
400,525,540,3.295154681153603
400,528,552,3.100253774455731
400,528,513,3.227210784350004
400,531,507,2.9072732163092323
400,531,498,2.9861859545902614
400,534,537,2.808111011168125
400,534,558,3.2646333691631666
400,537,585,2.6504657982518354
400,537,564,3.242978567177274
400,537,357,2.9745832197135083
400,540,609,3.033014877327585
400,540,162,2.859601409517791
400,543,165,2.5554856375190576
400,543,552,2.8488724840967308
400,546,555,2.7185761168898663
400,546,375,2.7821482971118496
400,549,636,2.8210439887719105
400,549,645,3.0279443305157017
400,552,525,2.698967961378833
400,555,603,2.896049069062351
400,555,177,2.6419314004755567
400,558,618,3.041996006266112
400,558,525,2.874203664512548
400,561,183,2.771332475413876
400,561,528,2.8991118096247432
400,564,252,2.884242515262432
400,564,357,2.789444650450574
400,567,450,2.9602227399615773
400,567,519,2.9739710040681073
400,570,309,2.994443600534917
400,570,567,3.111268725001692
400,573,570,2.7203069460787677
400,576,603,2.851403739519311
400,576,315,2.9670420340571884
400,579,576,2.707770673825848
400,579,582,2.928135780705052
400,579,588,2.8429143606375766
400,582,615,3.089711030847267
400,582,606,2.943875499879841
400,582,573,2.81280378103886
400,585,510,2.7915143866597174
400,585,240,2.847127862233577
400,585,588,3.23058134367132
400,588,315,2.69731832282635
400,588,591,2.9839320165921204
400,591,141,2.7100481580451086
400,591,615,2.748861102472606
400,594,621,3.021472663231057
400,594,630,2.8478493710863346
400,597,594,2.8065052818958414
400,597,567,3.2736927203274093
400,600,609,2.8630518006819723
400,600,453,2.858472512034316
400,603,564,3.0302013703887396
400,603,528,2.6534306501149945
400,606,579,2.8722731107136448
400,606,609,2.8579350740479885
400,609,522,2.996932655394399
400,609,636,2.7375218353599498
400,609,627,2.8046384669924334
400,612,564,2.764043423989084
400,612,630,2.9637662853921833
400,615,438,2.720128450690586
400,618,438,3.0649040272571226
400,618,642,3.183896250547482
400,621,90,3.101251394334077
400,621,243,3.088530839449045
400,624,627,2.841690477849648
400,624,480,2.8562354478810037
400,624,621,2.7911145375281388
400,624,246,3.0802896035442244
400,630,606,2.8729738184717784
400,630,624,2.695095477192934
400,633,624,2.7228051278355827
400,633,255,2.6478149687897115
400,636,633,2.751086809089433
400,636,249,2.6774533360254718
400,639,252,2.827497474627454
400,642,606,3.093580712829065
400,645,267,2.8681112039703
400,645,633,2.816559652249208
450,0,27,3.2818947219473937
450,0,30,2.8113939059263022
450,0,9,2.9930145956072103
450,3,30,3.101524156348166
450,3,183,2.9646846553691564
450,3,384,2.9614057714451385
450,6,279,2.8307527000501467
450,6,213,3.080216557407721
450,6,261,2.886261193202149
450,9,96,2.8031548317199944
450,9,30,2.932518324425634
450,9,12,3.0995160890305153
450,12,15,2.722276009001018
450,12,381,2.6623971348441984
450,15,39,3.2044189319192413
450,15,99,2.6139287911211997
450,15,81,3.252726403046195
450,18,387,2.6815067328056834
450,18,96,2.7732208209585614
450,18,390,2.8950707750818303
450,18,12,2.793630851832044
450,21,105,2.849716357430319
450,21,189,3.1717705409434176
450,21,390,3.18375345707808
450,24,243,3.0705441051355358
450,24,195,2.8741498064394273
450,27,57,2.7707601089031857
450,30,33,2.793245170376356
450,30,210,3.0242456244930978
450,33,42,2.7752821899322893
450,33,6,2.705685760317802
450,36,63,3.269538850555346
450,39,48,2.8832454733329707
450,39,78,2.747982171346731
450,42,117,2.8243206017156655
450,42,3,3.1057683577258888
450,45,96,3.100816713546298
450,45,48,2.6611857372674748
450,48,18,2.7841828157062336
450,51,39,2.8662897400709775
450,51,144,2.791992481618157
450,54,150,2.841208759070531
450,54,342,2.82879049888603
450,54,336,2.9568241852182644
450,57,327,2.794581733567285
450,57,36,2.7485849737725787
450,57,66,2.8898431141861107
450,60,108,3.0418224983418902
450,63,54,2.9497429277771525
450,63,345,2.7543179560244515
450,66,33,3.0173693392481256
450,66,60,2.9133693286949316
450,66,39,2.714116963910494
450,69,51,3.0692108917575074
450,69,144,3.0721827611557124
450,69,66,2.7716493141085445
450,72,159,2.969249548425323
450,72,132,3.205940249105439
450,72,342,3.1417637310851583
450,75,219,2.824027179947424
450,75,63,3.0068482786573516
450,78,51,2.9770265328078116
450,78,153,3.16078818430758
450,78,372,3.235133876502479
450,81,468,3.189598329560395
450,81,402,3.072701382995695
450,84,462,2.8192351776298508
450,84,81,2.755558050477892
450,84,117,2.977051279681625
450,84,42,3.035241859839951
450,90,99,2.820568287899547
450,90,81,3.2546120894041444
450,90,126,2.7447673952166274
450,93,111,2.762615087777753
450,93,462,2.8074799869997085
450,96,102,2.7296469514242214
450,96,93,2.8107773455452065
450,99,117,3.3417603153553945
450,102,93,2.8735098879852528
450,102,480,2.8953637215687307
450,102,471,2.9162105031130845
450,102,483,3.002315488393419
450,105,276,2.8887519783365363
450,105,18,2.650337186335619
450,108,33,3.1788546335027124
450,114,291,2.7381501644836788
450,114,111,3.0502290663491323
450,117,147,3.2082454026211704
450,117,111,2.851839127311239
450,117,93,3.1564695189943244
450,120,93,2.7294066547804032
450,123,45,2.8366809528614754
450,123,54,3.18400717500623
450,123,9,3.202170743040554
450,126,51,2.721357189980869
450,126,195,2.666893125389561
450,129,102,2.9371726734357706
450,129,126,3.149174030969963
450,132,45,3.222107224773098
450,135,318,2.8496099476774814
450,135,405,2.841888152593696
450,138,120,2.7217076174113863
450,138,135,2.6937148604797296
450,141,324,2.8036336596953984
450,141,27,2.974115257817066
450,141,123,2.71093167261889
450,144,108,2.8853719898869508
450,144,138,2.901817641022349
450,150,417,2.7527790555613034
450,150,138,3.193999525183697
450,153,423,2.75647374762605
450,153,348,2.955378592373185
450,153,147,2.845509045641797
450,156,300,2.974142718126402
450,159,342,2.7939447312008854
450,159,150,2.980944701521865
450,159,54,3.0136962000208976
450,162,399,2.923284348280749
450,162,513,3.016826025255416
450,165,243,2.7813247012513926
450,165,555,3.2684817898691363
450,168,15,2.7537533123493403
450,168,21,2.7745734739952104
450,171,549,2.723888362184039
450,171,207,3.015648420707532
450,174,186,2.925057211892319
450,174,192,2.8185466398307972
450,177,186,2.9502474775882104
450,177,255,2.7476756848782844
450,177,252,2.9220236154403834
450,180,0,3.0359463213520654
450,180,645,2.779148740429481
450,183,6,2.8401340815620357
450,183,552,2.9391426400702674
450,186,459,2.7429026280259716
450,186,183,2.9206450493971117
450,192,198,2.9838025281115392
450,192,75,2.7606219408445893
450,195,153,2.7753232838313218
450,195,78,2.908299032589601
450,201,219,2.973427095327931
450,201,192,2.730247202893988
450,204,192,2.7366524363469393
450,204,243,2.96389728427091
450,207,216,2.840372859624548
450,207,294,2.853432842324129
450,210,174,2.919211549673817
450,210,6,3.0919143777050913
450,213,306,2.872653928400025
450,213,201,2.8618822203356835
450,213,237,3.037040979151114
450,216,312,2.8364399785343166
450,216,72,2.725702101863725
450,219,486,2.9336672530316283
450,219,72,2.980067112279694
450,219,225,2.60174145091463
450,222,75,2.939976338979118
450,222,297,2.864907181699162
450,222,231,2.904240180692542
450,225,321,2.671767580587098
450,225,294,3.1340431277694303
450,228,237,2.657467011694027
450,228,495,2.7802017157451537
450,231,306,2.7921638349646147
450,231,228,3.160960956319316
450,234,321,3.0420942210647652
450,234,27,3.0303972087217677
450,237,240,2.7675763829472215
450,237,60,3.0939228203845692
450,237,210,2.898472114189269
450,240,507,2.8768911252718095
450,240,231,2.80989445543051
450,243,90,2.713269939180596
450,243,168,2.6392318978821754
450,246,273,2.6727046895455553
450,246,258,2.859448887257997
450,246,624,2.928573271888429
450,249,105,2.962665295352906
450,249,480,2.7056631514174856
450,252,633,2.827845673023862
450,255,291,2.8019762871203575
450,255,279,3.121184158771568
450,258,171,2.6438663673655496
450,258,249,2.748205896773332
450,261,288,3.0627336997212518
450,264,639,2.6739394532165863
450,264,465,3.0886923408480804
450,267,87,2.945171321875784
450,267,171,2.703334049782257
450,270,204,2.703221998122767
450,270,246,2.6675350047103974
450,273,303,2.7201130550631354
450,273,129,2.9387205248288613
450,276,189,2.696982028588725
450,276,216,3.033770915372688
450,279,204,2.9282744439429536
450,279,213,2.7394151955279873
450,279,288,2.860888730149776
450,282,270,2.9222890733711906
450,282,273,3.310627121721613
450,285,312,2.8399398741538873
450,285,258,2.992478909864487
450,288,135,2.848856944297982
450,288,282,2.777418787363635
450,291,264,2.9951830125345773
450,291,267,3.1030356639553704
450,291,285,3.1479601822434615
450,294,114,2.832249982947863
450,294,285,2.8819248098284005
450,297,567,2.863547121892467
450,297,576,2.5677520395876585
450,300,129,3.1383605198977187
450,300,153,3.147637515419725
450,303,156,3.051959491265248
450,303,159,2.8070638511241324
450,306,204,2.8199136722819627
450,309,297,2.9518777759642845
450,309,282,2.984165335901666
450,312,318,2.8057189169330323
450,312,303,2.8636285229941336
450,315,240,2.894926586974409
450,315,405,2.881721813098034
450,315,288,2.74815881562425
450,318,282,2.973292475345603
450,318,588,3.117852930235737
450,318,582,3.0202735134117855
450,321,318,3.0541439664987577
450,321,582,2.8706135498454097
450,321,504,3.020764816103146
450,324,354,2.7347294138792426
450,324,336,2.5671889604061153
450,327,363,2.8527256859497907
450,327,60,2.5866883260983062
450,330,414,2.8774638726731148
450,330,144,2.805962370429533
450,333,456,2.7914261549689825
450,336,63,3.1322108863284366
450,336,363,2.7978475625454373
450,339,348,2.782531384224254
450,339,69,2.8192045468669766
450,342,420,3.1132712799555238
450,342,345,2.9139326666388716
450,342,489,2.9751890787636777
450,345,492,3.135411105959388
450,345,489,3.0153856352815813
450,345,222,3.0656596723965417
450,348,222,2.7859376693343227
450,348,567,2.7185332613990947
450,351,618,2.968419226112427
450,351,531,3.1927894016275347
450,351,354,2.7170346020634306
450,354,363,2.836730158140122
450,357,510,2.8807847567631164
450,357,432,2.726752576664695
450,357,612,2.863615554713148
450,360,396,2.959736651611761
450,360,354,2.85685954965375
450,360,351,3.02801737048546
450,363,339,2.6639684815331774
450,363,366,2.8607783453348086
450,366,384,3.008312569048587
450,366,393,2.8712442111407537
450,369,513,2.924394590953157
450,372,369,2.743613977746201
450,372,345,2.714407691509185
450,375,516,3.0282033432347872
450,375,366,3.2039569571386974
450,378,183,3.1678919444692717
450,378,558,2.677415034808181
450,381,378,2.709181766013525
450,381,534,2.979880968852101
450,384,561,3.06586723864435
450,384,357,3.0521905794721302
450,387,378,2.7462663810653445
450,387,360,2.8547628179408973
450,390,399,2.697425595008426
450,390,360,3.039218925942797
450,393,12,3.135890697638597
450,396,456,2.987981686009081
450,396,18,3.0984363672893975
450,399,516,3.0125652487888557
450,399,546,2.7796141447060743
450,402,441,3.0300586662216538
450,402,546,2.7864116012106246
450,405,330,2.8496212914398886
450,405,240,3.095996466774104
450,408,138,2.7562017472558153
450,408,591,2.9838406980456655
450,411,351,2.6835653129388968
450,411,141,2.900712971388674
450,411,591,2.9387290464210625
450,414,441,2.8279158211134097
450,417,156,2.7092002661124144
450,417,414,3.0126270898447784
450,420,411,3.091013863660131
450,423,426,2.881503808734549
450,423,339,3.2496123491287077
450,426,597,2.661574470320167
450,426,450,2.8641121620341767
450,429,570,2.813810754872195
450,429,303,2.980334667205334
450,429,600,3.0962506696326386
450,432,408,2.8153826767766668
450,432,615,2.815375307538253
450,435,444,2.7179032588245446
450,438,444,3.034148910359205
450,438,447,2.968332957339826
450,441,366,2.8875335670056113
450,441,468,2.7717801874688046
450,444,411,2.635349546182961
450,447,396,3.019212327347208
450,447,351,2.904885057207591
450,450,441,2.9256963598716252
450,450,519,2.9014772871316525
450,453,447,2.7591394501278304
450,453,474,3.1257896990135206
450,456,489,2.578682045975233
450,459,261,2.773959039967185
450,459,84,3.08636823182073
450,459,3,2.9118575838692027
450,462,474,3.054273217239515
450,462,435,2.8821390672208564
450,462,639,3.053943067475548
450,465,474,2.9062778490377896
450,465,642,3.091540213180859
450,468,384,2.768160206418712
450,468,639,3.0649945186405763
450,471,477,2.697237705206562
450,474,96,2.863824865541926
450,477,450,2.6924284949560775
450,477,597,3.2246987973831596
450,477,402,2.6401193516132078
450,480,90,2.8900121452063225
450,480,471,2.816327712054617
450,480,246,2.7410320076230525
450,483,453,3.2051702849529136
450,483,105,2.8446673263067583
450,486,312,2.7469330490510715
450,489,492,2.64107351460501
450,489,486,2.7035434484877157
450,489,429,2.914033109023688
450,492,498,2.921874081378774
450,492,228,2.4953811548503575
450,492,219,3.037925430806337
450,495,573,2.7264374236226434
450,495,504,2.5780611623560827
450,498,537,2.8632607060067268
450,498,507,2.6883190665354033
450,501,576,3.0792139919369665
450,501,492,2.875764474837572
450,504,582,2.76649485459682
450,504,615,2.943297304364543
450,504,606,3.0177714068250565
450,504,618,3.059085751699397
450,504,522,2.9793454394341428
450,507,234,2.8835246171870432
450,507,327,2.6933798624521845
450,510,534,3.2186420814692673
450,510,330,2.839476482802373
450,513,543,2.8577473693209434
450,513,516,3.0881761723517704
450,516,372,2.801454546111737
450,516,519,2.918757264168052
450,519,567,2.835068692015238
450,522,525,2.835441936998005
450,522,540,2.8688129016152546
450,525,531,3.168790942218495
450,525,513,2.7185096212775566
450,528,543,3.0235410391516964
450,528,501,2.790023102802666
450,531,495,3.0637399825298224
450,531,504,3.039513653865532
450,531,507,2.792959809432387
450,534,537,2.9914597790426734
450,534,558,2.8629078755468114
450,534,561,2.8850985574850037
450,537,585,2.789394569933388
450,537,564,2.962958051947471
450,537,561,2.9674247210554445
450,540,162,3.0940228206929596
450,540,525,3.137000655369918
450,540,513,3.1345543899171924
450,543,165,2.6005071738202448
450,543,552,2.8621223550113934
450,546,621,2.8393610616791762
450,546,555,2.898638801229503
450,546,519,3.1379709189632425
450,549,645,2.797096181007519
450,552,198,3.048874771300495
450,555,603,2.891406797534212
450,558,618,2.604373660694432
450,561,552,2.7417371774230683
450,561,183,3.0919129226620763
450,561,528,2.8709972484976687
450,564,459,2.7313062155020056
450,564,186,2.8310118800091026
450,564,357,2.760588089107191
450,567,570,2.978652301077611
450,567,423,2.693708247358326
450,570,309,2.8285869867479145
450,573,540,2.8044121616231847
450,573,570,3.0010816006103016
450,573,429,2.9747032778765985
450,576,603,2.609728694366106
450,576,585,2.8122820647351165
450,576,315,2.8045102970854856
450,579,603,2.96895665527258
450,582,588,3.034988440284723
450,582,573,2.960986843937835
450,585,240,2.9297059564348005
450,585,432,2.7019228902145658
450,585,357,2.9063587693363364
450,588,585,2.621778002123886
450,588,405,2.965715446664027
450,591,141,2.995053052919821
450,594,621,2.616839437333108
450,594,630,2.7995999708301356
450,597,627,3.014716902548347
450,597,567,2.673619847014708
450,597,450,2.917988465254309
450,600,609,3.028609509380522
450,600,453,2.834027304574552
450,603,564,2.9941916609468957
450,603,528,2.9649116537458586
450,606,609,2.8963888105644204
450,606,573,3.0052021526449995
450,606,522,2.6591728036268467
450,609,636,2.8660391689186118
450,612,585,2.805027185210884
450,612,630,3.173572688888633
450,615,438,2.887019511639137
450,615,612,2.7692235057363845
450,618,645,2.967729997847572
450,618,438,2.9284040232758013
450,621,90,2.988080427387347
450,621,177,2.7927266225421987
450,624,627,2.958976811464232
450,624,621,2.8315413108154512
450,627,249,2.7876393154192147
450,627,483,2.827055737644288
450,627,477,2.7571436690619415
450,627,480,2.801181835165305
450,630,606,2.8990520054795508
450,630,609,2.9755457487883117
450,630,624,2.737629466872508
450,633,267,2.761722484877604
450,633,258,2.6229426670920515
450,636,633,2.79342004544612
450,636,249,2.695456989369975
450,639,612,3.1772178462978147
450,639,252,2.6438351820765047
450,642,633,2.830158745380348
450,642,606,3.1608705472553944
450,645,465,2.7854136188969414
450,645,267,2.704018534247324
500,0,27,2.6580976301067287
500,0,9,3.088592384503604
500,3,12,2.861075302035634
500,6,279,3.1742558477134444
500,6,459,2.786479882682151
500,9,96,2.8457540089083375
500,9,12,2.8655101468375905
500,12,15,3.0329304919970803
500,12,381,2.8702544052780956
500,15,99,2.73057280384365
500,15,3,2.9360143461196047
500,18,390,3.020738365125049
500,21,198,3.115299711332057
500,21,189,2.867939778810423
500,21,105,2.875553897166387
500,24,21,2.7919952749148895
500,24,168,2.974926487504975
500,24,99,2.9688273762385484
500,27,321,3.1352497252743414
500,27,57,3.07991727802527
500,30,9,2.979540386784834
500,30,210,2.716324907437078
500,33,42,2.997316877995685
500,36,54,2.8235794118381263
500,36,48,3.038165252892547
500,39,24,2.8269496188516743
500,39,75,3.0299493528486554
500,39,63,2.9740791967604454
500,42,51,2.7242853244219805
500,42,117,2.836694056629773
500,42,81,3.290296891187006
500,45,96,2.759400946224394
500,45,9,3.071617353111292
500,48,18,2.962074597695971
500,48,15,2.665610150971572
500,51,39,2.7348673532070746
500,51,144,2.818065100339204
500,54,324,2.7909392202652907
500,54,342,3.0216549993875823
500,57,33,2.9750605849933724
500,60,108,2.883542743617738
500,60,237,2.794208371802556
500,60,240,3.1585159022808833
500,63,45,2.9996610780759783
500,63,72,2.527945643378251
500,66,33,2.6793624794873603
500,66,36,2.9139688363345715
500,69,66,2.8650261296931454
500,69,327,3.1644072422602876
500,72,159,2.789378576552818
500,75,219,2.9503469526160466
500,75,345,3.052831250307498
500,78,69,2.8715277833947597
500,78,372,2.832314710314578
500,78,222,3.0040052044352783
500,81,468,2.955970478657589
500,81,402,2.6683014486291343
500,84,462,2.8745218620924633
500,84,42,3.0049208060057286
500,87,114,2.772263109809791
500,87,267,2.9974383198420202
500,87,0,2.9738809047775234
500,90,243,2.8731257569773647
500,90,126,2.8916686725637057
500,93,111,2.9397158217685955
500,93,471,2.6699403857445065
500,93,462,2.929629436513489
500,96,483,2.834413275917351
500,96,93,2.893697925340336
500,99,51,2.7567380839143443
500,99,90,2.9629178688349778
500,99,81,2.917646109149223
500,102,471,3.013770462437857
500,102,93,3.125214600293554
500,102,480,2.650739504961005
500,105,276,2.9090116735660874
500,105,189,3.0574670708799485
500,105,18,2.7914677988774494
500,105,396,2.9202173181798194
500,108,288,2.8299795075046204
500,111,291,2.6841784096227164
500,111,84,2.8086325468207463
500,114,135,2.722042001122127
500,117,147,3.1729166832486007
500,117,126,2.8876490185329717
500,120,93,2.795706622964484
500,120,150,2.7947591174607043
500,123,54,2.7689111039377394
500,123,45,2.8883649792278074
500,123,87,2.7467074177319444
500,126,51,2.964438891752154
500,126,270,2.6419222315487496
500,126,153,2.89478450444527
500,129,120,2.8820095447963268
500,132,45,2.748950402818616
500,132,102,2.6914580960861945
500,135,408,2.8770817231239625
500,135,591,3.002616934208441
500,135,108,3.1617937708969928
500,138,120,2.626674965445523
500,138,135,2.552334595017934
500,138,111,2.839634719258649
500,141,324,2.9268915284365584
500,144,108,2.932371296691241
500,144,138,2.8672040195003192
500,147,417,2.9623242951986963
500,147,156,2.9086896845708963
500,147,129,3.045241464516854
500,150,417,2.702394457292695
500,153,348,2.5214120524940236
500,156,159,2.7463190630694867
500,156,300,2.6847731005976745
500,159,420,3.2538298514904347
500,159,150,2.753550444150832
500,159,54,2.7853119870652194
500,162,105,2.579077342712835
500,162,543,2.7477900778074846
500,162,399,3.005381900820796
500,165,555,2.7427951021289982
500,165,552,3.144620194398007
500,168,99,2.8630010754060846
500,168,15,3.1322627720433323
500,168,21,2.7932124107769
500,171,549,3.1753291324839488
500,171,207,3.2640029000764126
500,174,186,2.6952752369232282
500,174,192,2.7511636415628447
500,174,204,3.224908554379995
500,177,279,2.933402372733858
500,177,204,3.027193640379422
500,177,555,2.656944325691472
500,177,252,2.971406754254783
500,180,210,2.9048544800312035
500,180,0,2.9944470724337173
500,180,645,3.130159683860947
500,183,30,3.0174723041610876
500,183,6,3.111955237013215
500,183,552,2.946790697510103
500,183,180,3.139100365794837
500,186,459,2.9470048215661917
500,186,279,2.7566651070838395
500,189,75,2.858964310915854
500,189,48,2.699086274958285
500,189,45,2.9130532235695545
500,192,24,2.978455688438257
500,192,75,2.8745482925636363
500,195,153,3.112617943239942
500,195,75,3.1106109984540873
500,201,210,3.0241156576672066
500,201,192,2.9453795812901897
500,204,195,2.9412322501366615
500,204,165,2.815720339939407
500,207,201,2.648101666536755
500,207,219,3.023485769128672
500,207,216,2.892655866872154
500,210,27,2.90875553599181
500,210,174,2.8570333675158146
500,210,180,2.9048544800312035
500,213,201,2.7627064621463644
500,213,6,3.2770063027404843
500,216,312,2.9723691104260794
500,216,72,3.0286136026854047
500,219,486,2.8189621653420414
500,219,228,3.1352952241044085
500,222,306,2.892291821499976
500,222,297,2.879110578494712
500,222,231,2.5813152081274437
500,225,321,2.835136202810501
500,225,294,2.8098652335247705
500,225,216,3.0404970621842304
500,228,234,2.7559261833699584
500,228,495,2.9335272286966076
500,231,201,2.7913569190244836
500,231,228,2.569786721283933
500,231,498,2.9519279321544896
500,234,504,3.1247246548851355
500,234,324,3.126389313565968
500,237,213,2.581857256700905
500,237,201,3.0431878784852704
500,240,507,2.616003614344348
500,240,231,3.0273549786502993
500,243,168,3.1078953312077995
500,246,273,2.8949864939035077
500,246,258,2.9362335450700625
500,246,177,2.615030216370153
500,246,255,3.036837608886967
500,249,276,2.985470843706353
500,249,105,2.9359922412065953
500,249,480,2.9422784204767387
500,252,633,2.925997167428306
500,255,285,2.6647353866093813
500,255,291,3.0391507706540004
500,255,261,2.707183775436872
500,258,249,2.810024767268387
500,258,624,2.8116656488824856
500,261,291,2.8461656973940364
500,264,462,2.651933372562617
500,264,465,2.772079290032818
500,267,171,3.084932328976966
500,270,204,3.0296933466731124
500,270,246,2.706822965727355
500,273,303,2.716132035112837
500,273,132,3.1598850434184493
500,276,189,2.6811689314807374
500,276,216,2.7467179210050414
500,279,204,2.55232304834116
500,282,270,2.839692153594545
500,282,285,2.8258471119977426
500,285,312,2.8310099828500483
500,285,258,2.873463421810501
500,288,318,3.083318986804981
500,288,135,3.0770093265964005
500,288,255,2.8205365131452873
500,288,282,3.086278068978799
500,291,264,2.8195967587108597
500,291,267,2.9942528955809107
500,291,285,2.868310352386955
500,294,267,2.9363746933873194
500,294,0,3.1230670113895
500,294,285,2.9858321550685076
500,297,567,2.8543128396738906
500,297,576,3.048094518022209
500,300,270,2.8511167325205653
500,300,153,2.6552469259921883
500,303,429,3.1460384246446136
500,303,159,3.1030481641601693
500,303,72,3.0198993265693956
500,306,315,2.8985029065525483
500,309,282,2.8450796226543416
500,309,300,2.759642423044016
500,312,321,3.1830321654103644
500,315,213,3.1132323503089356
500,315,288,2.876967512481412
500,318,588,2.856145930786961
500,321,318,2.7560400175869844
500,321,591,2.934281690685367
500,324,336,2.8503806986192672
500,324,333,3.247694100121785
500,324,57,2.6891480717755645
500,327,336,2.9550016191800705
500,327,330,2.9374411665538886
500,327,60,2.8982533594510023
500,330,414,3.0159440205143184
500,330,144,2.6807447943489433
500,333,420,3.0221363077866257
500,333,447,3.126538696258465
500,333,342,2.5941889438503116
500,336,363,3.2920249967968305
500,339,363,2.803482893933163
500,339,414,3.1682356475007616
500,342,420,2.9119492077661686
500,342,489,2.894312182231857
500,342,345,3.2267964363727204
500,345,219,2.6801622437981956
500,345,222,2.6612800461259902
500,348,222,2.804608661932051
500,348,339,2.9541089297845287
500,348,516,3.0401908319969984
500,351,354,2.8689352046766534
500,354,534,2.8390110540197018
500,354,327,2.7935278755626465
500,357,510,2.846792132114776
500,360,333,2.952203683764409
500,360,381,2.937160681751471
500,363,327,3.092475629563646
500,363,366,2.737320408291949
500,366,384,2.900668556387818
500,366,393,2.9358848633893335
500,369,456,2.895907347990774
500,369,513,3.1490009870357345
500,372,345,2.6095084278817984
500,375,516,2.732361302957687
500,375,363,3.1746941100496517
500,378,30,2.733748084810399
500,378,183,2.9049464880689313
500,381,558,2.7894151555628577
500,381,378,2.9230975355831412
500,381,534,2.6763529698663038
500,384,183,3.0830589348792827
500,384,564,2.9340790696124737
500,387,378,3.032080989785419
500,387,360,3.183414504486681
500,390,399,2.62452522900533
500,390,369,2.980600216690355
500,393,390,2.7110962544726753
500,393,375,2.8972921035244243
500,396,162,2.806494657147382
500,396,105,2.9202173181798194
500,396,18,2.8233880080280307
500,399,516,2.752603970850173
500,399,369,2.851865483373503
500,399,546,2.9020121110243458
500,402,441,2.8811883530175866
500,402,450,2.9791392019634717
500,402,168,2.807402231858913
500,405,330,2.9809337447644677
500,405,60,2.659647872600118
500,408,138,2.6834877567808006
500,408,417,2.7507371801846157
500,408,591,2.7029025344032327
500,411,351,2.694705415935658
500,411,150,2.988794515856895
500,414,441,2.7572918803588076
500,414,444,3.025790109571268
500,414,432,3.27432826848667
500,417,156,2.7035078209536922
500,417,426,2.6310992845613375
500,420,426,3.068418336463663
500,420,447,3.152380602920651
500,423,156,3.1445748191103022
500,423,414,2.72585766527412
500,426,597,2.7091977552300284
500,426,414,2.952755857418562
500,429,570,2.832871397010195
500,429,600,2.8107280296897192
500,432,408,2.8908627368428315
500,432,615,2.8924543282258277
500,432,444,3.0625100815773356
500,435,357,2.8734455140417756
500,438,447,3.322688259440048
500,438,435,2.8992128732784392
500,441,339,2.7329740494800547
500,441,375,2.984248187310431
500,441,468,2.85212250354709
500,444,615,2.7821644679187543
500,444,438,2.8246771455305257
500,444,411,2.846441099165531
500,447,360,2.881724120181785
500,447,396,3.0623338841480696
500,450,339,2.814814555412773
500,450,597,2.7983949280616254
500,450,519,2.971753136386787
500,453,426,2.8695546778206027
500,456,396,2.8263909713571054
500,456,489,2.618240765324991
500,459,84,2.8607042629677273
500,459,468,3.043898596879269
500,459,3,2.837629060773774
500,462,474,2.820798886000043
500,462,438,3.0588729068897207
500,462,435,2.7309289852115115
500,462,639,2.9315350346402225
500,465,387,3.19613162460574
500,465,438,2.9647051016645376
500,468,384,3.176595475562267
500,468,435,2.892609490983236
500,471,477,2.8214306332669623
500,471,90,2.860221763132223
500,474,387,2.849550981885977
500,474,453,2.5328372704523225
500,477,621,2.8440814988233303
500,480,90,2.7369717301069505
500,480,246,2.695507561903289
500,483,396,2.8784872941070136
500,486,72,2.7570445069959857
500,486,303,2.883380064582657
500,486,312,3.1218614591095704
500,489,492,2.859331592021085
500,489,486,3.3294615998484995
500,492,228,2.978488734293831
500,495,486,3.3040503160522623
500,498,537,2.6212711496769523
500,498,507,2.8381150994467763
500,501,576,2.932064788969131
500,501,492,2.8530811578132886
500,504,606,3.048102337888947
500,504,615,2.920939447922568
500,507,237,3.023028403744369
500,507,354,2.796208937883788
500,510,507,2.9607747930084987
500,510,534,3.113776274434664
500,510,330,2.7154442930460787
500,513,543,2.887764634346535
500,513,501,2.960437819503717
500,513,516,3.167072037971377
500,516,372,3.0418329612185957
500,516,501,2.8287876210229905
500,516,519,2.854017812762814
500,519,567,3.0073870501159448
500,519,603,3.0488743188989416
500,522,525,2.7190753358656736
500,522,540,3.0892801651701003
500,525,498,2.8272944400895943
500,525,513,3.016260176061127
500,528,546,2.9684051876211526
500,528,501,3.0890746037924255
500,531,525,2.866810674109844
500,531,504,3.2153444964463476
500,534,537,2.8013530926924886
500,534,531,3.0220444851970027
500,537,585,3.039754944476771
500,537,510,3.0097306019832057
500,537,564,2.9299670571129424
500,540,162,2.5877472372178785
500,543,21,2.82430006517148
500,543,552,2.7236809816203866
500,546,621,3.1009995584241454
500,549,540,3.0145750996717045
500,549,645,3.0375764390127213
500,552,174,2.974216000603448
500,552,549,2.9326903386554855
500,555,603,2.757200819430928
500,555,186,2.9299167493540823
500,558,531,2.901345317203288
500,558,561,3.076783694512095
500,561,183,2.818355932899563
500,561,552,2.8368063690348135
500,561,528,2.9684784678323037
500,564,459,2.8786887937780943
500,564,357,2.8368652577280264
500,567,300,2.81182775567165
500,567,423,2.9629090031306644
500,570,309,2.8790994180167733
500,570,609,2.817353203893782
500,573,609,2.8282122142283916
500,573,582,3.1454951447233412
500,576,585,2.883174751211617
500,576,315,2.965897781747028
500,579,630,3.0701228199888684
500,579,576,3.14975454970863
500,582,309,2.7409888511134786
500,582,579,2.944559830819305
500,585,240,3.132771434222001
500,585,432,2.716500351420731
500,588,579,3.2236513570805547
500,588,405,2.700969471804689
500,588,315,2.986663333520866
500,591,411,2.900246128149555
500,591,141,2.8519237200857397
500,591,615,2.952802350485846
500,594,621,2.880266921782589
500,594,630,2.837559247103972
500,597,627,2.849114179439281
500,600,609,3.024582476133622
500,603,564,2.917524948492977
500,603,576,2.8113366483472735
500,606,582,3.0637445804591072
500,606,522,2.8769593834344995
500,609,636,2.9146454061526175
500,609,594,3.195711152138526
500,609,627,2.9783383229527476
500,612,585,2.6881779424166776
500,612,579,3.0204844948863587
500,612,630,2.645260604604207
500,615,618,2.8317606112288023
500,615,438,2.785656569063049
500,615,612,3.0462953788599023
500,618,522,2.963845924386637
500,618,606,2.9418784492382892
500,618,465,3.1956477937922783
500,621,243,2.9996984928962505
500,621,177,2.785507101093852
500,621,624,2.9454173662996777
500,624,627,2.8745446404032506
500,624,249,3.0996595672224134
500,624,246,3.105283730306969
500,627,249,2.8676728658212505
500,627,477,2.8835325436888657
500,630,606,2.9162866421367117
500,630,609,2.9591659711052194
500,630,636,2.762637775145828
500,630,624,2.9027299072810266
500,630,633,3.1317088869654364
500,633,264,3.0416290271940647
500,633,258,2.915638846619853
500,636,645,3.2174363791068075
500,636,249,3.119147832457654
500,639,642,2.9292701635046194
500,639,564,2.917582553985471
500,639,252,3.243402583228366
500,642,633,2.7828512107628787
500,642,630,2.6245633046736736
500,642,612,2.9813059792321495
500,645,558,3.015935218446873
500,645,465,2.855757456182465
