time_ps,mlp_epot,mlp_ekin,mlp_etot,mha_epot,mha_ekin,mha_etot,conv_epot,conv_ekin,conv_etot,comb_epot,comb_ekin,comb_etot,MACE_epot,MACE_ekin,MACE_etot
0.0,-8826.90862598795,7.64714066619689,-8819.261485321753,-8826.407949356022,7.199652011420978,-8819.208297344601,-8824.664054480972,7.085186673667474,-8817.578867807306,-8825.957389382305,7.479666183583517,-8818.477723198721,-133094.32762056802,8.04914386453366,-133086.27847670348
0.0005,-8826.908230332318,7.646744199149696,-8819.261486133168,-8826.40918138403,7.201881153703921,-8819.207300230326,-8824.667145995083,7.088275763558868,-8817.578870231524,-8825.95932820219,7.481602542027874,-8818.477725660163,-133094.32842662485,8.04994991108011,-133086.27847671378
0.001,-8826.90789595026,7.646420993755515,-8819.261474956505,-8826.411500600758,7.204194265220097,-8819.207306335538,-8824.670377878132,7.091498470114004,-8817.578879408018,-8825.973926214161,7.483642071709416,-8818.490284142452,-133094.32944825327,8.050971528574621,-133086.2784767247
0.0015,-8826.90764763731,7.646170993782929,-8819.261476643527,-8826.413884190502,7.206591158822679,-8819.207293031679,-8824.673727182331,7.094854728868354,-8817.578872453463,-8825.976063398304,7.48578456203537,-8818.490278836269,-133094.33068528186,8.052208545554976,-133086.2784767363
0.002,-8826.907484439793,7.645994154675199,-8819.261490285118,-8826.416371492329,7.209071711548314,-8819.20729978078,-8824.677209285679,7.098344480662973,-8817.578864805017,-8825.978324798527,7.4880375134035715,-8818.490287285123,-133094.33213752846,8.053660779895203,-133086.27847674856
0.0025,-8826.90737429041,7.645890422155825,-8819.261483868253,-8826.415864018383,7.211635809764122,-8819.204228208619,-8824.680835572663,7.1019676463808,-8817.578867926282,-8825.98058107275,7.490400550391279,-8818.49018052236,-133094.33380480035,8.055328038841342,-133086.2784767615
0.003,-8826.907340315762,7.6458597390272915,-8819.261480576735,-8826.43416073698,7.214283232273356,-8819.219877504707,-8824.684598950329,7.10572410941165,-8817.578874840918,-8825.981046525421,7.49287174987568,-8818.488174775546,-133094.33568689413,8.057210119048259,-133086.27847677507
0.0035,-8826.90738764185,7.645902041293312,-8819.261485600557,-8826.436908272686,7.217013784146917,-8819.219894488539,-8824.691895810547,7.109613265285194,-8817.582282545261,-8825.98362895626,7.4954512251708,-8818.48817773109,-133094.33778359595,8.059306806617514,-133086.27847678933
0.004,-8826.907505897465,7.646017250985094,-8819.26148864648,-8826.428538946095,7.21982656334627,-8819.208712382748,-8824.695924607697,7.113635046917761,-8817.58228956078,-8825.986318973484,7.498140636058763,-8818.488178337426,-133094.34009468136,8.061617877136309,-133086.27847680423
0.0045,-8826.907681731167,7.6462053117151525,-8819.261476419451,-8826.431441096249,7.22272140869132,-8819.208719687558,-8824.70006009716,7.117789855355784,-8817.582270241805,-8825.98910847086,7.500939861801265,-8818.48816860906,-133094.3426199155,8.064143095720624,-133086.27847681977
0.005,-8826.907950786534,7.646466150185942,-8819.261484636347,-8826.434414891186,7.225698947417199,-8819.208715943769,-8824.704358962956,7.122077566505125,-8817.582281396451,-8825.992032317105,7.503848808598586,-8818.488183508505,-133094.34535905303,8.066882217058408,-133086.27847683596
0.0055,-8826.908293274822,7.646799691499233,-8819.261493583323,-8826.437485245648,7.22875902782296,-8819.208726217825,-8824.708782342854,7.126498052310016,-8817.582284290544,-8825.989407805386,7.506875310781007,-8818.482532494605,-133094.34831183826,8.06983498544842,-133086.2784768528
0.006,-8826.908684996548,7.647205860966758,-8819.26147913558,-8826.443679479542,7.231901493058647,-8819.211777986484,-8824.713330713692,7.131051187849778,-8817.582279525843,-8825.99255481142,7.510019306454316,-8818.482535504967,-133094.35147800515,8.073001134841125,-133086.2784768703
0.0065,-8826.90917113203,7.647684571083474,-8819.261486560947,-8826.446910408917,7.23512617231963,-8819.211784236597,-8824.718010989609,7.1357368319320775,-8817.582274157678,-8825.995809701863,7.513272710892784,-8818.48253699097,-133094.3548572773,8.076380388882644,-133086.27847688843
0.007,-8826.909717110577,7.648235732455866,-8819.26148137812,-8826.450203327122,7.238432884320783,-8819.211770442802,-8824.720328716221,7.14055423660714,-8817.579774479615,-8825.999180463734,7.516635384851931,-8818.482545078881,-133094.35844936813,8.079972460959592,-133086.27847690717
0.0075,-8826.910330919209,7.648859262886437,-8819.261471656322,-8826.453219441357,7.241821339636717,-8819.211398101721,-8824.725280312481,7.145503273786924,-8817.579777038694,-8826.0016284861,7.520106858684114,-8818.481521627415,-133094.36225398083,8.083777054245026,-133086.27847692659
0.008,-8826.911037711086,7.6495550772139955,-8819.261482633872,-8826.456684259358,7.245291354556637,-8819.211392904801,-8824.730362502518,7.150584398307392,-8817.579778104211,-8826.004710105839,7.523686963383772,-8818.481023142454,-133094.36627080836,8.087793861745261,-133086.2784769466
0.0085,-8826.911801485005,7.6503230680884435,-8819.261478416916,-8826.275168446484,7.248840506394124,-8819.02632794009,-8824.73557963747,7.155797432187995,-8817.579782205283,-8826.008392361584,7.527375899741716,-8818.481016461843,-133094.3704995336,8.092022566347538,-133086.27847696724
0.009,-8826.912647155705,7.651163140551594,-8819.261484015153,-8826.278797892513,7.252468880623818,-8819.02632901189,-8824.74091633934,7.161142228992446,-8817.579774110349,-8826.012442437592,7.531173950344767,-8818.481268487247,-133094.3749398294,8.096462840868671,-133086.27847698855
0.0095,-8826.913557676258,7.652075203138344,-8819.261482473119,-8826.281983641567,7.256178667814888,-8819.025804973753,-8824.741156605663,7.166620016817369,-8817.574536588847,-8826.016355542126,7.535080968093622,-8818.481274574033,-133094.37959135853,8.101114348104863,-133086.27847701043
0.01,-8826.914540080013,7.653059150435949,-8819.261480929577,-8826.285775689068,7.259969669808168,-8819.02580601926,-8824.746768740597,7.1722306251678,-8817.574538115428,-8826.020372477951,7.539096424225271,-8818.481276053726,-133094.38445377382,8.105976740882316,-133086.27847703293
0.0105,-8826.915586618366,7.654114863493891,-8819.261471754873,-8826.289648202839,7.263841719131682,-8819.025806483707,-8824.7525100984,7.177972481821492,-8817.57453761658,-8826.024487403813,7.543220152030648,-8818.481267251782,-133094.38952671818,8.111049662108623,-133086.27847705607
0.011,-8826.916723874989,7.655242227752024,-8819.261481647236,-8826.293601063671,7.2677946025668465,-8819.025806461104,-8824.758395818653,7.1838454070897635,-8817.574550411564,-8826.028726009312,7.547451979902413,-8818.48127402941,-133094.39480982465,8.116332744825153,-133086.27847707982
0.0115,-8826.917921213093,7.6564411407248265,-8819.261480072368,-8826.29763009924,7.271828109233713,-8819.025801990007,-8824.764385429802,7.189849220068599,-8817.574536209733,-8826.03306981701,7.551791770627236,-8818.481278046382,-133094.4003027164,8.121825612260306,-133086.27847710415
0.012,-8826.919194129887,7.657711482083935,-8819.261482647802,-8826.301751522007,7.275942031419358,-8819.025809490588,-8824.770526019516,7.195983699887892,-8817.574542319628,-8826.037504819813,7.556239371570659,-8818.481265448243,-133094.40600500698,8.127527877883619,-133086.2784771291
0.0125,-8826.920532731,7.6590531305089575,-8819.261479600491,-8826.308612612667,7.280136463861456,-8819.028476148806,-8824.776786056938,7.202248615976705,-8817.574537440962,-8826.036640910092,7.56078989171789,-8818.475851018373,-133094.41191630013,8.133439145460684,-133086.27847715467
0.013,-8826.921946553173,7.660465956434774,-8819.261480596739,-8826.300113705578,7.2844099023900135,-8819.015703803188,-8824.783181039276,7.2086437810995125,-8817.574537258177,-8826.044531134548,7.56544336858944,-8818.47908776596,-133094.41803618992,8.13955900910889,-133086.2784771808
0.0135,-8826.923428205433,7.66194982593016,-8819.261478379503,-8826.30447616953,7.288761812098776,-8819.01571435743,-8824.789717463436,7.215168962373433,-8817.574548501063,-8826.050967303696,7.570205447338358,-8818.480761856357,-133094.4243642609,8.14588705335393,-133086.27847720752
0.014,-8826.924988655033,7.6635046166214105,-8819.261484038412,-8826.311159995976,7.293193069389267,-8819.017966926587,-8824.796365407887,7.221823917614939,-8817.574541490272,-8826.055833546105,7.575075725794144,-8818.48075782031,-133094.43090008807,8.152422853186945,-133086.27847723488
0.0145,-8826.926605490627,7.665130201837781,-8819.26147528879,-8826.315658000889,7.2977034297366465,-8819.017954571153,-8824.803149012509,7.228608435767626,-8817.574540576741,-8826.060831455174,7.580052900380984,-8818.480778554793,-133094.43764323692,8.159165974122768,-133086.2784772628
0.015,-8826.928313402119,7.6668264444299545,-8819.261486957688,-8826.320264724674,7.302292865311178,-8819.017971859363,-8824.810068336907,7.235522270134968,-8817.574546066771,-8826.065899042072,7.585136806100244,-8818.480762235973,-133094.44459326356,8.166115972259071,-133086.2784772913
0.0155,-8826.930074719372,7.6685931960706775,-8819.261481523301,-8826.324915317478,7.306961159014138,-8819.017954158464,-8824.817102102223,7.242565180813969,-8817.57453692141,-8826.071091500702,7.590327291592482,-8818.48076420911,-133094.4517497147,8.173272394336061,-133086.27847732036
0.016,-8826.931913761082,7.67043031531095,-8819.26148344577,-8826.323773173275,7.311708345600287,-8819.012064827675,-8824.824281302872,7.24973690390383,-8817.574544398967,-8826.074570445004,7.595623242090353,-8818.478947202913,-133094.4591121278,8.180634777796978,-133086.27847735002
0.0165,-8826.933815506878,7.672337659749669,-8819.261477847129,-8826.328604487362,7.316534186423901,-8819.012070300938,-8824.83157136816,7.257037167034451,-8817.574534201127,-8826.079976347866,7.601024424777044,-8818.478951923089,-133094.46668003107,8.188202650849458,-133086.27847738023
0.017,-8826.935802248898,7.674315067569856,-8819.261487181328,-8826.333499697628,7.321438156848481,-8819.01206154078,-8824.839001206341,7.264465728418928,-8817.574535477923,-8826.085097698155,7.606531588964929,-8818.47856610919,-133094.47445294354,8.19597553252747,-133086.27847741102
0.0175,-8826.937842515888,7.676362389424076,-8819.261480126464,-8826.338482169094,7.3264200245649995,-8819.01206214453,-8824.846566645088,7.2720223180840025,-8817.574544327004,-8826.09035554308,7.612144464148665,-8818.478211078931,-133094.4824303751,8.203952932753687,-133086.27847744233
0.018,-8826.93996491808,7.67847947495257,-8819.261485443127,-8826.339032916012,7.331479544033041,-8819.00755337198,-8824.854247716847,7.279706648712015,-8817.574541068134,-8826.095031408253,7.617862472223471,-8818.47716893603,-133094.49061182665,8.212134352402739,-133086.27847747426
0.0185,-8826.94215300459,7.6806661654789075,-8819.26148683911,-8826.338646201077,7.33661671431522,-8819.00202948676,-8824.862054792824,7.2875184276434615,-8817.57453636518,-8826.102194456043,7.623685538982093,-8818.478508917062,-133094.49899679006,8.220519283365373,-133086.27847750668
0.019,-8826.94440129179,7.682922308213545,-8819.261478983577,-8826.343863634052,7.341831298432185,-8819.00203233562,-8824.870013622227,7.295457351501586,-8817.574556270725,-8826.108128575268,7.629613819979873,-8818.478514755288,-133094.50758474832,8.229107208614241,-133086.27847753972
0.0195,-8826.94672515768,7.685247740787597,-8819.261477416892,-8826.349147705021,7.347122784906663,-8819.002024920115,-8824.878070441666,7.303523148813304,-8817.574547292852,-8826.11417212862,7.635647078832417,-8818.478525049788,-133094.51637517553,8.237897602269083,-133086.27847757327
0.02,-8826.94911804575,7.687642300907208,-8819.261475744843,-8826.354513672772,7.35249090628551,-8819.002022766486,-8824.8862555303,7.311715514959754,-8817.574540015341,-8826.124002722683,7.641785142563388,-8818.48221758012,-133094.525367537,8.24688992966147,-133086.27847760732
0.0205,-8826.951583889904,7.690105813121917,-8819.261478076782,-8826.35996714014,7.357935407165152,-8819.002031732976,-8824.894576279106,7.320034126503451,-8817.574542152603,-8826.130793241444,7.648027788956521,-8818.482765452487,-133094.53456128936,8.256083647401168,-133086.27847764196
0.021,-8826.954123524609,7.692638097710574,-8819.261485426898,-8826.3654859342,7.363456022184278,-8819.002029912017,-8824.903029290619,7.328478669396363,-8817.574550621222,-8826.134105829182,7.654374269599059,-8818.479731559582,-133094.54395588057,8.26547820344323,-133086.27847767712
0.0215,-8826.956722287121,7.69523898819447,-8819.261483298926,-8826.371085790577,7.369052474378906,-8819.002033316197,-8824.911602584305,7.337048812671479,-8817.574553771634,-8826.14055600542,7.660824407207038,-8818.479731598214,-133094.55355074996,8.275073037155698,-133086.2784777128
0.022,-8826.95939042944,7.697908309314147,-8819.261482120126,-8826.376742867413,7.374724500403275,-8819.00201836701,-8824.920275656166,7.345744242689277,-8817.574531413477,-8826.14710691351,7.667378477926555,-8818.479728435583,-133094.56334532838,8.28486757938784,-133086.278477749
0.0225,-8826.96212699789,7.700645878482871,-8819.261481119407,-8826.382485774937,7.380471828142024,-8819.002013946794,-8824.929105786267,7.354564644175292,-8817.574541142092,-8826.153759507122,7.6740362539512015,-8818.479723253171,-133094.57333903827,8.294861252538958,-133086.27847778573
0.023,-8826.964940098705,7.703451509175094,-8819.261488589531,-8826.388311413708,7.386294189079455,-8819.002017224628,-8824.927892056885,7.363510444216584,-8817.564381612669,-8826.160520819607,7.680797513115283,-8818.479723306491,-133094.58353129358,8.30505347062773,-133086.27847782295
0.0235,-8826.967802671375,7.706325023140141,-8819.261477648235,-8826.394211677494,7.392191301502315,-8819.002020375992,-8824.936941412869,7.372581262128744,-8817.56436015074,-8826.167388943615,7.68766202724864,-8818.479726916366,-133094.59392150005,8.315443639362096,-133086.2784778607
0.024,-8826.970751432362,7.709266237235516,-8819.261485195126,-8826.400190142575,7.39816286182972,-8819.002027280745,-8824.94614627737,7.381775978850057,-8817.56437029852,-8826.174359349194,7.694629565208068,-8818.479729783985,-133094.60450905515,8.326031156209634,-133086.27847789894
0.0245,-8826.973761466923,7.712274943127117,-8819.261486523796,-8826.406233934345,7.404208599372236,-8819.002025334974,-8824.959226099434,7.391093785921685,-8817.568132313512,-8826.181419280949,7.701699883380305,-8818.479719397568,-133094.61529334815,8.336815410468137,-133086.27847793768
0.025,-8826.97683933157,7.715350947171919,-8819.261488384398,-8826.415423659268,7.410328282632009,-8819.005095376635,-8824.968658832493,7.4005343094885445,-8817.568124523004,-8826.185587433758,7.708873302211243,-8818.476714131546,-133094.62627376028,8.34779578333644,-133086.27847797694
0.0255,-8826.97998204607,7.718494061464838,-8819.261487984606,-8826.418606070461,7.416521558057186,-8819.002084512404,-8824.978229311886,7.410097639546186,-8817.56813167234,-8826.18285384554,7.716147656713756,-8818.466706188825,-133094.63744966465,8.358971647986538,-133086.27847801667
0.026,-8826.983194974842,7.721704094061996,-8819.261490880781,-8826.427182821217,7.422787995888225,-8819.004394825328,-8824.987918464127,7.419783392314855,-8817.568135071811,-8826.190225271168,7.723522117246349,-8818.466703153921,-133094.64882042652,8.370342369636218,-133086.2784780569
0.0265,-8826.98647406477,7.724980851340003,-8819.26149321343,-8826.42725434679,7.429127729871606,-8818.99812661692,-8825.000652758064,7.429592114030649,-8817.571060644033,-8826.19769850153,7.730998353805447,-8818.466700147725,-133094.66038540323,8.381907305621688,-133086.2784780976
0.027,-8826.989797858181,7.728324127430667,-8819.26147373075,-8826.433668402615,7.435540578224544,-8818.99812782439,-8825.018287686291,7.439524109193562,-8817.578763577098,-8826.197918800297,7.73857627917467,-8818.459342521122,-133094.67214394425,8.393665805470937,-133086.2784781388
0.0275,-8826.993217257443,7.731733715308433,-8819.261483542134,-8826.443763045254,7.442025811863856,-8819.00173723339,-8825.028332380238,7.44957809757694,-8817.57875428266,-8826.205591110172,7.746255654322043,-8818.459335455851,-133094.6840953914,8.405617210977393,-133086.2784781804
0.028,-8826.996690658512,7.735209406118055,-8819.261481252393,-8826.450312522831,7.448583122578331,-8819.001729400254,-8825.038519469681,7.459753022161838,-8817.57876644752,-8826.213367847386,7.754036104000329,-8818.459331743385,-133094.69623907882,8.417760856273821,-133086.27847822255
0.0285,-8827.000235704365,7.738750983742346,-8819.261484720622,-8826.456939486447,7.455212254080273,-8819.001727232366,-8825.04880556244,7.470048485422651,-8817.578757077017,-8826.22254708189,7.76191733786435,-8818.460629744026,-133094.70857433302,8.430096067906613,-133086.27847826513
0.029,-8827.003849653187,7.742358239381138,-8819.261491413807,-8826.463653353634,7.461912888140785,-8819.001740465494,-8825.05731245655,7.480465736479912,-8817.57684672007,-8826.23052409071,7.769899057107462,-8818.460625033602,-133094.72110047308,8.442622164910466,-133086.27847830817
0.0295,-8827.007509020748,7.746030970493612,-8819.261478050255,-8826.470417527142,7.468684719116856,-8819.001732808025,-8825.067839411679,7.491004395794695,-8817.576835015883,-8826.238602308216,7.777981053273796,-8818.460621254942,-133094.73381681053,8.455338458883467,-133086.27847835165
0.03,-8827.011254457417,7.749768954635638,-8819.26148550278,-8826.477254775944,7.475527427041408,-8819.001727348903,-8825.078493563118,7.501662387526931,-8817.576831175591,-8826.246791032734,7.786163055323863,-8818.46062797741,-133094.74672264964,8.46824425406255,-133086.27847839557
0.0305,-8827.01505115408,7.753571969011109,-8819.261479185068,-8826.474182514134,7.482440886827185,-8818.991741627306,-8825.08926978487,7.512439282970716,-8817.5768305019,-8826.255072859707,7.794444774929805,-8818.460628084777,-133094.75981728735,8.481338847399016,-133086.27847843996
0.031,-8827.018922594967,7.757439785982232,-8819.261482808985,-8826.481176523152,7.489424781640002,-8818.991751741512,-8825.093071905556,7.523334123403243,-8817.569737782153,-8826.262898472729,7.802825831486389,-8818.460072641243,-133094.7731000134,8.494621528634509,-133086.27847848478
0.0315,-8827.022857335987,7.761372178617307,-8819.26148515737,-8826.488221672955,7.496478586571529,-8818.991743086382,-8825.104080227795,7.534346496006046,-8817.569733731789,-8826.271895674648,7.811306010774382,-8818.460589663875,-133094.78657011042,8.50809158037747,-133086.27847853003
0.032,-8827.026856211605,7.765368927195908,-8819.26148728441,-8826.495354083958,7.503601989644109,-8818.991752094315,-8825.115215388718,7.545476482456456,-8817.56973890626,-8826.280472425404,7.819885149376138,-8818.460587276028,-133094.8002268539,8.521748278179642,-133086.27847857572
0.0325,-8827.030913142147,7.769429809133297,-8819.261483333014,-8826.502545145931,7.510794660956417,-8818.991750484975,-8825.126462129536,7.5567236246396465,-8817.569738504897,-8826.291085866871,7.828565966518655,-8818.462519900353,-133094.81406951245,8.535590890612854,-133086.27847862183
0.033,-8827.035039214077,7.773554589236774,-8819.26148462484,-8826.509800580921,7.518056259595386,-8818.991744321325,-8825.137822178784,7.568087497710701,-8817.569734681072,-8826.299855736675,7.837348150339304,-8818.462507586337,-133094.8280973477,8.54961867934622,-133086.27847866833
0.0335,-8827.039229539814,7.777743036111624,-8819.261486503703,-8826.516036657276,7.5253865491448195,-8818.990650108131,-8825.149311927738,7.579567629494376,-8817.569744298244,-8826.308733967724,7.8462283680117135,-8818.462505599713,-133094.8423096145,8.563830899223554,-133086.27847871528
0.034,-8827.043479112568,7.7819949182474435,-8819.261484194321,-8826.523435977879,7.532785186484189,-8818.990650791395,-8825.160909322682,7.591163535814336,-8817.569745786866,-8826.321028021755,7.85521038042459,-8818.46581764133,-133094.85670556096,8.578226798340973,-133086.27847876263
0.0345,-8827.047795442524,7.786309993140883,-8819.261485449384,-8826.53091099638,7.540251739979373,-8818.9906592564,-8825.1691968717,7.60287390972001,-8817.56632296198,-8826.33010998148,7.864293971850172,-8818.46581600963,-133094.8712844285,8.59280561812476,-133086.27847881036
0.035,-8827.052171496334,7.790688025721076,-8819.261483470613,-8826.526188281956,7.547785942939419,-8818.978402339017,-8825.181022612038,7.614698257325428,-8817.566324354713,-8826.344296006146,7.873475840968265,-8818.470820165177,-133094.88604545192,8.607566593409395,-133086.2784788585
0.0355,-8827.056611207905,7.795128786552338,-8819.261482421352,-8826.533788231793,7.555387447346531,-8818.978400784446,-8825.192952839318,7.6266369286257465,-8817.566315910692,-8826.355224994602,7.882754706611956,-8818.47247028799,-133094.90098785955,8.622508952515787,-133086.27847890704
0.036,-8827.061117080631,7.799632028688927,-8819.261485051942,-8826.541445640507,7.5630558477578065,-8818.97838979275,-8825.20501503128,7.63868942936298,-8817.566325601918,-8826.366327670994,7.892129319290395,-8818.474198351703,-133094.9161108733,8.6376319173297,-133086.27847895597
0.0365,-8827.065675286236,7.804197493412894,-8819.261477792823,-8826.549193409863,7.5707907905482745,-8818.978402619314,-8825.217184630814,7.6508552666561425,-8817.566329364157,-8826.375519422474,7.901600300267739,-8818.473919122207,-133094.93141370866,8.652934703380332,-133086.27847900527
0.037,-8827.070311216297,7.808824936031429,-8819.261486280266,-8826.557001141491,7.578591911771861,-8818.97840922972,-8825.229457882824,7.663133949457152,-8817.566323933366,-8826.385844973507,7.911167566898203,-8818.47467740661,-133094.9468955749,8.668416519919052,-133086.27847905498
0.0375,-8827.075011280956,7.81351410759482,-8819.261497173362,-8826.564863470974,7.586458875524556,-8818.97840459545,-8825.241844681683,7.6755249761297355,-8817.566319705553,-8826.388972667637,7.920831928730886,-8818.468140738905,-133094.96255567504,8.684076569998357,-133086.27847910504
0.038,-8827.079741624775,7.818264759425158,-8819.26147686535,-8826.572791127148,7.594391314972013,-8818.978399812177,-8825.254341808739,7.688027849780963,-8817.566313958958,-8826.399359015408,7.930592570387638,-8818.46876644502,-133094.97839320602,8.699914050550918,-133086.27847915547
0.0385,-8827.084556964817,7.823076641367535,-8819.26148032345,-8826.591250924053,7.602391315746199,-8818.988859608307,-8825.266970304432,7.700642060304699,-8817.566328244127,-8826.409195689144,7.940448012143685,-8818.468747677001,-133094.99440735872,8.71592815246872,-133086.27847920626
0.039,-8827.089431909504,7.827949503362781,-8819.261482406142,-8826.599304226818,7.610458573038737,-8818.98884565378,-8825.279681292954,7.713367077564519,-8817.56631421539,-8826.408002284947,7.9503981506108445,-8818.457604134335,-133095.0105973181,8.732118060682417,-133086.2784792574
0.0395,-8827.094363836231,7.8328830933315725,-8819.2614807429,-8826.60744038004,7.618590274778596,-8818.988850105261,-8825.292530743065,7.726202364078852,-8817.566328378985,-8826.418046740475,7.960442635741164,-8818.457604104733,-133095.02696226316,8.748482954240771,-133086.2784793089
0.04,-8827.099367288532,7.837877147051579,-8819.261490141482,-8826.615646866741,7.6267860545052555,-8818.988860812236,-8825.305471328678,7.739147395584766,-8817.566323933093,-8826.428197173062,7.970581044004512,-8818.457616129057,-133095.04350136715,8.76502200639014,-133086.27847936077
0.0405,-8827.10442343134,7.842931403689294,-8819.26149202765,-8826.623902229252,7.635045556951919,-8818.9888566723,-8825.31852277893,7.752201667059149,-8817.566321111872,-8826.438424257221,7.980813030665128,-8818.457611226557,-133095.0602137976,8.7817343846541,-133086.27847941295
0.041,-8827.109528211537,7.848045606038786,-8819.261482605498,-8826.632220653477,7.643368404663111,-8818.988852248815,-8825.33169224638,7.765364624896069,-8817.566327621484,-8826.448746828022,7.991138248603153,-8818.45760857942,-133095.0770987164,8.798619250913125,-133086.2784794655
0.0415,-8827.114706663075,7.853219484650368,-8819.261487178424,-8826.640606788578,7.651754226507573,-8818.98885256207,-8825.344967631283,7.778635721757084,-8817.566331909526,-8826.459160832348,8.001556329783387,-8818.457604502564,-133095.09415527983,8.815675761484314,-133086.27847951834
0.042,-8827.119932798329,7.858452785201015,-8819.261480013127,-8826.649058131161,7.660202642153829,-8818.988855489008,-8825.358341661873,7.792014417530396,-8817.566327244343,-8826.468341497364,8.012066897500288,-8818.456274599865,-133095.11138263874,8.832903067201185,-133086.27847957154
0.0425,-8827.125225929203,7.863745254264361,-8819.261480674939,-8826.648791817608,7.668713236369175,-8818.980078581239,-8825.371832755985,7.805500151153634,-8817.566332604832,-8826.478952435436,8.02266959563449,-8818.456282839801,-133095.12877993856,8.850300313493454,-133086.27847962506
0.043,-8827.13058081049,7.869096605983824,-8819.261484204506,-8826.657362846317,7.677285639600517,-8818.980077206717,-8825.385422913017,7.819092358565095,-8817.566330554453,-8826.489636091175,8.033364064211149,-8818.456272026964,-133095.14634631935,8.867866640466856,-133086.27847967888
0.0435,-8827.135985998097,7.874506571321993,-8819.261479426774,-8826.66599717516,7.685919523040622,-8818.980077652119,-8825.399121848526,7.832790480718373,-8817.566331367807,-8826.500440148297,8.044149916244024,-8818.456290232052,-133095.16408091603,8.885601182983027,-133086.27847973304
0.044,-8827.141459850254,7.879974877180477,-8819.261484973074,-8826.674696115437,7.694614487762672,-8818.980081627675,-8825.412911621514,7.846593964681512,-8817.566317656832,-8826.511296061459,8.05502676015497,-8818.456269301303,-133095.18198285822,8.903503070739447,-133086.2784797875
0.0445,-8827.146985439244,7.885501254689084,-8819.261484184555,-8826.683448223057,7.703370138738364,-8818.980078084318,-8825.426825670185,7.860502236274208,-8817.566323433912,-8826.522275237026,8.065994208339845,-8818.456281028686,-133095.2000512706,8.921571428349289,-133086.27847984224
0.045,-8827.152566579762,7.891085428231218,-8819.26148115153,-8826.692267445507,7.712186099747202,-8818.98008134576,-8825.440836934033,7.874514711267475,-8817.566322222765,-8826.533327011051,8.077051879659514,-8818.456275131392,-133095.2182852727,8.93980537542126,-133086.2784798973
0.0455,-8827.158214239063,7.896727116417358,-8819.261487122647,-8826.705508140507,7.721061945392223,-8818.984446195114,-8825.45496061224,7.888630819526757,-8817.566329792713,-8826.539170650425,8.088198998024033,-8818.4509716524,-133095.23668397928,8.95820402663943,-133086.27847995266
0.046,-8827.163920072499,7.902426052421423,-8819.261494020076,-8826.714447049084,7.729997299261532,-8818.984449749822,-8825.46917041916,7.902849975292144,-8817.566320443868,-8826.550404814663,8.099435140598843,-8818.450969674064,-133095.2552465001,8.976766491843062,-133086.27848000827
0.0465,-8827.169672635975,7.908181952968466,-8819.261490683006,-8826.71820452589,7.7389921112404005,-8818.97921241465,-8825.483491686764,7.91717159634583,-8817.566320090418,-8826.56172469038,8.110760304248954,-8818.450964386131,-133095.27397194027,8.995491876106342,-133086.27848006418
0.047,-8827.17547908205,7.913994534694926,-8819.261484547356,-8826.727242378178,7.748045973079783,-8818.979196405098,-8825.497916547241,7.931595066651705,-8817.56632148059,-8826.573932556095,8.122174048146135,-8818.451758507948,-133095.2928594002,9.01437927981808,-133086.27848012038
0.0475,-8827.181347516957,7.9198635216460325,-8819.261483995311,-8826.736368564549,7.75715817379935,-8818.97921039075,-8825.512444225731,7.9461197846575455,-8817.566324441073,-8826.585424570027,8.133675930918567,-8818.451748639109,-133095.31190797559,9.033427798761275,-133086.2784801768
0.048,-8827.187276033344,7.92578863238382,-8819.261487400961,-8826.745532182636,7.766328331077778,-8818.979203851559,-8825.527072338047,7.960745182610128,-8817.566327155437,-8826.597021011296,8.145265574246267,-8818.451755437049,-133095.33111675773,9.05263652419265,-133086.27848023354
0.0485,-8827.193247703495,7.931769587831303,-8819.261478115664,-8826.75475874323,7.7755560343293695,-8818.9792027089,-8825.54180088419,7.975470634228104,-8817.566330249962,-8826.608705071392,8.156942551304644,-8818.451762520088,-133095.35048483344,9.07200454292205,-133086.27848029052
0.049,-8827.199285415592,7.937806107983741,-8819.261479307608,-8826.7629301824,7.784841459200291,-8818.9780887232,-8825.556627658787,7.990295520953528,-8817.566332137834,-8826.620451597157,8.168706453218881,-8818.451745143937,-133095.37001128515,9.09153093739172,-133086.27848034777
0.0495,-8827.20538678545,7.9438978883093325,-8819.26148889714,-8826.772277263584,7.7941842091739195,-8818.978093054411,-8825.571539250794,8.005219250286444,-8817.566320000507,-8826.63255229372,8.180556534365685,-8818.451995759355,-133095.38969519103,9.111214785755475,-133086.27848040528
0.05,-8827.211524394932,7.950044652509689,-8819.261479742423,-8826.781680611553,7.803583297649776,-8818.978097313904,-8825.586560992184,8.020241206635966,-8817.566319785548,-8826.639573959294,8.192493126727836,-8818.447080832566,-133095.40953562496,9.131055161957788,-133086.278480463
0.0505,-8827.217730192127,7.956246114777688,-8819.26148407735,-8826.791123775425,7.813038321217262,-8818.978085454208,-8825.60168495554,8.035360740015507,-8817.566324215524,-8826.651602653446,8.204516106041787,-8818.447086547405,-133095.42953165682,9.151051135812711,-133086.278480521
0.051,-8827.223976997318,7.96250197162097,-8819.261475025698,-8826.800639656964,7.822548856421778,-8818.978090800541,-8825.616898683491,8.050577240057027,-8817.566321443433,-8826.663703111592,8.21662422445505,-8818.447078887137,-133095.4496823523,9.171201773082473,-133086.27848057923
0.0515,-8827.230295328083,7.968811937634722,-8819.261483390448,-8826.801181224766,7.832114650316633,-8818.96906657445,-8825.625064281407,8.065888841019198,-8817.559175440387,-8826.675904301586,8.228817016235675,-8818.44708728535,-133095.4699867732,9.191506135555887,-133086.27848063764
0.052,-8827.236658243122,7.975175710816119,-8819.261482532305,-8826.8107984342,7.84173529424374,-8818.969063139957,-8825.640478519383,8.081294875220118,-8817.559183644162,-8826.688190964642,8.241094003268206,-8818.447096961374,-133095.49044397747,9.211963281126673,-133086.27848069635
0.0525,-8827.24307003397,7.981593010636469,-8819.261477023334,-8826.820476201954,7.851410197180057,-8818.969066004775,-8825.655990389767,8.096795950460859,-8817.559194439305,-8826.7005392589,8.253454727452718,-8818.447084531446,-133095.51105301912,9.23257226387151,-133086.27848075525
0.053,-8827.249554065647,7.988063533059478,-8819.261490532588,-8826.83020236868,7.861138950745937,-8818.969063417933,-8825.67158218998,8.112391439782805,-8817.559190750197,-8826.712618497791,8.265898648658432,-8818.446719849133,-133095.5318129485,9.253332134127865,-133086.27848081436
0.0535,-8827.256075529041,7.994586972612146,-8819.261488556429,-8826.839981941166,7.8709211531573,-8818.96906078801,-8825.68728086132,8.128080699281531,-8817.559200162039,-8826.757470992985,8.278422458033315,-8818.479048534951,-133095.55272281225,9.274241938571583,-133086.27848087368
0.054,-8827.262644676151,8.001163061594148,-8819.261481614558,-8826.849829343739,7.8807563700727785,-8818.969072973667,-8825.703041044655,8.143863078377485,-8817.559177966277,-8826.770080713215,8.291025237371752,-8818.479055475844,-133095.5737816535,9.295300720294197,-133086.27848093322
0.0545,-8827.269275573673,8.007791493260989,-8819.261484080413,-8826.859704998913,7.890644174675583,-8818.969060824238,-8825.71892532486,8.159737921080632,-8817.55918740378,-8826.782766012135,8.303709144440877,-8818.479056867694,-133095.59498851185,9.316507518879957,-133086.27848099297
0.055,-8827.275951770725,8.01447195972868,-8819.261479810997,-8826.830349472943,7.900584928483529,-8818.929764544459,-8825.734889713707,8.175704561382405,-8817.559185152324,-8826.795528677883,8.316473674834874,-8818.479055003048,-133095.61634242337,9.337861370482564,-133086.2784810529
0.0555,-8827.282685903492,8.021204161714067,-8819.261481741778,-8826.84159222025,7.9105776230308695,-8818.931014597218,-8825.750938264313,8.191762347052432,-8817.55917591726,-8826.808371213856,8.329318314094671,-8818.479052899762,-133095.63784242093,9.359361307901613,-133086.27848111303
0.056,-8827.289466289463,8.027987798410177,-8819.261478491053,-8826.851634410801,7.920621057996505,-8818.931013352805,-8825.767095474186,8.207910599004457,-8817.559184875181,-8826.820645955982,8.342242436827297,-8818.478403519155,-133095.659487534,9.381006360658734,-133086.27848117333
0.0565,-8827.296306756916,8.034822566844735,-8819.261484190072,-8826.821651128712,7.930715433287775,-8818.890935695425,-8825.783325640145,8.224148652955188,-8817.55917698719,-8826.833646444264,8.355245523935059,-8818.478400920329,-133095.6812767889,9.40279555507302,-133086.27848123384
0.057,-8827.30318727869,8.041708160768092,-8819.261479117922,-8826.83180621046,7.9408603112220195,-8818.890945899238,-8825.79509785551,8.240477405393442,-8817.554620450117,-8826.850966361942,8.368326601003309,-8818.48263976094,-133095.70320920885,9.424727914336316,-133086.27848129452
0.0575,-8827.31012406725,8.048644272650877,-8819.261479794599,-8826.84199991602,7.951055240969523,-8818.89094467505,-8825.811518994751,8.256896162252994,-8817.554622832498,-8826.864139226856,8.381485105481907,-8818.482654121375,-133095.72528381392,9.446802458588406,-133086.27848135534
0.058,-8827.317116407337,8.05563060208626,-8819.261485805251,-8826.854743985119,7.961299868039023,-8818.89344411708,-8825.82803275961,8.27340269850012,-8817.55463006111,-8826.879431632939,8.39472103756382,-8818.484710595374,-133095.74749962136,9.46901820499162,-133086.27848141638
0.0585,-8827.324150709095,8.062666845347941,-8819.261483863747,-8826.865032342854,7.971593777121185,-8818.893438565732,-8825.844606963577,8.28999634167351,-8817.554610621904,-8826.892751125279,8.408033872440065,-8818.484717252839,-133095.76985564534,9.491374167804954,-133086.27848147752
0.059,-8827.331239608708,8.069752687595077,-8819.261486921112,-8826.846694377842,7.981937312258678,-8818.864757065583,-8825.868487445297,8.306676803562613,-8817.561810641735,-8826.907092002812,8.421422787388106,-8818.485669215424,-133095.79235089736,9.513869358457796,-133086.2784815389
0.0595,-8827.338370946827,8.07688783002671,-8819.261483116801,-8826.85772898573,7.992329916636923,-8818.865399069093,-8825.885249105873,8.323443414146046,-8817.561805691726,-8826.920565155926,8.434887210690238,-8818.485677945237,-133095.814984386,9.536502785623137,-133086.27848160037
0.06,-8827.345550922337,8.084071961467975,-8819.261478960869,-8826.86816909689,8.00277027383705,-8818.865398823053,-8825.902112213555,8.340295072356767,-8817.561817141197,-8826.934085873547,8.448426867459197,-8818.485659006088,-133095.83775511733,9.559273455290366,-133086.27848166204
0.0605,-8827.352783826771,8.09130476165504,-8819.261479065115,-8826.878650216046,8.013258044819935,-8818.865392171225,-8825.919055847111,8.357231061178387,-8817.561824785933,-8826.948367265644,8.46204124193373,-8818.48632602371,-133095.86066209467,9.582180370837579,-133086.27848172383
0.061,-8827.360066560688,8.09858593895736,-8819.261480621732,-8826.88917854208,8.023792793783368,-8818.865385748297,-8825.936063734474,8.374250712303013,-8817.561813022172,-8826.962055472317,8.475729768594865,-8818.486325703721,-133095.88370431887,9.605222533103369,-133086.27848178576
0.0615,-8827.367401746693,8.105915182140018,-8819.261486564554,-8826.899765876713,8.034374081281982,-8818.86539179543,-8825.953162876549,8.391353359116163,-8817.561809517432,-8826.975810197773,8.489491797520113,-8818.486318400253,-133095.9068807883,9.628398940458094,-133086.27848184784
0.062,-8827.374774841252,8.113292162126804,-8819.261482679125,-8826.905747918072,8.04500194623628,-8818.860745971835,-8825.970352379265,8.408538272600975,-8817.561814106664,-8826.989640978756,8.503326717541054,-8818.486314261216,-133095.9301904989,9.651708588874635,-133086.27848191003
0.0625,-8827.38219490427,8.120716576525101,-8819.261478327746,-8826.916422752323,8.055675959774812,-8818.860746792549,-8825.967343179169,8.425805993774121,-8817.541537185394,-8827.003544596615,8.517233945175036,-8818.48631065144,-133095.95363244438,9.675150471998585,-133086.27848197237
0.063,-8827.389667419377,8.128188110386755,-8819.26147930899,-8826.929501799526,8.066395292578271,-8818.863106506948,-8825.984693077984,8.443155825346128,-8817.541537252639,-8827.031537560406,8.531205976447914,-8818.500331583959,-133095.97720561604,9.698723581217887,-133086.27848203483
0.0635,-8827.397201684895,8.135706456412318,-8819.261495228482,-8826.94025185484,8.0771594868622,-8818.863092367978,-8826.002123800698,8.460585791595854,-8817.541538009102,-8827.060830859127,8.545247354114524,-8818.515583505012,-133096.00090900314,9.722426905731892,-133086.2784820974
0.064,-8827.404762653294,8.143271292751693,-8819.261491360543,-8826.951053885403,8.087968017707345,-8818.863085867695,-8826.019631413403,8.478095187769837,-8817.541536225634,-8827.067921666088,8.559362298501838,-8818.508559367587,-133096.0247415927,9.746259432619825,-133086.2784821601
0.0645,-8827.41236939806,8.150882292896243,-8819.261487105165,-8826.961923388424,8.098820426373033,-8818.863102962052,-8826.037215439263,8.495683284904974,-8817.541532154357,-8827.08211174387,8.573545136403318,-8818.508566607466,-133096.0487023698,9.770220146908667,-133086.27848222287
0.065,-8827.420025495472,8.158539149794148,-8819.261486345678,-8826.972813514652,8.109716258357562,-8818.863097256295,-8826.054892329159,8.513349358983207,-8817.541542970175,-8827.089985279026,8.587796945137544,-8818.502188333889,-133096.07279031744,9.79430803164043,-133086.2784822858
0.0655,-8827.427721170368,8.166241560803158,-8819.261479609566,-8826.98373892683,8.120655072108478,-8818.863083854721,-8826.058873323384,8.531093010895416,-8817.527780312488,-8827.103532699528,8.602117166531729,-8818.501415532995,-133096.09700441675,9.818522067938806,-133086.2784823488
0.066,-8827.435469297352,8.173989206347576,-8819.261480091005,-8826.997027901592,8.131636544578571,-8818.865391357014,-8826.077136424961,8.5489120710266,-8817.528224353935,-8827.117930559101,8.61650557404355,-8818.501424985057,-133096.121343647,9.842861235075206,-133086.27848241193
0.0665,-8827.44326367754,8.181781754812857,-8819.261481922727,-8827.005067614498,8.142660254959274,-8818.862407359538,-8826.09503701109,8.566805491544985,-8817.528231519544,-8827.132382301274,8.63096141818524,-8818.501420883089,-133096.14580698567,9.867324510534141,-133086.27848247514
0.067,-8827.451108840885,8.189618883733022,-8819.261489957153,-8827.011264232578,8.153725623302243,-8818.857538609276,-8826.113004116001,8.584773954577262,-8817.528230161424,-8827.147275594654,8.645483919267074,-8818.501791675388,-133096.1703934085,9.891910870077991,-133086.27848253844
0.0675,-8827.458988336506,8.197500276797582,-8819.261488059708,-8827.022358921948,8.164832165312117,-8818.857526756636,-8826.136907009068,8.602813767701377,-8817.534093241366,-8827.161847738209,8.660072396089452,-8818.50177534212,-133096.19510188964,9.916619287811088,-133086.27848260183
0.068,-8827.466907886448,8.205425632186342,-8819.261482254262,-8827.033509520474,8.175979417710405,-8818.857530102763,-8826.155019668522,8.620924164367214,-8817.534095504156,-8827.17833342928,8.674722689557807,-8818.50361073972,-133096.21993140155,9.941448736243055,-133086.2784826653
0.0685,-8827.474874881687,8.213394627077639,-8819.26148025461,-8827.052455572071,8.18716701573291,-8818.865288556339,-8826.173195032063,8.63910735472902,-8817.534087677333,-8827.193455842915,8.689433692093528,-8818.50402215082,-133096.2448809152,9.9663981863532,-133086.27848272887
0.069,-8827.482889799061,8.22140693092052,-8819.26148286814,-8827.069332150402,8.198394539311778,-8818.870937611091,-8826.19145813364,8.657362596885786,-8817.534095536756,-8827.208245424214,8.704208257729064,-8818.504037166485,-133096.26994940013,9.9914666076542,-133086.27848279246
0.0695,-8827.490946916523,8.229462210522458,-8819.261484706001,-8827.080593971195,8.209661455962404,-8818.870932515232,-8826.213444141331,8.675689109674021,-8817.537755031657,-8827.223091033879,8.719046048608098,-8818.504044985271,-133096.29513582442,10.016652968252066,-133086.27848285617
0.07,-8827.499037889424,8.237560155937384,-8819.261477733486,-8827.101773408833,8.220967876314903,-8818.880805532517,-8826.231832651081,8.694086183713894,-8817.537746467367,-8827.23618379015,8.733965429943204,-8818.502218360207,-133096.32043915484,10.041956234905562,-133086.27848291994
0.0705,-8827.50718322176,8.245700456216444,-8819.261482765543,-8827.113123086872,8.232313324249256,-8818.880809762622,-8826.255907443943,8.712553409203341,-8817.54335403474,-8827.251189855519,8.748965676120253,-8818.502224179398,-133096.34585835686,10.067375373086389,-133086.27848298376
0.071,-8827.515367177906,8.253882785025942,-8819.26148439288,-8827.12449660677,8.243696742707744,-8818.880799864062,-8826.274443534794,8.731090000425596,-8817.543353534369,-8827.266243843022,8.764027021099627,-8818.502216821922,-133096.3713923947,10.092909347038658,-133086.27848304767
0.0715,-8827.5235902347,8.262106814109773,-8819.261483420589,-8827.130145458164,8.25511751158828,-8818.875027946577,-8826.293058303776,8.74969490179495,-8817.543363401981,-8827.281373170796,8.779148710577974,-8818.502224460217,-133096.39704023144,10.118557119837767,-133086.27848311162
0.072,-8827.531851676884,8.270372218323095,-8819.26147945856,-8827.138286737385,8.266575097160754,-8818.871711640224,-8826.311732200566,8.768367355284253,-8817.543364845282,-8827.296561387959,8.79432998874306,-8818.502231399216,-133096.42280082905,10.144317653448569,-133086.2784831756
0.0725,-8827.54015651125,8.278678676473838,-8819.261477834776,-8827.147430089894,8.27806916603267,-8818.869360923862,-8826.330465105953,8.787106624957335,-8817.543358480996,-8827.311799434605,8.80957007980057,-8818.502229354805,-133096.44867314844,10.17018990878289,-133086.27848323964
0.073,-8827.548506645146,8.287025850454395,-8819.261480794692,-8827.151260999623,8.28959925450889,-8818.861661745113,-8826.349280027332,8.805911942379772,-8817.543368084953,-8827.327095655384,8.824868221347646,-8818.502227434037,-133096.4746561495,10.19617284575644,-133086.27848330376
0.0735,-8827.556895402851,8.295413427658449,-8819.261481975193,-8827.166712907734,8.301164847381987,-8818.865548060352,-8826.368136552754,8.82478254469165,-8817.543354008061,-8827.342445997181,8.840223637275727,-8818.502222359906,-133096.50074879127,10.222265423345064,-133086.27848336793
0.074,-8827.565321115437,8.303841088475957,-8819.26148002696,-8827.178317693653,8.312765539722317,-8818.865552153931,-8826.387074855747,8.843717685967716,-8817.54335716978,-8827.357847122135,8.855635512808302,-8818.502211609328,-133096.52695003175,10.248466599640366,-133086.2784834321
0.0745,-8827.57379069704,8.312308509491547,-8819.261482187549,-8827.189948228779,8.32440095379905,-8818.86554727498,-8826.402817992153,8.862715632853254,-8817.5401023593,-8827.373321203175,8.871103033261349,-8818.502218169913,-133096.55325882824,10.274775331904689,-133086.27848349634
0.075,-8827.582298902455,8.320815366157353,-8819.261483536297,-8827.201608327809,8.336070615430287,-8818.865537712378,-8826.421887782994,8.88177561652402,-8817.540112166469,-8827.388850358906,8.88662542369229,-8818.502224935213,-133096.5796741372,10.301190576625546,-133086.27848356057
0.0755,-8827.590842870655,8.329361315707224,-8819.261481554948,-8827.213322309437,8.347774060876826,-8818.865548248561,-8826.441002396527,8.900897836910602,-8817.540104559615,-8827.404421714726,8.902201872467778,-8818.502219842258,-133096.60619491444,10.32771128956939,-133086.27848362486
0.076,-8827.599428562107,8.337946043822065,-8819.261482518285,-8827.225044635716,8.359510839874574,-8818.86553379584,-8826.458886770191,8.920081930405189,-8817.538804839785,-8827.42006602663,8.917831529421871,-8818.50223449721,-133096.63282011502,10.354336425834838,-133086.27848368918
0.0765,-8827.608055738392,8.346569232861894,-8819.26148650553,-8827.234981206837,8.371279990974422,-8818.863701215863,-8826.481566814366,8.939327390969417,-8817.542239423396,-8827.435735372486,8.933513579863213,-8818.502221792623,-133096.65954869342,10.381064939905247,-133086.27848375353
0.077,-8827.616709855976,8.355230555777636,-8819.2614793002,-8827.252581266346,8.3830809415447,-8818.869500324801,-8826.500896123829,8.958633015587942,-8817.542263108242,-8827.45729461092,8.94924384258542,-8818.508050768334,-133096.6863796036,10.40789578570077,-133086.2784838179
0.0775,-8827.625413326206,8.363929674508993,-8819.261483651697,-8827.264409927311,8.39491371286292,-8818.86949621445,-8826.5200612821,8.977999527925231,-8817.542061754175,-8827.473251728,8.965021363876463,-8818.508230364125,-133096.7133117989,10.434827916629816,-133086.27848388226
0.078,-8827.634150651875,8.37266625312006,-8819.261484398754,-8827.276272205296,8.4067779314624,-8818.869494273833,-8826.539496807041,8.997426178247089,-8817.542070628795,-8827.489076284352,8.980848631796963,-8818.508227652555,-133096.7403442323,10.461860285639982,-133086.27848394666
0.0785,-8827.642917303028,8.381439981927048,-8819.2614773211,-8827.288178829136,8.418673114832401,-8818.869505714303,-8826.55897632021,9.016910408396107,-8817.542065911814,-8827.504944471302,8.99672481373355,-8818.50821965757,-133096.76747585635,10.488991845268123,-133086.2784840111
0.079,-8827.651744035664,8.390250527883936,-8819.26149350778,-8827.300104526463,8.430598796747795,-8818.869505729715,-8826.578511623326,9.036451443112433,-8817.542060180213,-8827.520880845967,9.012649041799186,-8818.508231804168,-133096.79470562318,10.516221547688449,-133086.2784840755
0.0795,-8827.660586265507,8.399097557655793,-8819.26148870785,-8827.31204691309,8.442554539881254,-8818.86949237321,-8826.5981143989,9.056048474895547,-8817.542065924004,-8827.536854652348,9.02862041680607,-8818.508234235542,-133096.8220324847,10.543548344761879,-133086.27848413994
0.08,-8827.669466165486,8.407980746751743,-8819.261485418734,-8827.324034837666,8.454539877146914,-8818.86949496052,-8826.617763427677,9.075700738785795,-8817.542062688892,-8827.552872566166,9.044638028639339,-8818.508234537527,-133096.84945539245,10.570971188086626,-133086.27848420438
0.0805,-8827.678385881367,8.416899787548221,-8819.26148609382,-8827.33605494875,8.466554319597318,-8818.869500629153,-8826.63747373003,9.095407427812201,-8817.542066302218,-8827.561038640919,9.060703696960614,-8818.500334943958,-133096.87697329785,10.598489029046977,-133086.2784842688
0.081,-8827.687343505802,8.425854348647201,-8819.261489157156,-8827.348097709599,8.478597383143512,-8818.869500326455,-8826.657241252842,9.115167763620988,-8817.542073489221,-8827.577144292774,9.076816645957175,-8818.500327646818,-133096.90458515208,10.626100818861214,-133086.27848433322
0.0815,-8827.696321395817,8.434844078008233,-8819.261477317808,-8827.360174802723,8.4906686104398,-8818.869506192283,-8826.677049068394,9.13498099247565,-8817.542068075918,-8827.593313840809,9.092973311983666,-8818.500340528826,-133096.93228990628,10.653805508629155,-133086.27848439766
0.082,-8827.705353883686,8.443868655702072,-8819.261485227984,-8827.372261194172,8.502767556922274,-8818.86949363725,-8826.696916011753,9.154846315135371,-8817.542069696618,-8827.609515098515,9.109172767973979,-8818.50034233054,-133096.96008651145,10.681602049379272,-133086.27848446206
0.0825,-8827.714408067646,8.452927764004997,-8819.261480303641,-8827.38438477892,8.51489374507656,-8818.869491033844,-8826.716825155201,9.174762948028693,-8817.542062207172,-8827.625760702076,9.125414069580515,-8818.500346632496,-133096.98797391859,10.709489392115374,-133086.27848452647
0.083,-8827.723508027973,8.462021067399673,-8819.261486960573,-8827.396551755848,8.527046705990022,-8818.869505049857,-8826.736801413479,9.194730106565924,-8817.542071306912,-8827.6420327701,9.14169631081668,-8818.500336459283,-133097.01595107873,10.737466487862894,-133086.27848459088
0.0835,-8827.732631114903,8.471148234659088,-8819.261482880243,-8827.408720163288,8.539225958967391,-8818.86949420432,-8826.756813196125,9.214746991907255,-8817.542066204218,-8827.658803371372,9.158018628019729,-8818.500784743354,-133097.04401694296,10.765532287714827,-133086.27848465525
0.084,-8827.741783765736,8.480308943412428,-8819.261474822324,-8827.420930055561,8.551431017001558,-8818.86949903856,-8826.776876477184,9.234812817494632,-8817.54206365969,-8827.675156501713,9.174380088196866,-8818.500776413515,-133097.0721704625,10.793685742877287,-133086.2784847196
0.0845,-8827.75098672289,8.489502865366463,-8819.261483857523,-8827.433154491368,8.563661433150761,-8818.869493058217,-8826.796992567959,9.254926789203036,-8817.542065778756,-8827.69156232256,9.19077970079065,-8818.50078262177,-133097.10041058867,10.821925804714699,-133086.27848478395
0.085,-8827.760224012318,8.498729666179479,-8819.261494346138,-8827.449560312214,8.57591688669698,-8818.873643425517,-8826.817153362217,9.275088120169782,-8817.542065242047,-8827.708003190937,9.207216490626312,-8818.500786700311,-133097.12873627307,10.850251424794632,-133086.27848484827
0.0855,-8827.769480613651,8.507989004461098,-8819.26149160919,-8827.46183171648,8.588196896724233,-8818.873634819756,-8826.837372330609,9.295296018899185,-8817.542076311709,-8827.724468854847,9.223689519776691,-8818.50077933507,-133097.1571464675,10.878661554932322,-133086.2784849126
0.086,-8827.778762487354,8.517280571317954,-8819.261481916037,-8827.474131969395,8.600500862124917,-8818.87363110727,-8826.85761490244,9.315549679871431,-8817.542065222568,-8827.741474775257,9.240198159428054,-8818.501276615829,-133097.18564012405,10.907155147235363,-133086.27848497682
0.0865,-8827.788087753239,8.526604036563459,-8819.261483716675,-8827.508076576176,8.612819886727678,-8818.895256689448,-8826.884928730908,9.3358474279538,-8817.549081302954,-8827.758756784382,9.25674144922125,-8818.502015335162,-133097.21421619522,10.935731154149067,-133086.27848504108
0.087,-8827.797444728794,8.535959060285467,-8819.261485668509,-8827.5204154529,8.625153378968122,-8818.895262073933,-8826.905263928356,9.356188472485247,-8817.54907545587,-8827.769287494602,9.273318139998617,-8818.495969354604,-133097.24287363375,10.9643885284999,-133086.27848510526
0.0875,-8827.806830552998,8.545345319195985,-8819.261485233801,-8827.53276505846,8.637509294842303,-8818.895255763618,-8826.925649908962,9.376572901165108,-8817.549077007798,-8827.785893587055,9.28992725343663,-8818.49596633362,-133097.27161139296,10.993126223537587,-133086.27848516943
0.088,-8827.816245941105,8.554762480528568,-8819.261483460576,-8827.550016550007,8.649886870660515,-8818.900129679347,-8826.946086315098,9.396999908310434,-8817.549086406787,-8827.80252805132,9.306567780821347,-8818.495960270498,-133097.3004284265,11.021943192978092,-133086.27848523352
0.0885,-8827.825696615162,8.564210228229213,-8819.261486386933,-8827.56242123026,8.662285626732448,-8818.900135603526,-8826.966552642765,9.417468705432398,-8817.549083937332,-8827.818706182423,9.323238855506018,-8818.495467326917,-133097.32932368867,11.050838391046494,-133086.27848529763
0.089,-8827.835171607914,8.573688236539887,-8819.261483371374,-8827.575091031971,8.67470107668584,-8818.900389955284,-8826.987054375591,9.437978517847428,-8817.549075857743,-8827.835408119145,9.339939481602611,-8818.495468637542,-133097.35829613416,11.079810772519597,-133086.27848536163
0.0895,-8827.844679740849,8.583196159739517,-8819.26148358111,-8827.587522653523,8.687132740459651,-8818.900389913064,-8827.007612971249,9.458528533826046,-8817.549084437424,-8827.843300489369,9.356664484651587,-8818.486636004716,-133097.38734471842,11.108859292768333,-133086.27848542566
0.09,-8827.854213146153,8.592733676387164,-8819.261479469766,-8827.596757081928,8.699584500419483,-8818.897172581508,-8827.028198388996,9.479117942657194,-8817.549080446339,-8827.85892024416,9.373412921852228,-8818.485507322308,-133097.41646839736,11.13798290779987,-133086.27848548957
0.0905,-8827.863784221592,8.602300455198213,-8819.261483766393,-8827.609221605244,8.712055899017923,-8818.897165706227,-8827.04883137125,9.4997459679695,-8817.549085403281,-8827.877308038655,9.39018165023154,-8818.487126388423,-133097.44566612775,11.167180574299348,-133086.27848555346
0.091,-8827.87337556261,8.611896165514906,-8819.261479397095,-8827.621707586231,8.724546439175853,-8818.897161147055,-8827.069487956944,9.52041181528687,-8817.549076141657,-8827.894105342808,9.406969557301707,-8818.487135785506,-133097.47493686696,11.196451249671057,-133086.27848561728
0.0915,-8827.883004573765,8.62152048873229,-8819.261484085033,-8827.634217409077,8.737055657178928,-8818.897161751898,-8827.090199617329,9.541114678906123,-8817.549084938422,-8827.910900501194,9.42378183647105,-8818.487118664723,-133097.50427957316,11.225793892079778,-133086.27848568108
0.092,-8827.892652658405,8.631173095755543,-8819.26147956265,-8827.646749166432,8.749583077113908,-8818.897166089318,-8827.110929159107,9.561853747177654,-8817.54907541193,-8827.92775264162,9.440617490833468,-8818.487135150788,-133097.53369320527,11.255207460492267,-133086.27848574478
0.0925,-8827.902342704716,8.640853652876466,-8819.26148905184,-8827.659298566761,8.76212823576164,-8818.897170331,-8827.131702569905,9.582628226414673,-8817.54907434349,-8827.944604066792,9.457475554776995,-8818.487128512015,-133097.56317672317,11.28469091471801,-133086.27848580846
0.093,-8827.912051347676,8.65056182861374,-8819.261489519062,-8827.671865610066,8.774690677978578,-8818.897174932086,-8827.152513174,9.603437340422175,-8817.549075833578,-8827.961477426472,9.474355054527166,-8818.487122371946,-133097.59272908748,11.314243215449665,-133086.27848587203
0.0935,-8827.921781209889,8.66029730390918,-8819.261483905979,-8827.684447435322,8.787269953852288,-8818.897177481469,-8827.173351196232,9.624280293571157,-8817.549070902662,-8827.978375343266,9.491255032860689,-8818.487120310405,-133097.62234925985,11.343863324303134,-133086.27848593556
0.094,-8827.931539682331,8.670059739999807,-8819.261479942332,-8827.697041658344,8.799865593722009,-8818.897176064622,-8827.194239763203,9.645156289610735,-8817.549083473592,-8827.995299486103,9.508174496627605,-8818.487124989475,-133097.65203620287,11.373550203857228,-133086.278485999
0.0945,-8827.941331056538,8.679848809075843,-8819.261482247462,-8827.712038663807,8.812478336698335,-8818.899560327109,-8827.215134767475,9.666064546595065,-8817.54907022088,-8828.009602455082,9.525113161969578,-8818.484489293112,-133097.6817888801,11.403302817693014,-133086.2784860624
0.095,-8827.95114508051,8.68966419162226,-8819.261480888887,-8827.724656013432,8.8251077574619,-8818.89954825597,-8827.236082700672,9.687004229915882,-8817.549078470756,-8828.026573327961,9.542070084976075,-8818.484503242986,-133097.71160625614,11.433120130432751,-133086.2784861257
0.0955,-8827.960986999455,8.699505555874293,-8819.26148144358,-8827.746965793553,8.83775170634593,-8818.909214087207,-8827.25705232996,9.707974532255484,-8817.549077797705,-8828.04354420084,9.559043552870538,-8818.48450064797,-133097.7414872967,11.463001107778183,-133086.27848618894
0.096,-8827.970856336537,8.709372575862405,-8819.261483760674,-8827.7596296348,8.850409736593761,-8818.909219898207,-8827.278047708454,9.728974698471852,-8817.549073009983,-8828.060537008228,9.576032580354672,-8818.484504427874,-133097.77143096863,11.492944716548212,-133086.2784862521
0.0965,-8827.98074713129,8.719264932779572,-8819.261482198512,-8827.788775114002,8.86308189435821,-8818.925693219644,-8827.299085763874,9.750003922359113,-8817.549081841515,-8828.076741842213,9.593039999651044,-8818.483701842562,-133097.80143623988,11.522949924716201,-133086.27848631516
0.097,-8827.990674165669,8.729182275729022,-8819.26149188994,-8827.793605474415,8.875767478163986,-8818.91783799625,-8827.320133832874,9.771061416457272,-8817.549072416417,-8828.063989070835,9.610078100710915,-8818.453910970124,-133097.83150207959,11.553015701446563,-133086.27848637814
0.0975,-8828.000609544697,8.739124281870236,-8819.261485262827,-8827.806319621983,8.888466006759007,-8818.917853615223,-8827.3442145862,9.792147000327343,-8817.552067585873,-8828.08105626482,9.627142523941018,-8818.45391374088,-133097.8616274582,11.583141017130625,-133086.27848644106
0.098,-8828.010583070698,8.749090635196849,-8819.2614924355,-8827.81903043169,8.901177273816275,-8818.917853157875,-8827.365323928776,9.813259864929002,-8817.552064063848,-8828.098137287083,9.64421921132524,-8818.453918075758,-133097.8918113473,11.613324843421733,-133086.27848650387
0.0985,-8828.020566133442,8.759080998557064,-8819.261485134884,-8827.8317476787,8.913900831516813,-8818.917846847184,-8827.3864685573,9.834398603161521,-8817.55206995414,-8828.121924547138,9.66130757334889,-8818.460616973789,-133097.92205271986,11.643566153269479,-133086.2784865666
0.099,-8828.030587819996,8.769095060281348,-8819.261492759715,-8827.837163833561,8.926636255735827,-8818.910527577826,-8827.405800489369,9.855562251261023,-8817.550238238107,-8828.138173726978,9.678407171376115,-8818.459766555603,-133097.9523505502,11.673863920953357,-133086.27848662922
0.0995,-8828.0406178512,8.779132503468308,-8819.261485347732,-8827.849913267079,8.939383083655706,-8818.910530183422,-8827.426984456959,9.876749997404112,-8817.550234459555,-8828.156277803364,9.695516795170306,-8818.460761008193,-133097.9827038139,11.704217122115665,-133086.2784866918
0.1,-8828.050688413563,8.789192979184909,-8819.261495434379,-8827.868049053135,8.952140491595372,-8818.91590856154,-8827.454314855519,9.8979598953012,-8817.556354960218,-8828.173055080357,9.712635402374683,-8818.460419677982,-133098.01311148805,11.734624733793261,-133086.27848675425
0.1005,-8828.060767320576,8.799276168051113,-8819.261491152525,-8827.873167184773,8.964908570523454,-8818.908258614249,-8827.47552218813,9.919191153356158,-8817.556331034773,-8828.190185693684,9.729762017352714,-8818.460423676332,-133098.04357255105,11.765085734448311,-133086.2784868166
0.101,-8828.070869831028,8.809381759585545,-8819.261488071443,-8827.885937837544,8.977687213927556,-8818.908250623615,-8827.49752345461,9.940444750116317,-8817.557078704493,-8828.207305101338,9.746895458010547,-8818.460409643327,-133098.07408598287,11.795599103998041,-133086.27848687887
0.1015,-8828.080992845478,8.819509412588857,-8819.261483432889,-8827.898614553395,8.99047555473421,-8818.90813899866,-8827.518798498097,9.961719889519756,-8817.557078608577,-8828.223617938938,9.764034666063779,-8818.459583272874,-133098.10465076487,11.826163823843352,-133086.27848694104
0.102,-8828.09115090746,8.82965880126409,-8819.261492106196,-8827.91141620058,9.003273126622172,-8818.908143073959,-8827.540093568745,9.983015346175147,-8817.55707822257,-8828.240785507145,9.781178703377687,-8818.459606803768,-133098.13526587997,11.856778876896364,-133086.2784870031
0.1025,-8828.10131588358,8.839829586923845,-8819.261486296655,-8827.92420211214,9.01607938889075,-8818.908122723251,-8827.569938806477,10.004330139798519,-8817.565608666679,-8828.25792327303,9.798326810445047,-8818.459596462584,-133098.16593031265,11.887443247606807,-133086.27848706505
0.103,-8828.111506370487,8.850021461681212,-8819.261484908806,-8827.934631971302,9.028894027414761,-8818.905737943887,-8827.591272024098,10.02566346931318,-8817.565608554785,-8828.27507510561,9.81547813480232,-8818.459596970808,-133098.19664304887,11.918155921987236,-133086.27848712687
0.1035,-8828.12171450037,8.860234095410423,-8819.261480404959,-8827.947446493092,9.041716579092874,-8818.905729913999,-8827.61262669939,10.047014717332544,-8817.565611982058,-8828.282597927036,9.832623517554818,-8818.449974409481,-133098.22740307628,11.948915887637115,-133086.27848718865
0.104,-8828.131953863087,8.870467156441581,-8819.261486706646,-8827.96028795618,9.054546474066928,-8818.905741482115,-8827.633995918217,10.068383095376578,-8817.56561282284,-8828.304522184315,9.849756365611448,-8818.454765818704,-133098.25820938405,11.97972213376569,-133086.27848725027
0.1045,-8828.142206815663,8.880720337257088,-8819.261486478406,-8827.97311773676,9.06738327983738,-8818.905734456923,-8827.65537753481,10.089767810488977,-8817.56560972432,-8828.32165828127,9.86688411175544,-8818.454774169513,-133098.28906096303,12.010573651213864,-133086.27848731182
0.105,-8828.15247788805,8.890993310660505,-8819.26148457739,-8827.98595562357,9.080226568635268,-8818.905729054934,-8827.676789192143,10.111168071536369,-8817.565621120606,-8828.338789371433,9.884011706967938,-8818.454777664465,-133098.31995680573,12.041469432474923,-133086.27848737326
0.1055,-8828.162770894947,8.901285746020879,-8819.261485148927,-8827.99880519289,9.093075891386482,-8818.905729301503,-8827.698199657383,10.132583124375834,-8817.565616533007,-8828.355246929112,9.901145348215215,-8818.454101580897,-133098.35089590627,12.072408471713903,-133086.27848743455
0.106,-8828.17307963747,8.911597317614907,-8819.261482319855,-8828.014363435688,9.10593025351337,-8818.908433182174,-8827.724689153614,10.15401792346383,-8817.57067123015,-8828.38403573412,9.918282119545392,-8818.465753614575,-133098.38187726057,12.103389764785968,-133086.2784874958
0.1065,-8828.183412221852,8.921927692122294,-8819.261484529728,-8828.03017106432,9.118789318427172,-8818.911381745893,-8827.74945130724,10.175473464298623,-8817.573977842942,-8828.402729181233,9.935414176016556,-8818.467315005217,-133098.41289986612,12.134412309253742,-133086.27848755688
0.107,-8828.193769124928,8.932276540979686,-8819.261492583948,-8828.012949136677,9.131653397250577,-8818.881295739426,-8827.770914224568,10.1969432154981,-8817.57397100907,-8828.421862749043,9.952543230701721,-8818.46931951834,-133098.44396272226,12.165475104403022,-133086.27848761785
0.1075,-8828.204136280003,8.942643568847835,-8819.261492711155,-8828.025747446003,9.144522137615999,-8818.881225308387,-8827.79239979166,10.218424562790558,-8817.57397522887,-8828.424528030338,9.969663023449968,-8818.454865006888,-133098.47506483,12.19657715125852,-133086.27848767876
0.108,-8828.214515356007,8.95302845770122,-8819.261486898306,-8828.038618949833,9.157394912920605,-8818.881224036913,-8827.813893226567,10.239916706699105,-8817.573976519867,-8828.442854074421,9.98677253877896,-8818.456081535642,-133098.50620519213,12.227717452599869,-133086.27848773953
0.1085,-8828.224918512287,8.963430873008775,-8819.261487639278,-8828.051490453663,9.170271081857312,-8818.881219371806,-8827.835398343983,10.261418876547086,-8817.573979467435,-8828.459959653797,10.00387642169268,-8818.456083232104,-133098.53738281314,12.258895012976371,-133086.27848780015
0.109,-8828.235336927357,8.973850482801184,-8819.261486444555,-8828.064380554142,9.183150216187878,-8818.881230337955,-8827.856913236561,10.2829302964643,-8817.573982940097,-8828.466936973515,10.02097597376201,-8818.445960999752,-133098.56859669942,12.2901088387211,-133086.2784878607
0.1095,-8828.245768693867,8.98428696289914,-8819.261481730968,-8828.077262786808,9.196031899633564,-8818.881230887175,-8827.87842955965,10.304450176059404,-8817.573979383591,-8828.484440235081,10.038070673056037,-8818.446369562025,-133098.5998458591,12.321357937964592,-133086.27848792114
0.11,-8828.256225732746,8.994740005517516,-8819.26148572723,-8828.085238126698,9.208915885797015,-8818.876322240902,-8827.899957326832,10.325977745969485,-8817.573979580862,-8828.50817146677,10.055151868372674,-8818.453019598397,-133098.6311293021,12.352641320648232,-133086.27848798147
0.1105,-8828.266694215718,9.00520928339683,-8819.26148493232,-8828.098135141316,9.22180173106965,-8818.876333410246,-8827.921487955036,10.347512266054656,-8817.573975688982,-8828.525240568104,10.07221858581599,-8818.453021982288,-133098.6624460402,12.383957998537856,-133086.27848804166
0.111,-8828.277178911152,9.015694478969863,-8819.261484432182,-8828.111017373982,9.2346888269355,-8818.876328547047,-8827.94302883524,10.369052933031487,-8817.573975902209,-8828.542027143421,10.089275723609205,-8818.452751419813,-133098.693795087,12.415306985237603,-133086.27848810176
0.1115,-8828.287681249562,9.026195266861336,-8819.2614859827,-8828.123901990833,9.247576739529082,-8818.876325251304,-8827.964561132374,10.390598981775046,-8817.573962150598,-8828.559064535084,10.106322594846947,-8818.452741940237,-133098.72517545792,12.446687296203757,-133086.2784881617
0.112,-8828.298198131504,9.036711317991958,-8819.261486813512,-8828.136793283405,9.260465045993454,-8818.876328237411,-8827.98702946085,10.412152085564752,-8817.574877375286,-8828.579748538914,10.123355972527438,-8818.456392566386,-133098.75658617032,12.47809794875898,-133086.27848822155
0.1125,-8828.308727411213,9.047242334158039,-8819.261485077055,-8828.141242650929,9.27335434224412,-8818.867888308685,-8828.008591321888,10.43371145633495,-8817.574879865553,-8828.59675851244,10.140375130243198,-8818.456383382198,-133098.78802624342,12.509537962107027,-133086.2784882813
0.113,-8828.319276241245,9.057787984737391,-8819.261488256509,-8828.154147771778,9.286244181413917,-8818.867903590364,-8828.030151990833,10.455273914080852,-8817.574878076754,-8828.612177757206,10.157381369614132,-8818.454796387592,-133098.81949469828,12.541006357347577,-133086.27848834093
0.1135,-8828.32983651537,9.068347936139856,-8819.26148857923,-8828.169946340504,9.299133187224438,-8818.87081315328,-8828.051721719685,10.476838713037584,-8817.574883006648,-8828.629175571385,10.174374044882883,-8818.4548015265,-133098.85099055793,12.572502157492004,-133086.27848840042
0.114,-8828.340413717213,9.078921876944296,-8819.261491840269,-8828.183901456776,9.312020222370732,-8818.871881234405,-8828.073285488072,10.49840508252915,-8817.574880405542,-8828.646156219425,10.19135308821812,-8818.454803131208,-133098.88251284728,12.604024387480303,-133086.2784884598
0.1145,-8828.350999502125,9.08950948945848,-8819.261490012666,-8828.196788696232,9.324904819359748,-8818.871883876873,-8828.094850210133,10.519972261236784,-8817.574877948897,-8828.663123277607,10.208317927143025,-8818.454805350464,-133098.91406059326,12.635572074198407,-133086.27848851908
0.115,-8828.361605791035,9.100110451652775,-8819.261495339382,-8828.209672120991,9.337787274593001,-8818.871884846398,-8828.11641564745,10.541539493458332,-8817.57487615399,-8828.69679561037,10.225257212632112,-8818.471538397738,-133098.9456328247,12.667144246496333,-133086.27848857822
0.1155,-8828.372213510456,9.110724454039683,-8819.261489056416,-8828.228017476978,9.350667720900336,-8818.877349756078,-8828.137987045231,10.563106005762812,-8817.574881039469,-8828.713699010792,10.242170277614626,-8818.471528733176,-133098.97722857245,12.698739935207296,-133086.27848863724
0.116,-8828.382831720295,9.121351188103603,-8819.261480532192,-8828.22738805193,9.36354404774779,-8818.863844004181,-8828.155615476551,10.584671580521412,-8817.57094389603,-8828.730600980702,10.259067297629066,-8818.471533683072,-133099.00884686928,12.730358173167499,-133086.27848869612
0.1165,-8828.393482831898,9.131990307820328,-8819.261492524078,-8828.240266469898,9.376415252027574,-8818.863851217871,-8828.17718234438,10.606235476042437,-8817.570946868338,-8828.747471956196,10.275947724108144,-8818.471524232087,-133099.04048675013,12.761997995236706,-133086.2784887549
0.117,-8828.404125122013,9.142641499386404,-8819.261483622628,-8828.253140119496,9.389282613911023,-8818.863857505585,-8828.198739198628,10.627796404516314,-8817.570942794111,-8828.764343646946,10.292811010153223,-8818.471532636793,-133099.07214725186,12.79365843831947,-133086.27848881355
0.1175,-8828.414786962452,9.153304470525626,-8819.261482491927,-8828.260181096974,9.402145956166663,-8818.858035140807,-8828.220295099201,10.649353602380968,-8817.57094149682,-8828.781192449513,10.309656612980007,-8818.471535836532,-133099.10382741343,12.825338541387001,-133086.27848887205
0.118,-8828.425464538517,9.163978890986915,-8819.26148564753,-8828.273049024525,9.415004865513929,-8818.858044159011,-8828.241859106007,10.670906294894067,-8817.570952811113,-8828.79801431078,10.326484035808015,-8818.471530274972,-133099.13552627593,12.857037345499528,-133086.27848893043
0.1185,-8828.43614259142,9.174664430096328,-8819.261478161323,-8828.285898355427,9.427858715874706,-8818.858039639552,-8828.263408807697,10.692453738924039,-8817.570955068773,-8828.814814952793,10.34329278346776,-8818.471522169326,-133099.1672428825,12.888753893829072,-133086.27848898867
0.119,-8828.446846631947,9.185360787427086,-8819.26148584452,-8828.298755315724,9.440707099636933,-8818.858048216087,-8828.284942773762,10.713995216911313,-8817.570947556851,-8828.831622270527,10.360082342603548,-8818.471539927923,-133099.1989762785,12.920487231682442,-133086.27848904682
0.1195,-8828.457551149311,9.196067646336891,-8819.261483502974,-8828.309966710987,9.453549774734464,-8818.856416936253,-8828.306478170338,10.73552997881967,-8817.570948191518,-8828.85459795374,10.376852463613261,-8818.477745490127,-133099.23072551133,12.952236406524364,-133086.2784891048
0.12,-8828.468266395512,9.20678467884207,-8819.26148171667,-8828.322806028309,9.466386343095607,-8818.856419685213,-8828.327999738636,10.75705727942119,-8817.570942459215,-8828.87134375948,10.393602700202166,-8818.477741059278,-133099.26248963067,12.98400046800053,-133086.27848916268
0.1205,-8828.47900548357,9.217511565350913,-8819.261493918219,-8828.33563866991,9.479216232234586,-8818.856422437677,-8828.349523929539,10.778576352097673,-8817.570947577442,-8828.885443834248,10.41033144313666,-8818.475112391112,-133099.29426768835,13.015778467960438,-133086.2784892204
0.121,-8828.489736703816,9.228248003559896,-8819.261488700256,-8828.34845652956,9.492039030234238,-8818.856417499326,-8828.37360730547,10.800086595096317,-8817.573520710373,-8828.902151016178,10.427038275246085,-8818.475112740933,-133099.32605873846,13.047569460479817,-133086.278489278
0.1215,-8828.500480798664,9.23899368517317,-8819.261487113492,-8828.361274150791,9.50485432911983,-8818.856419821672,-8828.395110277119,10.821587282162847,-8817.573522994957,-8828.918844131413,10.443723718578429,-8818.475120412835,-133099.35786183728,13.079372501882496,-133086.2784893354
0.122,-8828.511229423466,9.249748289020907,-8819.261481134445,-8828.374071744862,9.517661749141656,-8818.85640999572,-8828.416608480396,10.843077517415107,-8817.573530962982,-8828.935499099674,10.460387394499048,-8818.475111705175,-133099.38967604347,13.111186650761386,-133086.27848939272
0.1225,-8828.521997121754,9.260511493863108,-8819.26148562789,-8828.385380414906,9.530460189429313,-8818.854920225476,-8828.438319353047,10.86455551188143,-8817.573763841165,-8828.952131895008,10.477028921686102,-8818.475102973322,-133099.42150041787,13.143010967998286,-133086.27848944988
0.123,-8828.532769588413,9.271282980609731,-8819.261486607804,-8828.398174432697,9.543249229884516,-8818.854925202813,-8828.45978799242,10.886020496487474,-8817.573767495933,-8828.96875825304,10.493647909356204,-8818.475110343685,-133099.45333402368,13.174844516783029,-133086.2784895069
0.1235,-8828.543551830235,9.282062447776264,-8819.26148938246,-8828.410949615421,9.55602918183721,-8818.854920433585,-8828.481246618214,10.907472822848675,-8817.573773795366,-8828.985354093495,10.510244021349122,-8818.475110072146,-133099.4851759264,13.206686362631851,-133086.2784895638
0.124,-8828.554332164707,9.292849580639718,-8819.261482584068,-8828.423717645588,9.568799646765704,-8818.854917998822,-8828.502675680103,10.928911787693721,-8817.57376389241,-8829.002426532688,10.526816961338433,-8818.47560957135,-133099.51702519393,13.238535573404318,-133086.2784896205
0.1245,-8828.565130142155,9.303644077740575,-8819.261486064413,-8828.420633939686,9.58156055457069,-8818.839073385116,-8828.524101642552,10.950336669583834,-8817.573764972967,-8829.018971589985,10.543366375925507,-8818.47560521406,-133099.54888089641,13.270391219318412,-133086.2784896771
0.125,-8828.57593360323,9.314445617373242,-8819.261487985856,-8828.433383373203,9.594311538128373,-8818.839071835075,-8828.54551592249,10.971746725057782,-8817.573769197432,-8829.038487104359,10.5598885406162,-8818.478598563743,-133099.5807421065,13.302252372963784,-133086.27848973355
0.1255,-8828.586737064305,9.325253882461105,-8819.261483181843,-8828.446121839466,9.607051894274326,-8818.839069945192,-8828.56690969843,10.993141213939795,-8817.57376848449,-8829.054968027058,10.576383198813103,-8818.478584828244,-133099.61260789915,13.3341181093125,-133086.27848978984
0.126,-8828.59754887003,9.336068565782396,-8819.261480304247,-8828.458848623219,9.619781221681116,-8818.839067401537,-8828.588283685627,11.014519436495476,-8817.573764249131,-8829.073817399922,10.592850150840366,-8818.480967249081,-133099.6444773517,13.365987505729255,-133086.27848984598
0.1265,-8828.60837331194,9.346889334248441,-8819.26148397769,-8828.47156539339,9.632499153706561,-8818.839066239685,-8828.609653142872,11.035880667059518,-8817.573772475813,-8829.091972497883,10.609289762375104,-8818.482682735508,-133099.676349544,13.397859641980425,-133086.278489902
0.127,-8828.6192060985,9.357715882240814,-8819.261490216259,-8828.484277395191,9.64520530952927,-8818.839072085662,-8828.630983022633,11.057224194414664,-8817.573758828217,-8829.107572225514,10.625704179622732,-8818.48186804589,-133099.7082235581,13.429733600240292,-133086.27848995785
0.1275,-8828.63003721613,9.36854792201757,-8819.261489294113,-8828.496973661366,9.657899284289481,-8818.839074377076,-8828.652321008625,11.078549312378085,-8817.573771696247,-8829.118033555927,10.642096802845465,-8818.475936753082,-133099.74009847868,13.461608465095587,-133086.2784900136
0.128,-8828.640871433201,9.379385146973336,-8819.261486286228,-8828.509651092472,9.670580718741888,-8818.83907037373,-8828.673628000202,11.099855290287088,-8817.573772709915,-8829.134616998615,10.658468386764937,-8818.476148611851,-133099.7719733927,13.493483323548025,-133086.27849006915
0.1285,-8828.651718524876,9.390227226570211,-8819.261491298306,-8828.522317556324,9.683249231997124,-8818.839068324327,-8828.694910673084,11.121141445200614,-8817.573769227884,-8829.150182870808,10.674814478079401,-8818.475368392728,-133099.8038473896,13.525357265014875,-133086.27849012456
0.129,-8828.662554649296,9.40107384962898,-8819.261480799667,-8828.538057950916,9.695904556028266,-8818.842153394888,-8828.716176179829,11.142407088480752,-8817.573769091348,-8829.166501192036,10.691134761403806,-8818.475366430632,-133099.83571956118,13.557229381327566,-133086.27849017986
0.1295,-8828.673413185063,9.411924702233058,-8819.261488482829,-8828.548226503315,9.708546104024888,-8818.839680399291,-8828.737424997273,11.163651495101627,-8817.57377350217,-8829.18281188387,10.707428955964687,-8818.475382927905,-133099.86758900172,13.589098766728469,-133086.27849023498
0.13,-8828.684271005573,9.422779473976467,-8819.261491531597,-8828.560853389683,9.721173376325266,-8818.839680013358,-8828.758644012394,11.18487396422773,-8817.573770048166,-8829.199082044544,10.723696888885964,-8818.475385155658,-133099.89945480783,13.620964517865707,-133086.27849028996
0.1305,-8828.69512954134,9.433637877432007,-8819.261491663909,-8828.570539621296,9.733786225321765,-8818.836753395974,-8828.779839185658,11.206073786263907,-8817.573765399395,-8829.215318826618,10.73993838902618,-8818.475380437592,-133099.9313160786,13.652825733786022,-133086.27849034482
0.131,-8828.7059892692,9.444499581510048,-8819.26148968769,-8828.58313861269,9.74638427086073,-8818.83675434183,-8828.801022437992,11.227250294432707,-8817.57377214356,-8829.231136945667,10.756153123298809,-8818.474983822369,-133099.96317191544,13.684681515926286,-133086.2784903995
0.1315,-8828.716854719105,9.455364280737223,-8819.261490438368,-8828.595732835713,9.758967142905325,-8818.836765692808,-8828.822173742237,11.248402801513844,-8817.573770940724,-8829.247304586353,10.772340978812274,-8818.474963607541,-133099.9950214222,13.716530968103658,-133086.27849045407
0.132,-8828.72771683115,9.466231680200835,-8819.26148515095,-8828.608302024784,9.771534471751178,-8818.836767553033,-8828.841255096379,11.269531351187014,-8817.571723745192,-8829.273140100422,10.788492677081038,-8818.484647423342,-133100.02686370505,13.748373196503994,-133086.27849050853
0.1325,-8828.738594678822,9.477101451755896,-8819.261493227066,-8828.620856431904,9.78408588979476,-8818.83677054211,-8828.862357763233,11.290635271674677,-8817.571722491559,-8829.316220907154,10.804613604299746,-8818.511607302855,-133100.0586978725,13.780207309668683,-133086.27849056284
0.133,-8828.749460367146,9.487973299277904,-8819.261487067868,-8828.638263133946,9.796620781366101,-8818.84164235258,-8828.883439687672,11.311713111646613,-8817.571726576025,-8829.332305101338,10.820712236431994,-8818.511592864905,-133100.09052303547,13.81203241848026,-133086.278490617
0.1335,-8828.760337976399,9.498846924248596,-8819.26149105215,-8828.650775340977,9.809138784116735,-8818.841636556861,-8828.90448465723,11.332764202994255,-8817.571720454236,-8829.348385003987,10.836782660663047,-8818.511602343324,-133100.12233830718,13.843847636147387,-133086.27849067104
0.134,-8828.771213201466,9.509722019810624,-8819.261491181654,-8828.663274673405,9.82163978313459,-8818.84163489027,-8828.925514844837,11.353787873434303,-8817.571726971402,-8829.365483907643,10.852824793129042,-8818.512659114513,-133100.1541428031,13.875652078188914,-133086.27849072492
0.1345,-8828.782092956486,9.520598280229361,-8819.261494676257,-8828.673705009403,9.834125413927538,-8818.839579595477,-8828.946501401844,11.37478345184726,-8817.571717949997,-8829.381490854206,10.868838543212878,-8818.512652310994,-133100.1859356411,13.90744486241707,-133086.27849077867
0.135,-8828.792956022206,9.53147540379074,-8819.261480618416,-8828.686173108998,9.84659533286905,-8818.839577776129,-8828.96747126955,11.395750281038062,-8817.571720988513,-8829.3974725284,10.884823819427542,-8818.512648708973,-133100.21771594125,13.939225108920205,-133086.27849083234
0.1355,-8828.803839115086,9.54235307756023,-8819.261486037525,-8828.698625711384,9.859047209532523,-8818.839578501851,-8828.986303237858,11.416685497894585,-8817.569617739964,-8829.4134465732,10.900780551741494,-8818.51266602146,-133100.2494828259,13.970991940045455,-133086.27849088586
0.136,-8828.814715532246,9.553231001262164,-8819.261484530984,-8828.705423025074,9.871481590895257,-8818.833941434179,-8829.007202772083,11.43758843244694,-8817.569614339636,-8829.429366735401,10.91670866324904,-8818.512658072152,-133100.2812354196,14.00274448038127,-133086.2784909392
0.1365,-8828.825605539265,9.56410886715322,-8819.261496672112,-8828.717834619465,9.883898102204254,-8818.833936517261,-8829.02808537859,11.458460602295318,-8817.569624776295,-8829.446896699848,10.932608037643668,-8818.514288662205,-133100.31297284923,14.03448185674001,-133086.2784909925
0.137,-8828.836478856983,9.574986363296503,-8819.261492493686,-8828.730239299717,9.896295486937714,-8818.833943812779,-8829.048918870869,11.47930135164648,-8817.569617519222,-8829.470841554585,10.948483326425404,-8818.52235822816,-133100.34469424377,14.066203198141086,-133086.27849104564
0.1375,-8828.847343114796,9.585863211636948,-8819.261479903158,-8828.74262371439,9.908673399683394,-8818.833950314707,-8829.069725660267,11.500110048463625,-8817.569615611803,-8829.486263421955,10.964334571838796,-8818.521928850116,-133100.37639873446,14.097907635795043,-133086.27849109867
0.138,-8828.858225730839,9.596739089847368,-8819.261486640991,-8828.754975465718,9.921031517753097,-8818.833943947964,-8829.090510515156,11.520886056756646,-8817.5696244584,-8829.502084878864,10.980157023052186,-8818.521927855812,-133100.40808545466,14.129594303088915,-133086.27849115158
0.1385,-8828.869097379627,9.607613684533268,-8819.261483695094,-8828.725556758824,9.933370411019201,-8818.792186347804,-8829.11125102419,11.541628713072642,-8817.569622311117,-8829.491224912586,10.995981271799415,-8818.495243640788,-133100.43975353992,14.161262335573126,-133086.27849120434
0.139,-8828.879969505253,9.618486709782466,-8819.261482795471,-8828.737880615177,9.945689717249028,-8818.792190897928,-8829.131962446156,11.562337353151259,-8817.569625093005,-8829.52005639452,11.011803278173105,-8818.508253116346,-133100.47140212797,14.192910870950179,-133086.27849125702
0.1395,-8828.890839246693,9.629357872789994,-8819.261481373904,-8828.750184205952,9.95798814787009,-8818.792196058082,-8829.152633336964,11.583011375688478,-8817.569621961275,-8829.535851625385,11.02759236963421,-8818.508259255752,-133100.50303035864,14.224539049065662,-133086.27849130958
0.14,-8828.901709226551,9.640226872658609,-8819.261482353893,-8828.775560049,9.970265698557153,-8818.805294350443,-8829.17598929781,11.603651490635293,-8817.572337807174,-8829.551984933796,11.043352881987843,-8818.508632051808,-133100.53463737393,14.256146011901834,-133086.27849136203
0.1405,-8828.912580636921,9.651093389011633,-8819.26148724791,-8828.800346282902,9.982521415220688,-8818.817824867681,-8829.196596292439,11.624257064349479,-8817.572339228089,-8829.567714361134,11.059084819911622,-8818.508629541222,-133100.56622231792,14.287730903574301,-133086.27849141436
0.141,-8828.92343869585,9.661957115577776,-8819.261481580274,-8828.812565950337,9.994754594734275,-8818.817811355602,-8829.21716275591,11.644826143089835,-8817.572336612819,-8829.583421853962,11.074788178027731,-8818.508633675934,-133100.5977843369,14.319292870332102,-133086.27849146657
0.1415,-8828.934298662129,9.67281777389552,-8819.261480888234,-8828.824790147724,10.006965517144138,-8818.81782463058,-8829.237696317616,11.665358104149671,-8817.572338213466,-8829.597456125202,11.09046274821231,-8818.50699337699,-133100.62932257922,14.350831060561667,-133086.27849151866
0.142,-8828.945156721058,9.683675063118988,-8819.261481657939,-8828.831463722172,10.019153477249223,-8818.812310244923,-8829.262985376301,11.685852836505017,-8817.577132539796,-8829.613090661946,11.106108553625788,-8818.50698210832,-133100.66083619546,14.382344624794957,-133086.27849157067
0.1425,-8828.956015018406,9.694528673106692,-8819.2614863453,-8828.843627838078,10.031318137494186,-8818.812309700583,-8829.28344455141,11.706309750046575,-8817.577134801364,-8829.628708986225,11.12172585148857,-8818.506983134737,-133100.69232433825,14.413832715722233,-133086.27849162254
0.143,-8828.966865447941,9.705378305312276,-8819.261487142629,-8828.855766443196,10.043459542307339,-8818.812306900889,-8829.30387034792,11.726727711738437,-8817.57714263618,-8829.644301561299,11.137314654436103,-8818.506986906863,-133100.72378616247,14.445294488209646,-133086.27849167425
0.1435,-8828.977706102314,9.71622365366288,-8819.261482448652,-8828.867882398548,10.055577371128972,-8818.812305027419,-8829.324229864063,11.74710611127039,-8817.577123752793,-8829.660434392872,11.152875368108386,-8818.507559024763,-133100.75522082523,14.476729099321933,-133086.2784917259
0.144,-8828.988545803013,9.727064443914966,-8819.261481359099,-8828.879972604695,10.067671264183021,-8818.812301340511,-8829.344572690907,11.767444351189283,-8817.577128339717,-8829.675966409626,11.168408043439555,-8818.507558366187,-133100.78662748574,14.508135708350832,-133086.2784917774
0.1445,-8828.999389795246,9.737900368553142,-8819.261489426694,-8828.892052320423,10.079740876052227,-8818.812311444372,-8829.364874032917,11.787741821230732,-8817.577132211687,-8829.691469339314,11.1839123026303,-8818.507557036683,-133100.81800530563,14.539513476849498,-133086.27849182877
0.145,-8829.01021876711,9.748731112349077,-8819.26148765476,-8828.904096511784,10.09178590273249,-8818.812310609052,-8829.385128168049,11.80799793245646,-8817.577130235593,-8829.706943658772,11.199388160849555,-8818.507555497923,-133100.8493534487,14.570861568672111,-133086.27849188002
0.1455,-8829.021045354786,9.75955641263056,-8819.261488942155,-8828.9161144771,10.103806020417366,-8818.812308456683,-8829.405352739277,11.828212096059351,-8817.577140643218,-8829.731565145436,11.21483284629706,-8818.516732299138,-133100.88067108116,14.60217915001844,-133086.27849193115
0.146,-8829.031855253163,9.770375963463124,-8819.2614792897,-8828.931003717365,10.1158011415627,-8818.815202575803,-8829.425524858418,11.848383730743414,-8817.577141127675,-8829.746692327442,11.23024885854658,-8818.516443468896,-133100.9119573716,14.633465389483824,-133086.2784919821
0.1465,-8829.042677549305,9.781189445795011,-8819.26148810351,-8828.942980913105,10.127770934353286,-8818.815209978751,-8829.442110208454,11.868512291208324,-8817.573597917246,-8829.761039403858,11.24563897354189,-8818.515400430317,-133100.94321149107,14.664719458113172,-133086.27849203296
0.147,-8829.053482440891,9.791996580605135,-8819.261485860286,-8828.956032661381,10.139714788846447,-8818.816317872535,-8829.455477861347,11.888598289174686,-8817.566879572172,-8829.784430650654,11.261001278488234,-8818.523429372166,-133100.9744326131,14.695940529458582,-133086.27849208363
0.1475,-8829.064289239826,9.802797069124779,-8819.2614921707,-8828.972538379612,10.151632705030138,-8818.820905674582,-8829.475514558735,11.90864113383745,-8817.566873424897,-8829.799783853474,11.27633584291441,-8818.52344801056,-133101.0056199138,14.727127779638638,-133086.27849213418
0.148,-8829.075080541554,9.813590624295788,-8819.261489917259,-8828.984434513035,10.163524405125372,-8818.82091010791,-8829.504912523213,11.928635543947095,-8817.576276979265,-8829.815070775929,11.29164214587777,-8818.523428630051,-133101.03677257194,14.758280387397022,-133086.27849218453
0.1485,-8829.085868028584,9.824376962009843,-8819.261491066574,-8828.966840175572,10.175390205068554,-8818.791449970504,-8829.492839960041,11.94858305970465,-8817.544256900337,-8829.83035483736,11.30692024272201,-8818.52343459464,-133101.06788976892,14.789397534167234,-133086.27849223476
0.149,-8829.096645025196,9.835155767735149,-8819.261489257462,-8828.975807813587,10.187226403788298,-8818.788581409799,-8829.512738374653,11.968486796622596,-8817.54425157803,-8829.845596937123,11.322170105262511,-8818.52342683186,-133101.09897068894,14.820478404138683,-133086.2784922848
0.1495,-8829.107415346089,9.845926756051337,-8819.261488590037,-8828.987608102741,10.199031684023524,-8818.788576418718,-8829.532594827595,11.988344100503449,-8817.544250727091,-8829.860826639118,11.337391690899604,-8818.523434948218,-133101.130014519,14.85152218431541,-133086.27849233468
0.15,-8829.118176130238,9.856689650317566,-8819.26148647992,-8828.999390033665,10.210809093730859,-8818.788580939934,-8829.552406457844,12.008154401713835,-8817.54425205613,-8829.876018670979,11.352584995077539,-8818.5234336759,-133101.16102044896,14.882528064569314,-133086.2784923844
0.1505,-8829.128927854481,9.867444150018684,-8819.261483704462,-8829.011139539662,10.222558307362661,-8818.788581232298,-8829.572168497029,12.027917129491966,-8817.544251367537,-8829.89118209261,11.367750000179537,-8818.52343209243,-133101.1919876716,14.91349523768601,-133086.27849243392
0.151,-8829.139681486073,9.878189945297928,-8819.261491540774,-8829.022864965382,10.234279015074502,-8818.788585950308,-8829.586229947987,12.047632555615891,-8817.538597392371,-8829.906322626057,11.382886672140396,-8818.523435953917,-133101.22291538265,14.944422899401202,-133086.27849248325
0.1515,-8829.150406030598,9.888926760898253,-8819.2614792697,-8829.03454723734,10.24597090640319,-8818.788576330937,-8829.60589328188,12.067300144140557,-8817.538593137739,-8829.930455354634,11.397996083799091,-8818.532459270835,-133101.25380278085,14.975310248425673,-133086.2784925324
0.152,-8829.1611444034,9.899654301695595,-8819.261490101704,-8829.043945697727,10.257633635883202,-8818.786312061844,-8829.625523237171,12.086918521788565,-8817.538604715382,-8829.945529607716,11.413078136911718,-8818.532451470805,-133101.28464906785,15.006156486457023,-133086.2784925814
0.1525,-8829.171864179554,9.910372270324757,-8819.26149190923,-8829.055578140202,10.269266907125553,-8818.786311233076,-8829.645587114277,12.10648921239914,-8817.539097901878,-8829.960584310475,11.428131589579962,-8818.532452720894,-133101.3154534484,15.036960818176663,-133086.27849263023
0.153,-8829.18257346529,9.921080384779827,-8819.26149308051,-8829.067186740818,10.280870429489799,-8818.786316311329,-8829.665115980091,12.126011660786403,-8817.539104319305,-8829.975608972492,11.443156346183372,-8818.532452626308,-133101.34621513006,15.067722451231305,-133086.27849267883
0.1535,-8829.193268922749,9.931778358279594,-8819.26149056447,-8829.078751472416,10.292443909810226,-8818.786307562606,-8829.68458714861,12.145483283052688,-8817.539103865556,-8829.990293649616,11.458152176830886,-8818.532141472786,-133101.37693332348,15.098440596198525,-133086.2784927273
0.154,-8829.203946737232,9.942465911139454,-8819.261480826093,-8829.083453802052,10.30398676580733,-8818.779467036244,-8829.704006341877,12.164903568588473,-8817.53910277329,-8830.00525346178,11.473118917147033,-8818.532134544634,-133101.40760724212,15.129114466536809,-133086.27849277557
0.1545,-8829.21462884325,9.95314275315307,-8819.261486090098,-8829.094953683796,10.315498688558137,-8818.779454995238,-8829.7276212253,12.184271334887214,-8817.543349890413,-8830.020194200459,11.488056500940441,-8818.532137699518,-133101.43823610223,15.15974327852118,-133086.2784928237
0.155,-8829.225293306294,9.963808593677678,-8819.261484712615,-8829.106439737263,10.326979665749597,-8818.779460071513,-8829.746941236439,12.203586041646908,-8817.543355194792,-8830.032529500904,11.502964848405313,-8818.5295646525,-133101.46881912288,15.190326251166315,-133086.2784928717
0.1555,-8829.235951093617,9.974463131043631,-8819.261487962573,-8829.117891458454,10.338429364749336,-8818.779462093706,-8829.766199258747,12.22284779030287,-8817.543351468445,-8830.047417787495,11.517843731908629,-8818.529574055587,-133101.49935552568,15.220862606140155,-133086.27849291955
0.156,-8829.246595052662,9.98510607054789,-8819.261488982114,-8829.129310277882,10.34984748887062,-8818.77946278901,-8829.785407213154,12.242056070012499,-8817.543351143142,-8830.062266973438,11.532692804925787,-8818.529574168513,-133101.52984453493,15.25135156767354,-133086.27849296725
0.1565,-8829.257219461384,9.99573714403845,-8819.261482317346,-8829.140695241871,10.361233753782226,-8818.77946148809,-8829.804571298542,12.261210341899558,-8817.543360956643,-8830.071308759632,11.547513590942014,-8818.52379516869,-133101.5602853773,15.281792362463964,-133086.27849301483
0.157,-8829.267846254292,10.006356071968721,-8819.261490182324,-8829.152047780934,10.3725878603043,-8818.77945992063,-8829.82366004366,12.280310074965648,-8817.543349968693,-8830.102319864216,11.56230218059088,-8818.540017683625,-133101.59067728187,15.3121842195773,-133086.2784930623
0.1575,-8829.27845111269,10.016962559862232,-8819.261488552827,-8829.163366464558,10.383909511426456,-8818.77945695313,-8829.840408472004,12.29935557997687,-8817.541052892027,-8830.130205301228,11.577040671973622,-8818.553164629255,-133101.62101948,15.342526370357133,-133086.27849310962
0.158,-8829.289041189137,10.027556319423711,-8819.261484869712,-8829.174665597859,10.39519840730729,-8818.779467190552,-8829.859398988667,12.318346299626262,-8817.541052689041,-8830.144885686817,11.59173222565055,-8818.553153461167,-133101.65131120523,15.372818048343651,-133086.2784931569
0.1585,-8829.299619344654,10.038137069523431,-8819.261482275131,-8829.185918954792,10.406454252411253,-8818.77946470238,-8829.878321794453,12.337280869191227,-8817.541040925262,-8830.15955558199,11.606392170068187,-8818.553163411922,-133101.68155169324,15.40305848920495,-133086.27849320404
0.159,-8829.310197023335,10.048704523590029,-8819.261492499745,-8829.197140363636,10.417676762528211,-8818.779463601108,-8829.897214559498,12.356158748337176,-8817.541055811162,-8830.172459272328,11.62102017296311,-8818.551439099365,-133101.71174018175,15.433246930683431,-133086.27849325107
0.1595,-8829.320753244343,10.059258405920561,-8819.261494838422,-8829.208322671833,10.428865633771414,-8818.779457038061,-8829.929525045338,12.374979326001029,-8817.554545719337,-8830.187287954273,11.63561783404937,-8818.551670120223,-133101.74187591058,15.463382612559236,-133086.278493298
0.16,-8829.331285623493,10.069798436512563,-8819.261487186981,-8829.219483522358,10.440020579522145,-8818.779462942835,-8829.948280004444,12.39374207782841,-8817.554537926615,-8830.202833322468,11.650183380575488,-8818.552649941892,-133101.7719581215,15.493464776631853,-133086.27849334487
0.1605,-8829.341818956318,10.080324341299153,-8819.261494615019,-8829.23084464449,10.45113931182711,-8818.779705332663,-8829.966986802998,12.412446500078879,-8817.55454030292,-8830.21782889742,11.664714032070835,-8818.553114865348,-133101.80198605836,15.523492666719518,-133086.27849339164
0.161,-8829.352319387379,10.090835836818265,-8819.261483550561,-8829.225568918171,10.462223962466027,-8818.763344955705,-8829.985637811604,12.431092053918611,-8817.554545757685,-8830.236123708668,11.679208963099725,-8818.556914745568,-133101.83195896697,15.55346552867531,-133086.2784934383
0.1615,-8829.362823633137,10.101332620585111,-8819.261491012552,-8829.23661485094,10.473276268450157,-8818.76333858249,-8829.992807535114,12.4496775238242,-8817.54313001129,-8830.247434762898,11.69366703792921,-8818.553767724969,-133101.86187609527,15.583382610418536,-133086.27849348486
0.162,-8829.373305467549,10.111814423520215,-8819.261491044028,-8829.24763074297,10.484293537247094,-8818.763337205723,-8830.045649675312,12.468199682927931,-8817.577449992385,-8830.262422231617,11.708088841778022,-8818.554333389839,-133101.89173669327,15.613243161979003,-133086.27849353128
0.1625,-8829.383770135822,10.12228099317013,-8819.261489142653,-8829.258617547932,10.495275462826948,-8818.763342085105,-8830.064116624775,12.486658612782616,-8817.577458011992,-8830.276794580403,11.722474116565976,-8818.554320463836,-133101.9215400132,15.643046435551256,-133086.27849357764
0.163,-8829.39421239275,10.132732048634164,-8819.261480344116,-8829.269560960713,10.506221739489053,-8818.763339221223,-8830.082513956013,12.505056422940063,-8817.577457533072,-8830.29114308733,11.73682200030862,-8818.554321087022,-133101.9512853094,15.672791685555076,-133086.27849362383
0.1635,-8829.404656080189,10.143167284815394,-8819.261488795373,-8829.280476716938,10.517132114335517,-8818.763344602603,-8830.1008426227,12.523392602718987,-8817.57745001998,-8830.304215101185,11.751131691620156,-8818.553083409564,-133101.98097183864,15.702478168698768,-133086.27849366993
0.164,-8829.415072111073,10.153586430453045,-8819.26148568062,-8829.291343835774,10.52800631073314,-8818.76333752504,-8830.130487111988,12.541663772410162,-8817.588823339578,-8830.318485406819,11.765402313756331,-8818.553083093062,-133102.01059885995,15.732105144043508,-133086.27849371592
0.1645,-8829.425480512562,10.163989209305187,-8819.261491303258,-8829.302183298054,10.538844024622707,-8818.763339273431,-8830.153922227802,12.559866099401386,-8817.5940561284,-8830.332525400105,11.779632999748966,-8818.552892400356,-133102.0401656348,15.761671873066382,-133086.27849376173
0.165,-8829.435859826985,10.174375335747962,-8819.261484491237,-8829.312975076618,10.549644953229798,-8818.76333012339,-8830.170272973957,12.578001748719464,-8817.592271225238,-8830.346709398213,11.793822770941278,-8818.55288662727,-133102.06967142716,15.7911776197188,-133086.27849380745
0.1655,-8829.44623198885,10.184744547002003,-8819.261487441849,-8829.32068648714,10.560408914058016,-8818.760277573083,-8830.19189277071,12.596073046412565,-8817.595819724298,-8830.36086001772,11.807970460889983,-8818.55288955683,-133102.0991155035,15.820621650478564,-133086.278493853
0.166,-8829.45658316988,10.195096575538967,-8819.261486594341,-8829.331411508503,10.57113564291097,-8818.760275865592,-8830.209895280781,12.614079452569047,-8817.595815828212,-8830.374958661976,11.822075028279395,-8818.552883633696,-133102.1284971328,15.850003234394812,-133086.2784938984
0.1665,-8829.466917184773,10.205431153425085,-8819.261486031348,-8829.342095998707,10.581824789565232,-8818.760271209141,-8830.227835802021,12.632020635562093,-8817.59581516646,-8830.389022020283,11.83613538588719,-8818.552886634396,-133102.1578155868,15.879321643124895,-133086.27849394368
0.167,-8829.477241186085,10.215747991316231,-8819.261493194768,-8829.352754739704,10.592476041325835,-8818.760278698379,-8830.245717195454,12.649895957692033,-8817.59582123776,-8830.403034357014,11.85015038818441,-8818.552883968829,-133102.18707013977,15.908576150963029,-133086.27849398882
0.1675,-8829.487535623493,10.226046819360025,-8819.261488804133,-8829.348514703694,10.603089227216435,-8818.745425476478,-8830.263526109638,12.667704804472345,-8817.595821305165,-8830.417004255238,11.864118890932353,-8818.552885364305,-133102.21626006864,15.937766034861255,-133086.2784940338
0.168,-8829.497814802113,10.236327376457648,-8819.261487425656,-8829.359089998188,10.613664117360248,-8818.745425880828,-8830.276419786396,12.685447323818492,-8817.590972462578,-8830.429602769795,11.878040396964831,-8818.55156237283,-133102.24538465304,15.96689057444329,-133086.2784940786
0.1685,-8829.50807586092,10.246589374300573,-8819.26148648662,-8829.369614271107,10.624200307596908,-8818.74541396351,-8830.29409470934,12.703122901260597,-8817.590971808078,-8830.443479684773,11.891913671358985,-8818.551566013413,-133102.2744431753,15.99594905200917,-133086.27849412328
0.169,-8829.518324045124,10.256832538109736,-8819.261491507015,-8829.380123285237,10.634697502395017,-8818.745425782841,-8830.311704305592,12.72073014364207,-8817.590974161949,-8830.455189374867,11.90573104812939,-8818.549458326737,-133102.30343492035,16.024940752533404,-133086.2784941678
0.1695,-8829.528542665425,10.267056596730626,-8819.261486068694,-8829.390580324116,10.645155413433391,-8818.745424910683,-8830.329237131062,12.738268422044449,-8817.590968709017,-8830.46893802065,11.919491284350325,-8818.549446736299,-133102.33235917587,16.05386496366321,-133086.2784942122
0.17,-8829.538749841633,10.27726130000776,-8819.261488541626,-8829.400990632954,10.655573794931705,-8818.745416838023,-8830.346705106678,12.755737127326347,-8817.590967979351,-8830.482645658436,11.93319883328001,-8818.549446825156,-133102.36121523217,16.082720975711787,-133086.27849425646
0.1705,-8829.548931268635,10.287446382673416,-8819.261484885961,-8829.41136947054,10.66595237756552,-8818.745417092974,-8830.36411681551,12.773135596421543,-8817.590981219088,-8830.514119295063,11.946860405908435,-8818.567258889154,-133102.3900023822,16.11150808164831,-133086.27849430055
0.171,-8829.5590955295,10.297611557049523,-8819.26148397245,-8829.392659810963,10.676291030080264,-8818.716368780882,-8830.381438402119,12.790463150937995,-8817.590975251182,-8830.527742055836,11.960474730348135,-8818.567267325489,-133102.4187199216,16.140225577088007,-133086.27849434453
0.1715,-8829.569237855854,10.307756551289739,-8819.261481304564,-8829.407313016834,10.686589658019352,-8818.720723358814,-8830.398692277851,12.80771917496228,-8817.59097310289,-8830.541750101032,11.974032682715528,-8818.567717418317,-133102.4473671486,16.168872760278866,-133086.2784943883
0.172,-8829.579365877094,10.317881102718292,-8819.261484774375,-8829.416949895802,10.69684776991959,-8818.720102125882,-8830.415877012196,12.824902975285045,-8817.590974036912,-8830.555246976795,11.987532905168482,-8818.567714071627,-133102.4759433641,16.19744893208709,-133086.278494432
0.1725,-8829.589474824848,10.327984938935401,-8819.261489885914,-8829.441561845722,10.707064106936059,-8818.734497738786,-8830.43299117464,12.842013837943945,-8817.590977336697,-8830.568685678425,12.000973886870957,-8818.567711791555,-133102.50444787153,16.225953395982383,-133086.27849447555
0.173,-8829.599551824513,10.338067804449157,-8819.261484020064,-8829.45140996355,10.717238414221939,-8818.73417154933,-8830.450026182118,12.859051115808231,-8817.590975066309,-8830.584098009052,12.01435455266527,-8818.569743456388,-133102.53287997696,16.25438545802413,-133086.27849451895
0.1735,-8829.609614042225,10.348129438497143,-8819.261484603729,-8829.46079650301,10.727370386861011,-8818.733426116149,-8830.466992525044,12.87601412302659,-8817.590978402017,-8830.597407487812,12.027673565108195,-8818.569733922704,-133102.56123898903,16.28274442684786,-133086.27849456217
0.174,-8829.619654325428,10.358169564644028,-8819.261484760784,-8829.470887330952,10.737459770212627,-8818.733427560739,-8830.483876375141,12.892902136559226,-8817.590974238583,-8830.611289171162,12.040929357587828,-8818.570359813573,-133102.589524219,16.311029613652348,-133086.27849460533
0.1745,-8829.629675058308,10.368187919279475,-8819.261487139029,-8829.483252195301,10.747507098924114,-8818.735745096377,-8830.500687745991,12.909714458672052,-8817.590973287319,-8830.637898115101,12.054120149646316,-8818.583777965454,-133102.6177349805,16.339240332189537,-133086.27849464832
0.175,-8829.63966527361,10.37818424033727,-8819.261481033273,-8829.502205041828,10.757514916473717,-8818.744690125355,-8830.517425683918,12.926450400077346,-8817.590975283842,-8830.6506639995,12.06724471532004,-8818.583419284181,-133102.64587058994,16.367375898752755,-133086.27849469119
0.1755,-8829.649649766865,10.388158261399962,-8819.261491505466,-8829.51217522997,10.767483061456993,-8818.744692168511,-8830.534085420551,12.943109242185988,-8817.590976178366,-8830.663803724232,12.080301437126131,-8818.583502287105,-133102.6739303661,16.395435632163675,-133086.2784947339
0.176,-8829.659601835194,10.39810972368051,-8819.261492111513,-8829.521992353382,10.77741067091306,-8818.74458168247,-8830.550657419148,12.959690250311287,-8817.590967168837,-8830.67679801363,12.093289085462988,-8818.583508928166,-133102.70191363027,16.4234188537619,-133086.27849477652
0.1765,-8829.669526723805,10.408038366339206,-8819.261488357466,-8829.531867650929,10.78729748714047,-8818.744570163788,-8830.567168382588,12.976192699830044,-8817.590975682757,-8830.692217019978,12.106204621220972,-8818.586012398757,-133102.72981970638,16.451324887396268,-133086.27849481898
0.177,-8829.67943253893,10.41794392872489,-8819.261488610204,-8829.541719583454,10.797141106610777,-8818.744578476844,-8830.583597330036,12.992615864843895,-8817.590981465193,-8830.72517314333,12.119049870088137,-8818.60612327324,-133102.75764792075,16.479153059417822,-133086.27849486133
0.1775,-8829.68931212801,10.42782616702543,-8819.261485960984,-8829.52981200594,10.806941243626047,-8818.722870762314,-8830.59992804903,13.00895900596993,-8817.59096904306,-8830.73753943819,12.131826509420888,-8818.60571292877,-133102.78539760222,16.506902698673414,-133086.27849490356
0.178,-8829.699166444721,10.43768482114826,-8819.261481623573,-8829.539562848988,10.816697618867718,-8818.72286523012,-8830.616192010822,13.025221390676363,-8817.590970620146,-8830.754537729206,12.144525171825455,-8818.610012557381,-133102.81306808212,16.534573136500477,-133086.2784949456
0.1785,-8829.709003595295,10.447519624202013,-8819.261483971093,-8829.555649904194,10.826410256070098,-8818.729239648124,-8830.632373956623,13.041402290513258,-8817.59097166611,-8830.767153886738,12.15714431919972,-8818.610009567537,-133102.8406586943,16.562163706722494,-133086.27849498758
0.179,-8829.718816427174,10.457330320509307,-8819.261486106665,-8829.565326837483,10.836078852503451,-8818.729247984978,-8830.648478177967,13.057500929195434,-8817.590977248772,-8830.779836801472,12.16969996272757,-8818.610136838744,-133102.86816877508,16.58967374564545,-133086.27849502943
0.1795,-8829.728600171986,10.467116637101988,-8819.261483534883,-8829.587834981861,10.845704362799072,-8818.742130619063,-8830.664486555042,13.073516557410427,-8817.590969997633,-8830.792314676228,12.18219162678997,-8818.610123049439,-133102.89559766318,16.61710259205491,-133086.27849507114
0.18,-8829.738364366474,10.476878330508246,-8819.261486035966,-8829.59741464037,10.855286591674854,-8818.742128048694,-8830.680418638172,13.089448442002485,-8817.59097019617,-8830.804734853687,12.194606770379268,-8818.610128083308,-133102.92294469994,16.644449587214044,-133086.27849511273
0.1805,-8829.748099950733,10.48661514432385,-8819.26148480641,-8829.606948999348,10.86482378517482,-8818.742125214174,-8830.696271089497,13.10529582922721,-8817.59097526027,-8830.817081598225,12.206944561018316,-8818.610137037207,-133102.95020922902,16.671714074862543,-133086.27849515417
0.181,-8829.757816938343,10.4963268118149,-8819.261490126528,-8829.6164509334,10.874315663610945,-8818.74213526979,-8830.712040571156,13.121057961978979,-8817.590982609177,-8830.829335836353,12.21920430992088,-8818.610131526433,-133102.97739059673,16.698895401216376,-133086.27849519553
0.1815,-8829.7675024547,10.506013093140988,-8819.26148936156,-8829.62589087862,10.883761981737738,-8818.742128896882,-8830.727708963337,13.136734098872175,-8817.590974864464,-8830.841519502583,12.23138539526079,-8818.610134107323,-133103.00448815167,16.725992914969147,-133086.2784952367
0.182,-8829.777162221852,10.515673745458034,-8819.261488476393,-8829.635295061054,10.893162484658722,-8818.742132576395,-8830.743287233296,13.152323496256496,-8817.590963737039,-8830.84087911028,12.243491727313181,-8818.597387382966,-133103.0315012451,16.753005967300048,-133086.2784952778
0.1825,-8829.786801485005,10.525308507038702,-8819.261492977967,-8829.63848891634,10.90251704622963,-8818.73597187011,-8830.751895574513,13.167827507827283,-8817.584068066686,-8830.85291304964,12.255522749345312,-8818.597390300296,-133103.05842923062,16.77993391187639,-133086.27849531875
0.183,-8829.796408800068,10.53491712868571,-8819.261491671383,-8829.647802976551,10.911825395245128,-8818.735977581306,-8830.767319826069,13.183245418612085,-8817.584074407458,-8830.864862588825,12.267473457038925,-8818.597389131786,-133103.08527146443,16.806776104848836,-133086.27849535958
0.1835,-8829.805991796437,10.544499370347358,-8819.261492426089,-8829.653947023335,10.921087301091239,-8818.732859722244,-8830.78264441866,13.198574370841445,-8817.584070047818,-8830.876739648762,12.279343434737036,-8818.597396214025,-133103.11202730512,16.83353190485284,-133086.27849540027
0.184,-8829.815544275227,10.554054970370824,-8819.261489304856,-8829.663166669789,10.930302507049655,-8818.73286416274,-8830.797889856281,13.213813625405948,-8817.584076230876,-8830.888528970661,12.291132347729125,-8818.597396622932,-133103.13869611386,16.86020067301373,-133086.27849544084
0.1845,-8829.825076726856,10.56358366989692,-8819.26149305696,-8829.672331003132,10.939470592931904,-8818.7328604102,-8830.813038972798,13.228962453849153,-8817.584076518948,-8830.90299144167,12.302839899744676,-8818.600151541925,-133103.16527725427,16.886781772952645,-133086.27849548133
0.185,-8829.834570077839,10.573085242531114,-8819.261484835308,-8829.681449560108,10.948591298500695,-8818.732858261608,-8830.828094152394,13.244020133833633,-8817.58407401856,-8830.914620546284,12.314465807426316,-8818.600154738857,-133103.19177009244,16.91327457079243,-133086.27849552163
0.1855,-8829.84404864687,10.582559448777392,-8819.261489198092,-8829.690537599507,10.957664332780027,-8818.732873266727,-8830.843063978138,13.258985969906705,-8817.58407800823,-8830.926163343373,12.326009895338133,-8818.600153448035,-133103.218173997,16.93967843516427,-133086.27849556186
0.186,-8829.853490976277,10.592006024907842,-8819.261484951368,-8829.699552205982,10.966689444618861,-8818.732862761364,-8830.85793366808,13.273859227610258,-8817.584074440469,-8830.93622794527,12.3374718196804,-8818.59875612559,-133103.24448833914,16.965992737215082,-133086.27849560193
0.1865,-8829.862915662708,10.601424733223539,-8819.261490929484,-8829.708537725392,10.975666403934483,-8818.732871321457,-8830.872715143147,13.288639197761974,-8817.584075945384,-8830.947615770283,12.348851537184384,-8818.598764233098,-133103.2707124925,16.992216850615645,-133086.2784956419
0.187,-8829.87230697054,10.61081531047373,-8819.261491660065,-8829.717458871784,10.984594926427707,-8818.732863945357,-8830.887401250782,13.303325200024672,-8817.584076050758,-8830.957917360249,12.360149734276913,-8818.597767625972,-133103.29684583328,17.018350151570054,-133086.2784956817
0.1875,-8829.881661561909,10.620177526715654,-8819.261484035193,-8829.72633757967,10.993474771009623,-8818.73286280866,-8830.901988176289,13.317916563918748,-8817.58407161237,-8830.97351184267,12.371364229661278,-8818.60214761301,-133103.3228877402,17.04439201882574,-133086.2784957214
0.188,-8829.891000417652,10.6295111599891,-8819.261489257664,-8829.735176233235,11.002305691458966,-8818.732870541775,-8830.916493562641,13.332412624742055,-8817.584080937899,-8830.984635499897,12.38249460140433,-8818.602140898493,-133103.34883759465,17.070341833683038,-133086.27849576095
0.1885,-8829.900302080097,10.638815948523229,-8819.261486131574,-8829.743955758991,11.011087414466827,-8818.732868344525,-8830.924417642536,13.3468122210788,-8817.577605421458,-8830.99568763155,12.393543164373316,-8818.602144467177,-133103.3746947804,17.096198980005568,-133086.2784958004
0.189,-8829.909577993336,10.648091655645853,-8819.26148633769,-8829.752692846241,11.01981968773153,-8818.73287315851,-8830.938714174214,13.361114706680258,-8817.577599467533,-8831.006651071491,12.404510057750503,-8818.60214101374,-133103.40045868393,17.121962844231007,-133086.2784958397
0.1895,-8829.918828634205,10.657338030127415,-8819.261490604078,-8829.762436059895,11.028502274868416,-8818.733933785026,-8830.952917245808,13.375319927365826,-8817.577597318443,-8831.017545846882,12.41539538650229,-8818.60215046038,-133103.42612869423,17.147632815382167,-133086.27849587885
0.19,-8829.928048757496,10.666554829732785,-8819.261493927763,-8829.771076349201,11.037134905049653,-8818.733941444152,-8830.96702828783,13.38942727624401,-8817.577601011586,-8831.02834716219,12.426199389163443,-8818.602147773026,-133103.45170420298,17.173208285080335,-133086.27849591788
0.1905,-8829.937224058094,10.675741850158465,-8819.261482207936,-8829.779649881306,11.045717297131382,-8818.733932584175,-8830.978428987446,13.403435095238812,-8817.574993892207,-8831.038871911946,12.436922238314729,-8818.601949673632,-133103.4771846044,17.198688647559543,-133086.27849595682
0.191,-8829.946381715718,10.684898854003528,-8819.261482861713,-8829.773666528645,11.054250164809218,-8818.719416363836,-8830.992345003071,13.417342810802829,-8817.575002192269,-8831.049517301502,12.447564125454646,-8818.601953176048,-133103.50256929526,17.22407329968054,-133086.2784959956
0.1915,-8829.95551267046,10.69402558426869,-8819.26148708619,-8829.782153276386,11.062733240939291,-8818.719420035448,-8831.008210805836,13.431151626593927,-8817.577059179242,-8831.060082582417,12.458125415658696,-8818.601957166758,-133103.5278576752,17.249361640945054,-133086.27849603424
0.192,-8829.96461215395,10.703121799238891,-8819.261490354711,-8829.790580419483,11.071165297903386,-8818.71941512158,-8831.021929887715,13.444861000752216,-8817.577068886962,-8831.07216992754,12.468606489780615,-8818.603563437759,-133103.55304914626,17.27455307351042,-133086.27849607274
0.1925,-8829.973675874653,10.712187269478417,-8819.261488605174,-8829.798968461933,11.07954606059236,-8818.71942240134,-8831.035534051838,13.45846967095077,-8817.577064380886,-8831.082569269123,12.479007639975176,-8818.603561629148,-133103.57814311332,17.299647002204956,-133086.2784961111
0.193,-8829.982706216755,10.721221764944975,-8819.26148445181,-8829.807290700855,11.087875293130788,-8818.719415407724,-8831.049051431599,13.47197711541293,-8817.577074316187,-8831.092893270436,12.489329056631176,-8818.603564213805,-133103.6031389839,17.32464283454358,-133086.27849614935
0.1935,-8829.991713670674,10.730225068725805,-8819.261488601947,-8829.81557574648,11.09615275021483,-8818.719422996264,-8831.062455324116,13.485382863105396,-8817.57707246101,-8831.103141931477,12.499571038797628,-8818.60357089268,-133103.62803616817,17.34953998074279,-133086.27849618744
0.194,-8830.000686792317,10.739196941200287,-8819.261489851116,-8829.819752363148,11.104379224836647,-8818.715373138311,-8831.07183947939,13.498684714726252,-8817.573154764663,-8831.1132928409,12.509733869921181,-8818.603558970979,-133103.6528340791,17.37433785373697,-133086.27849622536
0.1945,-8830.009627489033,10.748137133917666,-8819.261490355115,-8829.8279286899,11.112554466536372,-8818.715374223364,-8831.085042146626,13.5118822060633,-8817.573159940563,-8831.123857644978,12.519817603039286,-8818.604040041939,-133103.6775321324,17.399035869196855,-133086.2784962632
0.195,-8830.018531946125,10.75704543650544,-8819.26148650962,-8829.836056856098,11.12067713364007,-8818.715379722458,-8831.098123697224,13.52497658418526,-8817.573147113038,-8831.134251741352,12.529822705631945,-8818.60442903572,-133103.7021297464,17.42363344554786,-133086.27849630086
0.1955,-8830.027413991871,10.765921617748887,-8819.261492374122,-8829.848693994465,11.128747193734789,-8818.719946800731,-8831.111126092854,13.53796740272297,-8817.573158690131,-8831.144230512562,12.539747219861692,-8818.6044832927,-133103.7266263424,17.448130003988396,-133086.2784963384
0.196,-8830.03625026125,10.774765455263271,-8819.261484805986,-8829.863339570942,11.136764390943885,-8818.726575179999,-8831.124013093891,13.550854270071126,-8817.57315882382,-8831.153888849201,12.549591130134058,-8818.604297719068,-133103.75102134427,17.472524968507237,-133086.27849637577
0.1965,-8830.045070795002,10.783576724696502,-8819.261494070306,-8829.871307519856,11.1447282288154,-8818.72657929104,-8831.136790422383,13.56363678233115,-8817.57315364005,-8831.163654474201,12.559357173399185,-8818.604297300803,-133103.77531417893,17.496817765901067,-133086.27849641303
0.197,-8830.053840784016,10.792355186287882,-8819.261485597728,-8829.874269632282,11.152637238128026,-8818.721632394154,-8831.145721105519,13.576315523737483,-8817.56940558178,-8831.173343805256,12.569045724378432,-8818.604298080878,-133103.7995042759,17.52100782579461,-133086.2784964501
0.1975,-8830.062582639637,10.801100636232057,-8819.261482003405,-8829.882162240925,11.160491146806802,-8818.721671094117,-8831.158295778218,13.588890152426114,-8817.56940562579,-8831.179436830464,12.578656912620424,-8818.600779917842,-133103.82359106772,17.545094580661598,-133086.27849648707
0.198,-8830.071294931355,10.80981284354667,-8819.261482087808,-8829.889961866322,11.1682909063368,-8818.721670959985,-8831.170765069905,13.601359328497956,-8817.569405741406,-8831.190865663471,12.588190162256934,-8818.602675501215,-133103.84757398968,17.56907746584482,-133086.27849652382
0.1985,-8830.079983858051,10.818491562865622,-8819.261492295185,-8829.901145128193,11.17603633539995,-8818.725108792793,-8831.183131364765,13.613722752904216,-8817.569408611862,-8831.201352743092,12.597645492473768,-8818.603707250619,-133103.87145248006,17.59295591957622,-133086.2784965605
0.199,-8830.088623193684,10.827136571919628,-8819.261486621765,-8829.908840326252,11.183727196568562,-8818.725113129683,-8831.195390848103,13.625980098695683,-8817.569410749407,-8831.210733560505,12.607023794476854,-8818.603709766028,-133103.89522597997,17.616729382997107,-133086.27849659696
0.1995,-8830.097235826435,10.835747662463287,-8819.261488163973,-8829.912683633747,11.191357544491165,-8818.721326089257,-8831.20753779787,13.63813105667803,-8817.569406741193,-8831.214609292927,12.616325637201879,-8818.598283655725,-133103.91889393347,17.640397300178932,-133086.27849663328
0.2,-8830.105807451191,10.844324639028176,-8819.261482812162,-8829.92025246996,11.19892706528519,-8818.721325404675,-8831.219579843464,13.650175390278466,-8817.569404453187,-8831.223831800404,12.625551160018528,-8818.598280640384,-133103.94245578762,17.663959118143293,-133086.2784966695
0.2005,-8830.114360479298,10.852867253918458,-8819.26149322538,-8829.927765039387,11.206441138516555,-8818.72132390087,-8831.231527952137,13.662112792180528,-8817.569415159956,-8831.234100488606,12.634698244232073,-8818.599402244374,-133103.96591099238,17.687414286879957,-133086.2784967055
0.201,-8830.122860101643,10.861375273893312,-8819.26148482775,-8829.93522467989,11.213899514950636,-8818.72132516494,-8831.243348268452,13.67394300009082,-8817.569405268361,-8831.243179468098,12.643767033461495,-8818.599412434636,-133103.98925900072,17.710762259367176,-133086.27849674135
0.2015,-8830.131333021107,10.869848514507035,-8819.2614845066,-8829.94261613268,11.22130194381791,-8818.72131418886,-8831.255071309986,13.685665792050658,-8817.569405517936,-8831.248550561848,12.652754812575147,-8818.595795749272,-133104.01249926866,17.734002491592797,-133086.27849677706
0.202,-8830.139778760853,10.878286761681448,-8819.261491999172,-8829.949973253193,11.228648139544958,-8818.721325113647,-8831.2666837253,13.69728092306514,-8817.569402802235,-8831.257465509358,12.661661611470933,-8818.595803897886,-133104.0356312552,17.757134442573204,-133086.27849681262
0.2025,-8830.148176340046,10.886689783511125,-8819.261486556536,-8829.957606462422,11.235937864260725,-8818.72166859816,-8831.27819266695,13.708788172557853,-8817.569404494392,-8831.266293672505,12.670492361193679,-8818.59580131131,-133104.05865442238,17.780157574372023,-133086.278496848
0.203,-8830.156549600544,10.89505736822309,-8819.261492232321,-8829.964834836903,11.24317086340799,-8818.721663973494,-8831.289595273915,13.720187341445392,-8817.56940793247,-8831.275047925892,12.679247042186622,-8818.595800883706,-133104.08156823533,17.803071352118167,-133086.2784968832
0.2035,-8830.164880899372,10.903389322053329,-8819.26149157732,-8829.97202029604,11.250346856616634,-8818.721673439422,-8831.300884393635,13.731478212939773,-8817.569406180695,-8831.283717302265,12.687925664101183,-8818.595791638165,-133104.1043721623,17.825875244023006,-133086.2784969183
0.204,-8830.17317214388,10.911685414983456,-8819.261486728896,-8829.979138521137,11.257465567284555,-8818.721672953852,-8831.312063840809,13.742660564662263,-8817.569403276148,-8831.292333749714,12.69652823245866,-8818.595805517256,-133104.12706567458,17.84856872139681,-133086.2784969532
0.2045,-8830.181432870808,10.919945435876937,-8819.261487434931,-8829.986201909962,11.26452673033701,-8818.721675179624,-8831.323139337483,13.753734186066868,-8817.569405151417,-8831.30086007494,12.705054653513862,-8818.595805421426,-133104.14964824656,17.871151258664746,-133086.27849698788
0.205,-8830.189651636067,10.928169186431376,-8819.261482449636,-8829.993207124653,11.27153008708709,-8818.721677037565,-8831.334098009052,13.764698906442689,-8817.56939910261,-8831.309424547138,12.713498469358175,-8818.59592607778,-133104.17211935585,17.893622333381725,-133086.27849702246
0.2055,-8830.197846559468,10.936356472487002,-8819.261490086981,-8830.000149873676,11.278475379861321,-8818.721674493816,-8831.344960359516,13.775554568647038,-8817.56940579087,-8831.316403535786,12.72185918962771,-8818.594544346159,-133104.1944784831,17.91598142624649,-133086.27849705686
0.206,-8830.205992845478,10.944507075144209,-8819.261485770334,-8830.034804014149,11.285362388904517,-8818.749441625245,-8831.35571208376,13.786300936054557,-8817.569411147704,-8831.32619014162,12.730142858260315,-8818.596047283361,-133104.2167251122,17.938228021115176,-133086.2784970911
0.2065,-8830.214109567585,10.952620770220449,-8819.261488797365,-8830.041637567463,11.292190839962032,-8818.749446727501,-8831.359570650044,13.796937295466334,-8817.562633354577,-8831.325237420979,12.738352890449164,-8818.58688453053,-133104.23885873015,17.96036160501413,-133086.27849712514
0.207,-8830.222187189045,10.960697363643465,-8819.261489825401,-8830.051258233967,11.298960448692196,-8818.752297785275,-8831.38204398531,13.807462072958671,-8817.574581912351,-8831.334727434101,12.746489812546344,-8818.588237621554,-133104.2608788272,17.982381668151817,-133086.27849715904
0.2075,-8830.230231431904,10.968736653597212,-8819.261494778308,-8830.057975439015,11.305670971259993,-8818.752304467755,-8831.392458585682,13.817875596742802,-8817.57458298894,-8831.343760637226,12.75455031467347,-8818.589210322552,-133104.2827848967,18.00428770393041,-133086.27849719278
0.208,-8830.238227037373,10.976738444390492,-8819.261488592982,-8830.064630178395,11.312322145899763,-8818.752308032495,-8831.4027582683,13.82817914527542,-8817.574579123024,-8831.352521089497,12.762533326509002,-8818.589987762987,-133104.30457643527,18.026079208956855,-133086.2784972263
0.2085,-8830.246192125263,10.984702538572051,-8819.261489586692,-8830.07334294695,11.318913591471478,-8818.754429355478,-8831.412954477253,13.838372512973994,-8817.57458196428,-8831.360420850697,12.770438604083434,-8818.589982246613,-133104.32625294276,18.047755683053936,-133086.27849725971
0.209,-8830.25412097353,10.992628718520436,-8819.26149225501,-8830.087509302082,11.325445372874052,-8818.762063929209,-8831.423031476917,13.848455523166196,-8817.574575953751,-8831.368249086323,12.778266310578243,-8818.589982775744,-133104.34781392218,18.06931662927122,-133086.27849729292
0.2095,-8830.26200213808,11.000516784959391,-8819.261485353121,-8830.08889403719,11.331917284519562,-8818.75697675267,-8831.43300309557,13.858428031126742,-8817.574575064444,-8831.376007226887,12.786016192641405,-8818.589991034245,-133104.36925887986,18.09076155389526,-133086.27849732595
0.21,-8830.269854692402,11.0083665548813,-8819.261488137521,-8830.095307496968,11.338328748079586,-8818.756978748888,-8831.441131261769,13.868288136861862,-8817.572843124906,-8831.383673814717,12.793687978455747,-8818.58998583626,-133104.3905873253,18.112089966458953,-133086.27849735884
0.2105,-8830.277679590168,11.01617781391192,-8819.261501776256,-8830.102608827534,11.344679798943936,-8818.75792902859,-8831.450874475422,13.878035622848206,-8817.572838852573,-8831.391265539112,12.801281426164202,-8818.589984112949,-133104.41179877127,18.133301379754702,-133086.27849739153
0.211,-8830.285434392872,11.023950380752032,-8819.26148401212,-8830.108896402302,11.35097015412428,-8818.757926248178,-8831.438984064045,13.887663906555865,-8817.551320157489,-8831.398384241047,12.808796265674756,-8818.589587975372,-133104.4328927339,18.15439530984981,-133086.27849742403
0.2115,-8830.293172506275,11.031684076343836,-8819.261488429931,-8830.115123895588,11.357199312658594,-8818.75792458293,-8831.448484567585,13.89717280287925,-8817.551311764706,-8831.409759668293,12.81623217402704,-8818.593527494266,-133104.4538687325,18.17537127610119,-133086.2784974564
0.212,-8830.300865320149,11.039378697253902,-8819.261486622894,-8830.121294168415,11.363367028906804,-8818.757927139508,-8831.457887319508,13.9065701690844,-8817.551317150423,-8831.417115358296,12.823588868087509,-8818.593526490207,-133104.47472628974,18.196228801171113,-133086.27849748856
0.2125,-8830.308522371235,11.04703404412463,-8819.26148832711,-8830.127406743946,11.369473029746459,-8818.7579337142,-8831.46717610735,13.915855787913806,-8817.551320319435,-8831.424390939655,12.83086609562975,-8818.593524844026,-133104.49546493162,18.216967411043733,-133086.27849752057
0.213,-8830.316147951069,11.054649909279142,-8819.26149804179,-8830.13344493288,11.375517045381102,-8818.7579278875,-8831.476349023762,13.925029417989606,-8817.551319605773,-8831.45015159029,12.838061615055963,-8818.612089975235,-133104.51608418743,18.23758663503166,-133086.2784975524
0.2135,-8830.323715833607,11.06222612594311,-8819.261489707664,-8830.139424470844,11.38149883845494,-8818.75792563239,-8831.48540511507,13.934090852327852,-8817.551314262742,-8831.45726457018,12.845175141451108,-8818.612089428729,-133104.53658358983,18.258086005778814,-133086.27849758405
0.214,-8830.331253675404,11.069762493834293,-8819.261491181569,-8830.145351556721,11.387418154185045,-8818.757933402536,-8831.489905981007,13.943040319945096,-8817.546865661061,-8831.464303163471,12.852208328307025,-8818.612094835164,-133104.55696267483,18.278465059292127,-133086.27849761554
0.2145,-8830.33875289339,11.077258812186503,-8819.261494081204,-8830.151203779164,11.393274719328266,-8818.757929059835,-8831.498742727223,13.95187758360315,-8817.54686514362,-8831.471255449238,12.859160859746293,-8818.61209458949,-133104.5772209818,18.29872333498205,-133086.27849764682
0.215,-8830.346213487568,11.08471491258924,-8819.261498574979,-8830.157003072682,11.399068271318846,-8818.757934801362,-8831.513368753376,13.960600259720396,-8817.552768493655,-8831.477275995197,12.866022946550238,-8818.611253048648,-133104.5973580536,18.318860375689056,-133086.2784976779
0.2155,-8830.35362115282,11.092130611393273,-8819.261490541427,-8830.16272178072,11.404798554533848,-8818.757923226187,-8831.521976617756,13.969208071289946,-8817.552768546466,-8831.480600027027,12.87279662410752,-8818.60780340292,-133104.61737343654,18.33887572771074,-133086.27849770884
0.216,-8830.360995439472,11.099505729015485,-8819.261489710458,-8830.173002866688,11.410465820551401,-8818.762537046137,-8831.53046622652,13.97770250921872,-8817.552763717302,-8831.487950471821,12.879492424047424,-8818.608458047773,-133104.6372666804,18.358768940829613,-133086.27849773958
0.2165,-8830.36833014864,11.106840081407285,-8819.261490067232,-8830.178599027577,11.416069819254028,-8818.762529208323,-8831.538847116413,13.986083311251836,-8817.55276380516,-8831.494567541065,12.8861077092768,-8818.608459831788,-133104.65703733847,18.378539568341576,-133086.27849777014
0.217,-8830.375620988789,11.114133488172918,-8819.261487500617,-8830.184145120564,11.421609785722032,-8818.762535334841,-8831.547112611714,13.994350194746902,-8817.552762416966,-8831.50109734911,12.89264086168932,-8818.60845648742,-133104.67668496756,18.39818716708574,-133086.27849780046
0.2175,-8830.382875112477,11.121385748485702,-8819.261489363991,-8830.189097551289,11.427086157631411,-8818.762011393657,-8831.555263666096,14.002502872730812,-8817.552760793365,-8831.507850316944,12.899091994563896,-8818.60875832238,-133104.6962091281,18.417711297475122,-133086.27849783062
0.218,-8830.390084413471,11.128596694402782,-8819.261487719068,-8830.198143629017,11.432498747468639,-8818.765644881549,-8831.563304094258,14.010541085283666,-8817.552763008975,-8831.51389994997,12.905460826791797,-8818.608439123178,-133104.71560938412,18.437111523527815,-133086.2784978606
0.2185,-8830.397260812702,11.135766159930853,-8819.261494652772,-8830.203489450398,11.437846592957502,-8818.765642857441,-8831.571227220478,14.018464570292963,-8817.552762650186,-8831.520169404926,12.911746733986764,-8818.608422670939,-133104.73488530327,18.456387412898508,-133086.27849789037
0.219,-8830.404384283009,11.14289394417,-8819.261490338838,-8830.211579946461,11.443129347805062,-8818.768450598656,-8831.574253705921,14.026279103846036,-8817.547974602076,-8831.526384977284,12.917949514507129,-8818.608435462776,-133104.75403645684,18.475538536910086,-133086.27849791994
0.2195,-8830.411471513691,11.149979880337401,-8819.261491633353,-8830.20966210741,11.448346387971258,-8818.76131571944,-8831.601157335224,14.033983960612872,-8817.567173374611,-8831.532500413838,12.924068927136561,-8818.6084314867,-133104.77306241987,18.494564470585185,-133086.2784979493
0.22,-8830.418510106983,11.157023811825884,-8819.261486295158,-8830.215443757954,11.453497479186819,-8818.761946278766,-8831.608747629109,14.04157276384828,-8817.56717486526,-8831.538531927052,12.930104763071736,-8818.60842716398,-133104.79196277112,18.51346479267762,-133086.27849797843
0.2205,-8830.425510553303,11.16402554882324,-8819.26148500448,-8830.220529703083,11.458582763570316,-8818.761946939512,-8831.616218713703,14.049045654735565,-8817.567173058967,-8831.544486192646,12.936056842784796,-8818.60842934986,-133104.81073709312,18.532239085703633,-133086.27849800742
0.221,-8830.432473329487,11.170984913910118,-8819.261488415577,-8830.225479272785,11.463602105061211,-8818.761877167724,-8831.624769834461,14.056400510082046,-8817.56836932438,-8831.550360349598,12.94192499037744,-8818.608435359221,-133104.82938497214,18.55088693597284,-133086.27849803618
0.2215,-8830.439388421955,11.177901754704315,-8819.26148666725,-8830.2304469623,11.468555248102756,-8818.761891714197,-8831.632003930989,14.063637029165713,-8817.568366901824,-8831.55614390749,12.947708991717096,-8818.608434915774,-133104.84790599832,18.569407933619285,-133086.2784980647
0.222,-8830.446263460102,11.184775889212375,-8819.26148757089,-8830.235319284382,11.473441849870966,-8818.761877434512,-8831.63911643404,14.07075669036624,-8817.568359743675,-8831.56184878725,12.953408704973008,-8818.608440082278,-133104.86629976565,18.58780167263202,-133086.27849809302
0.2225,-8830.453099397602,11.191607128330144,-8819.261492269272,-8830.238500265064,11.478261774377899,-8818.760238490686,-8831.646125940266,14.07775917112824,-8817.568366769137,-8831.567464021626,12.959024036368348,-8818.608439985257,-133104.88456587202,18.606067750885337,-133086.27849812113
0.223,-8830.459887651386,11.198395338485868,-8819.2614923129,-8830.256444601002,11.483014771749614,-8818.773429829253,-8831.653008607807,14.084644171981097,-8817.568364435827,-8831.572987703266,12.96455482908825,-8818.608432874178,-133104.9027039192,18.624205770169517,-133086.278498149
0.2235,-8830.466624406758,11.20514034629023,-8819.261484060467,-8830.261127141895,11.487700486445505,-8818.77342665545,-8831.659786371174,14.091411376192355,-8817.568374994982,-8831.578432706776,12.970000987723173,-8818.608431719053,-133104.92071351293,18.642215336221682,-133086.27849817672
0.224,-8830.473336366596,11.211841962112711,-8819.261494404484,-8830.265737680378,11.492318690120808,-8818.773418990257,-8831.666434434834,14.098060471857675,-8817.568373962977,-8831.598460344258,12.975362846038248,-8818.623097498219,-133104.9385942629,18.660096058757603,-133086.27849820413
0.2245,-8830.479988244953,11.218500030105671,-8819.261488214848,-8830.27617755312,11.496869018402265,-8818.779308534718,-8831.668516305866,14.104592136842431,-8817.563924169024,-8831.603974012318,12.980640377819546,-8818.623333634498,-133104.95634578288,18.677847551503863,-133086.27849823138
0.225,-8830.486602930012,11.225114392932007,-8819.26148853708,-8830.280655054035,11.501351240223826,-8818.779303813812,-8831.674930719319,14.111006047521085,-8817.563924671798,-8831.610438016834,12.98583328749857,-8818.624604729335,-133104.97396769063,18.695469432231157,-133086.2784982584
0.2255,-8830.493171838703,11.231684911593105,-8819.261486927111,-8830.277539400044,11.50576517961511,-8818.771774220428,-8831.681228784504,14.117300886669419,-8817.563927897834,-8831.615544465962,12.99094152884742,-8818.624602937114,-133104.99145960796,18.712961322793284,-133086.27849828516
0.226,-8830.49970450777,11.238211403809967,-8819.26149310396,-8830.281889585438,11.510110615748697,-8818.771778969689,-8831.687403348866,14.12347635363607,-8817.56392699523,-8831.62969651598,12.995967796056547,-8818.633728719924,-133105.00882116088,18.730322849168402,-133086.2784983117
0.2265,-8830.506189493122,11.244693686010931,-8819.261495807112,-8830.286170152607,11.514387377489752,-8818.771782775117,-8831.693521169605,14.129528641569236,-8817.563992528036,-8831.635854867878,13.000912212470382,-8818.634942655408,-133105.02605197954,18.74755364150014,-133086.27849833804
0.227,-8830.51262154955,11.251131615983216,-8819.261489933566,-8830.290371564808,11.518595215867295,-8818.77177634894,-8831.69944682497,14.135457436748869,-8817.563989388222,-8831.6407071628,13.005772030219209,-8818.63493513258,-133105.04315169825,18.764653334143546,-133086.27849836412
0.2275,-8830.519016412678,11.257525050463363,-8819.261491362215,-8830.29659476656,11.522733963082764,-8818.773860803478,-8831.705263284626,14.141265951646995,-8817.56399733298,-8831.645484594288,13.0105472260318,-8818.634937368257,-133105.06011995565,18.781621565713642,-133086.27849838993
0.228,-8830.525362638416,11.26387385756064,-8819.261488780856,-8830.299323228779,11.526803474739122,-8818.77251975404,-8831.710946229878,14.14695389402096,-8817.563992335856,-8831.645513204518,13.015237262587036,-8818.63027594193,-133105.07695639465,18.798457979134078,-133086.27849841552
0.2285,-8830.531664995136,11.270177879018417,-8819.261487116119,-8830.30194058794,11.530803592684123,-8818.771136995256,-8831.716518072071,14.152520954934067,-8817.563997117137,-8831.66673722643,13.019853091519797,-8818.646884134909,-133105.09366066256,18.815162221688468,-133086.27849844086
0.229,-8830.537930635395,11.276436927866808,-8819.261493707529,-8830.305870202961,11.534734002783459,-8818.771136200177,-8831.714162973347,14.157968294633607,-8817.556194678713,-8831.660566476765,13.024400746157212,-8818.636165730608,-133105.11023241104,18.83173394507388,-133086.27849846595
0.2295,-8830.544135240498,11.28265085791035,-8819.261484382587,-8830.309722093525,11.538594400338969,-8818.771127693186,-8831.719236043873,14.16329512165556,-8817.555940922217,-8831.665024427357,13.028869405509369,-8818.636155021848,-133105.12667129622,18.848172805454375,-133086.27849849078
0.23,-8830.550311712208,11.288819536939224,-8819.261492175268,-8830.304221300068,11.542384352581632,-8818.761836947486,-8831.724440721455,14.168499690301037,-8817.555941031154,-8831.669414190235,13.033253891113022,-8818.636160299122,-133105.14297697885,18.864478463513024,-133086.27849851534
0.2305,-8830.556432870808,11.294942792694085,-8819.261490078114,-8830.307181028309,11.5461041285142,-8818.761076899795,-8831.729518083515,14.173582246863862,-8817.555935836652,-8831.673172620716,13.037554317660552,-8818.635618303057,-133105.15914912414,18.880650584501225,-133086.27849853964
0.231,-8830.562506345692,11.301020485398723,-8819.261485860294,-8830.310827402058,11.549753763508047,-8818.76107363855,-8831.734487680378,14.178542524815409,-8817.555945155562,-8831.678581861439,13.041771569532916,-8818.636810291906,-133105.17518740197,18.896688838283428,-133086.27849856368
0.2315,-8830.568546441975,11.307052474545696,-8819.26149396743,-8830.314408925953,11.5533325275335,-8818.76107639842,-8831.73931804079,14.183380270802449,-8817.555937769988,-8831.682932046833,13.045906040599228,-8818.637026006234,-133105.19109148683,18.912592899374904,-133086.27849858746
0.232,-8830.57453074831,11.313038617014454,-8819.261492131296,-8830.317923692646,11.556840195018184,-8818.761083497628,-8831.744037774983,14.188095237137903,-8817.555942537845,-8831.686987546864,13.049957189009657,-8818.637030357853,-133105.20686105793,18.92836244697183,-133086.27849861095
0.2325,-8830.580470231953,11.318978791627941,-8819.261491440326,-8830.321356920185,11.560276588612378,-8818.761080331573,-8831.748631624165,14.192687191708513,-8817.555944432455,-8831.691257623615,13.053924960806631,-8818.637332662809,-133105.22249579916,18.943997164971556,-133086.27849863417
0.233,-8830.586366800251,11.324872833937194,-8819.261493966314,-8830.324717668476,11.563641494552645,-8818.761076173923,-8831.75309577364,14.19715590721276,-8817.555939866426,-8831.694678453388,13.057810840758087,-8818.63686761263,-133105.23799539913,18.959496741980523,-133086.27849865716
0.2335,-8830.592209962788,11.330720580976495,-8819.261489381812,-8830.331453470173,11.566935547870557,-8818.764517922302,-8831.757442621174,14.201501172816116,-8817.555941448358,-8831.698488382282,13.06161517902052,-8818.636873203262,-133105.25335955116,18.974860871309154,-133086.27849867987
0.234,-8830.5980168857,11.336521906543698,-8819.261494979157,-8830.334675458851,11.570158597191027,-8818.76451686166,-8831.761663106861,14.205722774845286,-8817.555940332017,-8831.70221057314,13.06533695680374,-8818.636873616335,-133105.26858795324,18.990089250953424,-133086.27849870228
0.2345,-8830.603764203968,11.342276687245633,-8819.261487516722,-8830.337824968281,11.573309600001743,-8818.764515368279,-8831.765757707539,14.209820496009177,-8817.55593721153,-8831.705853609028,13.06897641602237,-8818.636877193007,-133105.283680308,19.005181583563356,-133086.27849872442
0.235,-8830.609473375263,11.347984759343689,-8819.261488615919,-8830.340906766834,11.57638833448526,-8818.76451843235,-8831.769735483113,14.213794132800025,-8817.555941350312,-8831.709030298176,13.072537918197137,-8818.63649237998,-133105.29863632275,19.02013757640077,-133086.27849874637
0.2355,-8830.615133432331,11.353645995253423,-8819.261487437077,-8830.343918947163,11.579394649803854,-8818.76452429736,-8831.77358689684,14.217643503626391,-8817.555943393212,-8831.712505487385,13.076021754037363,-8818.636483733348,-133105.3134557093,19.034956941287767,-133086.27849876802
0.236,-8830.620754388752,11.359260287980254,-8819.261494100772,-8830.346849588337,11.582328359064572,-8818.764521229272,-8831.777311471882,14.221368490862801,-8817.55594298102,-8831.715907720509,13.079424155187986,-8818.63648356532,-133105.328138184,19.0496393945472,-133086.27849878947
0.2365,-8830.626319078388,11.36482747264856,-8819.26149160574,-8830.349707750263,11.58518926149305,-8818.76451848877,-8831.78090777773,14.224968914273378,-8817.555938863456,-8831.719898370686,13.08274586631979,-8818.637152504365,-133105.3426834676,19.064184656941137,-133086.27849881066
0.237,-8830.631831792774,11.370347409592142,-8819.261484383182,-8830.345448640766,11.587976805363759,-8818.757471835403,-8831.784389642658,14.22844462084026,-8817.555945021819,-8831.7145601787,13.085988545911896,-8818.628571632787,-133105.35709128523,19.078592453612444,-133086.2784988316
0.2375,-8830.63730588335,11.375819982393551,-8819.261485900957,-8830.348157075825,11.590690835302741,-8818.757466240522,-8831.787737993183,14.231795485377214,-8817.555942507806,-8831.717722562733,13.089152068577489,-8818.628570494155,-133105.37136136636,19.09286251403155,-133086.27849885233
0.238,-8830.642739442768,11.38124507807006,-8819.261494364699,-8830.35080066103,11.593331577403756,-8818.757469083626,-8831.790957597676,14.235021356617985,-8817.555936241057,-8831.72081056017,13.092235360239131,-8818.62857519993,-133105.3854934448,19.10699457196161,-133086.27849887285
0.2385,-8830.648116258564,11.386622563871466,-8819.261493694692,-8830.353358415547,11.595898861211715,-8818.757459554336,-8831.792073396626,14.238123901449796,-8817.553949495175,-8831.72380557436,13.095238760042587,-8818.628566814317,-133105.39948725855,19.12098836544714,-133086.2784988931
0.239,-8830.653438714924,11.391952287647609,-8819.261486427276,-8830.35585799593,11.598392495875961,-8818.757465500054,-8831.795051721516,14.24110300530944,-8817.553948716206,-8831.724816945973,13.09816236239901,-8818.626654583573,-133105.41334255,19.134843636822687,-133086.27849891316
0.2395,-8830.658722070637,11.397234124024425,-8819.261487946613,-8830.358751920643,11.600812336370305,-8818.757939584273,-8831.807167676869,14.243956486584496,-8817.563211190283,-8831.727669385853,13.101006469015584,-8818.626662916837,-133105.42705906573,19.148560132747622,-133086.27849893298
0.24,-8830.663957742634,11.402467961048558,-8819.261489781586,-8830.349393991413,11.603156895319577,-8818.746237096093,-8831.809905198994,14.246684284309005,-8817.563220914684,-8831.747034219685,13.103763522053569,-8818.643270697632,-133105.4406365568,19.16213760426964,-133086.27849895254
0.2405,-8830.669141916218,11.407653674368946,-8819.26148824185,-8830.346364644947,11.605426410383444,-8818.740938234563,-8831.812505868855,14.249286636093107,-8817.563219232761,-8831.749717859211,13.106433971005952,-8818.643283888205,-133105.45407477877,19.17557580691691,-133086.27849897186
0.241,-8830.67428269762,11.412791128240908,-8819.26149156938,-8830.348565248432,11.607622102743395,-8818.740943145689,-8831.811735776844,14.251763202954125,-8817.55997257389,-8831.750749734822,13.109024901713525,-8818.641724833107,-133105.46737349173,19.188874500817377,-133086.27849899093
0.2415,-8830.679370550099,11.417880225003241,-8819.261490325096,-8830.351541665974,11.609752818167019,-8818.741788847807,-8831.814090875569,14.254113954345705,-8817.559976921222,-8831.7514077701,13.111537474673554,-8818.639870295427,-133105.48053246053,19.202033450842176,-133086.27849900967
0.242,-8830.684414533558,11.422920856350299,-8819.261493677208,-8830.345483926716,11.611818508585586,-8818.73366541813,-8831.816308168354,14.256339131489927,-8817.559969036864,-8831.742430356922,13.11398079694893,-8818.628449559974,-133105.49355145494,19.21505242676874,-133086.27849902818
0.2425,-8830.689405588093,11.427912867653886,-8819.26149272044,-8830.347479490223,11.61380951062747,-8818.733669979596,-8831.818405298176,14.258438708599478,-8817.559966589577,-8831.744811204853,13.116354562936017,-8818.628456641918,-133105.50643024984,19.227931203457686,-133086.27849904637
0.243,-8830.694346574726,11.432856146817063,-8819.261490427909,-8830.34939780611,11.615725468186458,-8818.733672337925,-8831.820387510243,14.260412686267113,-8817.559974823975,-8831.747096208515,13.11865192083362,-8818.628444287682,-133105.5191686253,19.24066956103615,-133086.27849906427
0.2435,-8830.699241784992,11.437750602432315,-8819.26149118256,-8830.356409219685,11.617567305494127,-8818.73884191419,-8831.822225717488,14.26226108309945,-8817.559964634389,-8831.749314454975,13.120873248978352,-8818.628441205998,-133105.53176636685,19.253267285086054,-133086.27849908176
0.244,-8830.70408311266,11.442596113158956,-8819.261486999501,-8830.358177331867,11.619334877775149,-8818.738842454091,-8831.823956636372,14.263983918056976,-8817.559972718314,-8831.751467851582,13.123018888148124,-8818.628448963434,-133105.5442232658,19.26572416682918,-133086.278499099
0.2445,-8830.708882955494,11.447392558261413,-8819.261490397234,-8830.348533300343,11.621026528145766,-8818.727506772197,-8831.82554927248,14.26558120687826,-8817.559968065601,-8831.751396326008,13.12507994130678,-8818.626316384702,-133105.5565391191,19.278040003298933,-133086.2784991158
0.245,-8830.713625101032,11.45213982524909,-8819.261485275783,-8830.350149301472,11.622642125843885,-8818.727507175628,-8831.827024606648,14.267052993652413,-8817.559971612995,-8831.745247034016,13.127056315196429,-8818.61819071882,-133105.56871372976,19.290214597498146,-133086.27849913226
0.2455,-8830.718328622761,11.456837802583419,-8819.261490820178,-8830.351689008656,11.624182045734072,-8818.727506962921,-8831.828372148457,14.26839935560142,-8817.559972792855,-8831.74640908617,13.128957551288368,-8818.617451534881,-133105.58074690687,19.302247758539153,-133086.27849914832
0.246,-8830.722978738728,11.461486369208252,-8819.26149236952,-8830.359395650807,11.625646224107172,-8818.7337494267,-8831.829592851582,14.269620361308762,-8817.559972490273,-8831.743290571156,13.13078197041947,-8818.612508600736,-133105.59263846578,19.31413930176219,-133086.278499164
0.2465,-8830.727576879444,11.46608541877195,-8819.261491460673,-8830.360793260517,11.627034557779787,-8818.733758702738,-8831.830681947651,14.270716038663242,-8817.559965908988,-8831.745038656178,13.132529936327764,-8818.61250871985,-133105.60438822815,19.325889048832238,-133086.27849917932
0.247,-8830.732120660725,11.47063486469445,-8819.26148579603,-8830.362110284748,11.628346942967037,-8818.733763341781,-8831.831656602802,14.271686457872136,-8817.55997014493,-8831.746198324146,13.13420415189173,-8818.611994172255,-133105.615996022,19.33749682781637,-133086.2784991942
0.2475,-8830.736619142475,11.475134603897015,-8819.261484538578,-8830.358301786366,11.62958344390438,-8818.728718342461,-8831.82796063799,14.272532381254923,-8817.555428256734,-8831.747495321217,13.135805324177545,-8818.611689997038,-133105.62746168193,19.348962473239638,-133086.27849920868
0.248,-8830.741073755207,11.479584521837696,-8819.26148923337,-8830.354212430897,11.630744012115333,-8818.723468418782,-8831.824185518208,14.273263986881425,-8817.550921531327,-8831.749023107472,13.137333794505022,-8818.611689312967,-133105.6387850489,19.360285826118673,-133086.2784992228
0.2485,-8830.745474962177,11.483984514917974,-8819.26149044726,-8830.355298189106,11.631828417938314,-8818.723469771168,-8831.831723360005,14.273881538089976,-8817.557841821914,-8831.740558771076,13.138791600515999,-8818.601767170561,-133105.64996597046,19.37146673397787,-133086.27849923648
0.249,-8830.74982371706,11.488334485477788,-8819.261489231583,-8830.353253988209,11.632837059986713,-8818.720416928223,-8831.832208780232,14.274375103497936,-8817.557833676734,-8831.741948274555,13.140179128771326,-8818.601769145784,-133105.66100430064,19.38250505085317,-133086.27849924978
0.2495,-8830.75412431139,11.49263433943424,-8819.261489971956,-8830.351915983143,11.633769903302488,-8818.71814607984,-8831.832580713215,14.27474403275336,-8817.557836680462,-8831.74326625246,13.141494752578538,-8818.601771499882,-133105.67189989996,19.39340063728286,-133086.27849926267
0.25,-8830.75837626833,11.496883986540036,-8819.26149228179,-8830.352769998493,11.634626377439055,-8818.718143621054,-8831.832823900166,14.274988547273,-8817.557835352893,-8831.757436899128,13.142739263115262,-8818.614697636012,-133105.68265263547,19.404153360286685,-133086.27849927518
0.2505,-8830.762575773182,11.501083326222428,-8819.26149244696,-8830.353541521015,11.635406390787217,-8818.718135130228,-8831.832942155781,14.275108836925927,-8817.557833318855,-8831.75798526186,13.14391296819391,-8818.614072293667,-133105.6932623806,19.414763093337108,-133086.27849928726
0.251,-8830.76672234911,11.505232240357348,-8819.261490108753,-8830.354243425312,11.636109922572565,-8818.71813350274,-8831.832936910572,14.27510502693848,-8817.557831883634,-8831.759100583973,13.145015821325106,-8818.614084762648,-133105.70372901534,19.42522971632488,-133086.27849929902
0.2515,-8830.770818380299,11.509330636141762,-8819.261487744157,-8830.35487475771,11.636736925983296,-8818.718137831727,-8831.832803873005,14.274977296128526,-8817.557826576876,-8831.759848741474,13.146048260287237,-8818.613800481187,-133105.71405242587,19.43555311552076,-133086.27849931034
0.252,-8830.774872449818,11.51337844462313,-8819.261494005195,-8830.355437425556,11.637287366573606,-8818.718150058983,-8831.832562593403,14.27472585713356,-8817.557836736269,-8831.760820535603,13.147010643360238,-8818.613809892242,-133105.72423250484,19.445733183535033,-133086.2784993213
0.2525,-8830.778872636738,11.517375594710446,-8819.261497042027,-8830.357109216633,11.637761527134957,-8818.719347689497,-8831.832186845722,14.274350921187573,-8817.557835924536,-8831.762485174122,13.147903489458319,-8818.614581684664,-133105.73426915117,19.45576981927617,-133086.2784993319
0.253,-8830.78281703371,11.521321970647147,-8819.261495063063,-8830.332620767536,11.638159314853667,-8818.694461452682,-8831.8316937961,14.273852703928322,-8817.557841092172,-8831.763311532917,13.148727168287742,-8818.61458436463,-133105.74416227,19.465662927909932,-133086.2784993421
0.2535,-8830.786707071247,11.525217460263308,-8819.261489610984,-8830.330336717549,11.638480037096556,-8818.691856680452,-8831.830876497212,14.27323022449431,-8817.557646272717,-8831.76971068758,13.149478725344593,-8818.620231962235,-133105.75391177277,19.475412420819957,-133086.27849935196
0.254,-8830.790556577625,11.529061983723444,-8819.261494593902,-8830.330577043476,11.638723746622459,-8818.691853296854,-8831.830127862873,14.272483722213488,-8817.55764414066,-8831.770393995228,13.150158559871823,-8818.620235435355,-133105.76351757703,19.485018215570165,-133086.27849936145
0.2545,-8830.79434457201,11.53285547307081,-8819.261489098939,-8830.334586290302,11.638890131215167,-8818.695696159088,-8831.829257158222,14.271614631760798,-8817.55764252646,-8831.772814420643,13.150770409809816,-8818.622044010834,-133105.77297960644,19.49448023586894,-133086.27849937056
0.255,-8830.798083452168,11.536597846134,-8819.261485606034,-8830.334685949269,11.638979185970795,-8818.695706763297,-8831.82826915163,14.270623232944823,-8817.557645918685,-8831.77335181612,13.151314658091152,-8818.62203715803,-133105.7822977909,19.5037984115336,-133086.27849937935
0.2555,-8830.801778463307,11.540288999989366,-8819.261489463317,-8830.334686426106,11.63899165285121,-8818.695694773254,-8831.827145246449,14.269509785640494,-8817.557635460807,-8831.773836282673,13.151791545241112,-8818.622044737433,-133105.79147206622,19.51297267846196,-133086.27849938776
0.256,-8830.805423406544,11.543928854156771,-8819.261494552387,-8830.334623960438,11.638927559478258,-8818.69569640096,-8831.82370868105,14.268274876477957,-8817.555433804571,-8831.774240640583,13.152201452895351,-8818.622039187689,-133105.80050237445,19.52200297861155,-133086.27849939585
0.2565,-8830.80900493044,11.547517326770002,-8819.26148760367,-8830.3359490909,11.638787209358934,-8818.697161881542,-8831.822351602497,14.266918807967059,-8817.55543279453,-8831.774589685383,13.152544793583157,-8818.6220448918,-133105.8093886635,19.530889259980253,-133086.27849940353
0.257,-8830.81254687685,11.551054342369433,-8819.26149253448,-8830.335725454273,11.638570638435818,-8818.697154815838,-8831.820873407307,14.265441533449643,-8817.555431873858,-8831.77487197298,13.152821955757311,-8818.622050017224,-133105.8181308875,19.539631476591786,-133086.2784994109
0.2575,-8830.816027311268,11.55453984075018,-8819.261487470518,-8830.33544745821,11.638277599214145,-8818.697169858997,-8831.819269327107,14.263843299729363,-8817.555426027377,-8831.77507844347,13.15303331258103,-8818.62204513089,-133105.8267290064,19.548229588486222,-133086.2784994179
0.258,-8830.819461015644,11.557973733562392,-8819.261487282081,-8830.3350597896,11.63790812425437,-8818.697151665347,-8831.817559389057,14.262124406849278,-8817.555434982209,-8831.7752276935,13.15317925938315,-8818.622048434117,-133105.83518298628,19.5566835617159,-133086.27849942457
0.2585,-8830.822846559468,11.561355939751586,-8819.261490619716,-8830.3298985042,11.637462205017066,-8818.692436299183,-8831.815714029255,14.26028518581449,-8817.555428843441,-8831.775347856465,13.153259494462855,-8818.622088362003,-133105.84349279923,19.56499336834804,-133086.2784994309
0.259,-8830.826175359669,11.564686382001131,-8819.261488977667,-8830.329383996906,11.636939930339533,-8818.692444066566,-8831.81375852007,14.258325960497416,-8817.555432559571,-8831.781453279438,13.153274390388344,-8818.62817888905,-133105.85165842331,19.57315898647444,-133086.27849943683
0.2595,-8830.829458383503,11.567964996474402,-8819.261493387028,-8830.322908548298,11.636341579354113,-8818.686566968943,-8831.811678079548,14.256247048087658,-8817.55543103146,-8831.781401304188,13.153225028783066,-8818.628176275404,-133105.8596798427,19.581180400228334,-133086.27849944247
0.26,-8830.832683233204,11.571191718789603,-8819.261491514415,-8830.313215402546,11.63566734724594,-8818.6775480553,-8831.809475568714,14.254048757205783,-8817.555426811508,-8831.7837921657,13.15311087070883,-8818.63068129499,-133105.86755704755,19.58905759980874,-133086.27849944774
0.2605,-8830.83586039919,11.574366453018527,-8819.261493946171,-8830.312457708302,11.634917140297315,-8818.677540568004,-8831.807154802265,14.251731446857573,-8817.555423355408,-8831.784269479695,13.152932349092666,-8818.631337130602,-133105.87529003416,19.596790581512828,-133086.27849945266
0.261,-8830.838977006855,11.577489160661624,-8819.261487846194,-8830.311636594715,11.634090910726005,-8818.67754568399,-8831.804725793781,14.249295459362889,-8817.555430334418,-8831.792550233784,13.152685874655706,-8818.639864359127,-133105.88287880496,19.604379347776906,-133086.27849945717
0.2615,-8830.842044977131,11.580559764326235,-8819.261485212804,-8830.310732034626,11.633188762460286,-8818.677543272166,-8831.80217376131,14.246741175743082,-8817.555432585568,-8831.792236474934,13.15237181843543,-8818.639864656498,-133105.8903233686,19.61182390722524,-133086.27849946136
0.262,-8830.845064786854,11.583578178650503,-8819.261486608204,-8830.307814744892,11.632210805364894,-8818.675603939528,-8831.799501565876,14.24406895553281,-8817.555432610343,-8831.791865495625,13.151995523128456,-8818.639869972496,-133105.8976237399,19.619124274727795,-133086.27849946517
0.2625,-8830.848031190815,11.58654435874639,-8819.261486832069,-8830.306763795796,11.631157172326205,-8818.67560662347,-8831.79669871706,14.24127914804166,-8817.555419569018,-8831.790354875508,13.151557325485523,-8818.638797550022,-133105.9047799401,19.626280471461406,-133086.27849946864
0.263,-8830.850948480549,11.589458253116149,-8819.261490227433,-8830.305637983265,11.630027935181872,-8818.675610048083,-8831.793805746021,14.238372172452127,-8817.555433573569,-8831.78984942812,13.151057635914057,-8818.638791792206,-133105.91179199665,19.63329252496504,-133086.2784994717
0.2635,-8830.853813318196,11.592319776878384,-8819.261493541317,-8830.304433015766,11.628823228258739,-8818.675609787508,-8831.790778306904,14.235348392533867,-8817.55542991437,-8831.808286336842,13.150495136678288,-8818.657791200163,-133105.9186599436,19.640160469216546,-133086.27849947437
0.264,-8830.856619504872,11.595128845088666,-8819.261490659783,-8830.300073770466,11.627543248123402,-8818.672530522343,-8831.78764119524,14.232208173396677,-8817.555433021844,-8831.81223979372,13.14986847694369,-8818.662371316777,-133105.9253838214,19.64688434472608,-133086.27849947667
0.2645,-8830.859373716297,11.597885444144737,-8819.261488272152,-8830.298716215077,11.62618814785395,-8818.672528067224,-8831.784385351124,14.228951960347217,-8817.555433390777,-8831.811938909474,13.149179954085898,-8818.662758955388,-133105.93196367717,19.65346419862539,-133086.27849947853
0.265,-8830.862084058705,11.600589521538264,-8819.261494537166,-8830.297283796253,11.624758005558467,-8818.672525790695,-8831.781004575672,14.225580198767592,-8817.555424376906,-8831.831448701801,13.148457303984008,-8818.682991397818,-133105.9383995648,19.659900084760828,-133086.27849948005
0.2655,-8830.864731935444,11.603240988524979,-8819.26149094692,-8830.295787958088,11.623252942859263,-8818.672535015228,-8831.777526048603,14.222093262706013,-8817.555432785897,-8831.830683378163,13.14770069365232,-8818.68298268451,-133105.9446915449,19.666192063785644,-133086.2784994811
0.266,-8830.867332605305,11.605839804618956,-8819.261492800686,-8830.294193414631,11.621673132077209,-8818.672520282555,-8831.773918775501,14.21849159261643,-8817.555427182884,-8831.829545167866,13.146885320747188,-8818.682659847118,-133105.950839685,19.672340203253203,-133086.27849948176
0.2665,-8830.869883207264,11.608385927818752,-8819.261497279445,-8830.292555478993,11.62001877273554,-8818.672536706257,-8831.7702075519,14.214775658142102,-8817.555431893757,-8831.830305723133,13.146011665030759,-8818.684294058103,-133105.9568440597,19.67834457771127,-133086.27849948197
0.267,-8830.872364667835,11.610879279921166,-8819.261485387915,-8830.290821222248,11.618290057279799,-8818.672531164968,-8831.766373781147,14.210945900236648,-8817.55542788091,-8831.829364446583,13.145079910795873,-8818.684284535788,-133105.96270475056,19.684205268795914,-133086.27849948176
0.2675,-8830.874810842457,11.613319822826883,-8819.26149101963,-8830.284311441364,11.616487004044053,-8818.66782443732,-8831.765969423237,14.207002747765166,-8817.558966675471,-8831.827319292011,13.14408635840108,-8818.68323293361,-133105.96842184642,19.689922365322538,-133086.2784994811
0.268,-8830.877197889271,11.615707509876406,-8819.261490379395,-8830.281225351277,11.614609828291371,-8818.666615522985,-8831.761912015858,14.202946653013994,-8817.558965362843,-8831.826273111286,13.143031414787586,-8818.683241696499,-133105.97399544335,19.695495963372643,-133086.27849948
0.2685,-8830.879522947254,11.618042291092806,-8819.261480656161,-8830.279283670368,11.612658855141172,-8818.666624815227,-8831.757746366444,14.198778161540602,-8817.558968204903,-8831.82515826601,13.14191956982259,-8818.683238696189,-133105.9794256448,19.700926166376163,-133086.27849947842
0.269,-8830.88180890459,11.62032413713142,-8819.26148476746,-8830.27737059969,11.610634333061054,-8818.666736266629,-8831.753466752949,14.194497767210098,-8817.558968985739,-8831.829389718952,13.140751374435693,-8818.688638344516,-133105.9847125616,19.706213085189894,-133086.2784994764
0.2695,-8830.884046224537,11.622552994924025,-8819.261493229613,-8830.277480272236,11.60853644855452,-8818.66894382368,-8831.749071268025,14.190105947634786,-8817.55896532039,-8831.82816520113,13.139527238586172,-8818.688637962545,-133105.98985631208,19.71135683817075,-133086.2784994739
0.27,-8830.886226324024,11.624728825513847,-8819.26149749851,-8830.275314477864,11.606365354330794,-8818.668949123532,-8831.744572786274,14.185603240155992,-8817.558969546119,-8831.82689681429,13.138247467844295,-8818.688649346444,-133105.9948570222,19.716357551243085,-133086.27849947094
0.2705,-8830.888341096821,11.626851564002152,-8819.261489532819,-8830.2730666675,11.604121300170842,-8818.66894536733,-8831.73995414156,14.180990194185638,-8817.558963947375,-8831.825713304463,13.136914940106415,-8818.688798364356,-133105.99971482548,19.721215357959437,-133086.27849946753
0.271,-8830.89041676897,11.628921165961668,-8819.261495603008,-8830.270752099934,11.601804525211453,-8818.668947574723,-8831.735237745228,14.176267373079323,-8817.558970372149,-8831.829856065693,13.135534673749248,-8818.694321391944,-133106.00442986315,19.725930399554805,-133086.2784994636
0.2715,-8830.892429498615,11.630937616100004,-8819.261491882515,-8830.267540601673,11.599415044502411,-8818.668125557171,-8831.719339994374,14.171432960914734,-8817.547907033459,-8831.82937827486,13.134106381051602,-8818.695271893808,-133106.0090022842,19.730502824994492,-133086.2784994592
0.272,-8830.89439025301,11.63290087053873,-8819.261489382472,-8830.265088228169,11.59695312078743,-8818.668135107382,-8831.714396146717,14.16648749984087,-8817.547908646877,-8831.833358911457,13.132628267586915,-8818.70073064387,-133106.01343224535,19.734932791012,-133086.27849945435
0.2725,-8830.896298555317,11.634810896931224,-8819.261487658387,-8830.262555269184,11.594419211654765,-8818.66813605753,-8831.709339288655,14.161433956730454,-8817.547905331923,-8831.83335509676,13.131099732765797,-8818.702255363994,-133106.01771991112,19.739220462144743,-133086.27849944896
0.273,-8830.898159650746,11.636667659743111,-8819.261491991003,-8830.263225702229,11.591813691898944,-8818.67141201033,-8831.704185155812,14.156272932971392,-8817.54791222284,-8831.832757142964,13.129518918203129,-8818.70323822476,-133106.0218654539,19.74336601076675,-133086.2784994431
0.2735,-8830.899963048878,11.638471126573666,-8819.261491922305,-8830.260544923725,11.589136832233436,-8818.671408091492,-8831.699506906452,14.151004383407052,-8817.548502523045,-8831.836924699726,13.127885791057174,-8818.70903890867,-133106.0258690539,19.747369617117414,-133086.2784994368
0.274,-8830.90171447176,11.640221265833116,-8819.261493205928,-8830.260874895039,11.586388800215527,-8818.674486094824,-8831.70112815279,14.145631020917257,-8817.555497131872,-8831.834895757618,13.126201345408624,-8818.70869441221,-133106.0297308993,19.751231469320047,-133086.27849942996
0.2745,-8830.903403428974,11.641918038265969,-8819.261485390709,-8830.258060125294,11.583569883899935,-8818.674490241394,-8831.695654539051,14.140154191111755,-8817.55550034794,-8831.83264365572,13.124466690971825,-8818.708176964748,-133106.03345118606,19.75495176339524,-133086.27849942265
0.275,-8830.905053285542,11.643561417379019,-8819.261491868163,-8830.255163816395,11.580680378843404,-8818.674483437551,-8831.684179452839,14.134572616941394,-8817.549606835897,-8831.830860284748,13.122681751915835,-8818.708178532832,-133106.03703011814,19.758530703282652,-133086.27849941485
0.2755,-8830.906640676441,11.645151372395343,-8819.261489304046,-8830.252204088154,11.577720553221145,-8818.674483534933,-8831.678495553913,14.128886919102847,-8817.54960863481,-8831.829029706898,13.120846201627028,-8818.70818350527,-133106.0404679074,19.7619685008569,-133086.27849940656
0.276,-8830.90817942995,11.64668788593788,-8819.261491544014,-8830.443106798115,11.574713033511644,-8818.868393764604,-8831.672694353047,14.123097645836136,-8817.549596707211,-8831.826677469197,13.118960620970011,-8818.707716848226,-133106.0437647737,19.765265375938064,-133086.27849939777
0.2765,-8830.909659055653,11.64817093076434,-8819.261488124888,-8830.440047410908,11.57165785589116,-8818.868389555017,-8831.666803029957,14.117205527714475,-8817.549597502242,-8831.827163843098,13.117025435161606,-8818.710138407936,-133106.04692094476,19.768421556302155,-133086.27849938846
0.277,-8830.911089567127,11.649600476538852,-8819.261489090588,-8830.43691935915,11.568532924541316,-8818.86838643461,-8831.660804895344,14.111211272816425,-8817.549593622527,-8831.827652124348,13.115041013542998,-8818.712611110805,-133106.04993665637,19.771437277688097,-133086.27849937868
0.2775,-8830.912463811817,11.65097650575628,-8819.261487306061,-8830.43372788805,11.565338564168648,-8818.868389323881,-8831.65471616167,14.105115611483683,-8817.549600550186,-8831.82562318224,13.113007805151836,-8818.712615377088,-133106.05281215222,19.774312783803495,-133086.27849936843
0.278,-8830.913787988606,11.652298987180792,-8819.261489001425,-8830.4304677524,11.562075069440937,-8818.868392682958,-8831.648520616474,14.098919349954928,-8817.549601266519,-8831.825033334675,13.110926383383076,-8818.714106951293,-133106.055547684,19.777048326331865,-133086.27849935766
0.2785,-8830.915055421772,11.653567900279214,-8819.261487521493,-8830.427131322804,11.558742799418813,-8818.868388523384,-8831.642226365986,14.092623266124917,-8817.549603099862,-8831.822897104206,13.108797184374751,-8818.714099919831,-133106.05814351133,19.779644164940628,-133086.2784993464
0.279,-8830.916277078572,11.654783240264235,-8819.261493838307,-8830.425270704212,11.555341945689296,-8818.869928758522,-8831.635829118672,14.08622812060198,-8817.549600998069,-8831.820725587788,13.106620482077467,-8818.71410510571,-133106.06059990192,19.7821005672902,-133086.2784993346
0.2795,-8830.917438653889,11.655944997723847,-8819.261493656166,-8830.421791700306,11.551872820604848,-8818.869918879702,-8831.629332689228,14.079734733455414,-8817.549597955773,-8831.818504003468,13.104396721261637,-8818.714107282207,-133106.06291713144,19.784417809044136,-133086.2784993224
0.28,-8830.91854586977,11.657053141791266,-8819.26149272798,-8830.418257860127,11.548335958918507,-8818.869921901209,-8831.622745660725,14.073143926357051,-8817.549601734368,-8831.816232351246,13.102126327529902,-8818.714106023715,-133106.06509548353,19.78659617388101,-133086.27849930964
0.2805,-8830.919591096821,11.658107650765126,-8819.261483446056,-8830.414650110188,11.544731695528675,-8818.869918414659,-8831.616050867024,14.066456516488753,-8817.549594350536,-8831.81273475069,13.09980946857807,-8818.712925282112,-133106.0671352499,19.788635953509598,-133086.2784992964
0.281,-8830.920598653736,11.65910853274211,-8819.261490120994,-8830.41098513979,11.541060352748765,-8818.86992478704,-8831.609267858448,14.059673385394657,-8817.549594473054,-8831.810371545735,13.097446607659336,-8818.712924938076,-133106.06903673033,19.790537447686482,-133086.27849928263
0.2815,-8830.921545175495,11.6600557773079,-8819.261489398188,-8830.403195051136,11.537322394469085,-8818.865872656666,-8831.602388528767,14.05279539176767,-8817.549593136999,-8831.807966855946,13.09503844319223,-8818.712928412753,-133106.07080023264,19.792300964235466,-133086.2784992684
0.282,-8830.92243209261,11.660949355051109,-8819.261482737558,-8830.400366453114,11.533518896736386,-8818.866847556377,-8831.595431474629,14.045823458423015,-8817.549608016205,-8831.80550637621,13.09258538555083,-8818.712920990658,-133106.07242607276,19.793926819068737,-133086.27849925368
0.2825,-8830.923281816426,11.66178927587465,-8819.26149254055,-8830.409940389576,11.529650856903803,-8818.880289532672,-8831.588356164875,14.038758501976485,-8817.549597662899,-8831.803018239918,13.090087852547487,-8818.71293038737,-133106.07391457463,19.79541533621013,-133086.27849923843
0.283,-8830.924060491505,11.662575545512544,-8819.261484945991,-8830.40600505251,11.525717973135972,-8818.880287079373,-8831.58119216341,14.03160139107742,-8817.549590772333,-8831.80033316988,13.087546008414611,-8818.712787161465,-133106.0752660705,19.79676684782352,-133086.27849922265
0.2835,-8830.924803880634,11.663308137691871,-8819.261495742943,-8830.398098138752,11.521719969645813,-8818.876378169107,-8831.573950914326,14.024353056593633,-8817.549597857733,-8831.796300558033,13.08495966030255,-8818.711340897731,-133106.07648090067,19.797981694244616,-133086.2784992064
0.284,-8830.925471452656,11.663987056144324,-8819.261484396511,-8830.394053605976,11.517657227259502,-8818.876396378717,-8831.566616205158,14.017014460004399,-8817.549601745153,-8831.793656495991,13.082329493386368,-8818.711327002604,-133106.07755941365,19.799060224013225,-133086.27849918965
0.2845,-8830.926100877705,11.664612309313043,-8819.261488568392,-8830.410055307331,11.51353042849118,-8818.89652487884,-8831.559178499165,14.009586567630347,-8817.549591931534,-8831.790988115254,13.079656569886605,-8818.711331545366,-133106.07850196626,19.80000279390804,-133086.27849917236
0.285,-8830.926674035969,11.66518388581072,-8819.261490150158,-8830.412982133808,11.509340362497504,-8818.90364177131,-8831.551668313923,14.002070325525388,-8817.549597988398,-8831.78825869936,13.076941372212012,-8818.711317327148,-133106.07930892354,19.800809768984237,-133086.27849915455
0.2855,-8830.927191404286,11.66570179198892,-8819.261489612296,-8830.408727792683,11.505087110150136,-8818.903640682533,-8831.544061807575,13.994466730061202,-8817.549595077515,-8831.788773206654,13.07418434354421,-8818.71458886311,-133106.07998065883,19.8014815226128,-133086.2784991362
0.286,-8830.927658227864,11.666166035343966,-8819.26149219252,-8830.439437059345,11.500769564450021,-8818.938667494895,-8831.536377099934,13.98677676505543,-8817.549600334878,-8831.785979417744,13.07138586339496,-8818.714593554349,-133106.0805175539,19.802018436521028,-133086.27849911738
0.2865,-8830.928060678425,11.666576616007818,-8819.261484062417,-8830.430329469624,11.496388506120109,-8818.933940963503,-8831.52860894579,13.979001420510013,-8817.54960752528,-8831.78312602419,13.068546266056508,-8818.714579758132,-133106.0809199988,19.802420900834477,-133086.27849909797
0.287,-8830.92842402834,11.666933553957943,-8819.261490474382,-8830.422664312306,11.491945498299653,-8818.930718814006,-8831.520737317982,13.971141703439375,-8817.549595614542,-8831.780254033985,13.065665934663517,-8818.714588099321,-133106.08118839219,19.802689314120354,-133086.27849907806
0.2875,-8830.928721574726,11.667236837766792,-8819.261484736959,-8830.418158677998,11.487440618232126,-8818.930718059766,-8831.51280274767,13.963198655545574,-8817.549604092124,-8831.777340082112,13.06274527199795,-8818.714594810113,-133106.08132314106,19.80282408342981,-133086.27849905763
0.288,-8830.928977159443,11.667486473945356,-8819.261490685498,-8830.413605836811,11.482874272534755,-8818.930731564276,-8831.50477042574,13.955173273341124,-8817.549597152398,-8831.776366380634,13.059783913094098,-8818.716582467541,-133106.081324661,19.802825624337984,-133086.27849903668
0.2885,-8830.929171709004,11.667682494995335,-8819.261489214008,-8830.40897670168,11.478246929889025,-8818.93072977179,-8831.496668962422,13.947066604735653,-8817.549602357685,-8831.773834375324,13.056782406699538,-8818.717051968624,-133106.08119337613,19.802694360985612,-133086.27849901514
0.289,-8830.929313806477,11.667824900131654,-8819.261488906344,-8830.40593448061,11.473559082741867,-8818.932375397868,-8831.48848929781,13.938879737089888,-8817.54960956072,-8831.781891969624,13.053742684763396,-8818.72814928486,-133106.08092971917,19.802430726121052,-133086.27849899305
0.2895,-8830.929404882374,11.667913695244065,-8819.26149118713,-8830.386525300923,11.468810998573257,-8818.91771430235,-8831.480207590046,13.930613657716655,-8817.54959393233,-8831.778822568836,13.050665000336231,-8818.728157568501,-133106.0805341316,19.80203516113938,-133086.27849897044
0.29,-8830.929437784138,11.667948900453618,-8819.261488883685,-8830.384823469105,11.464003023685132,-8818.920820445419,-8831.471868184986,13.922269403479513,-8817.549598781507,-8831.775696901264,13.047548990816463,-8818.728147910448,-133106.0800070634,19.801508116118917,-133086.27849894727
0.2905,-8830.929422525349,11.667930530048938,-8819.2614919953,-8830.379943994465,11.459135733748493,-8818.920808260717,-8831.46344104189,13.913848049752687,-8817.549592992136,-8831.773679403248,13.044394963834486,-8818.729284439414,-133106.07934897344,19.800850049855004,-133086.27849892358
0.291,-8830.92935195345,11.667858614505256,-8819.261493338945,-8830.375032094898,11.454209685288292,-8818.920822409611,-8831.448598054829,13.905353411395982,-8817.543244643433,-8831.770478872242,13.041203265170557,-8818.729275607071,-133106.0785603292,19.800061429890455,-133086.2784988993
0.2915,-8830.929225114765,11.667733174684832,-8819.26149194008,-8830.364481119099,11.449225429144347,-8818.915255689955,-8831.430317548695,13.896786319634735,-8817.53353122906,-8831.767252115193,13.037974337410116,-8818.729277777782,-133106.07764160703,19.799142732542403,-133086.27849887448
0.292,-8830.92904820818,11.667554213935873,-8819.261493994243,-8830.361354497853,11.444183405213339,-8818.917171092638,-8831.421672967854,13.888145067507924,-8817.533527900347,-8831.764001516285,13.034708557069482,-8818.729292959215,-133106.07659329203,19.79809444292507,-133086.2784988491
0.2925,-8830.928815988484,11.667321767333211,-8819.261494221151,-8830.356260446491,11.43908398660117,-8818.91717645989,-8831.405303148213,13.879432765496164,-8817.525870382717,-8831.760690359059,13.031406272631639,-8818.729284086427,-133106.07541587812,19.796917054968127,-133086.27849882314
0.293,-8830.928524164143,11.667035857529036,-8819.261488306614,-8830.351088193836,11.433927682250374,-8818.917160511586,-8831.396517423573,13.870650501245684,-8817.525866922328,-8831.757360605183,13.02806786374391,-8818.729292741438,-133106.0741098681,19.795611071430496,-133086.27849879666
0.2935,-8830.928184656086,11.66669651580727,-8819.261488140279,-8830.345884469929,11.428715016267795,-8818.917169453662,-8831.387670663777,13.861797493346883,-8817.525873170429,-8831.753970769825,13.024693691794964,-8818.72927707803,-133106.0726757735,19.794177003909375,-133086.2784987696
0.294,-8830.927795080128,11.666303769866525,-8819.26149131026,-8830.340615896168,11.42344644864784,-8818.91716944752,-8831.378745702687,13.852874807171265,-8817.525870895515,-8831.747190622273,13.021282946233036,-8818.72590767604,-133106.0711141148,19.792615372844452,-133086.27849874197
0.2945,-8830.927346376362,11.66585764222576,-8819.261488734137,-8830.335293916645,11.418122455074549,-8818.917171461571,-8831.369759229603,13.84388350462654,-8817.525875724976,-8831.743750719013,13.017835977674434,-8818.725914741339,-133106.0694254213,19.790926707517308,-133086.27849871377
0.295,-8830.926847604695,11.66535817735037,-8819.261489427345,-8830.329912809315,11.41274353193525,-8818.91716927738,-8831.360699323597,13.834824622110983,-8817.525874701487,-8831.733217386189,13.014353953674803,-8818.718863432514,-133106.06761023108,19.7891115460462,-133086.27849868505
0.2955,-8830.926298288288,11.664805407203945,-8819.261492881084,-8830.328592924061,11.407310361567507,-8818.921282562493,-8831.35157599825,13.825699230136205,-8817.525876768113,-8831.729702142658,13.010837596916353,-8818.718864545743,-133106.06566909113,19.787170435376467,-133086.27849865574
0.296,-8830.925694135609,11.664199355189865,-8819.26149478042,-8830.323105005207,11.401823446336145,-8818.92128155887,-8831.342372087422,13.816508314213031,-8817.525863773208,-8831.72529569048,13.007288328361007,-8818.718007362118,-133106.06360255714,19.785103931266846,-133086.27849862588
0.2965,-8830.92502608675,11.663540055832499,-8819.261486030919,-8830.327217725697,11.396283015937792,-8818.930934709759,-8831.335329202595,13.807256081031905,-8817.528073121563,-8831.721714643421,13.00370648468396,-8818.718008158738,-133106.06141119375,19.78291259827203,-133086.27849859546
0.297,-8830.92431798357,11.66282756019688,-8819.261490423374,-8830.321615842762,11.390689543378477,-8818.930926299383,-8831.326020387593,13.797943536529,-8817.528076851064,-8831.718103555622,13.000091740053751,-8818.718011815568,-133106.05909557422,19.780597009721888,-133086.2784985645
0.2975,-8830.923546937885,11.662061889774646,-8819.261485048111,-8830.315972474995,11.38504363142847,-8818.930928843567,-8831.316647199574,13.78856850355457,-8817.52807869602,-8831.714452890339,12.996444420252224,-8818.718008470087,-133106.05665628068,19.778157747698067,-133086.27849853298
0.298,-8830.92272916216,11.661243071776912,-8819.261486090381,-8830.287539152088,11.379345575633852,-8818.908193576455,-8831.307200578633,13.779132017254598,-8817.528068561378,-8831.709368375721,12.99276476727142,-8818.716603608449,-133106.05409390395,19.77559540300859,-133086.27849850093
0.2985,-8830.921863702717,11.660371159342212,-8819.261492543375,-8830.281482843342,11.373595824310542,-8818.907887019031,-8831.297713426533,13.769635058079839,-8817.528078368454,-8831.706617025318,12.989053169525164,-8818.717563855793,-133106.0514090435,19.77291057516097,-133086.27849846834
0.299,-8830.920933870259,11.659446207038581,-8819.26148766322,-8830.275684503498,11.367795100432325,-8818.907889403066,-8831.288156656208,13.760078625035515,-8817.528078031173,-8831.702437547627,12.985309496492897,-8818.717128051134,-133106.04860230748,19.770103872332996,-133086.27849843513
0.2995,-8830.91995540041,11.658468269390701,-8819.26148713102,-8830.252652315083,11.361945501885447,-8818.890706813198,-8831.278535989704,13.75046370086195,-8817.528072288842,-8831.69205394167,12.981532929321224,-8818.710521012348,-133106.0456743128,19.76717591134458,-133086.27849840146
0.3,-8830.9189235248,11.657437384360279,-8819.26148614044,-8830.246766237202,11.35604756874363,-8818.89071866846,-8831.243750242176,13.740790586978537,-8817.502959655198,-8831.68824830431,12.97772429818385,-8818.710524006126,-133106.04262568484,19.764127317632187,-133086.2784983672
0.3005,-8830.917842058125,11.6563535999803,-8819.261488458145,-8830.240816263142,11.350100281374651,-8818.890715981766,-8831.234018472614,13.73106023916494,-8817.50295823345,-8831.684220937672,12.973884036650432,-8818.710336901022,-133106.03945705766,19.76095872522331,-133086.27849833242
0.301,-8830.916706232014,11.655216959133277,-8819.26148927288,-8830.234824327412,11.344104115936027,-8818.890720211475,-8831.224230436268,13.72127431926813,-8817.502956117,-8831.694752839985,12.97001492786082,-8818.724737912124,-133106.03616907384,19.757670776712125,-133086.27849829712
0.3015,-8830.91551890749,11.654027508395117,-8819.261491399095,-8830.228774694386,11.33805957923759,-8818.890715115149,-8831.214382795277,13.711433782073435,-8817.502949013204,-8831.690870431843,12.966117879984433,-8818.724752551858,-133106.0327623845,19.754264123237242,-133086.27849826126
0.302,-8830.914273408833,11.652785299775326,-8819.261488109058,-8830.222682622853,11.331967204115019,-8818.890715418738,-8831.204491762104,13.70153960650943,-8817.502952155595,-8831.686939863148,12.962190594079534,-8818.724749269068,-133106.02923764935,19.750739424462182,-133086.27849822488
0.3025,-8830.912983087483,11.651490399531344,-8819.26149268795,-8830.216539529743,11.325827507634035,-8818.89071202211,-8831.194549707356,13.691592740573512,-8817.502956966782,-8831.682979253712,12.958233327618252,-8818.724745926094,-133106.0255955365,19.747097348558754,-133086.27849818795
0.303,-8830.911636499348,11.650142868905471,-8819.261493630442,-8830.21035352129,11.319641035704983,-8818.890712485585,-8831.184538988056,13.681594033049297,-8817.502944955007,-8831.678995756092,12.954246357241416,-8818.72474939885,-133106.02183672268,19.743338572193665,-133086.2784981505
0.3035,-8830.91023173708,11.6487427697057,-8819.261488967373,-8830.202820924702,11.313408690974988,-8818.889412233726,-8831.174498228016,13.67154445812962,-8817.502953769887,-8831.674976018849,12.950229933370842,-8818.724746085478,-133106.01796189303,19.739463780518584,-133086.27849811252
0.304,-8830.908782628956,11.647290162338301,-8819.261492466618,-8830.195538667622,11.307131020308326,-8818.888407647313,-8831.164397386494,13.661444953017885,-8817.502952433477,-8831.671563295307,12.94618439201703,-8818.725378903291,-133106.01397174114,19.7354736671627,-133086.27849807398
0.3045,-8830.907277254048,11.645785104930745,-8819.261492149117,-8830.189207223835,11.300808183172094,-8818.888399040663,-8831.154255536976,13.651296371813128,-8817.502959165164,-8831.66919198412,12.942111500553713,-8818.727080483566,-133106.00986696914,19.731368934227785,-133086.2784980349
0.305,-8830.9057213344,11.644227653827228,-8819.261493680573,-8830.182845739308,11.294440685398952,-8818.888405053909,-8831.13783946413,13.641099230485304,-8817.496740233646,-8831.665083555165,12.938011427613667,-8818.72707212755,-133106.00564828762,19.727150292289174,-133086.27849799534
0.3055,-8830.904109624806,11.642617862829514,-8819.261491761976,-8830.179531721058,11.288029273445797,-8818.891502447612,-8831.127580789509,13.630854386242438,-8817.496726403266,-8831.66095652956,12.933882925546287,-8818.727073604014,-133106.0013164156,19.722818460401104,-133086.2784979552
0.306,-8830.902453569355,11.640955819366187,-8819.261497749989,-8830.173080114308,11.281574492301436,-8818.891505622007,-8831.117298749867,13.62056313615976,-8817.496735613708,-8831.657624391499,12.929725624644185,-8818.727898766854,-133105.99687208064,19.718374166103132,-133086.27849791452
0.3065,-8830.900736955586,11.639241575356973,-8819.26149538023,-8830.166577009144,11.27507664411027,-8818.891500365035,-8831.10696711916,13.610226376791577,-8817.496740742368,-8831.653415349903,12.925539723991045,-8818.727875625913,-133105.99231601876,19.713818145429343,-133086.27849787334
0.307,-8830.898964075031,11.637475184757115,-8819.261488890274,-8830.160050062123,11.268536267793138,-8818.89151379433,-8831.100294259968,13.59984582784626,-8817.500448432122,-8831.640666154804,12.921328102403944,-8818.7193380524,-133105.9876489745,19.70915114291997,-133086.27849783158
0.3075,-8830.897149709645,11.635656734260007,-8819.261492975385,-8830.140166429463,11.261954279065222,-8818.878212150397,-8831.086350587788,13.58942182826749,-8817.49692875952,-8831.632140306416,12.917099866090187,-8818.715040440326,-133105.98287170092,19.704373911633986,-133086.2784977893
0.308,-8830.895273832264,11.633786303164888,-8819.2614875291,-8830.133545068684,11.255331173683942,-8818.878213895,-8831.075880197468,13.578954313895467,-8817.496925883572,-8831.62788596529,12.912853281476142,-8818.715032683815,-133105.97798495964,19.69948721316319,-133086.27849774648
0.3085,-8830.893351224842,11.631863977774756,-8819.261487247068,-8830.126884607258,11.248667118249138,-8818.87821748901,-8831.06536593813,13.56844463192251,-8817.496921306207,-8831.623621133747,12.908579778602107,-8818.715041355144,-133105.97298952073,19.6944918176482,-133086.27849770308
0.309,-8830.89138331789,11.629889836345487,-8819.261493481545,-8830.12017741579,11.241962672467187,-8818.878214743323,-8831.048511651936,13.557892530751609,-8817.490619121185,-8831.61969771761,12.904279219657106,-8818.715418497952,-133105.96788616298,19.68938850379368,-133086.2784976592
0.3095,-8830.88935628313,11.62786394315069,-8819.26149233998,-8830.11342206377,11.235218360115367,-8818.878203703654,-8831.037932542744,13.547298869477306,-8817.490633673267,-8831.625615266743,12.89995134351236,-8818.725663923231,-133105.9626756736,19.684178058883347,-133086.27849761472
0.31,-8830.887271074238,11.62578635570506,-8819.261484718532,-8830.110390809956,11.228434936940207,-8818.881955873016,-8831.03437772173,13.536663617362134,-8817.497714104367,-8831.621831087055,12.895597169957071,-8818.726233917097,-133105.95735884848,19.678861278795228,-133086.27849756967
0.3105,-8830.885143903675,11.623657163472659,-8819.261486740203,-8830.103574899616,11.221612940873875,-8818.881961958743,-8831.031341222706,13.525988079474644,-8817.505353143231,-8831.617453245106,12.891217407187192,-8818.72623583792,-133105.9519364921,19.6734389680163,-133086.2784975241
0.311,-8830.882970003071,11.621476465875816,-8819.261493537195,-8830.096707490864,11.214752674329487,-8818.881954816534,-8831.020621446552,13.51527493213257,-8817.50534651442,-8831.613047746601,12.886811823654856,-8818.726235922946,-133105.94640941764,19.66791193965598,-133086.278497478
0.3115,-8830.88073506731,11.619244354533325,-8819.261490712777,-8830.089814809742,11.207854693937303,-8818.881960115805,-8831.014518884602,13.50452431156001,-8817.509994573042,-8831.608602193775,12.882380616292092,-8818.726221577483,-133105.94077844676,19.662281015458102,-133086.2784974313
0.312,-8830.878452924671,11.616960928981307,-8819.26149199569,-8830.082875398579,11.20091954238394,-8818.881955856195,-8831.003720907154,13.493737045009702,-8817.509983862145,-8831.60416331667,12.87792396516285,-8818.726239351507,-133105.93504440988,19.656547025810784,-133086.27849738408
0.3125,-8830.87612071413,11.614626273649014,-8819.261494440481,-8830.075907377186,11.193947746803385,-8818.881959630382,-8830.992890981617,13.482914032044867,-8817.509976949572,-8831.600633291187,12.873443144715994,-8818.727190146472,-133105.92920814603,19.650710809754777,-133086.2784973363
0.313,-8830.87372985262,11.612240442317418,-8819.261489410303,-8830.06890645403,11.186939845549375,-8818.88196660848,-8830.98204770464,13.472056077509542,-8817.50999162713,-8831.59656205553,12.868938102609423,-8818.727623952922,-133105.92327050288,19.644773214990174,-133086.2784972879
0.3135,-8830.871291307392,11.60980353148836,-8819.261487775904,-8830.061847833576,11.179896363779882,-8818.881951469797,-8830.971144823017,13.461163954315268,-8817.509980868703,-8831.591667798939,12.864410587584274,-8818.727257211354,-133105.91723233688,19.638735097880343,-133086.278497239
0.314,-8830.868799356404,11.607315634708492,-8819.261483721695,-8830.053663400593,11.172817967963656,-8818.88084543263,-8830.960221437397,13.450238418877472,-8817.509983018519,-8831.595851091328,12.859862823765026,-8818.735988267563,-133105.91109451297,19.63259732345334,-133086.27849718952
0.3145,-8830.86626449007,11.604776835055493,-8819.261487655014,-8830.046555189076,11.165705180585984,-8818.880850008489,-8830.949269441548,13.439280287749373,-8817.509989153798,-8831.583175329151,12.855290689963523,-8818.727884639187,-133105.90485790488,19.626360765400783,-133086.2784971395
0.315,-8830.86367717165,11.60218727210658,-8819.261489899543,-8830.039411691609,11.158558429039157,-8818.88085326257,-8830.938272623005,13.428290298976481,-8817.509982324029,-8831.579529909077,12.850693428228556,-8818.728836480848,-133105.89852339495,19.620026306074024,-133086.27849708888
0.3155,-8830.861035493794,11.599547027796898,-8819.261488465996,-8830.03223672289,11.151378259908384,-8818.88085846298,-8830.927246240559,13.417269194686844,-8817.509977045873,-8831.576266912403,12.846074861552639,-8818.73019205085,-133105.8920918742,19.613594836477468,-133086.27849703774
0.316,-8830.85834470171,11.596856180485872,-8819.261488521224,-8830.025017408314,11.144165162975266,-8818.880852245338,-8830.916215089741,13.406217783999264,-8817.509997305742,-8831.571619180622,12.841434214797456,-8818.730184965825,-133105.88556424226,19.60706725625923,-133086.278496986
0.3165,-8830.855601934376,11.594114859027194,-8819.26148707535,-8830.004610685291,11.136919759145913,-8818.867690926145,-8830.911002305927,13.395135975843605,-8817.515866330084,-8831.567287591877,12.836769681381094,-8818.730517910497,-133105.87894140743,19.60044447369893,-133086.27849693372
0.317,-8830.852809575978,11.59132318119045,-8819.261486394787,-8829.997329858723,11.129642596329424,-8818.867687262393,-8830.896149305287,13.384023462297058,-8817.51212584299,-8831.549399045887,12.832073476419717,-8818.717325569467,-133105.87222428658,19.593727405692714,-133086.27849688087
0.3175,-8830.8499700107,11.588481223609277,-8819.261488787091,-8829.96019235033,11.122334008946957,-8818.837858341383,-8830.886275438252,13.372881999244058,-8817.513393439007,-8831.544674066487,12.827345762781745,-8818.717328303705,-133105.8654138052,19.58691697773532,-133086.27849682746
0.318,-8830.847082761707,11.585589094036438,-8819.261493667671,-8829.952842859211,11.114994508808733,-8818.837848350402,-8830.875123647633,13.361713455901254,-8817.513410191732,-8831.539920953694,12.822594704912628,-8818.717326248781,-133105.8585108974,19.580014123899097,-133086.2784967735
0.3185,-8830.844143537464,11.58264691926105,-8819.261496618203,-8829.945474771443,11.107624727672235,-8818.83785004377,-8830.863919404926,13.350518461183608,-8817.513400943742,-8831.53514781374,12.81782047027961,-8818.71732734346,-133105.8515165058,19.57301978681006,-133086.278496719
0.319,-8830.841141847553,11.57965480699948,-8819.261487040554,-8829.938072828236,11.100225235349804,-8818.837847592886,-8830.852690366688,13.339297731372834,-8817.513392635316,-8831.530345109883,12.813023201968921,-8818.717321907914,-133105.84443158153,19.565934917621174,-133086.2784966639
0.3195,-8830.83810534853,11.576612865754758,-8819.261492482776,-8829.930641797962,11.092796540590966,-8818.83784525737,-8830.81677356142,13.328057343459502,-8817.48871621796,-8831.525532869282,12.808203074283494,-8818.717329794998,-133105.83725708426,19.55876047598366,-133086.27849660828
0.32,-8830.835012582722,11.573521210232947,-8819.261491372488,-8829.923183111134,11.085339148596567,-8818.837843962538,-8830.805506853047,13.316798109133513,-8817.488708743913,-8831.511812356892,12.803361898324274,-8818.708450458567,-133105.82999398213,19.551497430014493,-133086.2784965521
0.3205,-8830.831867364826,11.570379953645551,-8819.26148741118,-8829.858602670613,11.077854294918746,-8818.780748375693,-8830.79014983553,13.3055160313171,-8817.484633804212,-8831.507623819294,12.798499818323577,-8818.70912400097,-133105.82264325165,19.544146756258375,-133086.2784964954
0.321,-8830.828680185261,11.567189202242618,-8819.261490983019,-8829.850032953205,11.070342113103766,-8818.779690840101,-8830.778840211811,13.294211880486497,-8817.484628331325,-8831.502571252766,12.793615446054229,-8818.708955806711,-133105.81520587776,19.536709439647716,-133086.2784964381
0.3215,-8830.825431493702,11.563949071980975,-8819.261482421722,-8829.842496065083,11.062802468775928,-8818.779693596307,-8830.767525819721,13.28288591980645,-8817.484639899914,-8831.49765410799,12.788708905166294,-8818.708945202825,-133105.80768285375,19.529186473460385,-133086.27849638028
0.322,-8830.82215323824,11.560659690872876,-8819.261493547367,-8829.834919122639,11.055236264616,-8818.779682858023,-8830.75617137331,13.271538931918613,-8817.484632441392,-8831.492461351338,12.783780253144243,-8818.708681098193,-133105.8000751812,19.521578859273635,-133086.27849632193
0.3225,-8830.81881728548,11.557321206856411,-8819.261496078625,-8829.81173148531,11.0476437652286,-8818.764087720081,-8830.744809297505,13.260171700493693,-8817.48463759701,-8831.487790254536,12.778827481320974,-8818.708962773215,-133105.79238386994,19.513887606914636,-133086.27849626302
0.323,-8830.815428880634,11.55393374039744,-8819.261495140237,-8829.804121164265,11.040025496491822,-8818.764095667773,-8830.733415750447,13.24878497855908,-8817.484630771887,-8831.482819227162,12.773850744090614,-8818.708968483072,-133105.784609938,19.506113734407695,-133086.2784962036
0.3235,-8830.81198659319,11.550497404071518,-8819.261489189117,-8829.796664384785,11.032382339220016,-8818.764282045566,-8830.7220069446,13.237379550710836,-8817.48462739389,-8831.477812437,12.768852349715843,-8818.708960087284,-133105.77675441155,19.49825826791838,-133086.27849614364
0.324,-8830.808501867237,11.54701232379125,-8819.261489543445,-8829.788997320118,11.024714845137467,-8818.76428247498,-8830.705783990803,13.225956489741563,-8817.479827501062,-8831.472798494282,12.763832419111719,-8818.70896607517,-133105.76881832484,19.490322241694425,-133086.27849608313
0.3245,-8830.804971364918,11.543478631729815,-8819.261492733189,-8829.777615693989,11.017023416537882,-8818.760592277451,-8830.694364217701,13.214516641613553,-8817.479847576087,-8831.467754510822,12.758791136439736,-8818.708963374384,-133105.76080272015,19.48230669800354,-133086.27849602213
0.325,-8830.801381734791,11.53989645805156,-8819.26148527674,-8829.771141199055,11.00932127383039,-8818.761819925225,-8830.682898668232,13.203060496966291,-8817.479838171266,-8831.464422372761,12.753728906233249,-8818.710693466528,-133105.75270864766,19.47421268706941,-133086.2784959606
0.3255,-8830.797755388203,11.536265940126826,-8819.261489448076,-8829.763441709461,11.001608748739663,-8818.761832960721,-8830.671426443043,13.191588822216264,-8817.479837620827,-8831.468409685078,12.748646691790544,-8818.719762993287,-133105.74453716556,19.466041267005554,-133086.27849589856
0.326,-8830.794080881062,11.532587226894066,-8819.261493654169,-8829.741680292072,10.993873280990138,-8818.747807011083,-8830.659952310505,13.180102477191777,-8817.479849833313,-8831.451964525166,12.743544988104455,-8818.70841953706,-133105.73628933975,19.457793503744842,-133086.278495836
0.3265,-8830.790352014485,11.528860454880098,-8819.261491559604,-8829.733927396717,10.986115380844394,-8818.747812015872,-8830.648438600483,13.168602250197232,-8817.479836350285,-8831.446848062458,12.738423066857521,-8818.7084249956,-133105.7279662439,19.449470470967682,-133086.27849577292
0.327,-8830.786573556843,11.52508575507855,-8819.261487801765,-8829.696939138355,10.97833523957512,-8818.71860389878,-8830.63694014925,13.15708899312624,-8817.479851156124,-8831.442360071125,12.733280532396314,-8818.709079538728,-133105.7195689594,19.441073250029824,-133086.27849570938
0.3275,-8830.782753137531,11.521263267412161,-8819.26148987012,-8829.689843324604,10.970533628538341,-8818.719309696065,-8830.625414041462,13.145563506643832,-8817.479850534819,-8831.437480119648,12.728117509575938,-8818.709362610072,-133105.7110985752,19.432602929883522,-133086.27849564533
0.328,-8830.778880266133,11.517393130455538,-8819.261487135676,-8829.675788549366,10.962711885401614,-8818.713076663964,-8830.613870767536,13.134026552250134,-8817.479844215286,-8831.432792810383,12.722933997607793,-8818.709858812776,-133105.70255618778,19.424060606998943,-133086.27849558077
0.3285,-8830.77495780367,11.513475493990088,-8819.26148230968,-8829.667945531788,10.954870286406202,-8818.713075245381,-8830.602327016773,13.122478981150687,-8817.479848035622,-8831.42723098177,12.717730098204441,-8818.709500883566,-133105.69394290107,19.415447385290825,-133086.27849551578
0.329,-8830.77100434679,11.509510521064833,-8819.261493825727,-8829.655215887013,10.947009828129936,-8818.708206058882,-8830.59075656313,13.110921630605791,-8817.479834932525,-8831.421682981434,12.712506077519514,-8818.709176903914,-133105.6852598263,19.406764376044556,-133086.27849545027
0.3295,-8830.766983655873,11.505498340597494,-8819.261485315275,-8829.647334245625,10.939130994888185,-8818.708203250737,-8830.585446981373,13.099352998262717,-8817.48609398311,-8831.416437295857,12.70726206762143,-8818.709175228236,-133105.67650808214,19.398012697841054,-133086.2784953843
0.33,-8830.762925294819,11.501439089342156,-8819.261486205476,-8829.639436391773,10.931233552983503,-8818.70820283879,-8830.573860792103,13.087773903117402,-8817.486086888986,-8831.411135343495,12.701997916837797,-8818.709137426657,-133105.66768879432,19.389193476481235,-133086.27849531785
0.3305,-8830.758826879444,11.497332952795343,-8819.26149392665,-8829.631516603413,10.923317989295583,-8818.708198614117,-8830.535244134846,13.076192277912073,-8817.459051856933,-8831.405849126759,12.696713759893012,-8818.709135366866,-133105.6588030958,19.380307844901466,-133086.2784952509
0.331,-8830.754672197285,11.493180084997348,-8819.261492112288,-8829.623594430866,10.91538479452543,-8818.708209636341,-8830.523660806599,13.064608987011631,-8817.459051819587,-8831.399589685383,12.69139818059687,-8818.708191504786,-133105.64985212663,19.37135694309351,-133086.27849518353
0.3315,-8830.750467447224,11.488980612802203,-8819.26148683442,-8829.615637926045,10.907434475434627,-8818.70820345061,-8830.512077478352,13.053020112223882,-8817.459057366128,-8831.395091203633,12.686055292789785,-8818.709035910842,-133105.64083703374,19.362341918041615,-133086.2784951157
0.332,-8830.746219304981,11.484734700945406,-8819.261484604036,-8829.607669023457,10.899467499906532,-8818.70820152355,-8830.500475553456,13.041426469915429,-8817.45904908354,-8831.389731553974,12.680696828849268,-8818.709034725125,-133105.63175897108,19.353263923656463,-133086.27849504742
0.3325,-8830.74193063158,11.480442525783246,-8819.261488105798,-8829.599694398823,10.891484376419797,-8818.708210022403,-8830.488881257954,13.029828878192209,-8817.459052379761,-8831.384350923481,12.675318868305464,-8818.709032055176,-133105.62261909942,19.344124120705516,-133086.2784949787
0.333,-8830.737585691395,11.476104252283395,-8819.26148143911,-8829.591687349262,10.883485592049107,-8818.708201757214,-8830.477289346638,13.018228232098966,-8817.45906111454,-8831.37895980257,12.669921510356488,-8818.709038292214,-133105.6134185863,19.33492367674512,-133086.27849490955
0.3335,-8830.733207849446,11.471720028408292,-8819.261487821037,-8829.583677438679,10.875471645657775,-8818.708205793022,-8830.465669778767,13.00662535568366,-8817.459044423083,-8831.373547223988,12.664504857951732,-8818.709042366036,-133105.60415860597,19.32566376605265,-133086.2784948399
0.334,-8830.728784231129,11.46729002327277,-8819.261494207856,-8829.57564845461,10.867443032083191,-8818.708205422527,-8830.454064992848,12.995021053620388,-8817.459043939227,-8831.368108896198,12.659069041498785,-8818.709039854699,-133105.59484033944,19.316345569559253,-133086.27849476988
0.3345,-8830.724301485005,11.462814413936215,-8819.261487071068,-8829.561734346333,10.859400132969588,-8818.702334213363,-8830.442467836323,12.983416180330025,-8817.459051655993,-8831.362647203388,12.653614140071763,-8818.709033063316,-133105.58546497417,19.3069702747822,-133086.2784946994
0.335,-8830.71978202242,11.458293369275175,-8819.261488653145,-8829.553666738453,10.8513434410466,-8818.702323297406,-8830.430870202961,12.971811568826823,-8817.459058634135,-8831.35717358965,12.648140238148954,-8818.7090333515,-133105.57603370424,19.29753907575551,-133086.2784946285
0.3355,-8830.715216783467,11.453727054032639,-8819.261489729433,-8829.545600561085,10.843273536253507,-8818.702327024832,-8830.41926398653,12.960208067795538,-8817.459055918735,-8831.353996423664,12.642652699778822,-8818.711343723886,-133105.5665477301,19.288053172953795,-133086.27849455713
0.336,-8830.71059527773,11.449115622204008,-8819.261479655524,-8829.53751864809,10.835190877806495,-8818.702327770285,-8830.407647279682,12.94860645933504,-8817.459040820348,-8831.349564222279,12.637151410669125,-8818.71241281161,-133105.55700825862,19.278513773224574,-133086.2784944854
0.3365,-8830.705950883808,11.444459264977624,-8819.26149161883,-8829.529424814167,10.827095929693009,-8818.702328884474,-8830.390187410298,12.937007288950777,-8817.453180121347,-8831.343616632405,12.63163093906668,-8818.711985693339,-133105.54741650296,19.268922089729003,-133086.27849441324
0.337,-8830.701249269428,11.4397581620695,-8819.26149110736,-8829.530182985249,10.818992291431346,-8818.711190693817,-8830.378569749775,12.92541139526126,-8817.453158354514,-8831.337734369221,12.626091575303787,-8818.711642793916,-133105.53777368253,19.259279341875555,-133086.27849434066
0.3375,-8830.696502832356,11.43501249589691,-8819.26149033646,-8829.522070554676,10.81088046272907,-8818.711190091948,-8830.366985467854,12.913819881119677,-8817.453165586734,-8831.332187799397,12.620533678285089,-8818.71165412111,-133105.52808102293,19.24958675525093,-133086.27849426767
0.338,-8830.691715387287,11.430222453453581,-8819.261492933834,-8829.513949541035,10.80275780686675,-8818.711191734168,-8830.355406907978,12.90223362868765,-8817.453173279291,-8831.326610711994,12.61495734337649,-8818.711653368618,-133105.51833975583,19.23984556154911,-133086.27849419427
0.3385,-8830.68687405962,11.425388198911598,-8819.261485860708,-8829.505803731861,10.794624771012426,-8818.711178960848,-8830.343821672383,12.890653439847682,-8817.453168232534,-8831.332653192463,12.609360009102199,-8818.72329318336,-133105.50855111898,19.230056998498924,-133086.2784941205
0.339,-8830.682000307026,11.420509921224625,-8819.261490385801,-8829.497674135151,10.786481858574508,-8818.711192276576,-8830.339220193806,12.879078367977971,-8817.460141825828,-8831.326637414875,12.603741956916323,-8818.722895457959,-133105.4987163561,19.22022230978982,-133086.2784940463
0.3395,-8830.677079347553,11.415587828434244,-8819.261491519119,-8829.489518312397,10.778329548522564,-8818.711188763875,-8830.32765689272,12.867509239084772,-8817.460147653635,-8831.321001199665,12.598106084878646,-8818.722895114786,-133105.48883671674,19.210342744995472,-133086.27849397174
0.34,-8830.67210641283,11.410622090462846,-8819.261484322367,-8829.468487886372,10.770168503102015,-8818.69831938327,-8830.316085008564,12.855948555445789,-8817.460136453119,-8831.315353063526,12.592452602254001,-8818.722900461273,-133105.47891345626,19.200419559495774,-133086.27849389677
0.3405,-8830.667104867878,11.405612862211601,-8819.261492005666,-8829.460307268086,10.76199919248387,-8818.698308075602,-8830.30454650301,12.844397100529854,-8817.460149402481,-8831.309468416157,12.586781519500803,-8818.722686896655,-133105.46894783585,19.190454014397137,-133086.27849382145
0.341,-8830.662044195118,11.400560360461906,-8819.261483834656,-8829.452135709706,10.753821881529467,-8818.698313828176,-8830.29300227541,12.832855671284214,-8817.460146604126,-8831.303785470905,12.581092931099665,-8818.722692539806,-133105.45894112217,19.18044737644957,-133086.27849374572
0.3415,-8830.656956819477,11.395464808041499,-8819.261492011436,-8829.44394984621,10.745637031994148,-8818.698312814216,-8830.281476167622,12.821325034003024,-8817.460151133619,-8831.297523645344,12.575386211539833,-8818.722137433804,-133105.4488945876,19.17040091796266,-133086.27849366964
0.342,-8830.651818899098,11.390326385115165,-8819.261492513982,-8829.435770658436,10.737445128982035,-8818.698325529454,-8830.269954351368,12.809805934753653,-8817.460148416614,-8831.292099145832,12.569661961169924,-8818.722437184662,-133105.4388095099,19.160315916720172,-133086.27849359318
0.3425,-8830.646629957142,11.385145265865887,-8819.261484691277,-8829.42756476778,10.729246638090006,-8818.698318129691,-8830.255105165425,12.798298723719276,-8817.456806441705,-8831.284535077992,12.563919638684839,-8818.720615439306,-133105.42868717227,19.150193655891375,-133086.27849351638
0.343,-8830.641415742817,11.379921653932193,-8819.261494088885,-8829.41935649294,10.721041937389629,-8818.69831455555,-8830.243621019306,12.786804187201078,-8817.456816832106,-8831.271493581715,12.558163389437478,-8818.713330192277,-133105.41852886314,19.14003542393996,-133086.2784934392
0.3435,-8830.636146692219,11.374655766470724,-8819.261490925748,-8829.411158708515,10.712831528979763,-8818.698327179536,-8830.232134012165,12.775323466046812,-8817.456810546119,-8831.266947416249,12.552395479108686,-8818.71455193714,-133105.40833587624,19.12984251453069,-133086.27849336172
0.344,-8830.63083567995,11.369347775244258,-8819.261487904707,-8829.431913522663,10.704616011865937,-8818.727297510797,-8830.22067466158,12.763857293504422,-8817.456817368075,-8831.269232896748,12.546612463979923,-8818.722620432767,-133105.39810951028,19.119616226435014,-133086.27849328384
0.3445,-8830.62548985857,11.363997900166837,-8819.261491958403,-8829.42369380373,10.696395824687226,-8818.727297979043,-8830.2092243709,12.752406400557906,-8817.456817970342,-8831.279296544972,12.540817902614894,-8818.738478642357,-133105.3878510691,19.109357863434376,-133086.27849320567
0.345,-8830.62009349245,11.358606377235219,-8819.261487115216,-8829.415469316426,10.688171318166974,-8818.727297998259,-8830.197779325428,12.740971453118554,-8817.45680787231,-8831.271938470783,12.535010359478024,-8818.736928111306,-133105.37756186136,19.099068734218875,-133086.27849312715
0.3455,-8830.614661363545,11.353173391862384,-8819.261487971682,-8829.407237676563,10.679942937048285,-8818.727294739516,-8830.186371473255,12.729553199436186,-8817.456818273818,-8831.266112474384,12.529186014747758,-8818.736926459636,-133105.3672432006,19.088750152284,-133086.2784930483
0.346,-8830.60918870348,11.347699157206865,-8819.261489546274,-8829.399007467213,10.671711129363889,-8818.72729633785,-8830.174974588337,12.718152360177271,-8817.45682222816,-8831.262009290638,12.52334532121769,-8818.73866396942,-133105.356896405,19.078403435826374,-133086.27849296917
0.3465,-8830.603675512257,11.34218388403125,-8819.261491628225,-8829.378417161884,10.663476328485002,-8818.714940833399,-8830.163578180256,12.706769565869067,-8817.456808614386,-8831.256158975544,12.517488348793446,-8818.738670626752,-133105.34652279734,19.068029907637644,-133086.2784928897
0.347,-8830.598115114155,11.336627785234976,-8819.26148732892,-8829.370173124256,10.655238991813468,-8818.714934132442,-8830.151824621144,12.69540766839095,-8817.456416952753,-8831.250277666035,12.5116150761563,-8818.738662589878,-133105.33612370494,19.057630894996503,-133086.27849280994
0.3475,-8830.592515615406,11.331031084280133,-8819.261484531125,-8829.361929086628,10.646999559251771,-8818.714929527376,-8830.162773279133,12.684060345353723,-8817.47871293378,-8831.244394449177,12.505725558382995,-8818.738668890794,-133105.32570045945,19.04720772955905,-133086.27849272988
0.348,-8830.586882738056,11.325394005598895,-8819.261488732458,-8829.353694108906,10.638758466202312,-8818.714935642703,-8830.151428369465,12.672726081618608,-8817.478702287846,-8831.238480714741,12.4998198490068,-8818.738660865734,-133105.3152543968,19.03676174724759,-133086.27849264955
0.3485,-8830.581212190571,11.31971675860548,-8819.261495431965,-8829.345449117603,10.6305161747254,-8818.714932942878,-8830.134924558582,12.661412200617795,-8817.473512357965,-8831.232590822163,12.493898053598885,-8818.738692768564,-133105.30478685704,19.02629428813821,-133086.2784925689
0.349,-8830.575485376301,11.313999562251597,-8819.26148581405,-8829.337201265278,10.622273149936172,-8818.714928115342,-8830.12364259142,12.650119341467061,-8817.473523249952,-8831.226655153218,12.487960221830582,-8818.738694931388,-133105.29429918437,19.015806696347184,-133086.27849248803
0.3495,-8830.569740919056,11.30824266481447,-8819.261498254242,-8829.328959134999,10.61402981585773,-8818.714929319141,-8830.11235824007,12.638848422006733,-8817.473509818064,-8831.220700410786,12.482006367583683,-8818.738694043202,-133105.28379272678,19.00530031991581,-133086.27849240685
0.35,-8830.563931611958,11.302446279210743,-8819.261485332747,-8829.320722726765,10.605786602595712,-8818.71493612417,-8830.101108220997,12.627600081553393,-8817.473508139443,-8831.21378484148,12.476036536089186,-8818.737748305392,-133105.27326883614,18.994776510694308,-133086.27849232545
0.3505,-8830.55809703249,11.29661061724312,-8819.261486415247,-8829.312481073322,10.597543954269387,-8818.714937119054,-8830.085108903828,12.616374843865891,-8817.468734059961,-8831.207691339436,12.470051686278923,-8818.737639653156,-133105.262728868,18.984236624225304,-133086.27849224376
0.351,-8830.55223098177,11.290735929732062,-8819.261495052038,-8829.317096380177,10.589302216007237,-8818.72779416417,-8830.073895601216,12.605173324187163,-8817.468722277028,-8831.214089063587,12.464064379574788,-8818.750024684012,-133105.25217418149,18.97368201962686,-133086.27849216186
0.3515,-8830.546310094776,11.284822433489575,-8819.261487661286,-8829.308863309803,10.5810618438572,-8818.727801465946,-8830.06273475069,12.593996215455407,-8817.468738535235,-8831.208106187763,12.458073810515092,-8818.750032377247,-133105.24160613917,18.96311405947476,-133086.2784920797
0.352,-8830.54036107439,11.27887036696385,-8819.261490707428,-8829.323149351063,10.572823835206677,-8818.750325515857,-8830.05156817812,12.582844116107509,-8817.468724062011,-8831.202087072315,12.452067618402083,-8818.750019453913,-133105.231026107,18.952534109684056,-133086.27849199733
0.3525,-8830.53437438387,11.272879988371315,-8819.261494395498,-8829.314921049061,10.564588614240641,-8818.75033243482,-8830.040468362751,12.57171764584977,-8817.468750716902,-8831.195585397663,12.446045400326202,-8818.749539997338,-133105.22043545413,18.94194353939087,-133086.27849191474
0.353,-8830.52834048647,11.266851512730973,-8819.261488973738,-8829.317059663716,10.556353639582916,-8818.760706024133,-8830.02935233492,12.560617387694117,-8817.468734947224,-8831.18955722231,12.440007194945231,-8818.749550027364,-133105.20983555276,18.931343720834015,-133086.2784918319
0.3535,-8830.522272256794,11.26078518391078,-8819.261487072883,-8829.308833269062,10.5481193518602,-8818.760713917201,-8830.018286851826,12.54954392129728,-8817.468742930529,-8831.183502344074,12.433953499063811,-8818.749548845011,-133105.19922777815,18.92073602923623,-133086.2784917489
0.354,-8830.516173986378,11.254681256306235,-8819.261492730071,-8829.300596860829,10.539888655519412,-8818.76070820531,-8830.00724711794,12.538497812476255,-8817.468749305463,-8831.176530031147,12.427884191932835,-8818.748645839214,-133105.1886135084,18.91012184268596,-133086.2784916657
0.3545,-8830.510028509083,11.248539949735441,-8819.261488559348,-8829.27252450365,10.531662200850663,-8818.7408623028,-8829.996215967121,12.52747960476366,-8817.468736362358,-8831.16849723238,12.42179934510176,-8818.746697887278,-133105.17799412433,18.89950254201978,-133086.2784915823
0.355,-8830.503848699513,11.24236150539988,-8819.261487194113,-8829.264311937275,10.523440402028292,-8818.740871535247,-8829.985216764393,12.516489917304938,-8817.468726847088,-8831.163734582844,12.41569928930928,-8818.748035293534,-133105.16737100942,18.88887951070433,-133086.27849149873
0.3555,-8830.497640279713,11.236146200573106,-8819.261494079139,-8829.25609412569,10.515223456134244,-8818.740870669557,-8829.974264291706,12.505529333251172,-8817.468734958455,-8831.164217142048,12.409581831622411,-8818.754635310426,-133105.1567455497,18.87825413471836,-133086.27849141497
0.356,-8830.491377977314,11.229894259009246,-8819.261483718305,-8829.253044275227,10.50701155367846,-8818.746032721549,-8829.963346628132,12.494598425680854,-8817.468748202451,-8831.166525510731,12.403458391019775,-8818.763067119711,-133105.14611913348,18.867627802435994,-133086.27849133103
0.3565,-8830.485095170918,11.223605934598638,-8819.26148923632,-8829.244829324665,10.49880508144713,-8818.746024243219,-8829.952426103535,12.483697736978304,-8817.468728366557,-8831.15814271349,12.397331225744916,-8818.760811487744,-133105.13549315147,18.857001904510653,-133086.27849124695
0.357,-8830.478767541828,11.217281488694153,-8819.261486053134,-8829.23403277773,10.49060496690444,-8818.743427810825,-8829.941566614094,12.472827843630752,-8817.468738770463,-8831.152016786518,12.391188925992498,-8818.760827860526,-133105.12486899647,18.846377833755454,-133086.27849116272
0.3575,-8830.472407010975,11.210921163534723,-8819.26148584744,-8829.2258259334,10.482411634474946,-8818.743414298924,-8829.930725721302,12.461989361294238,-8817.468736360008,-8831.146875528279,12.385031462671527,-8818.761844065608,-133105.11424806336,18.835756985024226,-133086.27849107832
0.358,-8830.466014055195,11.204525247748121,-8819.261488807448,-8829.21764579195,10.474225239409982,-8818.74342055254,-8829.919932512226,12.451182865746198,-8817.46874964648,-8831.140698579731,12.378858897154116,-8818.761839682576,-133105.1036317489,18.82514075509536,-133086.2784909938
0.3585,-8830.45957675356,11.198093983564558,-8819.261482769994,-8829.209476617756,10.466046193841073,-8818.743430423914,-8829.909152177754,12.44040892879758,-8817.468743248955,-8831.133609918537,12.372671268249714,-8818.760938650288,-133105.0930214517,18.814530542554465,-133086.27849090914
0.359,-8830.453120378437,11.191627635883076,-8819.261492742555,-8829.201303628864,10.45787492238117,-8818.743428706483,-8829.89842238802,12.42966814316162,-8817.468754244857,-8831.119440225544,12.3664705471673,-8818.752969678377,-133105.08241857204,18.80392774767657,-133086.27849082436
0.3595,-8830.446624902668,11.18512647958906,-8819.261498423079,-8829.19694342989,10.449711727155627,-8818.747231702735,-8829.896720556202,12.418959461089658,-8817.477761095113,-8831.113241342488,12.360256835956289,-8818.752984506531,-133105.07182451178,18.79333377230803,-133086.27849073947
0.36,-8830.440084604206,11.178590751956595,-8819.26149385225,-8829.188784746113,10.441556999876042,-8818.747227746237,-8829.886041788044,12.408283438672548,-8817.477758349372,-8831.080869821491,12.354029787432655,-8818.726840034058,-133105.0612406742,18.782750019747855,-133086.27849065445
0.3605,-8830.433509973469,11.172020712339682,-8819.26148926113,-8829.209342626515,10.433413110265278,-8818.775929516249,-8829.87538924593,12.39764233006188,-8817.477746915869,-8831.083690313282,12.347785323310632,-8818.735904989971,-133105.05066846395,18.772177894628467,-133086.27849056933
0.361,-8830.42690387148,11.165416643715496,-8819.261487227765,-8829.201213506642,10.425280508573252,-8818.775932998069,-8829.864795354786,12.38703678405811,-8817.477758570729,-8831.077419427815,12.341521963823492,-8818.735897463992,-133105.04010928693,18.761618802795418,-133086.27849048414
0.3615,-8830.420272973957,11.158778837983611,-8819.261494135973,-8829.193092969837,10.417157748119728,-8818.775935221718,-8829.854217676106,12.376467402188009,-8817.477750273918,-8831.07115474123,12.335243932491233,-8818.735910808738,-133105.02956455003,18.751074151187503,-133086.27849039884
0.362,-8830.41358914751,11.152107537887225,-8819.261481609623,-8829.184976724568,10.409045216697308,-8818.775931507871,-8829.84369292635,12.365934814444184,-8817.477758111905,-8831.064857152882,12.328951287396816,-8818.735905865486,-133105.0190356612,18.740545347715642,-133086.27849031347
0.3625,-8830.406891969624,11.145403016175615,-8819.261488953449,-8829.168135789814,10.400943651844287,-8818.76719213797,-8829.833191541615,12.355439695540564,-8817.477751846074,-8831.058548120442,12.322644044782635,-8818.735904075658,-133105.00852402917,18.7300338011392,-133086.27849022803
0.363,-8830.400154737416,11.138665571142736,-8819.261489166272,-8829.161914018574,10.39285571984895,-8818.769058298725,-8829.822741655293,12.344982680136585,-8817.477758975156,-8831.060397771778,12.316327251012016,-8818.744070520766,-133104.99803106347,18.719540920941675,-133086.27849014252
0.3635,-8830.393374113026,11.131895460492816,-8819.261478652534,-8829.153850225392,10.384781470130257,-8818.769068755262,-8829.812329915943,12.334564442391788,-8817.477765473552,-8831.054072050038,12.310000980475598,-8818.744071069563,-133104.98755817415,18.70906811720544,-133086.27849005695
0.364,-8830.386580137196,11.125092979610589,-8819.261487157586,-8829.145779756489,10.376719023194845,-8818.769060733293,-8829.8019439258,12.32418565881791,-8817.477758266983,-8831.047740606251,12.303660327268119,-8818.744080278982,-133104.97710677184,18.69861680048531,-133086.27848997136
0.3645,-8830.37974849123,11.118258406543877,-8819.261490084686,-8829.137744096699,10.368668780088807,-8818.76907531661,-8829.791608480396,12.313847010113866,-8817.477761470283,-8831.041387227955,12.297305354694505,-8818.744081873261,-133104.96667826737,18.68818838168077,-133086.2784898857
0.365,-8830.372881082478,11.111392012983805,-8819.261489069493,-8829.129707483235,10.36063115450018,-8818.769076328734,-8829.781312612477,12.303549217521393,-8817.477763394954,-8831.035006193104,12.290936150537497,-8818.744070042567,-133104.9562740719,18.677784271907008,-133086.2784898
0.3655,-8830.365990785542,11.104494101000457,-8819.261496684541,-8829.127568391743,10.352606731640583,-8818.774961660103,-8829.77104964632,12.293292993874292,-8817.477756652446,-8831.028626588764,12.28455279963525,-8818.744073789128,-133104.94589559667,18.66740588236475,-133086.2784897143
0.366,-8830.359061864796,11.097564944873259,-8819.261496919922,-8829.12197127718,10.344595785383403,-8818.777375491796,-8829.75769343752,12.283078359325316,-8817.474615078194,-8831.02144923586,12.278154775146918,-8818.743294460712,-133104.9355442528,18.657054624208946,-133086.2784896286
0.3665,-8830.352092412892,11.090604812226507,-8819.261487600665,-8829.112168458882,10.336598516968177,-8818.775569941914,-8829.752367166462,12.27290568882269,-8817.47946147764,-8831.01599898714,12.271742229159099,-8818.744256757982,-133104.92522145127,18.646731908416516,-133086.27848954286
0.367,-8830.345101026478,11.083614003456336,-8819.26148702302,-8829.1041919269,10.32861540614989,-8818.77557652075,-8829.742222932759,12.262776414361948,-8817.479446518397,-8831.009563592854,12.26531584956743,-8818.744247743287,-133104.91492860278,18.636439145653178,-133086.27848945712
0.3675,-8830.33807864565,11.076592817964297,-8819.261485827685,-8829.102446226063,10.32064684031166,-8818.781799385752,-8829.732139734211,12.25269168353298,-8817.479448050679,-8831.004049447956,12.258889652201333,-8818.745159795755,-133104.90466711757,18.6261777461396,-133086.27848937144
0.368,-8830.33103099245,11.069541557652071,-8819.261489434799,-8829.094489721241,10.312693202807147,-8818.781796518435,-8829.722098020497,12.242652289338084,-8817.479445731158,-8830.997624544087,12.2524637279232,-8818.745160816163,-133104.89443840526,18.615949119517023,-133086.27848928573
0.3685,-8830.323953298512,11.062460503905687,-8819.261492794605,-8829.067958501759,10.304762827517006,-8818.763195674243,-8829.712098268452,12.232658991664163,-8817.479439276787,-8830.99117579836,12.246024256238826,-8818.74515154212,-133104.88424387478,18.605754674712497,-133086.27848920008
0.369,-8830.316833166065,11.055349954446672,-8819.26148321162,-8829.060037282887,10.296856057818612,-8818.763181225067,-8829.70217194933,12.22271259277931,-8817.479459356551,-8830.984732774677,12.239571356293688,-8818.745161418385,-133104.87408493424,18.595595819803926,-133086.27848911443
0.3695,-8830.309706357899,11.04821022733887,-8819.26149613056,-8829.053959039631,10.28896532891772,-8818.764993710713,-8829.69226518053,12.212813899285862,-8817.479451281244,-8830.980158952656,12.233106871786688,-8818.74705208087,-133104.86396299073,18.585473961885246,-133086.27848902883
0.37,-8830.302532342854,11.041041590428911,-8819.261490752424,-8829.046073345127,10.281091002254662,-8818.764982342873,-8829.682406095448,12.202963696108394,-8817.479442399339,-8830.97368827242,12.226630851672388,-8818.747057420747,-133104.85387945024,18.575390506931818,-133086.2784889433
0.3705,-8830.29533782381,11.033844352493638,-8819.261493471316,-8829.038239149037,10.273233484042738,-8818.765005664995,-8829.672614721241,12.193162771771444,-8817.47945194947,-8830.967185644093,12.220141636080172,-8818.747044008012,-133104.8438357175,18.56534685966753,-133086.27848885785
0.371,-8830.288108972492,11.026618842699575,-8819.261490129793,-8829.03037920374,10.265393147344843,-8818.764986056394,-8829.662853864613,12.183411941581351,-8817.479441923031,-8830.960694459858,12.213639364684251,-8818.747055095173,-133104.83383319588,18.555344423434818,-133086.27848877246
0.3715,-8830.28085723299,11.019365344038171,-8819.261491888952,-8829.022556928578,10.257570344993699,-8818.764986583585,-8829.650666383686,12.17371052870675,-8817.47695585498,-8830.9295078792,12.207120632546495,-8818.722387246653,-133104.82387328718,18.545384600059727,-133086.27848868712
0.372,-8830.273575929585,11.012084160330097,-8819.261491769255,-8829.014757780018,10.249765461658063,-8818.76499231836,-8829.673628000202,12.164049892654573,-8817.509578107547,-8830.922961381855,12.200585560720741,-8818.722375821135,-133104.8139573916,18.535468789712624,-133086.27848860188
0.3725,-8830.2662641086,11.00477559990261,-8819.261488508699,-8829.006963638249,10.241978834611071,-8818.764984803638,-8829.655383256855,12.154433238115889,-8817.500950018739,-8830.920154718342,12.194036667107406,-8818.726118051234,-133104.8040869075,18.525598390770952,-133086.27848851672
0.373,-8830.258936075154,10.99743997698479,-8819.261496098168,-8829.017765191975,10.234210315764365,-8818.78355487621,-8829.652987150135,12.144869739657025,-8817.508117410478,-8830.913590578022,12.187474093351717,-8818.726116484671,-133104.7942632314,18.515774799690828,-133086.2784884317
0.3735,-8830.251562265339,10.9900776117844,-8819.261484653554,-8829.010013011875,10.226460274949291,-8818.783552736926,-8829.643457082691,12.135359576123541,-8817.508097506568,-8830.907013086262,12.18089906389184,-8818.72611402237,-133104.78448775766,18.505999410882104,-133086.27848834678
0.374,-8830.244179872456,10.982688811019372,-8819.261491061436,-8829.002291826191,10.218729600096388,-8818.783562226095,-8829.634003309193,12.12590476473542,-8817.508098544458,-8830.90041413683,12.174311700353602,-8818.726102436476,-133104.77476187854,18.496273616578474,-133086.27848826195
0.3745,-8830.23676267046,10.975273891314146,-8819.261488779146,-8828.992177633228,10.21101865286947,-8818.781158980359,-8829.624618677082,12.116506148508682,-8817.508112528574,-8830.88497033495,12.167713836127946,-8818.717256498821,-133104.765086984,18.48659880670753,-133086.27848817728
0.375,-8830.229324010792,10.967833169144223,-8819.261490841647,-8828.984490064564,10.203327786210158,-8818.781162278354,-8829.615279344502,12.107164528889243,-8817.508114815613,-8830.878670839253,12.161103976916419,-8818.717566862337,-133104.75546446152,18.476976368761026,-133086.27848809276
0.3755,-8830.221853403034,10.96036696527911,-8819.261486437756,-8828.976817039433,10.195657359740295,-8818.781159679693,-8829.605995325031,12.097880688290607,-8817.508114636741,-8830.872051385822,12.154480606793973,-8818.717570779028,-133104.74589569602,18.46740768766515,-133086.27848800836
0.376,-8830.214366582813,10.952875602469447,-8819.261490980343,-8828.96916594881,10.188007730932224,-8818.781158217878,-8829.596769479695,12.088655430562932,-8817.508114049131,-8830.865417627278,12.14784567974971,-8818.717571947527,-133104.73638206974,18.457894145649583,-133086.27848792408
0.3765,-8830.206852106037,10.945359402627144,-8819.26149270341,-8828.96154656786,10.180379264097148,-8818.781167303763,-8829.587587503376,12.079489545096589,-8817.50809795828,-8830.850210813465,12.141197498754813,-8818.70901331471,-133104.72692496213,18.448437122116506,-133086.27848784003
0.377,-8830.199303296986,10.937818682657532,-8819.261484614328,-8828.953927425327,10.172772280345987,-8818.781155144981,-8829.578496126118,12.070383789585193,-8817.508112336533,-8830.843558458271,12.134536190329907,-8818.709022267942,-133104.71752574958,18.439037993511036,-133086.27848775606
0.3775,-8830.191744951191,10.930253781384977,-8819.261491169806,-8828.946340469303,10.165187108488162,-8818.781153360815,-8829.569447187367,12.061338894351628,-8817.508108293016,-8830.837064413014,12.127863321004083,-8818.70920109201,-133104.70818580553,18.429698133190563,-133086.27848767233
0.378,-8830.18415084261,10.922665010245755,-8819.261485832363,-8828.938791183415,10.157624115627923,-8818.781167067787,-8829.554225114765,12.052354204022777,-8817.501870910743,-8830.830372003498,12.12117898924448,-8818.709193014254,-133104.69890650007,18.42041891129249,-133086.27848758877
0.3785,-8830.176540521565,10.915052680195583,-8819.26148784137,-8828.936432985249,10.15008403782999,-8818.786348947418,-8829.545301584187,12.043430430943953,-8817.501871153243,-8830.824702409687,12.114483748605078,-8818.710218661083,-133104.68968920002,18.411201694600983,-133086.27848750542
0.379,-8830.16891160387,10.907417172140496,-8819.26149443173,-8828.912656930866,10.142567185556516,-8818.77008974531,-8829.536448625508,12.034569669123627,-8817.501878956384,-8830.812601236286,12.10777863456543,-8818.704822601721,-133104.68053526865,18.40204784641262,-133086.27848742224
0.3795,-8830.16125026125,10.899758803187412,-8819.261491458063,-8828.905170349064,10.135073509611042,-8818.770096839453,-8829.527654794636,12.02577259992794,-8817.501882194709,-8830.805886415425,12.101063870674423,-8818.70482254475,-133104.67144606568,18.392958726400924,-133086.27848733927
0.38,-8830.15356173891,10.892077866649457,-8819.261483872262,-8828.897692827168,10.12760337582382,-8818.770089451344,-8829.5189153232,12.017039888822556,-8817.501875434378,-8830.799171594563,12.094338772265921,-8818.704832822297,-133104.66242294703,18.383935690478385,-133086.27848725655
0.3805,-8830.145857004109,10.884374714790415,-8819.261482289317,-8828.891406682911,10.120156708153736,-8818.771249974758,-8829.510249284687,12.008372167613592,-8817.501877117074,-8830.783583787861,12.08760388187315,-8818.695979905988,-133104.6534672647,18.374980090658035,-133086.27848717404
0.381,-8830.138135580006,10.876649684882414,-8819.261485895124,-8828.884006170216,10.11273386711768,-8818.771272303098,-8829.501639036122,11.999770050659533,-8817.501868985462,-8830.77682176012,12.080859390457942,-8818.695962369662,-133104.64458036667,18.36609327491587,-133086.27848709177
0.3815,-8830.13039460558,10.868903110050418,-8819.261491495528,-8828.876583484593,10.105335593101632,-8818.771247891491,-8829.493109849873,11.99123414415003,-8817.501875705722,-8830.782169012013,12.074105052288747,-8818.708063959724,-133104.6357635968,18.357276587051523,-133086.27848700975
0.382,-8830.12262072939,10.861135347486721,-8819.261485381903,-8828.869225171986,10.097962196198928,-8818.771262975786,-8829.480383542957,11.982764887463691,-8817.497618655494,-8830.775401739063,12.067341149295226,-8818.708060589768,-133104.6270182945,18.34853136654729,-133086.27848692794
0.3825,-8830.114837316456,10.853346734884202,-8819.261490581572,-8828.864157823506,10.090614085711586,-8818.773543737794,-8829.471966890278,11.974362839542728,-8817.497604050735,-8830.763241437855,12.06056806926966,-8818.702673368585,-133104.61834579488,18.339858948426233,-133086.27848684645
0.383,-8830.107028631153,10.845537612399779,-8819.261491018753,-8828.856819776478,10.0832915696038,-8818.773528206873,-8829.46362557787,11.966028687134218,-8817.497596890735,-8830.75645652193,12.053785966550317,-8818.70267055538,-133104.60974742833,18.33126066310928,-133086.27848676522
0.3835,-8830.099197057667,10.837708321690373,-8819.261488735976,-8828.849531320515,10.07599492455899,-8818.773536395956,-8829.455358652058,11.957762960180428,-8817.497595691877,-8830.749995855274,12.046995351422524,-8818.703000503852,-133104.60122452053,18.322737836271315,-133086.27848668426
0.384,-8830.091342595997,10.829859195662868,-8819.261483400334,-8828.84225478548,10.068724473074413,-8818.773530312406,-8829.44716325182,11.94956615499679,-8817.497597096823,-8830.747015146198,12.040191357905826,-8818.706823788292,-133104.5927783923,18.31429178869814,-133086.2784866036
0.3845,-8830.083471921864,10.82199058728559,-8819.261481334579,-8828.835015920582,10.061480541399916,-8818.773535379181,-8829.439048913899,11.941438755699828,-8817.4976101582,-8830.75063100237,12.033383113999962,-8818.71724788837,-133104.5844103594,18.305923836143705,-133086.27848652328
0.385,-8830.075593141499,10.81410284503597,-8819.261490296463,-8828.827794221821,10.054263435566982,-8818.773530786255,-8829.430997041645,11.933381231382343,-8817.497615810264,-8830.745443490925,12.026576168114037,-8818.71886732281,-133104.5761217324,18.29763528918584,-133086.2784864432
0.3855,-8830.067687658253,10.80619632014701,-8819.261491338106,-8828.820606855335,10.047073465185303,-8818.773533390151,-8829.423010019245,11.925394032197037,-8817.497615987048,-8830.738632348957,12.019761439914376,-8818.718870909042,-133104.56791381657,18.289427453082048,-133086.2784863635
0.386,-8830.059762147846,10.798271355388938,-8819.261490792458,-8828.81345286745,10.039910979173476,-8818.773541888277,-8829.415078309956,11.917477540055064,-8817.4976007699,-8830.732893136921,12.012938863437116,-8818.719954273483,-133104.5597879117,18.28130162762574,-133086.27848628408
0.3865,-8830.051812318745,10.790328291061645,-8819.261484027684,-8828.80775466341,10.03277517949681,-8818.774979483913,-8829.407238630238,11.909632165315426,-8817.497606464922,-8830.71637406725,12.006107184279081,-8818.71026688297,-133104.55174531203,18.27325910700111,-133086.27848620503
0.387,-8830.043853906574,10.782367489693796,-8819.26148641688,-8828.800662664356,10.025666367987046,-8818.77499629637,-8829.399481920185,11.901858337401535,-8817.497623582783,-8830.710958627644,11.999266705240554,-8818.711691922403,-133104.54378730594,18.26530117963881,-133086.2784861263
0.3875,-8830.035880235615,10.774389307850274,-8819.261490927765,-8828.793565420094,10.018585972124392,-8818.77497944797,-8829.391751436176,11.894156400197257,-8817.497595035979,-8830.702335504475,11.992419058234484,-8818.70991644624,-133104.53591517603,18.25742912807446,-133086.27848604796
0.388,-8830.027883676472,10.76639408392154,-8819.26148959255,-8828.786509183827,10.011534288120234,-8818.774974895707,-8829.384133485737,11.886526720617631,-8817.497606765119,-8830.698934225025,11.985564485288274,-8818.713369739737,-133104.5281301988,18.2496442288091,-133086.27848597
0.3885,-8830.019873289051,10.758382184570682,-8819.26149110448,-8828.779496339741,10.004511599026923,-8818.774984740714,-8829.37101474184,11.878971659367107,-8817.492043082473,-8830.692067769947,11.978703372264006,-8818.713364397683,-133104.52043364453,18.241947752169317,-133086.27848589237
0.389,-8830.011845258656,10.75035396906101,-8819.261491289595,-8828.772499231281,9.99751824498341,-8818.774980986298,-8829.363518861714,11.871491499204332,-8817.492027362508,-8830.685207513752,11.97183596771558,-8818.713371546037,-133104.5128267773,18.234340962166215,-133086.27848581513
0.3895,-8830.003788141194,10.742309764548432,-8819.261478376646,-8828.765540269795,9.990554525789598,-8818.774985744005,-8829.35612645525,11.86408458579601,-8817.492041869455,-8830.655314592304,11.964970762619838,-8818.690343829685,-133104.50531085467,18.226825116357332,-133086.27848573832
0.39,-8829.995741990986,10.734249951926369,-8819.261492039059,-8828.753414300862,9.983620620218598,-8818.769793680643,-8829.356246141377,11.856748995923237,-8817.499497145453,-8830.646962312641,11.958111111105191,-8818.688851201536,-133104.49788712757,18.219401465708323,-133086.27848566187
0.3905,-8829.987671045246,10.726174925879498,-8819.261496119367,-8828.743012098255,9.976717440376893,-8818.766294657878,-8829.348978189411,11.849485025092438,-8817.49949316432,-8830.640458253803,11.951249806915852,-8818.689208446887,-133104.49055684032,18.212071254455523,-133086.27848558588
0.391,-8829.979569581928,10.718085009334704,-8819.261484572593,-8828.736148027363,9.969845375911014,-8818.766302651453,-8829.341797021809,11.8422952419495,-8817.49950177986,-8830.633596567097,11.944384615764235,-8818.689211951332,-133104.48332123022,18.204835719971623,-133086.27848551024
0.3915,-8829.971470979634,10.70998055876267,-8819.261490420871,-8828.729297307911,9.963004128558117,-8818.766293179353,-8829.334677843037,11.835179919814228,-8817.499497923223,-8830.62729039568,11.937515367526043,-8818.689775028153,-133104.47618152772,18.197696092630423,-133086.2784854351
0.392,-8829.963345674458,10.701861939417332,-8819.261483735041,-8828.722483066502,9.956193997610349,-8818.766289068892,-8829.330517915669,11.828139342144738,-8817.502378573525,-8830.611058381977,11.930649961838299,-8818.68040842014,-133104.46913895602,18.190653595673886,-133086.27848536035
0.3925,-8829.955221322956,10.693729518272871,-8819.261491804684,-8828.715694574299,9.949415265692991,-8818.766279308606,-8829.323568490925,11.821173795157797,-8817.502394695768,-8830.613367704334,11.923789207709214,-8818.689578496625,-133104.46219473114,18.18370944508206,-133086.27848528605
0.393,-8829.947066930714,10.685583659696263,-8819.261483271017,-8828.70895924944,9.94266820761062,-8818.76629104183,-8829.316667703572,11.814283540581263,-8817.50238416299,-8830.60650744814,11.916925707341465,-8818.689581740799,-133104.45535006165,18.176864849443255,-133086.2784852122
0.3935,-8829.938910154286,10.677424729557838,-8819.261485424728,-8828.702223209324,9.935953098214416,-8818.76627011111,-8829.309867052021,11.807468902950582,-8817.50239814907,-8830.59936442751,11.910058829184852,-8818.689305598326,-133104.44860614865,18.170121009824683,-133086.27848513884
0.394,-8829.930747655812,10.669253112184116,-8819.261494543627,-8828.695563224735,9.929270250563842,-8818.766292974171,-8829.303106454792,11.800730193282135,-8817.50237626151,-8830.596488145771,11.903198536798069,-8818.693289608973,-133104.44196418556,18.16347911965058,-133086.2784850659
0.3945,-8829.9225513019,10.661069142181567,-8819.261482159718,-8828.688900140705,9.922619952052244,-8818.766280188653,-8829.282207635822,11.794065452226558,-8817.488142183596,-8830.589627889576,11.896345445156896,-8818.69328244442,-133104.43542535807,18.156940364578134,-133086.2784849935
0.395,-8829.914366868916,10.652873205534892,-8819.26149366338,-8828.682277110996,9.916002447999809,-8818.766274662996,-8829.275610116902,11.787474941281715,-8817.48813517562,-8830.576115278187,11.889488897428043,-8818.686626380759,-133104.4289908439,18.15050592236611,-133086.27848492155
0.3955,-8829.906152872029,10.644665684212155,-8819.261487187816,-8828.656240133228,9.909416300348331,-8818.74682383288,-8829.269117502155,11.780961157119673,-8817.488156345036,-8830.546780256214,11.882641585181766,-8818.664138671033,-133104.42266181286,18.14417696274829,-133086.2784848501
0.396,-8829.89793744463,10.636446931162034,-8819.261490513467,-8828.649692920628,9.902861858882309,-8818.746831061746,-8829.272185472431,11.774526923028866,-8817.497658549402,-8830.539938119831,11.875805300638667,-8818.664132819193,-133104.41643942645,18.137954647309925,-133086.27848477915
0.3965,-8829.889702943745,10.628217322279832,-8819.261485621466,-8828.652588275852,9.896339338596903,-8818.756248937256,-8829.265836862507,11.768172506764493,-8817.497664355742,-8830.520163206043,11.868953461541995,-8818.651209744501,-133104.41032483807,18.131840129366516,-133086.27848470872
0.397,-8829.881469396534,10.619977213767516,-8819.261492182766,-8828.646099714222,9.889848981120135,-8818.756250733102,-8829.257774499836,11.761895662344834,-8817.495878837492,-8830.513297227802,11.862086885792056,-8818.65121034201,-133104.40431919263,18.12583455384454,-133086.27848463878
0.3975,-8829.873218206349,10.611726981316284,-8819.261491225032,-8828.635888961735,9.883392734698802,-8818.752496227036,-8829.251561311665,11.75569669504411,-8817.495864616621,-8830.51450744051,11.85522695095231,-8818.659280489557,-133104.39842362655,18.11993905716256,-133086.2784845694
0.398,-8829.864956525746,10.603467013379799,-8819.261489512366,-8828.626861719074,9.87697087237364,-8818.7498908467,-8829.245451597157,11.7495759762035,-8817.495875620953,-8830.48553958315,11.848364230018051,-8818.637175353131,-133104.39263926764,18.11415476711366,-133086.27848450054
0.3985,-8829.85668673891,10.595197686879885,-8819.26148905203,-8828.62596478838,9.870583727731583,-8818.755381060648,-8829.257249978962,11.743532619875442,-8817.513717359087,-8830.470292715016,11.841491271748314,-8818.628801443267,-133104.38696723492,18.108482802748625,-133086.27848443217
0.399,-8829.848411706867,10.58691938680741,-8819.26149232006,-8828.619606641712,9.86423156123613,-8818.755375080476,-8829.251260427418,11.737566915476826,-8817.51369351194,-8830.462817338886,11.834618609750315,-8818.628198729137,-133104.38140863867,18.102924274260396,-133086.27848436442
0.3995,-8829.840114740315,10.578632475292324,-8819.261482265023,-8828.613290456715,9.85791468223803,-8818.755375774477,-8829.245398668232,11.731680476609402,-8817.513718191623,-8830.455948499623,11.827747946452742,-8818.62820055317,-133104.37596458005,18.097480282870407,-133086.2784842972
0.4,-8829.83182301897,10.570337311119353,-8819.261485707852,-8828.60700574297,9.85163335116946,-8818.7553723918,-8829.239571718159,11.725873670516922,-8817.513698047642,-8830.449073938313,11.82087866920271,-8818.62819526911,-133104.37063615123,18.092151920716194,-133086.2784842305
0.4005,-8829.82352748293,10.562034275445805,-8819.261493207483,-8828.600758460942,9.845387791532527,-8818.755370669409,-8829.233854440632,11.720146836496117,-8817.513707604136,-8830.442202714863,11.814011085659537,-8818.628191629203,-133104.36542443515,18.086940270740623,-133086.27848416442
0.401,-8829.815207628193,10.553723764657928,-8819.261483863535,-8828.594560054722,9.839178274101611,-8818.75538178062,-8829.228213933888,11.714500342252663,-8817.513713591636,-8830.435584691944,11.807145734170533,-8818.628438957774,-133104.36033050544,18.081846406582848,-133086.27848409885
0.4015,-8829.806898740711,10.54540615813948,-8819.261492582573,-8828.588389543476,9.833005060090718,-8818.755384483386,-8829.222643045368,11.708934588250985,-8817.513708457118,-8830.428719667378,11.800282998925727,-8818.628436668452,-133104.3553554264,18.07687139246837,-133086.27848403394
0.402,-8829.798577455464,10.537081824617129,-8819.261495630846,-8828.582243350926,9.826868368896214,-8818.755374982029,-8829.233398584309,11.703449781484423,-8817.529948802825,-8830.421134141865,11.793423201834344,-8818.62771094003,-133104.35050025268,18.072016283099902,-133086.27848396957
0.4025,-8829.790238527241,10.528751136950934,-8819.26148739029,-8828.57614150423,9.820768445115394,-8818.755373059115,-8829.196973947468,11.698054267662311,-8817.498919679805,-8830.414275316181,11.786566697015658,-8818.627708619166,-133104.34576602935,18.06728212355067,-133086.2784839058
0.403,-8829.781902460041,10.520414486339972,-8819.261487973701,-8828.569988397541,9.814706043475173,-8818.755282354066,-8829.1916796245,11.692748650735808,-8817.498930973765,-8830.441849855366,11.77971274397045,-8818.662137111396,-133104.34115379181,18.06266994915894,-133086.27848384265
0.4035,-8829.773557332936,10.512072267626621,-8819.261485065308,-8828.563967374745,9.808681404325444,-8818.75528597042,-8829.186449197712,11.68752541627488,-8817.498923781437,-8830.435002473774,11.772861734620058,-8818.662140739154,-133104.33666456552,18.058180785423765,-133086.2784837801
0.404,-8829.765207914295,10.503724846915219,-8819.261483067381,-8828.557982591572,9.802694264759223,-8818.755288326813,-8829.188751367512,11.682385629786054,-8817.506365737725,-8830.42815890688,11.766015042577092,-8818.662143864303,-133104.33229936607,18.053815647901974,-133086.27848371817
0.4045,-8829.756858018818,10.495372602246253,-8819.261485416571,-8828.552035478535,9.796744869060099,-8818.755290609475,-8829.1836926021,11.67732976613987,-8817.50636283596,-8830.40613761324,11.759171120091931,-8818.646966493148,-133104.32805919895,18.04957554210647,-133086.27848365685
0.405,-8829.74850478548,10.48701592766756,-8819.261488857814,-8828.546128419819,9.790833434139632,-8818.75529498568,-8829.178723005238,11.6723576539439,-8817.506365351293,-8830.399299291554,11.752330394716022,-8818.646968896837,-133104.32394505956,18.045461463405626,-133086.27848359616
0.4055,-8829.740143445912,10.47865519541814,-8819.261488250493,-8828.554265645924,9.784960767503364,-8818.76930487842,-8829.173831609669,11.667469758757008,-8817.506361850912,-8830.392468122425,11.745495192861306,-8818.646972929564,-133104.319957933,18.04147439692326,-133086.2784835361
0.406,-8829.731768754902,10.470290789459558,-8819.261477965443,-8828.548439172688,9.779127124356007,-8818.76931204833,-8829.169039873066,11.662666557571763,-8817.506373315495,-8830.385638383808,11.738665888006269,-8818.646972495802,-133104.3160987941,18.037615317440498,-133086.27848347666
0.4065,-8829.723415998402,10.461923098873363,-8819.261492899528,-8828.523847249928,9.773332793834104,-8818.750514456093,-8829.164303449574,11.657948565084729,-8817.506354884488,-8830.38243499178,11.731843099881,-8818.6505918919,-133104.3123686072,18.033885189299703,-133086.2784834179
0.407,-8829.715042737904,10.453552506439088,-8819.261490231465,-8828.518085626545,9.767577988086112,-8818.750507638459,-8829.148643640461,11.653315999129173,-8817.495327641333,-8830.375616697254,11.72502725009956,-8818.650589447156,-133104.3087683261,18.03028496630933,-133086.27848335978
0.4075,-8829.706676153126,10.445179418942875,-8819.261496734183,-8828.512379554692,9.761862280146048,-8818.750517274546,-8829.144118932667,11.648769310173533,-8817.495349622493,-8830.368802217426,11.718218517582049,-8818.650583699844,-133104.30529889397,18.026815591649928,-133086.27848330233
0.408,-8829.698300508442,10.436804214124816,-8819.261496294317,-8828.506700900974,9.75618592736279,-8818.750514973612,-8829.139644769612,11.644309323757309,-8817.495335445854,-8830.381606725636,11.711417020210652,-8818.670189705424,-133104.3019612433,18.02347799778098,-133086.27848324552
0.4085,-8829.68991628069,10.42842724185735,-8819.261489038832,-8828.501056102696,9.750549145833205,-8818.750506956863,-8829.135266927662,11.639936564009975,-8817.495330363652,-8830.373078016224,11.704622795695593,-8818.668455220528,-133104.29875629576,18.020273106345623,-133086.2784831894
0.409,-8829.6815315761,10.42004889053121,-8819.261482685568,-8828.495465425434,9.744952099535528,-8818.750513325898,-8829.13096824068,11.63565159719463,-8817.495316643486,-8830.365620759907,11.697835970748704,-8818.667784789159,-133104.29568496204,18.017201828080054,-133086.27848313397
0.4095,-8829.673164037647,10.411669566866772,-8819.26149447078,-8828.489902404728,9.739395012387508,-8818.75050739234,-8829.126779703083,11.63145500535784,-8817.495324697726,-8830.358847764912,11.69105728564811,-8818.667790479263,-133104.29274814192,18.01426506272888,-133086.2784830792
0.41,-8829.664779809895,10.403289654176852,-8819.261490155717,-8828.484234241429,9.733878112014867,-8818.750356129414,-8829.122670797291,11.627347343703818,-8817.495323453588,-8830.352078584614,11.68428775424179,-8818.667790830372,-133104.28994672405,18.011463698958355,-133086.2784830251
0.4105,-8829.656407026234,10.394909545966083,-8819.261497480267,-8828.478741315785,9.728401600303714,-8818.750339715481,-8829.118667749348,11.623329189429441,-8817.495338559918,-8830.345317987385,11.677527772041124,-8818.667790215344,-133104.28728158597,18.00879861426983,-133086.2784829717
0.411,-8829.64802136797,10.386529609763642,-8819.261491758207,-8828.473303226414,9.722965676328528,-8818.750337550086,-8829.114723829212,11.619401105338886,-8817.495322723873,-8830.338563589039,11.670777749605154,-8818.667785839434,-133104.2847535939,18.00627067491494,-133086.278482919
0.4115,-8829.639632371845,10.378150231274377,-8819.261482140571,-8828.461437848988,9.717570173958592,-8818.74386767503,-8829.110886243763,11.615563649517828,-8817.495322594244,-8830.33183827776,11.664038162410547,-8818.667800115349,-133104.28236360283,18.003880735811993,-133086.27848286703
0.412,-8829.631258157673,10.369771808835374,-8819.261486348838,-8828.456079153004,9.712215306947957,-8818.743863846055,-8829.107147840443,11.61181744777703,-8817.495330392665,-8830.325103906574,11.657309411814765,-8818.66779449476,-133104.28011245618,18.00162964046395,-133086.27848281572
0.4125,-8829.62287917513,10.361394725235673,-8819.261484449893,-8828.450746921482,9.70690161455802,-8818.743845306924,-8829.103504804554,11.608163094408734,-8817.495341710146,-8830.317501691761,11.650593090845708,-8818.666908600915,-133104.27800098603,17.999518220878244,-133086.27848276516
0.413,-8829.614504960957,10.353019371657195,-8819.261485589299,-8828.448843387547,9.701629419152942,-8818.747213968394,-8829.099923280659,11.60460117076131,-8817.495322109897,-8830.310797838154,11.643889635884209,-8818.666908202269,-133104.27603001278,17.997547297488026,-133086.2784827153
0.4135,-8829.606126932087,10.344646125556306,-8819.26148080653,-8828.446819452229,9.69639908473346,-8818.750420367494,-8829.096469072285,11.601132272579338,-8817.495336799706,-8830.304102090779,11.63719828890181,-8818.666903801877,-133104.27420034521,17.995717679074666,-133086.27848266615
0.414,-8829.597772268238,10.336275388534997,-8819.261496879702,-8828.441629079762,9.691210654350943,-8818.75041842541,-8829.085570243778,11.597755926572844,-8817.487814317206,-8830.29742541689,11.630519528152819,-8818.666905888736,-133104.27251278042,17.994030162691367,-133086.27848261772
0.4145,-8829.589396146717,10.327907533377749,-8819.26148861334,-8828.436474946919,9.686064165777811,-8818.75041078114,-8829.08230653185,11.594472759811111,-8817.487833772038,-8830.29075541872,11.623853801380463,-8818.66690161734,-133104.27096810364,17.992485533588322,-133086.27848257005
0.415,-8829.581028131428,10.319542943217577,-8819.26148518821,-8828.44446339983,9.680959814800666,-8818.763503585029,-8829.079104570332,11.59128445431047,-8817.48782011602,-8830.284111169758,11.617201522405352,-8818.666909647352,-133104.26956708825,17.991084565139452,-133086.2784825231
0.4155,-8829.572664407673,10.311182013054491,-8819.261482394619,-8828.439408925953,9.67589780653655,-8818.763511119416,-8829.076016096058,11.588191629493936,-8817.487824466563,-8830.277473119679,11.610563152295356,-8818.666909967384,-133104.26831049568,17.989828018770613,-133086.27848247692
0.416,-8829.56431212801,10.30282512267232,-8819.261487005338,-8828.427895692768,9.670879265488713,-8818.75701642728,-8829.073025373402,11.585194879464826,-8817.487830493938,-8830.271177915516,11.603939013603187,-8818.667238901913,-133104.26719907534,17.988716643889404,-133086.27848243146
0.4165,-8829.555955556812,10.294472668249554,-8819.261482888563,-8828.422903922978,9.665904337198425,-8818.75699958578,-8829.100182203236,11.582295391173886,-8817.517886812062,-8830.264076379719,11.597329748954415,-8818.666746630764,-133104.26623356456,17.987751177816392,-133086.27848238676
0.417,-8829.547615674916,10.286125034177267,-8819.261490640738,-8828.433056262913,9.660971851438296,-8818.772084411474,-8829.097374586048,11.579493747070613,-8817.517880838977,-8830.257481721821,11.590735903854348,-8818.666745817967,-133104.2654146885,17.98693234571794,-133086.27848234278
0.4175,-8829.539274362507,10.277782610404266,-8819.261491752102,-8828.418177513066,9.656082677139068,-8818.762094835927,-8829.094680456104,11.57678994389616,-8817.517890512208,-8830.250908521595,11.58415771598559,-8818.666750805609,-133104.26474316014,17.98626086054046,-133086.2784822996
0.418,-8829.530929235401,10.26944577565116,-8819.26148345975,-8828.43559208292,9.651237109658865,-8818.78435497326,-8829.092069772663,11.574184596734842,-8817.517885175928,-8830.244342950764,11.5775956296668,-8818.666747321096,-133104.2642196801,17.985737422946368,-133086.27848225716
0.4185,-8829.522596506062,10.26111490573733,-8819.261481600324,-8828.43166914362,9.64643537674927,-8818.78523376687,-8829.085933355274,11.571677969519598,-8817.514255385755,-8830.237806467,11.571050075120343,-8818.666756391878,-133104.26384493674,17.9853627212514,-133086.27848221548
0.419,-8829.514287141743,10.252790409974454,-8819.261496731768,-8828.426890520039,9.641677924789294,-8818.785212595249,-8829.083520559254,11.569270648119526,-8817.514249911135,-8830.231278566303,11.564521527339325,-8818.666757038964,-133104.26361960595,17.985137431363675,-133086.2784821746
0.4195,-8829.505963949146,10.2444726659025,-8819.261491283243,-8828.42218366045,9.636964202581048,-8818.78521945787,-8829.081215290013,11.566963619418772,-8817.514251670595,-8830.204981950703,11.558000388869067,-8818.646981561833,-133104.26354435115,17.98506221672387,-133086.27848213442
0.42,-8829.497642663899,10.236162048218109,-8819.26148061568,-8828.41751733202,9.63229439032678,-8818.785222941693,-8829.081837562504,11.564757287950865,-8817.517080274552,-8830.198470739308,11.551487142435597,-8818.646983596873,-133104.26361982332,17.985137728246528,-133086.27848209508
0.4205,-8829.48934331316,10.227858950601599,-8819.261484362558,-8828.41288104433,9.627668626366685,-8818.785212417964,-8829.079724697056,11.562652255673354,-8817.517072441382,-8830.19197001833,11.544992327837774,-8818.646977690492,-133104.2638466608,17.985364604264525,-133086.2784820565
0.421,-8829.48105254549,10.219563762958899,-8819.261488782531,-8828.40830364603,9.623087052621738,-8818.78521659341,-8829.077742723408,11.560649337427224,-8817.51709338598,-8830.18511405367,11.538516478890337,-8818.64659757478,-133104.2642254892,17.9857434704754,-133086.27848201874
0.4215,-8829.472759870472,10.211276866191792,-8819.26148300428,-8828.4037682094,9.618549843454257,-8818.785218365947,-8829.075821308079,11.55874910971507,-8817.517072198363,-8830.178646711292,11.532060017350444,-8818.646586693942,-133104.2647569216,17.986274939887764,-133086.27848198172
0.422,-8829.464482454243,10.202998640903868,-8819.26148381334,-8828.39928141016,9.614057144643743,-8818.785224265517,-8829.074028161946,11.556952142449557,-8817.517076019496,-8830.16587796587,11.52562174188633,-8818.640256223984,-133104.26544155827,17.986959612769482,-133086.27848194548
0.4225,-8829.456206468525,10.194729468099508,-8819.261477000426,-8828.394819644871,9.6096090973111,-8818.78521054756,-8829.072348026219,11.555259022446968,-8817.517089003772,-8830.159444955769,11.51920213025121,-8818.640242825517,-133104.26627998668,17.987798076597556,-133086.2784819101
0.423,-8829.447959093037,10.186469742145894,-8819.26148935089,-8828.390427259388,9.605205861613054,-8818.785221397775,-8829.072293905201,11.55367016188948,-8817.518623743312,-8830.127730516377,11.51279138753047,-8818.614939128845,-133104.26727278146,17.988790906009765,-133086.27848187546
0.4235,-8829.439705995503,10.178219856464391,-8819.261486139038,-8828.38607087511,9.600847593490618,-8818.78522328162,-8829.070818094197,11.552186138990347,-8817.518631955207,-8830.117441324177,11.506400949788548,-8818.611040374388,-133104.26842050438,17.989938662757876,-133086.2784818416
0.424,-8829.431463865223,10.169980173805428,-8819.261483691418,-8828.401550916615,9.596534345197561,-8818.805016571418,-8829.06943669695,11.550807673018735,-8817.51862902393,-8830.111086038532,11.50004321888518,-8818.611042819648,-133104.26972370426,17.991241895662466,-133086.2784818086
0.4245,-8829.423238424244,10.161751082403532,-8819.26148734184,-8828.400232461872,9.592266366128552,-8818.807966095745,-8829.068171171131,11.549535271279462,-8817.518635899853,-8830.104746965351,11.493707855740537,-8818.61103910961,-133104.27118291694,17.992701140569004,-133086.27848177636
0.425,-8829.415018705311,10.153532956635102,-8819.261485748675,-8828.396004823628,9.588043880833922,-8818.807960942793,-8829.06699505228,11.54836946476485,-8817.518625587516,-8830.097927717152,11.487395478825947,-8818.610532238326,-133104.27279866525,17.994316920305508,-133086.27848174493
0.4255,-8829.40681376833,10.14532617375393,-8819.261487594576,-8828.391828206959,9.583866906555954,-8818.807961300403,-8829.065948633137,11.547310805783749,-8817.518637827354,-8830.091636804524,11.48110653023134,-8818.610530274293,-133104.27457145898,17.996089744642553,-133086.27848171434
0.426,-8829.398617891255,10.13713111787526,-8819.26148677338,-8828.387692121449,9.579735577703316,-8818.807956543746,-8829.065355209294,11.546360897912617,-8817.51899431138,-8830.086855081501,11.474841381295949,-8818.612013700205,-133104.27650179478,17.998020110254885,-133086.27848168454
0.4265,-8829.390440133991,10.128948170358628,-8819.261491963633,-8828.383619216862,9.575650035471702,-8818.807969181391,-8829.064505962315,11.54552023429094,-8817.518985728024,-8830.081227926197,11.46859693387838,-8818.612630992318,-133104.27859015623,18.000108500684256,-133086.27848165555
0.427,-8829.3822671451,10.120777720099039,-8819.261489425,-8828.379584936085,9.571610405043838,-8818.80797453104,-8829.063794998112,11.54478821390827,-8817.519006784203,-8830.073835042896,11.462373640443026,-8818.611461402454,-133104.28083701368,18.002355386304046,-133086.27848162738
0.4275,-8829.374111322346,10.112620142146564,-8819.2614911802,-8828.344465879383,9.567612351458742,-8818.776853527925,-8829.063151506367,11.544165341164282,-8817.518986165203,-8830.067396787586,11.456175919806547,-8818.61122086778,-133104.2832428243,18.004761224285282,-133086.27848160002
0.428,-8829.365963128987,10.104475801894225,-8819.261487327092,-8828.340509323063,9.563655996372535,-8818.77685332669,-8829.062647251072,11.543652098911744,-8817.51899515216,-8830.061237005177,11.450004123851375,-8818.611232881325,-133104.28580803206,18.007326458564197,-133086.2784815735
0.4285,-8829.357822565022,10.096345074035451,-8819.261477490987,-8828.333267120304,9.559745868613433,-8818.77352125169,-8829.062240270558,11.543248920731587,-8817.518991349825,-8830.055086282673,11.443858270929228,-8818.611228011743,-133104.2885330676,18.01005151981134,-133086.27848154778
0.429,-8829.34971490282,10.088228344658141,-8819.261486558162,-8828.329400447788,9.555882111551886,-8818.773518336237,-8829.061954883518,11.542956245337358,-8817.518998638181,-8830.048967031422,11.43773877728612,-8818.611228254136,-133104.2914183483,18.012936825402377,-133086.2784815229
0.4295,-8829.341615823689,10.08012598577931,-8819.261489837909,-8828.32557454485,9.552064882025224,-8818.773509662824,-8829.06175675768,11.542774516654482,-8817.518982241025,-8830.042879251423,11.43164613797352,-8818.61123311345,-133104.2944642782,18.015982779390143,-133086.27848149883
0.43,-8829.333522466603,10.072038370090445,-8819.261484096513,-8828.318378118458,9.54829443433,-8818.770083684129,-8829.061700729313,11.542704149652607,-8817.51899657966,-8830.03680720705,11.425580825212801,-8818.611226381838,-133104.29767124806,18.019189772478878,-133086.27848147557
0.4305,-8829.32545867342,10.063965886443361,-8819.261492786976,-8828.311597494068,9.544570895933047,-8818.767026598136,-8829.065348056736,11.542745212080012,-8817.522602844656,-8830.030775693836,11.41954326876673,-8818.61123242507,-133104.30103963517,18.022558181995393,-133086.2784814532
0.431,-8829.31739964861,10.055908896196526,-8819.261490752413,-8828.307916788044,9.54089425408269,-8818.76702253396,-8829.065512088719,11.542898062503104,-8817.522614026215,-8830.025097993794,11.413533914634225,-8818.61156407916,-133104.30456980344,18.026088371857817,-133086.2784814316
0.4315,-8829.309353021565,10.047867771415934,-8819.261485250148,-8828.325670865956,9.537267008946799,-8818.788403857008,-8829.065768865528,11.543163403073535,-8817.522605462455,-8830.016281274739,11.407553753821214,-8818.608727520917,-133104.3082621034,18.02978069255713,-133086.27848141085
0.432,-8829.301341203633,10.039842881166873,-8819.261498322465,-8828.322095302525,9.533689232942862,-8818.788406069581,-8829.041725782337,11.543547295138387,-8817.4981784872,-8829.98945250887,11.401593675003218,-8818.587858833866,-133104.31211687205,18.033635481134297,-133086.2784813909
0.4325,-8829.293316987934,10.031834579767802,-8819.261482408167,-8828.318561700764,9.530158608761955,-8818.788403092001,-8829.042228130284,11.544050050837761,-8817.498178079446,-8829.984160570088,11.395653242400051,-8818.588507327688,-133104.316134433,18.03765306116176,-133086.27848137185
0.433,-8829.285333303395,10.023843249922333,-8819.261490053472,-8828.30276790041,9.526673521811567,-8818.776094378598,-8829.042828706684,11.544666270843535,-8817.49816243584,-8829.978251604023,11.38974254195649,-8818.588509062067,-133104.32031509632,18.041833742738156,-133086.2784813536
0.4335,-8829.277352479878,10.015869273421266,-8819.261483206456,-8828.299343017521,9.523234126752175,-8818.776108890768,-8829.043573526325,11.545396255520206,-8817.498177270805,-8829.976584581318,11.38386727313911,-8818.592717308178,-133104.32465915865,18.046177822475375,-133086.27848133616
0.434,-8829.269399789753,10.00791301136207,-8819.26148677839,-8828.295932439747,9.51984223722732,-8818.77609020252,-8829.044419912281,11.546240264059794,-8817.49817964822,-8829.970920232716,11.378028137459754,-8818.592892095256,-133104.32916690307,18.050685583484846,-133086.27848131958
0.4345,-8829.261460927906,9.999974825261276,-8819.261486102645,-8828.292606500569,9.516497925501547,-8818.776108575066,-8829.02779331583,11.547199903369183,-8817.480593412462,-8829.964783815327,11.37222055689303,-8818.592563258433,-133104.3338385992,18.055357295365337,-133086.27848130383
0.435,-8829.25354209322,9.992055087950327,-8819.26148700527,-8828.291370300236,9.513201677911836,-8818.778168622324,-8829.038390067997,11.548275071236418,-8817.49011499676,-8829.958472875538,11.36644465835065,-8818.592028217188,-133104.33867450312,18.06019321419228,-133086.27848128893
0.4355,-8829.245642808857,9.984154180680932,-8819.261488628175,-8828.192004827442,9.509955072210122,-8818.682049755233,-8829.039588121357,11.549464630122943,-8817.490123491234,-8829.952727941456,11.360700976720114,-8818.592026964736,-133104.34367485737,18.06519358250854,-133086.27848127487
0.436,-8829.237753061238,9.976272465699747,-8819.261480595538,-8828.188804773274,9.506757968556641,-8818.682046804717,-8829.040887264195,11.550769086004415,-8817.49011817819,-8829.947026399555,11.35498986349447,-8818.592036536062,-133104.34883989094,18.070358629316672,-133086.27848126163
0.4365,-8829.229885724964,9.968410271961282,-8819.261475453002,-8828.191419986668,9.503609280898054,-8818.68781070577,-8829.042304662647,11.55218858979928,-8817.490116072848,-8829.943665174427,11.34931172616876,-8818.594353448258,-133104.3541698193,18.075688570072607,-133086.27848124923
0.437,-8829.22204699892,9.960567973970901,-8819.26147902495,-8828.1840583362,9.500509112653063,-8818.683549223548,-8829.043831972065,11.553723290612147,-8817.490108681453,-8829.938013223591,11.343666994899158,-8818.594346228692,-133104.35966484432,18.081183606680895,-133086.27848123765
0.4375,-8829.21423306841,9.952745954787828,-8819.261487113621,-8828.181005624714,9.49745730875352,-8818.683548315961,-8829.045499471607,11.555373299497987,-8817.49012617211,-8829.932394174519,11.338056113513645,-8818.594338061004,-133104.36532515442,18.0868439274919,-133086.27848122694
0.438,-8829.206433443012,9.9449445677152,-8819.261488875298,-8828.17800107378,9.49445392024948,-8818.68354715353,-8829.047261384907,11.557138720390714,-8817.490122664516,-8829.921612886372,11.332479646541568,-8818.58913323983,-133104.37115092433,18.092669707299947,-133086.27848121704
0.4385,-8829.198646215382,9.937164173666261,-8819.261482041715,-8828.175046590748,9.491499010862105,-8818.683547579885,-8829.049138692799,11.559019606913134,-8817.490119085885,-8829.916069654408,11.326938032565675,-8818.589131621842,-133104.37714231532,18.098661107342206,-133086.278481208
0.439,-8829.190894750538,9.929405128733304,-8819.261489621806,-8828.14476790804,9.488590850413491,-8818.656177057626,-8829.051131395283,11.56101600361621,-8817.490115391667,-8829.910566476765,11.321431605144449,-8818.58913487162,-133104.38329947507,18.104818275299245,-133086.27848119978
0.4395,-8829.183154252949,9.92166778995778,-8819.26148646299,-8828.141926435414,9.485729511705433,-8818.656196923708,-8829.053226856175,11.563127901165261,-8817.49009895501,-8829.905087617817,11.315960773907985,-8818.58912684391,-133104.38962253768,18.111141345297284,-133086.2784811924
0.44,-8829.175439981404,9.913952518230246,-8819.261487463173,-8828.139115003529,9.482916898983788,-8818.656198104545,-8829.055472997608,11.565355259593385,-8817.490117738014,-8829.900216249409,11.310525897448553,-8818.58969035196,-133104.39611162376,18.117630437911977,-133086.27848118584
0.4405,-8829.167752412739,9.906259658993676,-8819.261492753745,-8828.139271167698,9.480153039110084,-8818.659118128588,-8829.057812837544,11.567698066059208,-8817.490114771485,-8829.894834188404,11.305127393252873,-8818.589706795152,-133104.40276684033,18.124285660173523,-133086.27848118017
0.441,-8829.160075811329,9.898589565754179,-8819.261486245576,-8828.13654580492,9.477437614968323,-8818.659108189951,-8829.060257581654,11.570156257715542,-8817.490101323938,-8829.8894521274,11.299765684410126,-8818.589686442989,-133104.40958828086,18.131107105573136,-133086.27848117528
0.4415,-8829.152428296986,9.890942601961594,-8819.261485695024,-8828.133879331532,9.474770731529315,-8818.659108600003,-8829.062834648075,11.572729715523819,-8817.49010493255,-8829.882812646809,11.294440350835183,-8818.588372295973,-133104.4165760253,18.138094854070832,-133086.27848117123
0.442,-8829.144794134083,9.883319117052174,-8819.26147501703,-8828.131281284275,9.472152848797716,-8818.659128435478,-8829.065531162205,11.57541828553353,-8817.49011287667,-8829.877529767933,11.28915183873157,-8818.588377929202,-133104.42373014014,18.145248972104685,-133086.27848116803
0.4425,-8829.137202409687,9.875719443000472,-8819.261482966687,-8828.128709224644,9.469584047032995,-8818.659125177612,-8829.068344501438,11.578221809820361,-8817.490122691617,-8829.872279313984,11.283901378558971,-8818.588377935424,-133104.43105067828,18.152569512599552,-133086.27848116567
0.443,-8829.12963595766,9.86814395838408,-8819.261491999277,-8828.124022392216,9.467064777458493,-8818.656957614758,-8829.0712570228,11.581140118707664,-8817.490116904093,-8829.872490552845,11.278687949815765,-8818.593802603029,-133104.43853767912,18.16005651497798,-133086.27848116413
0.4435,-8829.122076658192,9.860593022491447,-8819.2614836357,-8828.12156024355,9.46459509234365,-8818.656965151205,-8829.074301151219,11.584172962985562,-8817.490128188234,-8829.867315439167,11.273511605923106,-8818.593803833244,-133104.44619116862,18.16771000517528,-133086.27848116343
0.444,-8829.114557889881,9.853066960864282,-8819.261490929017,-8828.114753869953,9.462174689323291,-8818.65257918063,-8829.07744040865,11.587320115641933,-8817.490120293007,-8829.862180856648,11.268374018691345,-8818.593806837956,-133104.45401115922,18.175529995655197,-133086.27848116358
0.4445,-8829.107058195057,9.845566122278854,-8819.261492072777,-8828.109950212422,9.459803708853016,-8818.650146503569,-8829.080696014347,11.59058131408953,-8817.490114700258,-8829.85707965273,11.263275558108534,-8818.59380409462,-133104.46199764995,18.183516485426008,-133086.27848116454
0.445,-8829.099579957905,9.83809084578822,-8819.261489112117,-8828.107640413227,9.457482181020925,-8818.650158232207,-8829.084065107289,11.593956238436007,-8817.490108868853,-8829.849884180012,11.258215806252721,-8818.59166837376,-133104.47015062635,18.19166946005788,-133086.2784811663
0.4455,-8829.09212222475,9.830641466904755,-8819.261480757847,-8828.108492998066,9.455210089387208,-8818.65328290868,-8829.087562707844,11.597444555530116,-8817.490118152315,-8829.844824937763,11.253195557110459,-8818.591629380653,-133104.47847006063,18.199988891701707,-133086.27848116893
0.446,-8829.084708360615,9.823218328865162,-8819.26149003175,-8828.106265214863,9.452987473072103,-8818.65327774179,-8829.091151384297,11.601045889281771,-8817.490105495015,-8829.839843896809,11.248215959224721,-8818.591627937583,-133104.48695591147,18.208474739109292,-133086.27848117237
0.4465,-8829.077311662617,9.815821786559255,-8819.261489876058,-8828.104097989979,9.45081436212792,-8818.653283627851,-8829.086976436558,11.604760722890767,-8817.482215713668,-8829.834909585896,11.24327693675225,-8818.591632649144,-133104.49560812427,18.217126947654865,-133086.27848117662
0.447,-8829.069926885548,9.808452161677042,-8819.261474723871,-8828.109456685963,9.448691130527553,-8818.660765555434,-8829.090817598286,11.608588632089576,-8817.482228966197,-8829.830001977864,11.238378824166976,-8818.591623153696,-133104.50442663106,18.22594544935806,-133086.2784811817
0.4475,-8829.062601713124,9.801109797075217,-8819.261491916048,-8828.11167040247,9.446617925443713,-8818.665052477027,-8829.094765809956,11.612528280285407,-8817.48223752967,-8829.825152067127,11.233521932647886,-8818.591630134479,-133104.51341135052,18.234930162908164,-133086.27848118762
0.448,-8829.055282978,9.793795046882682,-8819.261487931119,-8828.101376680317,9.444594223414015,-8818.656782456903,-8829.09879889864,11.616579194326961,-8817.482219704312,-8829.820329812947,11.228706846785474,-8818.591622966162,-133104.52256218804,18.24408099368978,-133086.27848119434
0.4485,-8829.047998098316,9.786508236105703,-8819.26148986221,-8828.099400667134,9.442619981229658,-8818.656780685904,-8829.099358705464,11.620741872227608,-8817.478616833236,-8829.815549997273,11.223933883617732,-8818.591616113656,-133104.5318790357,18.253397833809892,-133086.27848120188
0.449,-8829.04074206728,9.779249690735874,-8819.261492376545,-8828.097474245014,9.44069548734003,-8818.656778757675,-8829.103630689564,11.625015787314638,-8817.47861490225,-8829.810829309406,11.219203069656654,-8818.59162623975,-133104.54136177237,18.262880562126334,-133086.27848121023
0.4495,-8829.033498195591,9.772019743914647,-8819.261478451677,-8828.10034265894,9.438820720574789,-8818.661521938364,-8829.11757007021,11.629397331863657,-8817.488172738345,-8829.806128171864,11.214514685210327,-8818.591613486653,-133104.55101026368,18.272529044277668,-133086.2784812194
0.45,-8829.026313928547,9.764818738973416,-8819.261495189574,-8828.098512796345,9.436995720464493,-8818.66151707588,-8829.122060922566,11.633885934414465,-8817.488174988152,-8829.801217225971,11.209871714755614,-8818.591345511215,-133104.5608243621,18.28234313271436,-133086.27848122938
0.4505,-8829.019132045689,9.757647002010078,-8819.261485043678,-8828.096729186955,9.435220570942308,-8818.661508616013,-8829.13014283556,11.638482844091726,-8817.491659991469,-8829.796614316883,11.205274422575211,-8818.591339894308,-133104.5708039069,18.292322666729998,-133086.27848124018
0.451,-8829.011984018269,9.750504850056577,-8819.261479168212,-8828.093318132343,9.433495383551271,-8818.659822748792,-8829.13484111208,11.64318744272739,-8817.491653669353,-8829.792063383045,11.20072035026653,-8818.591343032778,-133104.58094872427,18.30246747249455,-133086.27848125176
0.4515,-8829.004866746845,9.74339261523418,-8819.261474131612,-8828.097486165943,9.431819756591914,-8818.665666409352,-8829.139650968495,11.647999286154874,-8817.49165168234,-8829.787553457203,11.196209746748487,-8818.591343710455,-133104.59125862728,18.312777363089506,-133086.2784812642
0.452,-8828.997789768162,9.73631063047026,-8819.261479137691,-8828.104480890217,9.430193353191088,-8818.674287537026,-8829.153592256489,11.652915819847637,-8817.50067643664,-8829.783093122425,11.191742837571134,-8818.591350284854,-133104.6017334159,18.323252138544863,-133086.27848127738
0.4525,-8828.990745929661,9.729259213834666,-8819.261486715826,-8828.102894929829,9.428616653575956,-8818.674278276252,-8829.158617166462,11.657936313618583,-8817.500680852843,-8829.77866092104,11.187319820301179,-8818.591341100739,-133104.61237287725,18.333891585878312,-133086.27848129137
0.453,-8828.98372736353,9.72223867142915,-8819.2614886921,-8828.10137286562,9.427089962348193,-8818.674282903272,-8829.163752702656,11.663061952030116,-8817.500690750627,-8829.774284986439,11.182940922519713,-8818.59134406392,-133104.62317678533,18.344695479134742,-133086.2784813062
0.4535,-8828.976738122883,9.715249332775784,-8819.261488790107,-8828.09990134615,9.425613318365858,-8818.674288027783,-8829.168980745259,11.66829206107662,-8817.500688684182,-8829.759711412373,11.178600993742803,-8818.58111041863,-133104.6341449012,18.355663579426704,-133086.2784813218
0.454,-8828.969777254048,9.708291523489926,-8819.261485730558,-8828.098461297932,9.424186750128538,-8818.674274547804,-8829.174315599384,11.673625913117483,-8817.500689686267,-8829.755418447437,11.174300242027176,-8818.58111820541,-133104.64527697314,18.366795634976096,-133086.27848133817
0.4545,-8828.962849525395,9.701365531325958,-8819.261483994069,-8828.09709086794,9.422810277852305,-8818.674280590087,-8829.179740098896,11.679062801677446,-8817.50067729722,-8829.761686471882,11.170043545858187,-8818.591642926023,-133104.65657273648,18.37809138115705,-133086.27848135532
0.455,-8828.955951122227,9.694471698214294,-8819.261479424013,-8828.09836926836,9.421483669540759,-8818.67688559882,-8829.185300973835,11.684601962321647,-8817.500699011514,-8829.757254747334,11.165830536075877,-8818.591424211258,-133104.66803191384,18.389550540539894,-133086.2784813733
0.4555,-8828.94909277338,9.687610345192313,-8819.261482428188,-8828.097086576405,9.420206935438,-8818.676879640967,-8829.190937665882,11.690242593201404,-8817.50069507268,-8829.753097680989,11.16166194758345,-8818.591435733406,-133104.67965421497,18.401172822938456,-133086.27848139202
0.456,-8828.942259220066,9.68078177646088,-8819.261477443606,-8828.095858243885,9.418980361600823,-8818.676877882284,-8829.221524385395,11.695984150166304,-8817.525540235229,-8829.74895635027,11.157538412373295,-8818.591417937896,-133104.691439337,18.41295792545942,-133086.27848141154
0.4565,-8828.93547478098,9.673986297481175,-8819.261488483498,-8828.094675926151,9.417803983206134,-8818.676871942946,-8829.227370408955,11.701825859555742,-8817.525544549399,-8829.754912523213,11.153461417053117,-8818.60145110616,-133104.7033869644,18.424905532547132,-133086.27848143186
0.457,-8828.92871585268,9.667224214298248,-8819.261491638383,-8828.024808076801,9.416680665828556,-8818.608127410973,-8829.233307985249,11.707766741598455,-8817.52554124365,-8829.750881818714,11.149430816357125,-8818.601451002358,-133104.71549676894,18.43701531602915,-133086.2784814529
0.4575,-8828.921978143635,9.660495853492382,-8819.261482290143,-8828.023725656452,9.415610601223339,-8818.608115055229,-8829.239346174183,11.71380599186427,-8817.52554018232,-8829.746898797932,11.145445214911833,-8818.60145358302,-133104.7277684099,18.44928693516615,-133086.27848147476
0.458,-8828.915293363514,9.653801509463484,-8819.261491854051,-8828.022707370701,9.414590884613512,-8818.608116486088,-8829.245485929432,11.719942810329545,-8817.525543119102,-8829.742945341053,11.141504648682313,-8818.601440692371,-133104.74020153406,18.461720036702292,-133086.27848149737
0.4585,-8828.908625034275,9.647141495262654,-8819.261483539012,-8828.022215274754,9.413619804429917,-8818.608595470323,-8829.25172820467,11.72617643376585,-8817.525551770905,-8829.73905816454,11.137609132164227,-8818.601449032376,-133104.75279577562,18.47431425491655,-133086.2784815207
0.459,-8828.902008918705,9.64051610543623,-8819.26149281327,-8828.021289972248,9.41269740444248,-8818.608592567805,-8829.258036760273,11.732506114954335,-8817.525530645318,-8829.727479127827,11.133751392406323,-8818.59372773542,-133104.7655507565,18.48706921167487,-133086.27848154484
0.4595,-8828.895402816715,9.633925622015823,-8819.2614771947,-8828.020419029179,9.411825420461074,-8818.608593608718,-8829.264468339863,11.73893102418438,-8817.525537315678,-8829.723653940144,11.129931516473942,-8818.59372242367,-133104.77846608622,18.499984516483217,-133086.27848156975
0.46,-8828.888850120487,9.627370339925278,-8819.261479780562,-8828.01959338564,9.41100386617198,-8818.608589519468,-8829.270986226978,11.74545039922757,-8817.525535827752,-8829.715938238087,11.126156536867352,-8818.58978170122,-133104.7915413619,18.513059766541378,-133086.27848159533
0.4605,-8828.882337001744,9.620850586611319,-8819.261486415133,-8828.018838552418,9.41023273612334,-8818.608605816295,-8829.27760377306,11.75206348761181,-8817.52554028545,-8829.71220603365,11.122426414722728,-8818.589779618927,-133104.80477616854,18.526294546797594,-133086.27848162176
0.461,-8828.875858453694,9.614366665763136,-8819.261491787931,-8828.022392419758,9.409512121506353,-8818.612880298251,-8829.287468580189,11.758766865933772,-8817.528701714255,-8829.708520082417,11.11874131596933,-8818.589778766447,-133104.81817007888,18.539688430003867,-133086.2784816489
0.4615,-8828.869408039036,9.607918845965441,-8819.26148919307,-8828.021718172016,9.408842028483038,-8818.612876143534,-8829.296398786488,11.76556056804305,-8817.530838218445,-8829.704890397968,11.115101139400787,-8818.589789258567,-133104.8317226535,18.553240976772074,-133086.27848167674
0.462,-8828.862996963444,9.601507426085677,-8819.261489537359,-8828.021106389942,9.408222362842677,-8818.6128840271,-8829.303288606587,11.77244641114745,-8817.53084219544,-8829.703144697132,11.111505207907575,-8818.591639489225,-133104.845433441,18.566951735630674,-133086.27848170535
0.4625,-8828.856611160221,9.59513269464735,-8819.261478465574,-8828.02052607912,9.407653114792971,-8818.612872964328,-8829.310269502583,11.7794227796349,-8817.530846722948,-8829.698229459706,11.107953355612093,-8818.590276104094,-133104.85930197776,18.58082024308265,-133086.27848173468
0.463,-8828.85027709383,9.588794933524287,-8819.261482160306,-8828.019993928852,9.407134279461097,-8818.61285964939,-8829.317323831501,11.786488970216446,-8817.530834861285,-8829.695093301716,11.104446015393464,-8818.590647286323,-133104.87332778843,18.59484602366475,-133086.27848176478
0.4635,-8828.843987611714,9.582494442061142,-8819.261493169652,-8828.019548562947,9.406665862782372,-8818.612882700165,-8829.324474481526,11.793644239732945,-8817.530830241793,-8829.692738202992,11.100983168098443,-8818.591755034893,-133104.88751038557,18.609028590006353,-133086.27848179557
0.464,-8828.837721256199,9.576231515966183,-8819.261489740233,-8828.01911511797,9.406247834043679,-8818.612867283926,-8829.331724313679,11.80088785069324,-8817.530836462985,-8829.689329294148,11.097564551123984,-8818.591764743023,-133104.90184926995,18.623367442888185,-133086.27848182706
0.4645,-8828.831495431843,9.570006419509635,-8819.261489012333,-8828.018749860707,9.405880199468093,-8818.612869661238,-8829.339046148243,11.808219158592598,-8817.53082698965,-8829.685947565022,11.094189818254566,-8818.591757746766,-133104.9163439306,18.637862071301747,-133086.2784818593
0.465,-8828.825309184971,9.563819437726327,-8819.261489747245,-8828.026033548298,9.405565149741497,-8818.620468398556,-8829.346463350239,11.815637457833596,-8817.530825892405,-8829.682617334309,11.09085872118612,-8818.591758613124,-133104.93099384478,18.65251195250907,-133086.27848189228
0.4655,-8828.81914797205,9.557670851651924,-8819.261477120397,-8828.040637639942,9.405305271081055,-8818.635332368862,-8829.353979734364,11.823141997285017,-8817.530837737078,-8829.678955701771,11.08757092763496,-8818.591384774136,-133104.94579847803,18.66731655210351,-133086.27848192593
0.466,-8828.813055662098,9.551560932437091,-8819.26149472966,-8828.040432599964,9.405098342243281,-8818.63533425772,-8829.361569074574,11.830732125068938,-8817.530836949505,-8829.677518037739,11.084326176845629,-8818.593191860893,-133104.9607572844,18.682275324071284,-133086.27848196033
0.4665,-8828.806983140888,9.545489976221932,-8819.261493164666,-8828.056213525715,9.404961347484349,-8818.651252178232,-8829.369235185566,11.83840723088893,-8817.530827954677,-8829.674329427662,11.081124213856317,-8818.593205213805,-133104.97586970625,18.69738771085362,-133086.2784819954
0.467,-8828.800946859303,9.539458243845274,-8819.261488615457,-8828.05614557642,9.404894226106906,-8818.651251350313,-8829.372641233387,11.84616706598039,-8817.526474167407,-8829.669276384297,11.077964525008579,-8818.591311859289,-133104.99113517458,18.71265314340939,-133086.27848203116
0.4675,-8828.794948247853,9.533465990848644,-8819.261482257003,-8828.056145099583,9.404877328997353,-8818.651267770585,-8829.380490449848,11.85401096205215,-8817.526479487797,-8829.658053068104,11.074845642935117,-8818.583207425168,-133105.00655310892,18.728071041278348,-133086.27848206763
0.468,-8828.789001134815,9.52751351328659,-8819.261487621528,-8828.05616917986,9.404910636392103,-8818.651258543467,-8829.388401178303,11.861937887986887,-8817.526463290316,-8829.654956964436,11.07176734469519,-8818.583189619741,-133105.02212291743,18.743640812644912,-133086.2784821048
0.4685,-8828.783069757405,9.521601078827565,-8819.261468678576,-8828.056255010548,9.404994117534091,-8818.651260893013,-8829.396420148792,11.869947257271582,-8817.52647289152,-8829.651931909504,11.068730357015319,-8818.583201552488,-133105.03784399704,18.759361854402457,-133086.27848214263
0.469,-8828.777207998219,9.51572894032548,-8819.261479057894,-8828.056371358814,9.405127748553468,-8818.65124361026,-8829.404508737507,11.878038468576552,-8817.526470268931,-8829.6489392795,11.065734281846492,-8818.583204997653,-133105.0537157334,18.77523355221821,-133086.2784821812
0.4695,-8828.771383193913,9.509897370114036,-8819.2614858238,-8828.05657854456,9.405311517054322,-8818.651267027506,-8829.419374612751,11.88620954905056,-8817.5331650637,-8829.64596763033,11.062778630967738,-8818.583188999362,-133105.06973750098,18.791255280598676,-133086.27848222037
0.47,-8828.76559629816,9.504106624940285,-8819.261489673221,-8828.056805519047,9.405545387764015,-8818.651260131282,-8829.427622941914,11.89445993599335,-8817.53316300592,-8829.650441316548,11.059855666608682,-8818.59058564994,-133105.08590866323,18.807426402955628,-133086.27848226027
0.4705,-8828.759837297383,9.498356973416584,-8819.261480323967,-8828.057085899296,9.405829332512461,-8818.651256566784,-8829.435957101765,11.90279036943609,-8817.533166732328,-8829.649393228474,11.056965118468307,-8818.592428110005,-133105.1022285725,18.82374627167266,-133086.27848230084
0.471,-8828.754131940785,9.492648686903488,-8819.261483253882,-8828.057409910145,9.406163327833397,-8818.65124658231,-8829.447693971577,11.91119801201922,-8817.536495959557,-8829.646799234333,11.054113785020718,-8818.592685449312,-133105.11869657022,18.84021422817231,-133086.27848234205
0.4715,-8828.748473791065,9.486982018958098,-8819.261491772108,-8828.055765060368,9.406547420131997,-8818.649217640235,-8829.456177858296,11.919682159791943,-8817.536495698503,-8829.643984941426,11.051300966885854,-8818.592683974539,-133105.13531198693,18.856829602983684,-133086.27848238396
0.472,-8828.74283185381,9.481357214197704,-8819.261474639612,-8828.05621114153,9.406981588988032,-8818.64922955254,-8829.464736608448,11.928244385935923,-8817.536492222513,-8829.652216581288,11.048527001246587,-8818.60368958004,-133105.15207414227,18.87359171581017,-133086.27848242645
0.4725,-8828.737256673756,9.475774527152339,-8819.261482146603,-8828.056109098377,9.407464937649944,-8818.648644160727,-8829.473385480824,11.93688412025167,-8817.536501360571,-8829.649480489674,11.045791326940543,-8818.603689162734,-133105.16898234526,18.890499875598337,-133086.27848246967
0.473,-8828.73172393221,9.470234203219034,-8819.26148972899,-8828.056641725483,9.40799744396989,-8818.648644281513,-8829.482088235798,11.945600813183841,-8817.536487422614,-8829.661630777302,11.04307963603981,-8818.618551141262,-133105.18603589412,18.907553380605357,-133086.2784825135
0.4735,-8828.726219800892,9.464736506630729,-8819.261483294262,-8828.057222989979,9.408579851709263,-8818.64864313827,-8829.490890649739,11.954393920256893,-8817.53649672948,-8829.64594569582,11.040379774447842,-8818.605565921373,-133105.20323407647,18.924751518466316,-133086.278482558
0.474,-8828.720774320545,9.459281694816566,-8819.261492625728,-8828.057843116703,9.409212132694954,-8818.648630984007,-8829.49976172823,11.963262866114144,-8817.536498862115,-8829.64328112978,11.037704017799191,-8818.60557711198,-133105.2205761694,18.942093566267335,-133086.27848260314
0.4745,-8828.715358165684,9.453870000767086,-8819.261488164917,-8828.05853333849,9.409894282648345,-8818.648639055842,-8829.506619600239,11.972208366312412,-8817.534411233926,-8829.63873401064,11.035062789702419,-8818.603671220937,-133105.2380614395,18.95957879061949,-133086.2784826489
0.475,-8828.709986833515,9.448501668494211,-8819.261485165021,-8828.059279350224,9.410626244733482,-8818.64865310549,-8829.515627530995,11.98122989025828,-8817.534397640737,-8829.627692369404,11.032462082422825,-8818.595230286981,-133105.255689143,18.977206447730595,-133086.27848269526
0.4755,-8828.704655078831,9.4431769337558,-8819.261478145076,-8828.060032276097,9.411407964481068,-8818.648624311616,-8829.51714530367,11.990326414264011,-8817.526818889406,-8829.642318872395,11.0298933394577,-8818.612425532938,-133105.27345852577,18.994975783477585,-133086.2784827423
0.476,-8828.699372199955,9.437896040610953,-8819.261476159345,-8828.060311225834,9.41223943330003,-8818.648071792533,-8829.526311067524,11.999497297507627,-8817.526813770017,-8829.627270845356,11.027345376107274,-8818.599925469249,-133105.2913688234,19.01288603347934,-133086.27848278993
0.4765,-8828.694146779957,9.432659249627763,-8819.26148753033,-8828.061179784718,9.413120622420681,-8818.648059162297,-8829.54363646883,12.008741178545229,-8817.534895290286,-8829.624759820881,11.024825907594234,-8818.599933913287,-133105.30941926135,19.030936423169848,-133086.27848283818
0.477,-8828.688944963398,9.427466788385034,-8819.261478175013,-8828.062132982197,9.414051485216529,-8818.64808149698,-8829.552951482716,12.01805749701927,-8817.534893985696,-8829.623508600178,11.02233759244158,-8818.601171007736,-133105.32760905495,19.049126167872434,-133086.27848288708
0.4775,-8828.683806327763,9.422318869044846,-8819.261487458718,-8828.059981016102,9.415031972098577,-8818.644949044003,-8829.565823224964,12.027446259469787,-8817.538376965495,-8829.622251657429,11.019879172017507,-8818.602372485411,-133105.3459374094,19.06745447287458,-133086.27848293653
0.478,-8828.678701547566,9.41721573115297,-8819.261485816412,-8828.061020997944,9.416062045748253,-8818.644958952196,-8829.575286058369,12.036906869745,-8817.538379188623,-8829.619834093037,11.017450895705638,-8818.60238319733,-133105.36440352013,19.0859205335032,-133086.2784829866
0.4785,-8828.673648265782,9.412157595003904,-8819.261490670779,-8828.062093166294,9.417141671266721,-8818.644951495027,-8829.584812787953,12.04643811805679,-8817.538374669895,-8829.61632838625,11.015053035482921,-8818.601275350768,-133105.3830065725,19.104523535200883,-133086.27848303728
0.479,-8828.668625739994,9.407144692638822,-8819.261481047355,-8828.05629649538,9.41827189571574,-8818.638024599664,-8829.594426778736,12.056039425393903,-8817.538387353343,-8829.613715318623,11.012685007263343,-8818.60103031136,-133105.40174574216,19.123262653602403,-133086.27848308856
0.4795,-8828.663667587223,9.402177270015137,-8819.261490317209,-8828.046714214268,9.419452340459554,-8818.627261873808,-8829.604091791096,12.06571013385582,-8817.53838165724,-8829.611355451527,11.010346297388484,-8818.601009154138,-133105.42062019504,19.14213705461179,-133086.27848314043
0.48,-8828.658737806263,9.39725554025349,-8819.261482266009,-8828.047938016834,9.420681858821059,-8818.627256158014,-8829.613825944843,12.075449611553811,-8817.53837633329,-8829.609051851216,11.008036587096196,-8818.60101526412,-133105.43962908734,19.161145894480132,-133086.27848319287
0.4805,-8828.653867629948,9.39237973282814,-8819.26148789712,-8828.049210456791,9.421960752845711,-8818.627249703946,-8829.623634962025,12.085257200188654,-8817.538377761835,-8829.605991510334,11.005755315523349,-8818.60023619481,-133105.45877156575,19.180288319883687,-133086.27848324587
0.481,-8828.649028924885,9.387550062926039,-8819.26147886196,-8828.051754144612,9.423289000225033,-8818.628465144386,-8829.633505968037,12.095132218065956,-8817.53837374997,-8829.60374369997,11.003502077237803,-8818.600241622733,-133105.47804676747,19.199563468000704,-133086.27848329948
0.4815,-8828.644244817677,9.3827667439513,-8819.261478073726,-8828.048865465107,9.42466664080132,-8818.624198824305,-8829.64345565218,12.105073977811506,-8817.538381674369,-8829.59531369585,11.001277246920793,-8818.59403644893,-133105.49745382022,19.218970466589752,-133086.27848335364
0.482,-8828.639511255207,9.37803000482075,-8819.261481250387,-8828.050288347187,9.426093608362166,-8818.624194738824,-8829.653440622273,12.115081777206406,-8817.538358845066,-8829.593109277668,10.999080522201721,-8818.594028755466,-133105.51699184242,19.238508434070948,-133086.27848340836
0.4825,-8828.63482275385,9.373340050662646,-8819.261482703187,-8828.051183132115,9.427569822773176,-8818.62361330934,-8829.663522867146,12.125154892386131,-8817.53836797476,-8829.590827135029,10.996909862004605,-8818.593917273025,-133105.53665994323,19.258176479607474,-133086.27848346363
0.483,-8828.630183605137,9.368697083805793,-8819.26148652133,-8828.051454214039,9.429095188128777,-8818.62235902591,-8829.673669485035,12.13529252429204,-8817.538376960743,-8829.58868089098,10.994765070985299,-8818.593915819994,-133105.55645722264,19.277973703186294,-133086.27848351945
0.4835,-8828.62558212656,9.364101321123503,-8819.261480805437,-8828.053048757496,9.430669592187517,-8818.622379165308,-8829.683866170826,12.1454939400742,-8817.538372230752,-8829.589096216145,10.99264739363884,-8818.596448822505,-133105.57638277154,19.297899195691073,-133086.27848357585
0.484,-8828.621025232258,9.35955297996179,-8819.261472252296,-8828.054654745045,9.432293029761695,-8818.622361715283,-8829.694133905354,12.155758395118577,-8817.538375510236,-8829.587013868275,10.990556704420547,-8818.596457163854,-133105.59643567173,19.317952038981314,-133086.27848363275
0.4845,-8828.61653652567,9.35505226015821,-8819.261484265511,-8828.056333688679,9.433965460268004,-8818.62236822841,-8829.704466489735,12.166085033591006,-8817.538381456145,-8829.584958223286,10.988492712513821,-8818.596465510773,-133105.6166149962,19.338131305982742,-133086.2784836902
0.485,-8828.612083820286,9.350599361590032,-8819.261484458695,-8828.060887245121,9.435686886626398,-8818.625200358494,-8829.714842943134,12.176473029644873,-8817.538369913489,-8829.582917360249,10.986455378960194,-8818.59646198129,-133105.63691980898,19.358436060773013,-133086.2784837482
0.4855,-8828.607686666432,9.346194491774764,-8819.261492174657,-8828.062648920002,9.437457244231108,-8818.625191675772,-8829.725295213642,12.18692154665639,-8817.538373666986,-8829.57356419939,10.98445061437976,-8818.58911358501,-133105.65734916538,19.378865358665664,-133086.27848380673
0.486,-8828.603327897968,9.341837857978334,-8819.26149003999,-8828.064480928364,9.439276424200287,-8818.625204504164,-8829.735800889912,12.197429690959208,-8817.538371198953,-8829.571836618366,10.982486169104945,-8818.589350449261,-133105.67790211207,19.399418246294275,-133086.27848386578
0.4865,-8828.599009660664,9.337529640592926,-8819.261480020072,-8828.068098215046,9.441144494808622,-8818.626953720237,-8829.746376184406,12.207996587369095,-8817.538379597037,-8829.569908765736,10.980555924511128,-8818.589352841225,-133105.69857768703,19.420093761696833,-133086.27848392533
0.487,-8828.594752696934,9.333270027206364,-8819.261482669728,-8828.070029882374,9.44306138302263,-8818.626968499351,-8829.75699201006,12.218621338521288,-8817.538370671538,-8829.567995695057,10.978652028912341,-8818.589343666144,-133105.7193749198,19.440890934400617,-133086.2784839854
0.4875,-8828.590554622593,9.329059225607205,-8819.261495396986,-8828.071992544117,9.445026925123651,-8818.626965618994,-8829.76766696352,12.229303037862259,-8817.538363925658,-8829.566131261769,10.976774659122182,-8818.589356602646,-133105.74029283147,19.46180878550731,-133086.27848404596
0.488,-8828.58637872118,9.32489742843632,-8819.261481292744,-8828.073999313297,9.447041083911454,-8818.626958229386,-8829.778420595112,12.240040648605895,-8817.538379946505,-8829.564273027363,10.97492404918598,-8818.589348978177,-133105.76133043482,19.48284632777675,-133086.27848410705
0.4885,-8828.582260755482,9.320784826052993,-8819.261475929428,-8828.077076581898,9.449103716596216,-8818.627972865303,-8829.789900926533,12.250834682155341,-8817.539066244377,-8829.562449125233,10.973100470078876,-8818.589348655154,-133105.7824867343,19.50400256571227,-133086.27848416858
0.489,-8828.578195718708,9.316721601964051,-8819.261474116744,-8828.079174426975,9.451214776166141,-8818.627959650808,-8829.804761556568,12.261684486050562,-8817.543077070517,-8829.56065240282,10.971304305504226,-8818.589348097317,-133105.8037607263,19.525276495647798,-133086.27848423066
0.4895,-8828.574189571324,9.312707938547916,-8819.261481632775,-8828.081349519673,9.453374271887125,-8818.627975247786,-8829.815678266468,12.272587525768863,-8817.543090740699,-8829.558893350544,10.969535983546573,-8818.589357366998,-133105.825151399,19.546667105833563,-133086.27848429317
0.49,-8828.570231346073,9.308744022530753,-8819.261487323543,-8828.061431554737,9.455582509946504,-8818.60584904479,-8829.826647905293,12.283542481006094,-8817.543105424287,-8829.55714049715,10.967795919985766,-8818.589344577165,-133105.84665773273,19.568173376524292,-133086.2784843562
0.4905,-8828.56631055254,9.304830029453493,-8819.261480523086,-8828.077446607533,9.457839333755148,-8818.619607273777,-8829.837636140766,12.294548392105376,-8817.543087748661,-8829.555437711659,10.966084673059193,-8818.5893530386,-133105.86827869975,19.589794280068617,-133086.2784844197
0.491,-8828.562452224674,9.30096614222233,-8819.261486082452,-8828.08099093813,9.460144262882821,-8818.620846675247,-8829.848695901814,12.305604214844006,-8817.54309168697,-8829.554572252217,10.964403712305156,-8818.590168539911,-133105.89001326464,19.611528780997617,-133086.27848448363
0.4915,-8828.558629421177,9.297152536655169,-8819.261476884521,-8828.08334174532,9.462497314133987,-8818.620844431185,-8829.859803346577,12.316708853910733,-8817.543094492667,-8829.552922872486,10.962753662921905,-8818.590169209565,-133105.91186038416,19.633375836114354,-133086.27848454803
0.492,-8828.55487885851,9.293389382133194,-8819.261489476376,-8828.085745481434,9.464898468790533,-8818.620847012644,-8829.870947984638,12.327861240018864,-8817.54308674462,-8829.551304964009,10.961134355962143,-8818.590170608046,-133105.93381900748,19.655334394582063,-133086.2784846129
0.4925,-8828.55116048235,9.289676861976888,-8819.261483620372,-8828.088196424427,9.467347649603767,-8818.620848774823,-8829.882154134693,12.339060278809145,-8817.543093855884,-8829.549717096272,10.95954654344473,-8818.590170552827,-133105.95588807625,19.67740339801155,-133086.27848467825
0.493,-8828.547500041905,9.286015135183138,-8819.261484906721,-8828.090686468067,9.469844785658157,-8818.620841682408,-8829.893401769581,12.35030491220503,-8817.543096857376,-8829.548165468159,10.957990986452323,-8818.590174481707,-133105.97806652452,19.699581780549813,-133086.27848474396
0.4935,-8828.543887285176,9.282404362798992,-8819.261482922377,-8828.09323468584,9.47238980777775,-8818.620844878064,-8829.913267282429,12.361594037354134,-8817.551673245074,-8829.546644834461,10.956468519483172,-8818.590176314978,-133106.00035327915,19.721868468969234,-133086.27848481017
0.494,-8828.540330079975,9.278844716260743,-8819.261485363715,-8828.095822957936,9.474982661814519,-8818.62084029612,-8829.924590257588,12.372926563743539,-8817.551663693845,-8829.54311147112,10.95498003307507,-8818.588131438044,-133106.02274725956,19.744262382757256,-133086.2784848768
0.4945,-8828.536823896351,9.275336362531569,-8819.261487533819,-8828.098475841465,9.477623276745447,-8818.62085256472,-8829.941469339314,12.384301587457125,-8817.557167751856,-8829.541658071461,10.953526417969034,-8818.588131653492,-133106.04524737806,19.76676243420615,-133086.27848494385
0.495,-8828.533367065373,9.271879457382823,-8819.26148760799,-8828.101162818852,9.480311552435381,-8818.620851266416,-8829.952881959858,12.395717999626353,-8817.557163960231,-8829.540787843647,10.952108400682661,-8818.588679442964,-133106.06785253985,19.789367528501078,-133086.27848501137
0.4955,-8828.529955057087,9.268474156792998,-8819.261480900293,-8828.10389128107,9.483047430362364,-8818.62084385071,-8829.964326528492,12.407174588686726,-8817.557151939805,-8829.540341524067,10.950726901848611,-8818.589614622219,-133106.09056164304,19.812076563805455,-133086.27848507924
0.496,-8828.52660050768,9.265120615871382,-8819.261479891808,-8828.106672433796,9.4858308531924,-8818.620841580603,-8829.9710637607,12.418670802270414,-8817.55239295843,-8829.538994459095,10.949383092491544,-8818.589611366604,-133106.1133735789,19.83488843135207,-133086.27848514754
0.4965,-8828.523310092869,9.261818994578297,-8819.26149109829,-8828.109511999073,9.488661737787822,-8818.620850261286,-8829.982598451557,12.430205524715417,-8817.552392926842,-8829.537692216816,10.94807799954035,-8818.589614217275,-133106.13628723178,19.857802015539153,-133086.27848521626
0.497,-8828.520045188847,9.258569444698049,-8819.261475744148,-8828.107651380482,9.491540105419098,-8818.616111275063,-8829.994169858875,12.441777207524098,-8817.55239265135,-8829.53644147295,10.94681264120555,-8818.589628831745,-133106.15930147938,19.880816194021136,-133086.27848528535
0.4975,-8828.516866353932,9.255372096411744,-8819.26149425752,-8828.110570577564,9.494465919699776,-8818.616104657865,-8830.005765108051,12.453384798341721,-8817.55238030971,-8829.535195020619,10.945587986374377,-8818.589607034244,-133106.18241519266,19.903929837797662,-133086.27848535485
0.498,-8828.513706115666,9.252227112028704,-8819.261479003637,-8828.113540080967,9.497438974476623,-8818.61610110649,-8830.026814130726,12.465026640676369,-8817.561787490049,-8829.53400674242,10.94440505826488,-8818.589601684156,-133106.20562723602,19.92714181130415,-133086.27848542473
0.4985,-8828.510618595066,9.249134645517394,-8819.261483949549,-8828.111244825306,9.500459373249495,-8818.610785452056,-8830.03847184557,12.4767017816521,-8817.561770063918,-8829.532877115193,10.943264901486348,-8818.589612213706,-133106.2289364675,19.95045097250233,-133086.278485495
0.499,-8828.507580427113,9.24609483115128,-8819.261485595962,-8828.114304212513,9.503527066534028,-8818.61077714598,-8830.050184396687,12.488409827295058,-8817.561774569393,-8829.531788019123,10.942168528685967,-8818.589619490438,-133106.2523417386,19.97385617297057,-133086.27848556565
0.4995,-8828.504589466038,9.243107803330187,-8819.261481662708,-8828.117405799809,9.506641771346246,-8818.610764028463,-8830.061922220173,12.500149717207922,-8817.561772502966,-8829.534128335896,10.94111876435061,-8818.593009571545,-133106.27584189465,19.997356257995037,-133086.27848563666
0.5,-8828.50166287798,9.240173699592791,-8819.261489178387,-8828.125286249104,9.509803545342242,-8818.61548270376,-8830.07370009798,12.511920494992868,-8817.561779602987,-8829.533137945118,10.940116555361671,-8818.593021389757,-133106.29943577468,20.02095006666237,-133086.27848570803
0.5005,-8828.498765138569,9.237292667655794,-8819.261472470913,-8828.128497508946,9.513012309660798,-8818.615485199285,-8830.08550467867,12.52372118271597,-8817.561783495954,-8829.532997278156,10.939162544605429,-8818.59383473355,-133106.3231222117,20.04463643194993,-133086.27848577977
0.501,-8828.495955137196,9.234464837508659,-8819.261490299687,-8828.131764320317,9.516267832771254,-8818.615496487546,-8830.09732070345,12.53555087713965,-8817.56176982631,-8829.532114652577,10.938259717169313,-8818.593854935407,-133106.34690003266,20.06841418081502,-133086.27848585186
0.5015,-8828.493168262425,9.231690320705038,-8819.26147794172,-8828.13505092043,9.519570021080156,-8818.615480899349,-8830.1091786899,12.54740873235988,-8817.56176995754,-8829.532246259632,10.937408007107955,-8818.594838252524,-133106.37076805855,20.092282134285654,-133086.27848592427
0.502,-8828.490447668019,9.22896926119368,-8819.261478406825,-8828.138398555699,9.522918809744395,-8818.615479745955,-8830.124159959736,12.559293530947249,-8817.56486642879,-8829.531453279438,10.936606167668895,-8818.59484711177,-133106.3947251046,20.116239107551394,-133086.27848599703
0.5025,-8828.487791685047,9.226301788235176,-8819.261489896811,-8828.141794828358,9.526314094250287,-8818.615480734108,-8830.136080888691,12.571204387156813,-8817.564876501534,-8829.530703214588,10.9358544484868,-8818.5948487661,-133106.4187699802,20.140283910054094,-133086.27848607014
0.503,-8828.485176471653,9.223688013719347,-8819.261488457934,-8828.141944555226,9.529755819756165,-8818.61218873547,-8830.148020891133,12.583140799402099,-8817.56488009173,-8829.530002263966,10.935153697151666,-8818.594848566814,-133106.44290148915,20.164415345578732,-133086.27848614356
0.5035,-8828.482613471928,9.22112807067998,-8819.261485401248,-8828.145440963688,9.533243916194447,-8818.612197047494,-8830.159982828083,12.595101975162425,-8817.56488085292,-8829.528983739796,10.93450466820789,-8818.594479071588,-133106.4671184297,20.188632212344146,-133086.27848621734
0.504,-8828.480098632755,9.218622080834344,-8819.261476551921,-8828.148972181263,9.536778257230452,-8818.612193924033,-8830.171975282612,12.60708711833268,-8817.56488816428,-8829.523582128468,10.933888450951397,-8818.589693677517,-133106.4914195945,20.212933303093926,-133086.2784862914
0.5045,-8828.477650312367,9.216170147342442,-8819.261480165023,-8828.155336049977,9.540358897585312,-8818.61497715239,-8830.178407339039,12.619095615627419,-8817.559311723411,-8829.522983697834,10.933306040914172,-8818.58967765692,-133106.515803771,20.237317405187135,-133086.27848636583
0.505,-8828.475259927693,9.213772386312911,-8819.26148754138,-8828.158963350239,9.543985726379812,-8818.61497762386,-8830.17967572588,12.631129350986535,-8817.548546374894,-8829.522453454914,10.9327778026776,-8818.589675652236,-133106.5402697412,20.26178330068893,-133086.2784864405
0.5055,-8828.472915319386,9.211428904815726,-8819.26148641457,-8828.16722360033,9.54765860793135,-8818.6195649924,-8830.191728738728,12.643187510666078,-8817.548541228061,-8829.521979001942,10.932304369826547,-8818.589674632116,-133106.56481628196,20.28632976646108,-133086.27848651548
0.506,-8828.470625070515,9.20913981756447,-8819.26148525295,-8828.170947698536,9.551377466241219,-8818.619570232295,-8830.203802255573,12.655266860721307,-8817.548535394852,-8829.520337251606,10.931882734830122,-8818.588454516776,-133106.58944216504,20.310955574252443,-133086.2784865908
0.5065,-8828.468392995777,9.206905240306572,-8819.261487755472,-8828.174708036366,9.555142108049424,-8818.619565928317,-8830.218026308003,12.667366329917751,-8817.550659978086,-8829.519953874531,10.931513461703672,-8818.588440412826,-133106.61414615717,20.33565949078941,-133086.2784866664
0.507,-8828.46621957201,9.204725259445059,-8819.261494312565,-8828.178517488423,9.558952437398196,-8818.619565051024,-8830.230155137959,12.679485291412597,-8817.550669846547,-8829.519643930378,10.93120067599634,-8818.588443254383,-133106.6389270201,20.360440277866104,-133086.27848674223
0.5075,-8828.464085487309,9.202599980329357,-8819.261485506979,-8828.179600862446,9.562808361430271,-8818.616792501016,-8830.242293981495,12.691623591707227,-8817.550670389788,-8829.524490980091,10.930949014717648,-8818.593541965374,-133106.66378351083,20.385296692434967,-133086.2784868184
0.508,-8828.462013391438,9.200529513317463,-8819.261483878121,-8828.183489231053,9.566709762678858,-8818.616779468373,-8830.254465249958,12.703780648840118,-8817.550684601118,-8829.524298814717,10.930758847378453,-8818.593539967338,-133106.6887143815,20.410227486697465,-133086.27848689482
0.5085,-8828.45998444933,9.198513948063695,-8819.261470501266,-8828.187440303745,9.570656541573792,-8818.616783762172,-8830.266624120655,12.71595595020585,-8817.55066817045,-8829.524167684498,10.930626395322408,-8818.593541289176,-133106.7137183797,20.435231408193854,-133086.2784869715
0.509,-8828.458037523213,9.1965533661226,-8819.26148415709,-8828.18893614191,9.574648685401675,-8818.614287456508,-8830.282745508137,12.728148872835996,-8817.5545966353,-8829.524086622181,10.930551997363363,-8818.593534624817,-133106.73879424832,20.460307199868037,-133086.27848704846
0.5095,-8828.45613184351,9.19464787162071,-8819.26148397189,-8828.19296660799,9.578686086571583,-8818.614280521419,-8830.294960645619,12.740358904600878,-8817.554601741018,-8829.524082807484,10.930535899419429,-8818.593546908065,-133106.7639407258,20.485453600143373,-133086.27848712564
0.51,-8828.454280523243,9.192797566602998,-8819.261482956641,-8828.184816030445,9.582769671204286,-8818.602046359241,-8830.307181505146,12.752585707583698,-8817.554595797563,-8829.523803857746,10.930578159787697,-8818.59322569796,-133106.78915654618,20.51066934303624,-133086.27848720315
0.5105,-8828.452487138691,9.191002527772856,-8819.261484610919,-8828.183489231053,9.586899662239851,-8818.596589568813,-8830.319266466084,12.764830008881688,-8817.554436457202,-8829.52272429842,10.930679167012162,-8818.592045131409,-133106.81444043908,20.53595315825943,-133086.27848728083
0.511,-8828.450744775715,9.189262837036283,-8819.261481938678,-8828.18768277544,9.591074846810665,-8818.59660792863,-8830.33153453249,12.777091398678085,-8817.554443133811,-8829.522889284077,10.930839258037757,-8818.59205002604,-133106.8397911301,20.5613037713121,-133086.2784873588
0.5115,-8828.44905438799,9.187578564079434,-8819.26147582391,-8828.20714202303,9.595294854141658,-8818.611847168888,-8830.343801645222,12.789368335669112,-8817.554433309553,-8829.51581445116,10.931058097829007,-8818.584756353332,-133106.8652073405,20.586719903568692,-133086.27848743694
0.512,-8828.447437671604,9.185949792414585,-8819.26148787919,-8828.211188701573,9.599559245936604,-8818.611629455636,-8830.361902383747,12.801660929711067,-8817.560241454035,-8829.51581635851,10.931339876603554,-8818.584476481905,-133106.89068778773,20.612200272369293,-133086.27848751537
0.5125,-8828.445860055866,9.184376617458701,-8819.261483438408,-8828.215502885761,9.603867865049615,-8818.611635020712,-8830.37421288866,12.813968783203157,-8817.560244105458,-8829.51615348238,10.931684845265453,-8818.584468637115,-133106.9162311851,20.637743591108716,-133086.278487594
0.513,-8828.444347289982,9.182859112655688,-8819.261488177326,-8828.219854978504,9.60822096063386,-8818.61163401787,-8830.386540082874,12.826291019624556,-8817.56024906325,-8829.51651921648,10.932086858932525,-8818.584432357547,-133106.94183624216,20.663348569312134,-133086.27848767285
0.5135,-8828.44288125414,9.181397331164014,-8819.261483922975,-8828.224247125569,9.612618414184018,-8818.611628711384,-8830.398870614948,12.838627334016575,-8817.560243280932,-8829.516985086384,10.932545885134008,-8818.58443920125,-133106.96750166462,20.6890139127215,-133086.2784877519
0.514,-8828.441472915592,9.179991331956096,-8819.261481583637,-8828.228689102116,9.617060098930114,-8818.611629003186,-8830.403192190113,12.850976421392243,-8817.552215768721,-8829.511825708332,10.933064063052239,-8818.57876164528,-133106.99322615456,20.714738323393156,-133086.27848783118
0.5145,-8828.440122274342,9.178641197876201,-8819.261481076466,-8828.233185914936,9.621545920444554,-8818.611639994491,-8830.415561822834,12.863337913476244,-8817.552223909359,-8829.512411264363,10.93364125764087,-8818.578770006721,-133107.01900841043,20.740520499784047,-133086.27848791063
0.515,-8828.438836959782,9.177346993941224,-8819.26148996584,-8828.237698224964,9.626075764166256,-8818.611622460798,-8830.427936700764,12.875712543137318,-8817.552224157627,-8829.5130392589,10.934277065863782,-8818.578762193036,-133107.04484712714,20.76635913683769,-133086.2784879903
0.5155,-8828.437584785404,9.176108764405527,-8819.261476020998,-8828.242271808567,9.630649518374394,-8818.611622290193,-8830.440318254414,12.888100012885278,-8817.552218241528,-8829.51373544115,10.934971354797455,-8818.578764086353,-133107.07074099622,20.79225292607056,-133086.27848807015
0.516,-8828.43641105074,9.174926570459586,-8819.26148448028,-8828.246890214863,9.635267044961513,-8818.611623169902,-8830.446878580036,12.900497077350177,-8817.546381502687,-8829.514495042744,10.935723956313023,-8818.578771086432,-133107.09668870585,20.818200555656354,-133086.2784881502
0.5165,-8828.435281900349,9.173800481703193,-8819.261481418645,-8828.251546529713,9.639928228123464,-8818.61161830159,-8830.459295419636,12.912903425460351,-8817.546391994176,-8829.515300897541,10.936534606519626,-8818.578766291022,-133107.12268894093,20.844200710509142,-133086.27848823043
0.517,-8828.434217599812,9.17273054837927,-8819.261487051432,-8828.256251481953,9.644632982702472,-8818.61161849925,-8830.471712259236,12.925321743423718,-8817.546390515812,-8829.517142442646,10.937402363111996,-8818.579740079535,-133107.14874038319,20.870252072368036,-133086.2784883108
0.5175,-8828.433210042896,9.171716817292765,-8819.261493225604,-8828.261009363117,9.649381155767417,-8818.61162820735,-8830.484145311299,12.93775175209993,-8817.546393559198,-8829.518047002735,10.938326997618034,-8818.579720005117,-133107.17484171127,20.896353319881086,-133086.2784883914
0.518,-8828.432239917698,9.170759328770984,-8819.261480588928,-8828.265800146046,9.654172630687494,-8818.611627515358,-8830.496591714802,12.950193155780061,-8817.546398559021,-8829.519037393513,10.939308954698035,-8818.579728438815,-133107.2009916008,20.922503128687612,-133086.27848847213
0.5185,-8828.43134370226,9.16985811446931,-8819.26148558779,-8828.267141488972,9.659007263042179,-8818.60813422593,-8830.509039548817,12.962645778712417,-8817.546393770104,-8829.519553331318,10.940347846988512,-8818.57920548433,-133107.22718872453,20.94870017150069,-133086.27848855304
0.519,-8828.430490640583,9.169013228919864,-8819.261477411663,-8828.274695066395,9.663885495801733,-8818.610809570593,-8830.521494058552,12.975109414584715,-8817.546384643967,-8829.520652917805,10.94144336810481,-8818.5792095497,-133107.25343175227,20.974943118189074,-133086.27848863407
0.5195,-8828.42970266718,9.168224734384385,-8819.261477932794,-8828.279606012287,9.668807263016939,-8818.61079874927,-8830.533978609028,12.987583793711032,-8817.546394815317,-8829.521792558613,10.942595287410436,-8818.579197271203,-133107.27971935112,21.00123063585846,-133086.27848871527
0.52,-8828.428977159443,9.16749265275445,-8819.26148450669,-8828.284575370732,9.673771866909062,-8818.610803503823,-8830.546473173084,13.000068642779269,-8817.546404530305,-8829.522642282429,10.94380315424634,-8818.578839128182,-133107.30605018555,21.0275613889323,-133086.2784887966
0.5205,-8828.428301958027,9.166817003642137,-8819.261484954384,-8828.289583352986,9.678779152027808,-8818.610804200958,-8830.558951524677,13.01256374968445,-8817.546387774993,-8829.528251794758,10.945066953938358,-8818.58318484082,-133107.33242291733,21.05393403923243,-133086.2784888781
0.521,-8828.427676347676,9.166197837890913,-8819.261478509785,-8828.320136693897,9.683829034457538,-8818.63630765944,-8830.574164537373,13.025068257292114,-8817.549096280081,-8829.640327123585,10.946390847666416,-8818.693936275919,-133107.3588362058,21.08034724605949,-133086.27848895974
0.5215,-8828.427116540852,9.165635174596298,-8819.261481366255,-8828.326030401173,9.688921246231924,-8818.63710915494,-8830.590320733967,13.037581433000806,-8817.552739300967,-8829.641707567158,10.947774096972674,-8818.693933470186,-133107.38528870777,21.106799666273105,-133086.2784890415
0.522,-8828.426610616627,9.165129033937085,-8819.26148158269,-8828.331158307972,9.69405561885358,-8818.63710268912,-8830.602858690205,13.05010367209875,-8817.552755018107,-8829.643146184864,10.949211889160857,-8818.693934295703,-133107.41177907772,21.1332899543714,-133086.27848912336
0.5225,-8828.426168588581,9.1646794479832,-8819.261489140597,-8828.336339382115,9.699232177896874,-8818.637107204218,-8830.61539044756,13.06263520617277,-8817.552755241386,-8829.64463343996,10.950703847713292,-8818.693929592248,-133107.43830596795,21.159816762571538,-133086.27848920538
0.523,-8828.425768999043,9.16428642093094,-8819.261482578111,-8828.341554311695,9.704450797965233,-8818.63710351373,-8830.620314744892,13.07517671865093,-8817.545138026242,-8829.646469739857,10.95224780611182,-8818.694221933745,-133107.4648680284,21.186378740891264,-133086.2784892875
0.5235,-8828.425438550892,9.163949971105021,-8819.261488579787,-8828.346826223316,9.709711350964213,-8818.637114872352,-8830.63285937685,13.087727988803955,-8817.545131388046,-8829.648066190663,10.953843378884468,-8818.694222811779,-133107.49146390695,21.212974537229744,-133086.27848936972
0.524,-8828.425146488133,9.163670126281607,-8819.261476361851,-8828.348053602162,9.715013620933542,-8818.633039981229,-8830.645416406574,13.100287906220794,-8817.545128500353,-8829.663423685017,10.955484138636217,-8818.70793954638,-133107.5180922495,21.23960279744474,-133086.27848945206
0.5245,-8828.42493882555,9.163446889476624,-8819.261491936073,-8828.353378681126,9.720357472247809,-8818.633021208878,-8830.65798488039,13.112856249588756,-8817.545128630802,-8829.665111688557,10.95716953083265,-8818.707942157724,-133107.54475169993,21.266262165433947,-133086.27848953448
0.525,-8828.424767164173,9.163280266374759,-8819.261486897798,-8828.358777193012,9.725742830812298,-8818.6330343622,-8830.67036643404,13.125428263378305,-8817.544938170662,-8829.666842607441,10.95890690729593,-8818.707935700146,-133107.57144090027,21.292951283221505,-133086.27848961705
0.5255,-8828.424657968464,9.163170268577515,-8819.261487699887,-8828.364191917362,9.731169573082312,-8818.63302234428,-8830.682936815205,13.13800366977946,-8817.544933145426,-8829.668635991993,10.960695833333435,-8818.70794015866,-133107.5981584907,21.319668791042517,-133086.27848969965
0.526,-8828.424616483631,9.163116900030822,-8819.261499583601,-8828.369675067845,9.73663754951712,-8818.633037518328,-8830.695523408833,13.150586705123635,-8817.544936703709,-8829.672462610188,10.96253350333997,-8818.709929106848,-133107.6249031098,21.346413327428163,-133086.27848978236
0.5265,-8828.424606946888,9.163120154990708,-8819.261486791898,-8828.37517943758,9.742146602553404,-8818.633032835027,-8830.679819730702,13.16317815520495,-8817.516641575497,-8829.664684442463,10.964419827657684,-8818.700264614805,-133107.65167339446,21.37318352929134,-133086.27848986516
0.527,-8828.42466369051,9.163180031542975,-8819.261483658967,-8828.380719093266,9.747696621280072,-8818.633022471986,-8830.694946912708,13.17577827078349,-8817.519168641926,-8829.666633752766,10.966356725909993,-8818.700277026855,-133107.67846798006,21.39997803201294,-133086.27848994805
0.5275,-8828.424775747242,9.163296518075091,-8819.261479229168,-8828.386324552479,9.753287456180862,-8818.633037096299,-8830.707560686054,13.188385791914033,-8817.51917489414,-8829.668624071064,10.968343378242105,-8818.700280692821,-133107.7052855005,21.426795469529235,-133086.27849003096
0.528,-8828.424948362293,9.163469607833745,-8819.261478754459,-8828.39565196413,9.758919003388531,-8818.636732960742,-8830.720165876332,13.200999952350081,-8817.51916592398,-8829.670671609822,10.970379369692417,-8818.70029224013,-133107.73212458842,21.453634474420106,-133086.278490114
0.5285,-8828.425182012501,9.163699300364547,-8819.261482712136,-8828.40134015459,9.764591121235409,-8818.636749033356,-8830.732790140095,13.213620493861065,-8817.519169646233,-8829.665377763691,10.97246584529404,-8818.692911918397,-133107.75898387504,21.480493677997735,-133086.27849019706
0.529,-8828.425472883167,9.163985574435717,-8819.261487308731,-8828.403980878773,9.770303654245964,-8818.633677224527,-8830.745418218556,13.226247189465756,-8817.51917102909,-8829.667381910267,10.974581901821491,-8818.692800008446,-133107.78586199056,21.50737171039617,-133086.27849028015
0.5295,-8828.425805238667,9.164328405984737,-8819.261476832682,-8828.409737733784,9.776056459387032,-8818.633681274398,-8830.75804915804,13.238879780815191,-8817.519169377225,-8829.670008329334,10.97672581447938,-8818.693282514854,-133107.81275756398,21.534267200661784,-133086.27849036333
0.53,-8828.4262124576,9.164727777077028,-8819.261484680523,-8828.415524629536,9.781849320391846,-8818.633675309144,-8830.770689634266,13.251518013486711,-8817.51917162078,-8829.67273583788,10.978918043341373,-8818.693817794538,-133107.83966922338,21.561178776844088,-133086.27849044654
0.5305,-8828.4266654529,9.16518366980769,-8819.261481783093,-8828.421363500538,9.787682102748049,-8818.63368139779,-8830.783328203144,13.264161641362794,-8817.519166561782,-8829.674953130665,10.98115792056182,-8818.693795210103,-133107.86659559584,21.588105066086946,-133086.27849052974
0.531,-8828.427175907078,9.165696049538425,-8819.26147985754,-8828.42873111147,9.793554879130387,-8818.63517623234,-8830.795982507649,13.276810395300739,-8817.519172112348,-8829.67724099535,10.983444738436013,-8818.693796256914,-133107.89353530775,21.615044694720993,-133086.27849061304
0.5315,-8828.427751687947,9.166264878529944,-8819.261486809417,-8828.434644845905,9.799467468683332,-8818.635177377222,-8830.804238466206,13.289462959243256,-8817.514775506963,-8829.681591180744,10.985778923700584,-8818.695812257043,-133107.9204869847,21.64199628835818,-133086.27849069634
0.532,-8828.428384927693,9.166890140762206,-8819.26149478693,-8828.440601972523,9.805419521600129,-8818.635182450922,-8830.816902307453,13.302119111410157,-8817.514783196044,-8829.683980134907,10.988160071874587,-8818.695820063032,-133107.94744925163,21.66895847198358,-133086.27849077966
0.5325,-8828.429059652271,9.167571792944635,-8819.261487859327,-8828.446584848347,9.81141089902341,-8818.635173949324,-8830.829553274098,13.314779655321495,-8817.514773618776,-8829.695583013478,10.99058943128825,-8818.704993582189,-133107.974420733,21.695929870045042,-133086.27849086295
0.533,-8828.429799703541,9.168309798716589,-8819.261489904824,-8828.452617553654,9.817441407024653,-8818.635176146629,-8830.842208532276,13.32744434542234,-8817.514764186853,-8829.699040559712,10.99306651986829,-8818.705974039844,-133108.00140005283,21.72290910654542,-133086.27849094628
0.5335,-8828.430594114247,9.169104130629378,-8819.261489983617,-8828.458689598026,9.823510883930844,-8818.635178714096,-8830.854894308033,13.340112872409115,-8817.514781435624,-8829.70156445879,10.995588377762674,-8818.705976081028,-133108.02838583474,21.749894805134844,-133086.2784910296
0.534,-8828.431442884388,9.16995471860975,-8819.26148816578,-8828.46374478716,9.829618374329467,-8818.63412641283,-8830.858031419697,13.352784649808452,-8817.505246769888,-8829.704135564747,10.998154621540575,-8818.705980943207,-133108.05537670213,21.776885589200376,-133086.27849111293
0.5345,-8828.43234029192,9.17086152308551,-8819.261478768834,-8828.469883588734,9.835763655732165,-8818.634119933002,-8830.870695260945,13.365459513010515,-8817.505235747934,-8829.70674434084,11.000764852451077,-8818.705979488388,-133108.0823712782,21.803880081954627,-133086.27849119625
0.535,-8828.433307317677,9.171824489340269,-8819.261482828337,-8828.476734785023,9.841947301106092,-8818.634787483918,-8830.883378652516,13.37813750181991,-8817.505241150695,-8829.709399370136,11.003418647194861,-8818.705980722942,-133108.10936818607,21.830876906524814,-133086.27849127955
0.5355,-8828.434329656544,9.172843556735554,-8819.26148609981,-8828.482936529103,9.848169155361964,-8818.63476737374,-8830.896075395527,13.390818316570176,-8817.505257078958,-8829.722501424732,11.006094001133576,-8818.716407423599,-133108.13636604883,21.85787468604082,-133086.27849136278
0.536,-8828.435408977452,9.173918688219242,-8819.261490289233,-8828.467208293858,9.854429706250079,-8818.612778587607,-8830.913276819172,13.403500971411184,-8817.50977584776,-8829.725212243977,11.008790387371413,-8818.716421856605,-133108.16336348976,21.88487204372202,-133086.27849144605
0.5365,-8828.436527875843,9.175049814746556,-8819.261478061097,-8828.472123292866,9.860728896681218,-8818.611394396185,-8830.939027933064,13.416183289412253,-8817.522844643652,-8829.727949289265,11.01152895488385,-8818.716420334382,-133108.19035913222,21.911867602962857,-133086.27849152926
0.537,-8828.437726167622,9.17623686726485,-8819.261489300357,-8828.478454259815,9.86706595507344,-8818.611388304742,-8830.951714662495,13.42886575046101,-8817.522848912035,-8829.730719713154,11.014309321747097,-8818.716410391407,-133108.21735159983,21.938859987417395,-133086.2784916124
0.5375,-8828.438978818836,9.177479795608352,-8819.261499023229,-8828.48484149355,9.873440573967924,-8818.61140091958,-8830.973456052723,13.441550663720207,-8817.531905389003,-8829.740898279133,11.017140849805983,-8818.723757429327,-133108.24433951665,21.965847821082484,-133086.27849169556
0.538,-8828.440256504002,9.178778526811708,-8819.26147797719,-8828.491256383839,9.879852591520065,-8818.611403792318,-8830.986137536946,13.454237802786338,-8817.53189973416,-8829.743772176686,11.020023317734973,-8818.72374885895,-133108.27132150703,21.99282972837954,-133086.27849177865
0.5385,-8828.44161429781,9.1801329940716,-8819.261481303738,-8828.49588218111,9.886301789906174,-8818.609580391205,-8830.998829511585,13.466926283070535,-8817.531903228515,-8829.746697095814,11.022946635286061,-8818.723750460527,-133108.2982961959,22.019804334234614,-133086.27849186165
0.539,-8828.443038610401,9.181543114516057,-8819.261495495884,-8828.502381471577,9.892787974873468,-8818.609593496703,-8831.011511472645,13.479615863031011,-8817.531895609614,-8829.749674943867,11.025910412536469,-8818.72376453133,-133108.3252622088,22.046770264157097,-133086.27849194463
0.5395,-8828.444494871082,9.183008806841913,-8819.26148606424,-8828.508904603901,9.899311020382303,-8818.609593583518,-8831.024200109425,13.49230631356463,-8817.53189379586,-8829.752660421314,11.02891425530891,-8818.723746166006,-133108.35221817187,22.073726144318655,-133086.27849202754
0.54,-8828.446017412129,9.184530006953498,-8819.261487405176,-8828.51545539278,9.905870761220452,-8818.60958463156,-8831.036904004994,13.504997368593145,-8817.5319066364,-8829.755706457081,11.03195778489562,-8818.723748672186,-133108.37916271202,22.100670601629027,-133086.2784921104
0.5405,-8828.44758096117,9.186106611957578,-8819.261474349212,-8828.519080070439,9.9124670554875,-8818.60661301495,-8831.04959502596,13.517688770654607,-8817.531906255304,-8829.758791593495,11.035040629225975,-8818.72375096427,-133108.40609445696,22.12760226381119,-133086.27849219315
0.541,-8828.449221280995,9.187738521418272,-8819.261482759577,-8828.525717166844,9.919099719980803,-8818.606617446863,-8831.062280801716,13.530380315696434,-8817.53190048602,-8829.755267290058,11.038161436917473,-8818.71710585314,-133108.43301203533,22.154519759478262,-133086.27849227586
0.5415,-8828.450915960255,9.189425660334328,-8819.261490299921,-8828.532373098316,9.925768543635352,-8818.606604554681,-8831.077545312824,13.54307177485805,-8817.534473537966,-8829.758434442463,11.041319814510516,-8818.717114627952,-133108.45991407667,22.18142171820803,-133086.27849235845
0.542,-8828.45264830965,9.191167941871468,-8819.261480367779,-8828.539076713505,9.932473346762887,-8818.606603366743,-8831.090236810627,13.555762914918652,-8817.534473895708,-8829.761434701863,11.044516422150117,-8818.716918279712,-133108.48679921162,22.208306770615472,-133086.278492441
0.5425,-8828.454451469364,9.192965252400935,-8819.261486216963,-8828.545823244038,9.939213952517013,-8818.60660929152,-8831.102917818012,13.568453532920614,-8817.534464285092,-8829.764690069142,11.047750918586988,-8818.716939150554,-133108.51366607187,22.235173548424378,-133086.27849252344
0.543,-8828.456304935398,9.194817505927464,-8819.26148742947,-8828.564093498173,9.945989963898135,-8818.618103534274,-8831.115611700001,13.581143420742709,-8817.534468279258,-8829.76794877428,11.051022899158788,-8818.716925875122,-133108.54051329033,22.26202068453887,-133086.27849260578
0.5435,-8828.458196309986,9.196724609195545,-8819.261471700791,-8828.570896533909,9.952801187691147,-8818.618095346217,-8831.12830367464,13.593832339591096,-8817.53447133505,-8829.767543462696,11.054330411619027,-8818.713213051078,-133108.56733950114,22.28884681311436,-133086.27849268803
0.544,-8828.460168508473,9.198686432082122,-8819.26148207639,-8828.57774081606,9.959647662006759,-8818.618093154053,-8831.114560274067,13.60652211405635,-8817.508038160011,-8829.77089372057,11.057673149424623,-8818.713220571146,-133108.5941433398,22.315650569626868,-133086.2784927702
0.5445,-8828.46218243021,9.20070287296779,-8819.261479557243,-8828.5846234836,9.966529194128443,-8818.618094289472,-8831.127246049824,13.619212477759795,-8817.508033572065,-8829.774262575093,11.061052401943652,-8818.71321017315,-133108.62092344317,22.342430590942197,-133086.27849285223
0.545,-8828.464260963383,9.202773829728798,-8819.261487133654,-8828.578449396076,9.97344568594925,-8818.605003710127,-8831.139718679371,13.631898268408957,-8817.507820410961,-8829.777676252308,11.06446782406177,-8818.713208428246,-133108.64767844955,22.369185515385297,-133086.27849293416
0.5455,-8828.466390279713,9.204899169984154,-8819.261491109728,-8828.585389522495,9.9803969477321,-8818.604992574763,-8831.152396348896,13.644579273279767,-8817.507817075617,-8829.79026379961,11.067915333943391,-8818.722348465666,-133108.6744069988,22.395913982808874,-133086.27849301597
0.546,-8828.468555835667,9.207078779816392,-8819.26147705585,-8828.570423749867,9.987382966954499,-8818.583040782913,-8831.165080217304,13.657258189271118,-8817.507822028034,-8829.788444665852,11.071408818273186,-8818.717035847578,-133108.70110773237,22.422614634661635,-133086.27849309772
0.5465,-8828.470801261845,9.209312567327894,-8819.261488694518,-8828.577424434605,9.994403561055027,-8818.58302087355,-8831.18154492754,13.669935149841862,-8817.511609777699,-8829.786363748493,11.074944997384577,-8818.711418751109,-133108.72777929335,22.449286114055987,-133086.2784931793
0.547,-8828.473086742344,9.211600408460068,-8819.261486333884,-8828.586429265919,10.001458222612257,-8818.584971043307,-8831.19421687502,13.682609984645858,-8817.511606890374,-8829.789943841877,11.078509562666282,-8818.71143427921,-133108.7544203266,22.475927065835158,-133086.27849326076
0.5475,-8828.47542157549,9.213942161952962,-8819.261479413537,-8828.593508628788,10.008546783975119,-8818.584961844814,-8831.206879762593,13.695282137405695,-8817.511597625187,-8829.793541578236,11.082109398069887,-8818.711432180166,-133108.7810294787,22.502536136640426,-133086.27849334208
0.548,-8828.477827218952,9.216337688106673,-8819.261489530845,-8828.59605541605,10.015669160213488,-8818.580386255837,-8831.219544080677,13.707951432903506,-8817.511592647774,-8829.797179368916,11.085744243486221,-8818.71143512543,-133108.80760539824,22.529111974977468,-133086.27849342325
0.5485,-8828.480272916737,9.218786838081655,-8819.261486078654,-8828.603204397145,10.022825124543772,-8818.5803792726,-8831.232214120808,13.720617724576764,-8817.51159639623,-8829.80083670992,11.089413795463885,-8818.711422914455,-133108.8341467356,22.55565323128367,-133086.27849350433
0.549,-8828.482767728749,9.221289486543103,-8819.261478242206,-8828.61467376131,10.030014470655887,-8818.584659290655,-8831.244883684101,13.733280836993657,-8817.511602847107,-8829.8023802318,11.093118350158472,-8818.709261881642,-133108.86065214325,22.582158557997005,-133086.27849358527
0.5495,-8828.4853297748,9.223845513329671,-8819.26148426147,-8828.621895460072,10.037236986004284,-8818.584658474067,-8831.25753560442,13.745940580830599,-8817.511595023589,-8829.806114820423,11.096857660655786,-8818.709257159768,-133108.88712027564,22.608626609623563,-133086.27849366603
0.55,-8828.4879437961,9.226454754996952,-8819.261489041104,-8828.624259618702,10.044492369789964,-8818.579767248912,-8831.27019896883,13.758596754511114,-8817.51160221432,-8829.80988564867,11.100630909748247,-8818.709254738922,-133108.91354978946,22.635056042804777,-133086.27849374665
0.5505,-8828.490592626515,9.229117058857934,-8819.261475567657,-8828.6315356769,10.051780446042827,-8818.579755230856,-8831.282851365986,13.771249200088036,-8817.511602165898,-8829.813710836353,11.104437819347144,-8818.709273017006,-133108.93993934352,22.661445516385022,-133086.27849382712
0.551,-8828.493316081944,9.23183230122547,-8819.261483780718,-8828.63885965723,10.059101044301537,-8818.579758612928,-8831.297066835346,13.783896753873389,-8817.513170081473,-8829.815857080403,11.108277798377667,-8818.707579282025,-133108.96628759892,22.68779369147893,-133086.27849390745
0.5515,-8828.496086744251,9.234600326134135,-8819.261486418118,-8828.646206048908,10.066453945704238,-8818.579752103204,-8831.300212053242,13.796536999326836,-8817.503675053915,-8829.821761278095,11.112151304563604,-8818.709609973532,-133108.99259321913,22.714099231538487,-133086.2784939876
0.552,-8828.498908904972,9.237420977419742,-8819.261487927553,-8828.64876141924,10.073839122418892,-8818.57492229682,-8831.31285395998,13.809170722507508,-8817.503683237474,-8829.825678972187,11.116058409652082,-8818.709620562535,-133109.01885487,22.740360802419758,-133086.27849406758
0.5525,-8828.501779941502,9.240294081609422,-8819.261485859892,-8828.65577855486,10.081256280229237,-8818.57452227463,-8831.325488714161,13.821800009930163,-8817.503688704232,-8829.83002438921,11.119998103866564,-8818.710026285344,-133109.04507121985,22.766577072450044,-133086.2784941474
0.553,-8828.504702714863,9.243219482644832,-8819.261483232218,-8828.663220313969,10.088705028392958,-8818.574515285576,-8831.325393823567,13.834426130892592,-8817.490967692675,-8829.84789100069,11.123971690400795,-8818.72391931029,-133109.07124093955,22.792746712495966,-133086.27849422707
0.5535,-8828.507685569706,9.246197025320877,-8819.261488544385,-8828.670711902561,10.096185242578407,-8818.574526659982,-8831.338009981098,13.847048884249874,-8817.490961096848,-8829.851897863331,11.12797904038688,-8818.723918822945,-133109.09736270254,22.818868396031302,-133086.27849430652
0.554,-8828.510705379429,9.249226531419668,-8819.26147884801,-8828.666506198826,10.103696292142304,-8818.562809906683,-8831.35063281435,13.859666663981713,-8817.490966150368,-8829.865154890003,11.132012930786008,-8818.733141959217,-133109.123435185,22.844940799204487,-133086.2784943858
0.5545,-8828.513787416401,9.252307855049837,-8819.261479561352,-8828.674046901646,10.111237981696807,-8818.562808919949,-8831.363248971882,13.87227929966729,-8817.490969672215,-8829.869750169697,11.136073946741915,-8818.733676222955,-133109.14945706583,22.87096260090137,-133086.27849446493
0.555,-8828.516921667042,9.255440811234678,-8819.261480855806,-8828.681619075718,10.118810512291052,-8818.562808563427,-8831.37585225481,13.88488660625029,-8817.49096564856,-8829.873836187306,11.140167402443868,-8818.733668784862,-133109.17542702664,22.896932482809973,-133086.27849454383
0.5555,-8828.520106462422,9.258625205653328,-8819.261481256768,-8828.692476896229,10.12641383068383,-8818.566063065546,-8831.388451246205,13.897488396035897,-8817.490962850168,-8829.877334264698,11.144291358880679,-8818.733042905818,-133109.20134375204,22.922849129492835,-133086.27849462253
0.556,-8828.52334680933,9.26186086540637,-8819.261485943924,-8828.700107244435,10.134047761308487,-8818.566059483126,-8831.40105166811,13.91008447907367,-8817.490967189036,-8829.881481317463,11.148445692140818,-8818.733035625322,-133109.22720592952,22.948711228457377,-133086.27849470105
0.5565,-8828.526634124699,9.26514760955098,-8819.261486515148,-8828.707779077473,10.141711894684738,-8818.566067182788,-8831.409942773762,13.922674845072512,-8817.48726792869,-8829.885678914967,11.152631159973254,-8818.733047754993,-133109.25301224962,22.974517470223375,-133086.2784947794
0.557,-8828.529971746388,9.268485273116958,-8819.261486473271,-8828.715456870976,10.149406004161897,-8818.566050866813,-8831.42252936739,13.935259318151388,-8817.487270049238,-8829.889896062794,11.156847620125578,-8818.733048442667,-133109.2787614059,23.0002665483905,-133086.2784948575
0.5575,-8828.533351568165,9.271873672893022,-8819.261477895272,-8828.723183778706,10.157129891806777,-8818.5660538869,-8831.43509879488,13.947837539259996,-8817.487261255621,-8829.898461488667,11.161110993877077,-8818.73735049479,-133109.30445209512,23.025957159705996,-133086.27849493542
0.558,-8828.536779550495,9.275312605992939,-8819.261466944503,-8828.730947164478,10.164883306445212,-8818.566063858034,-8831.4476801433,13.960409295484581,-8817.487270847814,-8829.901984838429,11.165422467671183,-8818.736562370757,-133109.33008301724,23.051588004132228,-133086.2784950131
0.5585,-8828.540278581562,9.27880186954577,-8819.261476712016,-8828.754245904865,10.172666316164317,-8818.581579588701,-8831.460250047627,13.97297438400592,-8817.487275663621,-8829.90632214922,11.169765905624107,-8818.736556243595,-133109.3556528755,23.077157784914238,-133086.27849509058
0.559,-8828.543823388996,9.282341257176714,-8819.26148213182,-8828.762059835377,10.180478716846942,-8818.58158111853,-8831.47279706377,13.985532619110272,-8817.48726444466,-8829.929826883259,11.17413855098668,-8818.755688332272,-133109.38116037648,23.102665208651143,-133086.27849516782
0.5595,-8828.54741516489,9.28593058655322,-8819.261484578337,-8828.767157463017,10.188319704640568,-8818.578837758376,-8831.48535981554,13.998083781819526,-8817.48727603372,-8829.934225229206,11.17854022579183,-8818.755685003414,-133109.40660423023,23.12810898536844,-133086.27849524486
0.56,-8828.551046995106,9.28956966329361,-8819.261477331813,-8828.775031951847,10.196189051423755,-8818.578842900424,-8831.497898248615,14.010627645130189,-8817.487270603486,-8829.938654569569,11.182972022518683,-8818.755682547051,-133109.43198315022,23.153487828581447,-133086.27849532163
0.5605,-8828.554733900013,9.293258277799065,-8819.261475622214,-8828.782922176304,10.204086828645703,-8818.578835347658,-8831.510435251179,14.023163998672075,-8817.487271252507,-8829.943106798115,11.187433866395772,-8818.755672931718,-133109.45729585356,23.1788004553573,-133086.2784953982
0.561,-8828.558491138401,9.296996214399716,-8819.261494924001,-8828.790855316105,10.212012818098547,-8818.578842498007,-8831.522957948628,14.03569258504146,-8817.487265363587,-8829.947600511494,11.191925687357152,-8818.755674824137,-133109.48254106092,23.204045586381238,-133086.27849547454
0.5615,-8828.562271980229,9.300783275948358,-8819.26148870428,-8828.7871748485,10.219966606726434,-8818.567208241773,-8831.535487321797,14.048213138676076,-8817.48727418312,-8829.952132371845,11.196447385435981,-8818.755684986409,-133109.50771749663,23.229221946022157,-133086.2784955506
0.562,-8828.566102174702,9.304619254125658,-8819.261482920576,-8828.795161155644,10.227947955265824,-8818.567213200378,-8831.54798903841,14.060725429613923,-8817.487263608797,-8829.956688550892,11.200998885659548,-8818.755689665233,-133109.53282388885,23.254328262399433,-133086.27849562644
0.5625,-8828.56999030489,9.308503912599118,-8819.26148639229,-8828.80317392725,10.235956805968168,-8818.567217121283,-8831.56048980135,14.073229187116908,-8817.487260614233,-8829.962070611897,11.205580006294412,-8818.756490605603,-133109.55785896946,23.279363267450506,-133086.27849570202
0.563,-8828.573916343632,9.312437040655222,-8819.261479302977,-8828.811208871784,10.24399294960439,-8818.56721592218,-8831.572989610615,14.085724140570758,-8817.487265470045,-8829.966683534565,11.21019072806734,-8818.756492806498,-133109.58282147435,23.30432569700369,-133086.27849577734
0.5635,-8828.577901987019,9.316418413468263,-8819.261483573551,-8828.819267896595,10.252056161652636,-8818.567211734942,-8831.585476545277,14.098210001198847,-8817.487266544078,-8829.971326021137,11.214831118905197,-8818.756494902233,-133109.60771014326,23.32921429084669,-133086.27849585243
0.564,-8828.581929353657,9.320447814238,-8819.261481539419,-8828.827357915821,10.260146204261423,-8818.56721171156,-8831.597952035847,14.110686466511087,-8817.487265569336,-8829.975203660908,11.219501419738652,-8818.75570224117,-133109.63252372,23.354027792783075,-133086.27849592722
0.5645,-8828.58600964922,9.324525018205126,-8819.261484631015,-8828.846433309498,10.268261236398505,-8818.5781720731,-8831.610423234883,14.123153224615141,-8817.487270010268,-8829.982534555378,11.224210350799346,-8818.758324204578,-133109.65726095246,23.37876495069142,-133086.27849600176
0.565,-8828.59013572115,9.328649791870276,-8819.261485929279,-8828.870544818821,10.276400812499046,-8818.594144006322,-8831.622872499409,14.135609965734469,-8817.487262533674,-8829.98726764101,11.228957554620077,-8818.75831008639,-133109.68192059261,23.40342451659488,-133086.27849607603
0.5655,-8828.594298986378,9.33282190335242,-8819.261477083026,-8828.882068304005,10.284566345532452,-8818.597501958473,-8831.626450685444,14.148056471934462,-8817.47839421351,-8829.992046026173,11.23373428896749,-8818.758311737205,-133109.70650139675,23.428005246731786,-133086.27849615001
0.566,-8828.598528055134,9.337041115730973,-8819.261486939404,-8828.895002511921,10.292757719485138,-8818.602244792435,-8831.638895181599,14.16049241888459,-8817.478402762714,-8829.996652749958,11.238540598558766,-8818.7581121514,-133109.73100212534,23.45250590162123,-133086.2784962237
0.5665,-8828.602788356724,9.34130719984797,-8819.261481156876,-8828.90321793932,10.300974632423978,-8818.602243306896,-8831.651312974873,14.17291734963909,-8817.478395625234,-8830.001499799671,11.243376480963152,-8818.758123318708,-133109.7554215433,23.476925246131998,-133086.27849629716
0.567,-8828.607104209843,9.345619914736615,-8819.261484295106,-8828.900887636128,10.309217838545429,-8818.591669797583,-8831.663731721821,14.185330923406486,-8817.478400798414,-8830.00675883669,11.248241976076027,-8818.758516860613,-133109.77975841984,23.501262049549386,-133086.2784963703
0.5675,-8828.611472991886,9.349978998776745,-8819.26149399311,-8828.909155277195,10.317487122098921,-8818.591668155097,-8831.676126626911,14.197732825341774,-8817.47839380157,-8830.011650709095,11.253137047507913,-8818.758513661587,-133109.8040115288,23.525515085639405,-133086.27849644315
0.568,-8828.615866331043,9.354384209934015,-8819.26148212111,-8828.917439845982,10.325781344061351,-8818.59165850192,-8831.688515809956,14.210122632848828,-8817.478393177107,-8830.016582635822,11.258061531513635,-8818.75852110431,-133109.8281796484,23.549683132715753,-133086.2784965157
0.5685,-8828.620317605915,9.358835331460991,-8819.261482274454,-8828.92575779337,10.334100252330469,-8818.59165754104,-8831.700904039326,14.222499927456425,-8817.47840411187,-8830.022640851917,11.263022243544759,-8818.759618608372,-133109.85226156164,23.573764973709302,-133086.27849658794
0.569,-8828.624813226643,9.363332111482446,-8819.26148111516,-8828.934112457218,10.34244359455149,-8818.591668862668,-8831.71326651949,14.234864331929444,-8817.47840218756,-8830.027636674824,11.268019044960546,-8818.759617629863,-133109.87625605613,23.59775939623977,-133086.27849665988
0.5695,-8828.629362014713,9.367874274704727,-8819.261487740008,-8828.942479518833,10.350811135470373,-8818.591668383364,-8831.72561946291,14.247215421273477,-8817.478404041636,-8830.032654909077,11.273045009208259,-8818.75960989987,-133109.9001619242,23.621665192675245,-133086.2784967315
0.57,-8828.633944896641,9.372461573582815,-8819.261483323058,-8828.950859931889,10.359202618853192,-8818.591657313036,-8831.73795571703,14.259552757590091,-8817.47840295944,-8830.037524370136,11.278099648935365,-8818.759424721202,-133109.92397796304,23.645481160197228,-133086.27849680284
0.5705,-8828.63859286684,9.377093736346445,-8819.261499130494,-8828.965860275212,10.367617000135596,-8818.598243275075,-8831.750264314594,14.271875942028657,-8817.478388372565,-8830.037021783772,11.283184161333573,-8818.753837622438,-133109.94770297472,23.669206100893003,-133086.27849687383
0.571,-8828.643256572666,9.38177049655868,-8819.261486076108,-8828.97158065218,10.37605399659406,-8818.595526655587,-8831.762583879414,14.284184531036875,-8817.478399348376,-8830.02728000063,11.288299096080875,-8818.738980904549,-133109.97133576634,23.69283882184676,-133086.2784969445
0.5715,-8828.647973922672,9.386491623949407,-8819.261482298723,-8828.980038789692,10.384514171756333,-8818.595524617936,-8831.774876741352,14.29647803532552,-8817.478398706027,-8830.032446054402,11.293443412128456,-8818.739002642273,-133109.99487515006,23.71637813522377,-133086.27849701484
0.572,-8828.652742294254,9.391256850667116,-8819.261485443587,-8828.988513616505,10.392997334689124,-8818.595516281815,-8831.787155775013,14.30875599667528,-8817.478399778338,-8830.024850038471,11.298618709880865,-8818.72623132859,-133110.01831994322,23.739822858360967,-133086.27849708486
0.5725,-8828.657553104344,9.396065912106671,-8819.261487192238,-8828.997023967686,10.401503234619305,-8818.595520733066,-8831.799413827839,14.32101795477597,-8817.478395873062,-8830.031769422474,11.30382891036776,-8818.727940512106,-133110.04166896836,23.763171813861085,-133086.2784971545
0.573,-8828.662403253498,9.40091851937288,-8819.261484734125,-8829.013209489765,10.410031812328338,-8818.603177677436,-8831.811665681782,14.333263402410203,-8817.478402279372,-8830.028839734974,11.309068345146258,-8818.719771389828,-133110.0649210535,23.786423829688815,-133086.27849722383
0.5735,-8828.667297986927,9.405814410248606,-8819.261483576678,-8829.026428369465,10.418582791163912,-8818.6078455783,-8831.823890832844,14.345491841933429,-8817.47839899091,-8830.03410592455,11.31433312229091,-8818.719772802258,-133110.08807503202,23.80957773927127,-133086.27849729275
0.574,-8828.672238735142,9.410753320874342,-8819.261485414268,-8829.022157815876,10.427155570893213,-8818.595002244983,-8831.836089757862,14.357703892810882,-8817.478385865052,-8830.040136007252,11.319627180055257,-8818.720508827197,-133110.1111297429,23.83263238160194,-133086.2784973613
0.5745,-8828.677213815632,9.415734954646847,-8819.261478860984,-8829.030753759327,10.43574991026775,-8818.59500384906,-8831.848285821858,14.369899010998829,-8817.478386810859,-8830.04546370882,11.32495048943056,-8818.72051321939,-133110.13408403084,23.855586601345664,-133086.2784974295
0.575,-8828.682245162907,9.420759043987587,-8819.26148611892,-8829.039344934406,10.444365719273176,-8818.594979215133,-8831.860454706135,14.38207557732959,-8817.478379128805,-8830.05081477541,11.330303091466453,-8818.720511683943,-133110.15693674627,23.878439248943614,-133086.27849749732
0.5755,-8828.687315610829,9.42582531163843,-8819.26149029919,-8829.047998575154,10.453002726815512,-8818.594995848338,-8831.872616914692,14.394233047500439,-8817.478383867192,-8830.056193021717,11.335684954798062,-8818.72050806692,-133110.17968674545,23.901189180716795,-133086.27849756472
0.576,-8828.692424444142,9.430933464076773,-8819.261490980065,-8829.056651500645,10.461660665746676,-8818.594990834898,-8831.884755281391,14.406370905539413,-8817.478384375852,-8830.062695173207,11.34109560619176,-8818.721599567014,-133110.20233289074,23.923835258965497,-133086.27849763178
0.5765,-8828.697572854939,9.43608322412496,-8819.261489630813,-8829.065325168553,10.470339320852617,-8818.5949858477,-8831.896865991535,14.418488647413536,-8817.478377344121,-8830.06814113039,11.34653499748301,-8818.721606132907,-133110.22487405044,23.946376352062174,-133086.27849769837
0.577,-8828.702764657917,9.441274315703042,-8819.261490342215,-8829.07405915636,10.4790381689189,-8818.595020987443,-8831.891663221302,14.430583290154962,-8817.461079931147,-8830.073601392689,11.352003503626957,-8818.721597889062,-133110.24730909913,23.968811334535108,-133086.27849776458
0.5775,-8828.707982925358,9.446506453445675,-8819.261476471913,-8829.078898815098,10.48775673815597,-8818.591142076943,-8831.90372958559,14.442654200670354,-8817.461075384921,-8830.079681066456,11.357501090182197,-8818.722179976274,-133110.26963691754,23.99113908713907,-133086.2784978304
0.578,-8828.713267473164,9.451779336559397,-8819.261488136604,-8829.08763041872,10.496495036303312,-8818.591135382418,-8831.919164804402,14.45470167444523,-8817.464463129956,-8830.085215238514,11.363027696952749,-8818.722187541562,-133110.2918563927,24.013358496906726,-133086.27849789578
0.5785,-8828.718580154362,9.457092661680758,-8819.26148749268,-8829.096388009968,10.505252981637884,-8818.59113502833,-8831.931177286091,14.466725188370562,-8817.46445209772,-8830.090774682942,11.368583273466763,-8818.722191409475,-133110.31396641795,24.03546845718543,-133086.27849796077
0.579,-8828.723937658253,9.462446151498812,-8819.261491506753,-8829.115217832508,10.514029990138376,-8818.60118784237,-8831.943185953083,14.47872574905786,-8817.464460204026,-8830.096891550007,11.374169232825109,-8818.722722317181,-133110.335965893,24.057467867658442,-133086.27849802535
0.5795,-8828.72932591814,9.467839501452833,-8819.261486416688,-8829.129421857777,10.522825770522205,-8818.606596087255,-8831.948280481281,14.49070276317683,-8817.457577718105,-8830.096179155293,11.379785198464013,-8818.716393956829,-133110.35785372384,24.079355634341475,-133086.2784980895
0.58,-8828.734753517094,9.473272424292833,-8819.2614810928,-8829.138241437855,10.531640360191115,-8818.606601077663,-8831.960228113117,14.502655674948038,-8817.45757243817,-8830.110456613484,11.38542574189812,-8818.725030871585,-133110.3796288228,24.101130669556213,-133086.27849815323
0.5805,-8828.74021926302,9.478744632778085,-8819.261474630242,-8829.147084859791,10.540473526253912,-8818.606611333536,-8831.972158101978,14.51458397306241,-8817.457574128915,-8830.112708238545,11.391097534832753,-8818.721610703711,-133110.40129010848,24.122791891882464,-133086.2784982166
0.581,-8828.745739368382,9.48425579752266,-8819.26148357086,-8829.156914857807,10.54932465625226,-8818.607590201555,-8831.984063295307,14.526487142769287,-8817.457576152538,-8830.118207124653,11.396804793718307,-8818.721402330935,-133110.42283650566,24.144338226090888,-133086.27849827957
0.5815,-8828.75129881281,9.489805617598515,-8819.26149319521,-8829.165768293324,10.558193473170386,-8818.607574820153,-8832.002537397328,14.538365704585626,-8817.464171692742,-8830.122865346852,11.402540752608129,-8818.720324594244,-133110.4442669452,24.165768603059256,-133086.27849834214
0.582,-8828.75687947649,9.495393787497612,-8819.261485688992,-8829.174667505207,10.567080062694519,-8818.607587442513,-8832.014396337452,14.5502190995078,-8817.464177237944,-8830.11307635683,11.40829914595771,-8818.704777210873,-133110.46558036405,24.187081959677833,-133086.27849840437
0.5825,-8828.76250567812,9.501019990712415,-8819.261485687408,-8829.183567670765,10.57598418160864,-8818.607583489156,-8832.049186853352,14.562040801942596,-8817.48714605141,-8830.11844077486,11.414079364385376,-8818.704361410475,-133110.48677570498,24.208277238749275,-133086.27849846624
0.583,-8828.7681671657,9.506683930996822,-8819.261483234703,-8829.192494539204,10.584905543568484,-8818.607588995636,-8832.060985711994,14.573830275644788,-8817.487155436349,-8830.12424483675,11.419887243778073,-8818.704357592973,-133110.50785191663,24.229353388889038,-133086.27849852774
0.5835,-8828.773869184437,9.512385304279857,-8819.261483880156,-8829.206177381458,10.593843888149957,-8818.612333493309,-8832.063564447346,14.585592309290833,-8817.477972138055,-8830.13008418459,11.425723491233025,-8818.704360693357,-133110.52880795335,24.250309364434234,-133086.27849858892
0.584,-8828.7796138801,9.518123790039118,-8819.26149009006,-8829.21513047594,10.602798942707501,-8818.612331533233,-8832.07529082674,14.597326417090878,-8817.477964409649,-8830.138546136799,11.4315884972679,-8818.706957639532,-133110.5496427751,24.271144125365716,-133086.2784986497
0.5845,-8828.785386709156,9.523899079607666,-8819.261487629548,-8829.225086358967,10.611770391842294,-8818.613315967124,-8832.087001947346,14.609031745753592,-8817.477970201593,-8830.14444556612,11.437482161377355,-8818.706963404744,-133110.57035534747,24.29185663724855,-133086.27849871022
0.585,-8828.791189340534,9.52971088005228,-8819.261478460483,-8829.237249044361,10.620758150807543,-8818.616490893553,-8832.098675874653,14.620707806018395,-8817.477968068635,-8830.150079397145,11.443403595285869,-8818.70667580186,-133110.5909446416,24.312445871198072,-133086.27849877038
0.5855,-8828.79703774828,9.535558862458121,-8819.26147888582,-8829.24623980898,10.629761956384577,-8818.616477852594,-8832.11032119173,14.632354065875088,-8817.477967125855,-8830.156027463856,11.449352648329695,-8818.706674815527,-133110.6114096341,24.332910803875006,-133086.27849883022
0.586,-8828.802936462345,9.541442685812811,-8819.261493776532,-8829.294736055317,10.63878182039409,-8818.655954234922,-8832.121929792347,14.643970066509157,-8817.477959725838,-8830.16199031252,11.45532942982065,-8818.706660882699,-133110.6317493072,24.35325041751112,-133086.2784988897
0.5865,-8828.808845189991,9.54736204061658,-8819.261483149374,-8829.303774980488,10.647817418490758,-8818.655957561998,-8832.133520749989,14.655555323602977,-8817.477965426386,-8830.16801562685,11.461333780643837,-8818.706681846206,-133110.65196264882,24.373463699965704,-133086.27849894884
0.587,-8828.81479039568,9.553316618696236,-8819.261473776984,-8829.311485437336,10.656867551234626,-8818.6546178861,-8832.137592462483,14.667110107574404,-8817.47048235491,-8830.182174829426,11.46736482339664,-8818.71481000603,-133110.67204865246,24.39354964481149,-133086.27849900763
0.5875,-8828.820788053456,9.559306104866561,-8819.26148194859,-8829.321602968159,10.665931918630113,-8818.65567104953,-8832.149110940876,14.678633979308747,-8817.470476961567,-8830.189761308613,11.4734227724435,-8818.71633853617,-133110.69200631752,24.41350725144618,-133086.27849906607
0.588,-8828.826814798298,9.565330153222858,-8819.261484645076,-8829.330688623371,10.675010675201818,-8818.655677948169,-8832.154774812641,14.690127006122788,-8817.464647806519,-8830.208388475361,11.479492776482076,-8818.72889569888,-133110.71183464938,24.433335525226383,-133086.27849912416
0.5885,-8828.832875398579,9.571388427187216,-8819.261486971393,-8829.33978667635,10.684103595698751,-8818.655683080651,-8832.166225580158,14.70158876926288,-8817.464636810895,-8830.214322236958,11.485574101122745,-8818.728748135834,-133110.73153265944,24.453033477619574,-133086.27849918182
0.589,-8828.838961748066,9.577480621273413,-8819.261481126792,-8829.348888544026,10.69321042828145,-8818.655678115743,-8832.177652505818,14.71301757792141,-8817.464634927896,-8830.220418123188,11.491681875538985,-8818.728736247649,-133110.75109936544,24.47260012636577,-133086.27849923907
0.5895,-8828.845092681828,9.583606397251927,-8819.261486284577,-8829.356671003285,10.702331074863288,-8818.654339928422,-8832.192818788471,14.724412119179465,-8817.468406669292,-8830.22658076662,11.49781578794829,-8818.728764978672,-133110.7705337916,24.492034495643786,-133086.27849929596
0.59,-8828.851255086842,9.589765425584769,-8819.261489661258,-8829.365801958027,10.711465255798883,-8818.654336702228,-8832.250940469685,14.735771980125007,-8817.515168489559,-8830.232721952381,11.503975632275422,-8818.728746320106,-133110.78983496863,24.511335616238355,-133086.2784993524
0.5905,-8828.857434419575,9.595957412681386,-8819.261477006894,-8829.390523103657,10.720612800995438,-8818.669910302662,-8832.262254861775,14.747097846981099,-8817.515157014794,-8830.236088899555,11.510160724755625,-8818.7259281748,-133110.8090019341,24.53050252570253,-133086.2784994084
0.591,-8828.863669303837,9.602182017881395,-8819.261487285956,-8829.396598962727,10.729773496913172,-8818.666825465814,-8832.273549703541,14.758389431462346,-8817.515160272078,-8830.242306856098,11.51637089551942,-8818.72593596058,-133110.82803373245,24.54953426851133,-133086.27849946395
0.5915,-8828.869926361027,9.608438872878297,-8819.26148748815,-8829.397692827168,10.738946848112779,-8818.658745979055,-8832.284806398335,14.769646383339081,-8817.515160014995,-8830.248522428456,11.52260644640064,-8818.725915982055,-133110.84692941525,24.568429896203735,-133086.27849951904
0.592,-8828.87620821375,9.614727658501671,-8819.261480555248,-8829.406879571858,10.748132516954023,-8818.658747054904,-8832.296031145039,14.780868367600405,-8817.515162777438,-8830.254794267597,11.528867159199322,-8818.725927108399,-133110.8656880412,24.58718846751109,-133086.2784995737
0.5925,-8828.882534889164,9.621048044034985,-8819.26148684513,-8829.420258668843,10.757330177272799,-8818.662928491569,-8832.307222989979,14.79205507693171,-8817.515167913047,-8830.261079935017,11.535152801597523,-8818.725927133419,-133110.88430867632,24.605809048471617,-133086.27849962786
0.593,-8828.888892320576,9.627399687372321,-8819.261492633204,-8829.429470209065,10.766539539020194,-8818.662930670045,-8832.315081266346,14.803204997694507,-8817.511876268652,-8830.265773920002,11.541467380693994,-8818.724306539309,-133110.90279039406,24.624290712531078,-133086.27849968153
0.5935,-8828.895270255985,9.633782262511481,-8819.261487993474,-8829.438692239704,10.775760282708607,-8818.662931956997,-8832.326194909992,14.814317837437594,-8817.511877072555,-8830.27384009737,11.547809406060473,-8818.72603069131,-133110.92113227534,24.642632540630007,-133086.2784997347
0.594,-8828.901693967762,9.640195438772096,-8819.26149852899,-8829.447909501972,10.784992093225052,-8818.662917408747,-8832.337273744526,14.825394537262058,-8817.511879207264,-8830.280205873432,11.554174445747005,-8818.726031427685,-133110.9393334087,24.660833621271003,-133086.2784997874
0.5945,-8828.90812077898,9.64663888803762,-8819.261481890942,-8829.457166818562,10.794234666815225,-8818.662932151747,-8832.348315862599,14.836434801805188,-8817.511881060793,-8830.286589769306,11.560563620950141,-8818.726026148357,-133110.9573928902,24.678893050570373,-133086.27849983965
0.595,-8828.91460934061,9.653112255613197,-8819.261497084997,-8829.466415552082,10.803487722961211,-8818.66292782912,-8832.359314111653,14.84743837506639,-8817.511875736585,-8830.293673662129,11.566967700392869,-8818.726705961735,-133110.97530982367,24.696809932301672,-133086.27849989137
0.5955,-8828.921097902241,9.659615205104885,-8819.261482697137,-8829.47568145174,10.812750966074336,-8818.662930485667,-8832.379659322682,14.858404829440191,-8817.521254493242,-8830.30009665865,11.573386526849864,-8818.7267101318,-133110.99308332053,24.71458337792898,-133086.2784999426
0.596,-8828.927631048145,9.666147406257815,-8819.261483641887,-8829.504449514332,10.822024132535896,-8818.682425381796,-8832.390576509419,14.869333935062924,-8817.521242574356,-8830.306540636006,11.579828819320515,-8818.726711816686,-133111.0107125,24.732212506633502,-133086.27849999335
0.5965,-8828.934192327442,9.672708501386957,-8819.261483826056,-8829.513740209522,10.831306917220138,-8818.682433292302,-8832.40147605318,14.88022568037209,-8817.521250372809,-8830.31219115633,11.586294017393826,-8818.725897138936,-133111.0281964889,24.749696445333143,-133086.27850004358
0.597,-8828.940784601155,9.679298153823222,-8819.26148644733,-8829.523029951039,10.840598997899495,-8818.682430953138,-8832.409084466877,14.891078252103267,-8817.518006214774,-8830.328251985493,11.592788651247158,-8818.735463334246,-133111.04553442204,24.767034328695395,-133086.27850009335
0.5975,-8828.947394279423,9.685916044154963,-8819.261478235268,-8829.54822745699,10.849900463502095,-8818.698326993488,-8832.419888643208,14.901891479227713,-8817.51799716398,-8830.334386018696,11.599312217967443,-8818.735073800728,-133111.06272544173,24.78422529914613,-133086.2785001426
0.598,-8828.954040912571,9.69256182072166,-8819.261479091849,-8829.557542947712,10.859211032109366,-8818.698331915602,-8832.430672792378,14.912666797626684,-8817.51800599475,-8830.341880945149,11.60585767407538,-8818.736023271073,-133111.07976869823,24.801268506875374,-133086.27850019134
0.5985,-8828.96071925539,9.699235119676853,-8819.261484135714,-8829.566862253132,10.86853003630915,-8818.698332216823,-8832.441410211506,14.923404045283322,-8817.518006166223,-8830.348531392994,11.612425399383078,-8818.73610599361,-133111.09666334945,24.818163109840754,-133086.27850023963
0.599,-8828.967423108998,9.70593560909018,-8819.261487499907,-8829.56937613863,10.877857423413218,-8818.691518715217,-8832.45882668871,14.934102777792567,-8817.524723910918,-8830.35512462038,11.619014992876387,-8818.736109627504,-133111.11340856118,24.834908273769656,-133086.27850028742
0.5995,-8828.974148420277,9.712662949313309,-8819.261485470963,-8829.57562318224,10.887192980769708,-8818.68843020147,-8832.469480661335,14.944762841965407,-8817.52471781937,-8830.361733583393,11.625625902676173,-8818.736107680717,-133111.13000350684,24.851503172160918,-133086.27850033468
0.6,-8828.980907110157,9.719416796489446,-8819.261490313667,-8829.581454423847,10.896536396692808,-8818.684918027155,-8832.480098871174,14.955384396606824,-8817.524714474568,-8830.3678971805,11.632258050092048,-8818.735639130407,-133111.14644736776,24.86794698628658,-133086.27850038148
0.6005,-8828.987686065617,9.726196802080395,-8819.261489263536,-8829.590814260426,10.905887280980306,-8818.684926979446,-8832.459364561024,14.965968266023093,-8817.493396295,-8830.374550012531,11.638911135593649,-8818.735638876939,-133111.16273933297,24.884238905194252,-133086.27850042778
0.601,-8828.994486001911,9.733002622835736,-8819.261483379076,-8829.600167898121,10.915245105730781,-8818.68492279239,-8832.469910768452,14.976514289975842,-8817.493396478476,-8830.381224779072,11.64558461454951,-8818.735640164523,-133111.1788785993,24.900378125710283,-133086.2785004736
0.6015,-8829.001314310017,9.739833924601019,-8819.261480385416,-8829.585342554035,10.92460980377279,-8818.660732750262,-8832.480420736256,14.987021406593346,-8817.493399329662,-8830.387911943379,11.652278167946317,-8818.735633775432,-133111.19486437135,24.91636385244371,-133086.2785005189
0.602,-8829.008173850956,9.746690351729308,-8819.261483499227,-8829.594703821125,10.933981067633674,-8818.660722753491,-8832.49462714571,14.997491162838836,-8817.49713598287,-8830.39462008852,11.65899148509844,-8818.735628603421,-133111.21069586155,24.932195297791495,-133086.27850056376
0.6025,-8829.015060094776,9.753571543112772,-8819.261488551663,-8829.587199834767,10.943360515103599,-8818.643839319662,-8832.505054620686,15.007923464304016,-8817.497131156382,-8830.403669504109,11.665723806903632,-8818.737945697205,-133111.22637229005,24.947871681944648,-133086.2785006081
0.603,-8829.021958736363,9.760477178655036,-8819.261481557707,-8829.596591142597,10.952747871087388,-8818.64384327151,-8832.515454915943,15.018316584394222,-8817.49713833155,-8830.413080362263,11.672478313205481,-8818.740602049058,-133111.24189288486,24.96339223289648,-133086.27850065197
0.6035,-8829.028893617573,9.767406928051425,-8819.261486689522,-8829.605981019917,10.962140691477781,-8818.64384032844,-8832.522538331928,15.028670485965074,-8817.493867845964,-8830.419852403584,11.679255099856078,-8818.740597303728,-133111.25725688177,24.97875618645375,-133086.2785006953
0.604,-8829.035840181294,9.774360414845777,-8819.261479766448,-8829.615376619282,10.971538667278022,-8818.643837952004,-8832.532853750172,15.038985078475218,-8817.493868671696,-8830.426656869831,11.686050294300978,-8818.74060657553,-133111.27246352445,24.99396278624757,-133086.2785007382
0.6045,-8829.042823223057,9.781337290448239,-8819.26148593261,-8829.624783185902,10.980941519342775,-8818.643841666559,-8832.543131021443,15.049260237138379,-8817.493870784305,-8830.433464197102,11.692863557869979,-8818.740600639232,-133111.28751206433,25.009011283743934,-133086.27850078058
0.605,-8829.049823430958,9.788337220539107,-8819.261486210418,-8829.634195474568,10.99034891967916,-8818.643846554889,-8832.553364900532,15.059495890214482,-8817.493869010317,-8830.441918519917,11.699694730324161,-8818.742223789592,-133111.30240176074,25.02390093825578,-133086.2785008225
0.6055,-8829.056849864903,9.795359844524537,-8819.261490020379,-8829.643613962116,10.999760551058749,-8818.643853411058,-8832.563564447346,15.069691952102788,-8817.493872495243,-8830.448772577229,11.706543433757071,-8818.742229143472,-133111.31713188085,25.038631016957037,-133086.27850086387
0.606,-8829.063898233357,9.802404835361543,-8819.261493397995,-8829.653016237202,11.009176140102962,-8818.643840097098,-8832.573719648304,15.079848361449544,-8817.493871286855,-8830.455637601795,11.71340917459932,-8818.742228427196,-133111.33170169967,25.053200794898828,-133086.27850090477
0.6065,-8829.07095852274,9.809471850729551,-8819.26148667201,-8829.662441400471,11.018595356225266,-8818.643846044246,-8832.583832887593,15.089965084435256,-8817.493867803158,-8830.462253240528,11.720294836299068,-8818.741958404229,-133111.34611050022,25.067609555026106,-133086.2785009452
0.607,-8829.07804789919,9.816560530889912,-8819.2614873683,-8829.671875146809,11.028017881187845,-8818.64385726562,-8832.593914178791,15.100042051107408,-8817.493872127683,-8830.459713128987,11.727201002309027,-8818.732512126677,-133111.3603575733,25.081856588193645,-133086.27850098512
0.6075,-8829.085162786427,9.823670534383666,-8819.261492252042,-8829.681279329243,11.037443440571344,-8818.643835888672,-8832.603953031483,15.110079177122131,-8817.49387385436,-8830.466631082478,11.734124172875333,-8818.732506909602,-133111.37444221773,25.095941193182366,-133086.27850102456
0.608,-8829.092289117756,9.830801510127799,-8819.261487607628,-8829.701731351795,11.04687146393581,-8818.65485988786,-8832.61394229311,15.120076433746455,-8817.493865859364,-8830.473860410633,11.741062968073138,-8818.73279744256,-133111.3883637402,25.109862676716077,-133086.2785010635
0.6085,-8829.099436906758,9.837953118418586,-8819.26148378834,-8829.703330186787,11.056301535349714,-8818.647028651438,-8832.623895315113,15.130033771049778,-8817.493861544064,-8830.480987695637,11.748017214772624,-8818.732970480864,-133111.40212145538,25.1236203534787,-133086.27850110192
0.609,-8829.106617120686,9.845125008904505,-8819.261492111782,-8829.71275964159,11.065733604356293,-8818.647026037233,-8832.633816865864,15.139951131199702,-8817.493865734665,-8830.487950471821,11.754986703413286,-8818.732963768407,-133111.41571468598,25.13721354613192,-133086.27850113984
0.6095,-8829.113805917683,9.852316832237445,-8819.261489085446,-8829.72220149416,11.075167463782131,-8818.647034030379,-8832.643701700154,15.149828466751043,-8817.493873233403,-8830.49431338686,11.76197093223643,-8818.732342454623,-133111.42914276262,25.150641585333474,-133086.2785011773
0.61,-8829.121013311329,9.859528254695109,-8819.261485056633,-8829.731630472126,11.084602829447036,-8818.647027642679,-8832.653540758076,15.159665698681328,-8817.493875059394,-8830.499807504597,11.7689696031711,-8818.730837901427,-133111.442405024,25.163903809755894,-133086.27850121423
0.6105,-8829.128245500508,9.866758932716559,-8819.261486567792,-8829.741071847859,11.09403938741536,-8818.647032460443,-8832.66332402605,15.169462773672883,-8817.493861252378,-8830.506817964497,11.775982308219294,-8818.730835656277,-133111.45550081678,25.176999566105696,-133086.27850125066
0.611,-8829.135493425312,9.874008518451397,-8819.261484906861,-8829.750507501545,11.103476827321673,-8818.647030674223,-8832.67308822054,15.17921964185875,-8817.49386857868,-8830.513843206349,11.783008633017994,-8818.73083457333,-133111.46842949576,25.189928209142103,-133086.2785012866
0.6115,-8829.14276614565,9.881276658436594,-8819.261489487213,-8829.759947446766,11.11291485439311,-8818.647032592373,-8832.68280663866,15.18893626359423,-8817.493870375067,-8830.515006212177,11.790044596905139,-8818.724961615273,-133111.48119042374,25.202689101687497,-133086.27850132206
0.612,-8829.150050310078,9.888563017228773,-8819.26148729285,-8829.769384530964,11.122353172264292,-8818.6470313587,-8832.721878198567,15.198607601127184,-8817.52327059744,-8830.522060064259,11.797089775282968,-8818.724970288977,-133111.49378297164,25.21528161464468,-133086.27850135698
0.6125,-8829.157358316364,9.895867247526308,-8819.261491068839,-8829.778810647907,11.131791471908784,-8818.647019175998,-8832.731516984883,15.208233566534371,-8817.523283418348,-8830.529113439503,11.804147376984517,-8818.724966062518,-133111.50620651845,25.22770512702673,-133086.2785013914
0.613,-8829.164675859394,9.903189021711682,-8819.261486837682,-8829.804486898365,11.141229739274666,-8818.66325715909,-8832.741085199299,15.217819077339916,-8817.52326612196,-8830.536174920979,11.811217052809255,-8818.72495786817,-133111.5184604513,25.239959025980994,-133086.27850142532
0.6135,-8829.172011522236,9.910527999318287,-8819.261483522918,-8829.815037874165,11.150667683687928,-8818.664370190478,-8832.750641492787,15.227364075088438,-8817.523277417698,-8830.542636064472,11.818298477170394,-8818.724337587302,-133111.53054416555,25.25204270680931,-133086.27850145873
0.614,-8829.179364351216,9.917883809804655,-8819.26148054141,-8829.824491170826,11.160104645231387,-8818.664386525596,-8832.760137704792,15.236868479005725,-8817.523269225787,-8830.54708304781,11.825396562506427,-8818.721686485304,-133111.54245706464,25.263955572989577,-133086.27850149164
0.6145,-8829.186745313587,9.9252561147544,-8819.261489198832,-8829.833925394001,11.169540292147179,-8818.664385101854,-8832.760498193684,15.24633284857059,-8817.514165345114,-8830.554975179615,11.83251078294323,-8818.722464396673,-133111.55419856025,25.27569703619413,-133086.27850152407
0.615,-8829.194131998005,9.932644566676288,-8819.26148743133,-8829.847464231434,11.178974504558921,-8818.668489726875,-8832.769909528675,15.255757110991649,-8817.514152417683,-8830.562097696247,11.839635516662304,-8818.722462179585,-133111.56576807224,25.287266516310666,-133086.27850155593
0.6155,-8829.201533941212,9.940048847462913,-8819.26148509375,-8829.85689654726,11.188406991768542,-8818.668489555492,-8832.779297975483,15.265140522522955,-8817.51415745296,-8830.5692435779,11.846770542296678,-8818.722473035603,-133111.57716502878,25.298663441467106,-133086.2785015873
0.616,-8829.208951620045,9.947468633224641,-8819.26148298682,-8829.866317418995,11.19783729456081,-8818.668480124434,-8832.788644937458,15.274482986776606,-8817.514161950681,-8830.57637658495,11.853915493950552,-8818.722461091,-133111.58838886622,25.30988724804557,-133086.2785016182
0.6165,-8829.216386941853,9.95490357222971,-8819.261483369623,-8829.875752119007,11.207265070988267,-8818.668487048019,-8832.797945169392,15.283784421497575,-8817.514160747894,-8830.58353629488,11.861070010529936,-8818.722466284351,-133111.5994390292,25.32093738069789,-133086.2785016485
0.617,-8829.22384086031,9.962353318159666,-8819.26148754215,-8829.885177759114,11.216690019782968,-8818.66848773933,-8832.807202962818,15.293044712050571,-8817.514158250768,-8830.590698865833,11.868233723285298,-8818.722465142548,-133111.61031497072,25.331813292366725,-133086.27850167835
0.6175,-8829.231303361836,9.969817529799432,-8819.261485832036,-8829.89460339922,11.226111843111712,-8818.668491556107,-8832.816427854481,15.302263748735195,-8817.514164105745,-8830.586780218067,11.875411456858968,-8818.711368761209,-133111.62101615197,25.342514444302235,-133086.27850170768
0.618,-8829.238779214802,9.977295864213081,-8819.261483350589,-8829.904033807697,11.23553022003038,-8818.668503587667,-8832.825601724568,15.311441452428292,-8817.51416027214,-8830.593546060505,11.882602894285583,-8818.71094316622,-133111.63154204254,25.353040306075975,-133086.27850173647
0.6185,-8829.246272233906,9.984787995381811,-8819.261484238525,-8829.913425115528,11.244944862511101,-8818.668480253018,-8832.834746984425,15.32057772179029,-8817.514169262635,-8830.600957540455,11.889807978326917,-8818.711149562128,-133111.64189212033,25.363390355592728,-133086.27850176473
0.619,-8829.253780511799,9.992293598356053,-8819.261486913443,-8829.922847417774,11.254355431581148,-8818.668491986193,-8832.843829301777,15.329672425071042,-8817.514156876707,-8830.601172594013,11.897019450544988,-8818.704153143468,-133111.6520658716,25.373564079100696,-133086.2785017925
0.6195,-8829.261302141133,9.999812330764817,-8819.261489810367,-8829.932255414906,11.26376160731565,-8818.66849380759,-8832.84726348299,15.338725513273388,-8817.508537969718,-8830.608386186543,11.904231543352022,-8818.70415464319,-133111.66206279094,25.383560971200115,-133086.27850181973
0.62,-8829.26882996935,10.007343846333214,-8819.261486123016,-8829.941651491108,11.273163114203491,-8818.668488376905,-8832.856282381,15.34773684032904,-8817.508545540672,-8830.609507707539,11.911450180717846,-8818.69805752682,-133111.6718823813,25.39338053485025,-133086.27850184645
0.6205,-8829.276374010029,10.0148878208011,-8819.261486189227,-8829.951036600056,11.28255963654452,-8818.668476963512,-8832.865234044972,15.356706234511627,-8817.50852781046,-8830.617843774739,11.918675256513323,-8818.699168518226,-133111.68152415406,25.40302228137493,-133086.27850187267
0.621,-8829.2839294948,10.022443928715948,-8819.261485566085,-8829.960448888722,11.291950835287725,-8818.668498053434,-8832.874166635456,15.36563353895101,-8817.508533096505,-8830.625085023823,11.925907014769766,-8818.699178009054,-133111.69098762883,25.41248573046663,-133086.27850189837
0.6215,-8829.29150214571,10.030011841630781,-8819.26149030408,-8829.969821123066,11.301336437839002,-8818.668484685228,-8832.883058694782,15.374518596924382,-8817.508540097859,-8830.632320550862,11.933144814307049,-8818.699175736554,-133111.70027233375,25.421770410189502,-133086.27850192357
0.622,-8829.29907145876,10.037591236887835,-8819.261480221872,-8829.974600461903,11.3107163756125,-8818.66388408629,-8832.891904024067,15.383361272053161,-8817.508542752013,-8830.645355848255,11.940387558036,-8818.70496829022,-133111.70937780518,25.430875856981228,-133086.2785019482
0.6225,-8829.30666747469,10.045181775794493,-8819.261485698895,-8829.983966020527,11.320090288743636,-8818.663875731783,-8832.900695470753,15.392161419396686,-8817.508534051356,-8830.65260711092,11.947634916026242,-8818.704972194893,-133111.71830358802,25.439801615653117,-133086.27850197235
0.623,-8829.314272073689,10.0527831300653,-8819.261488943623,-8829.993343976917,11.329457651173168,-8818.663886325745,-8832.909451631489,15.400918892971443,-8817.508532738517,-8830.659850267353,11.954887266701457,-8818.704963000651,-133111.72704923537,25.448547239389697,-133086.27850199598
0.6235,-8829.321877626362,10.060394982281318,-8819.26148264408,-8830.002702859822,11.338818167847634,-8818.663884691974,-8832.91817012209,15.409633532070831,-8817.50853659002,-8830.667111066761,11.962144241165756,-8818.704966825595,-133111.73561430883,25.457112289749446,-133086.27850201906
0.624,-8829.329496530476,10.068017017283665,-8819.261479513192,-8830.00545325655,11.348171376355559,-8818.657281880194,-8832.922437337818,15.418304901628991,-8817.50413243619,-8830.67436995882,11.969405481516684,-8818.704964477303,-133111.74399837834,25.4654963366638,-133086.27850204168
0.6245,-8829.33712878603,10.075648878978397,-8819.261479907052,-8830.014789728108,11.357516982100561,-8818.657272746008,-8832.931059030476,15.426932794125586,-8817.50412623635,-8830.686568407002,11.976667945850238,-8818.709900461152,-133111.75220102217,25.47369895841346,-133086.27850206377
0.625,-8829.344773916187,10.08329025248064,-8819.261483663708,-8830.002747682514,11.3668553345478,-8818.635892347967,-8832.93964114565,15.435517300809806,-8817.50412384484,-8830.688950685444,11.98393221812806,-8818.705018467315,-133111.76022182696,25.481719741618168,-133086.27850208533
0.6255,-8829.352435735645,10.090940825467479,-8819.261494910177,-8830.012090352955,11.376186094095743,-8818.63590425886,-8832.948191312733,15.444058255145613,-8817.504133057588,-8830.696230081501,11.991200660525095,-8818.705029420977,-133111.76806038764,25.489558281258624,-133086.27850210638
0.626,-8829.360086111012,10.098600257923586,-8819.261485853089,-8830.024470476093,11.385508461067289,-8818.638962015026,-8832.956677583637,15.45255549759835,-8817.504122086038,-8830.703493265095,11.998472029944503,-8818.70502123515,-133111.7757163076,25.497214180686022,-133086.27850212692
0.6265,-8829.367758420887,10.106268253392921,-8819.261490167495,-8830.033788827839,11.394822168901687,-8818.638966658937,-8832.962685254994,15.461007417225849,-8817.501677837769,-8830.710564283314,12.00574601847716,-8818.704818264836,-133111.78318919858,25.504687051620632,-133086.27850214698
0.627,-8829.375426439228,10.11394450421236,-8819.261481935016,-8830.043088106098,11.404126908965537,-8818.638961197134,-8832.971089509907,15.469413814092025,-8817.501675695816,-8830.717838434162,12.013022268912405,-8818.70481616525,-133111.79047868063,25.511976514150994,-133086.27850216647
0.6275,-8829.383112100544,10.121628710155264,-8819.261483390388,-8830.052385000172,11.413422341645672,-8818.638962658526,-8832.979455617848,15.477775912385052,-8817.501679705463,-8830.725498346272,12.020301597183625,-8818.705196749088,-133111.7975843822,25.519082196733613,-133086.27850218548
0.628,-8829.390812066975,10.129320534408851,-8819.261491532567,-8830.05153289217,11.422708449256211,-8818.628824442914,-8832.987768320027,15.486093476056883,-8817.50167484397,-8830.723406938496,12.027582112794153,-8818.695824825701,-133111.80450594015,25.526003736189814,-133086.27850220396
0.6285,-8829.398504404011,10.137019635187762,-8819.261484768824,-8830.055398134175,11.431985692867089,-8818.623412441308,-8832.996041921559,15.494366317839962,-8817.501675603718,-8830.730222848835,12.034861746321086,-8818.695361102515,-133111.81124299965,25.532740777701665,-133086.27850222195
0.629,-8829.406204370442,10.144725728632,-8819.261478641809,-8830.064675001087,11.441253473329855,-8818.623421527758,-8833.00427022356,15.502594261965616,-8817.501675961596,-8830.737507966938,12.04214173196468,-8818.695366234973,-133111.8177952142,25.539292974809513,-133086.2785022394
0.6295,-8829.413929132405,10.152438511639023,-8819.261490620765,-8830.073933748188,11.45051071882726,-8818.623423029361,-8833.012449888172,15.5107770731844,-8817.501672814988,-8830.745496896687,12.049422296046867,-8818.69607460064,-133111.82416224576,25.545659989409053,-133086.27850225635
0.63,-8829.42163672823,10.160157665539884,-8819.26147906269,-8830.08318057436,11.459757129600582,-8818.62342344476,-8833.020596174183,15.51891451248444,-8817.501681661699,-8830.752779153767,12.056703103669426,-8818.696076050097,-133111.83034376454,25.55184149174676,-133086.2785022728
0.6305,-8829.429362443867,10.167882878302377,-8819.261479565565,-8830.092406896534,11.46899242373777,-8818.623414472797,-8833.028688577595,15.52700638593367,-8817.501682191662,-8830.760068563404,12.063983824107247,-8818.696084739297,-133111.83633944916,25.557837160416323,-133086.27850228874
0.631,-8829.43710055727,10.175613829474976,-8819.261486727795,-8830.109419492665,11.478216437533312,-8818.63120305513,-8833.036731389942,15.535052471980046,-8817.501678917963,-8830.767338899555,12.071264151758587,-8818.696074747797,-133111.84214898653,25.56364668235623,-133086.27850230417
0.6315,-8829.44483437914,10.183350214322864,-8819.261484164816,-8830.118631032887,11.487428891321173,-8818.631202141565,-8833.044723657551,15.543052519243108,-8817.501671138309,-8830.774621156635,12.078543790650158,-8818.696077365985,-133111.84777207192,25.56926975284611,-133086.27850231907
0.632,-8829.452569154682,10.19109173998617,-8819.261477414697,-8830.137140420857,11.496629646016247,-8818.64051077484,-8833.052688268604,15.551006309358753,-8817.501681959246,-8830.781907228413,12.08582241357703,-8818.696084814836,-133111.85320840898,25.5747060755028,-133086.27850233347
0.6325,-8829.460320142689,10.198838101024654,-8819.261482041664,-8830.146339563313,11.50581835997286,-8818.64052120334,-8833.060589937153,15.558913633165194,-8817.501676303988,-8830.788576272907,12.093100046505057,-8818.695476226403,-133111.85845770966,25.57995536227685,-133086.27850234738
0.633,-8829.468076852741,10.206589004324327,-8819.261487848416,-8830.148595003071,11.514994688793708,-8818.633600314277,-8833.0684582271,15.566774254051651,-8817.501683973049,-8830.795847085896,12.100376401275845,-8818.695470684619,-133111.86351969422,25.585017333451418,-133086.27850236077
0.6335,-8829.4758259334,10.214344168401865,-8819.261481764997,-8830.157749322834,11.524158377250105,-8818.633590945585,-8833.076270250263,15.574587919984541,-8817.50168233028,-8830.80312362093,12.107650836061605,-8818.695472784868,-133111.8683940913,25.589891717641922,-133086.27850237364
0.634,-8829.483585981312,10.22210325266304,-8819.261482728649,-8830.166902688923,11.533308862034769,-8818.633593826888,-8833.084038881245,15.5823544043041,-8817.501684476942,-8830.810390619221,12.114923051199149,-8818.695467568023,-133111.87308063783,25.59457825179634,-133086.27850238603
0.6345,-8829.491349367085,10.229865948409554,-8819.261483418675,-8830.176041749897,11.542445834576863,-8818.63359591532,-8833.091752199116,15.590073450735082,-8817.50167874838,-8830.843174127522,12.12218888231849,-8818.720985245203,-133111.8775790791,25.599076681196863,-133086.2785023979
0.635,-8829.499117044392,10.237631994512492,-8819.26148504988,-8830.179052499714,11.551569055255735,-8818.627483444458,-8833.099428323689,15.597744816300068,-8817.50168350739,-8830.85042491335,12.129448000325642,-8818.720976913024,-133111.88188916873,25.6033867594624,-133086.27850240926
0.6355,-8829.506881383839,10.24540107824685,-8819.261480305591,-8830.191305307331,11.560678063782152,-8818.630627243549,-8833.107046274128,15.605368266259966,-8817.501678007868,-8830.857689527455,12.13670395632041,-8818.720985571133,-133111.88601066868,25.607508248554552,-133086.27850242011
0.636,-8829.514659074726,10.253172930521174,-8819.261486144205,-8830.20038810152,11.569772512905313,-8818.630615588616,-8833.107991365376,15.61293758452885,-8817.495053780847,-8830.864936021748,12.14395649665541,-8818.720979525093,-133111.88994334923,25.611440918786805,-133086.27850243045
0.6365,-8829.522436288777,10.260947256984497,-8819.261489031793,-8830.207937864247,11.578852032301311,-8818.629085831944,-8833.115501550617,15.620452495362759,-8817.495049055255,-8830.872183946552,12.151205371863526,-8818.720978574689,-133111.89368698912,25.615184548834826,-133086.27850244028
0.637,-8829.530212072315,10.26872373189783,-8819.261488340417,-8830.23843207735,11.587914495509429,-8818.650517581842,-8833.122972635212,15.627918720811408,-8817.495053914401,-8830.879439977589,12.15845027251331,-8818.720989705076,-133111.89724137535,25.618738925748882,-133086.2785024496
0.6375,-8829.537986425343,10.27650209556937,-8819.261484329774,-8830.247480539265,11.596959850469897,-8818.650520688794,-8833.130395082417,15.635336030377589,-8817.495059052038,-8830.886217264118,12.165690950202109,-8818.720526313917,-133111.90060630336,25.622103844968414,-133086.2785024584
0.638,-8829.545766500416,10.284282069089567,-8819.261484431327,-8830.256502775135,11.605989699967367,-8818.650513075168,-8833.128909257832,15.642703773616706,-8817.486205484214,-8830.893248704853,12.172927191527176,-8818.720321513327,-133111.90378157704,25.62527911033849,-133086.2785024667
0.6385,-8829.553547052326,10.292063355533099,-8819.261483696793,-8830.254687456074,11.615003713820228,-8818.639683742254,-8833.15382018465,15.650019603363187,-8817.503800581288,-8830.899069456043,12.180158763803469,-8818.71891069224,-133111.9067670086,25.628264534128014,-133086.27850247445
0.639,-8829.561335233631,10.299845674823802,-8819.261489558807,-8830.263681558552,11.624001571509964,-8818.639679987042,-8833.161086229267,15.657283735040838,-8817.503802494226,-8830.90628686327,12.187385376317419,-8818.718901486953,-133111.90956241876,25.631059937049482,-133086.2785024817
0.6395,-8829.569112924519,10.307628735322108,-8819.261484189197,-8830.272671846333,11.632983045150816,-8818.639688801182,-8833.172688631,15.664499510753707,-8817.508189120246,-8830.911618379536,12.194607355680244,-8818.717011023855,-133111.91216763674,25.633665148279334,-133086.27850248845
0.64,-8829.57690349001,10.315412252510395,-8819.2614912375,-8830.281628278675,11.641947844848293,-8818.639680433827,-8833.187167314472,15.671666745617676,-8817.515500568854,-8830.9188529529,12.201824468395031,-8818.717028484505,-133111.91458250015,25.636080005479087,-133086.27850249468
0.6405,-8829.584685949269,10.323195954506364,-8819.261489994762,-8830.290581849995,11.650895696944582,-8818.63968615305,-8833.194275049153,15.678783708797408,-8817.515491340355,-8830.936300424519,12.20903598917297,-8818.727264435345,-133111.91680685518,25.638304354817492,-133086.27850250035
0.641,-8829.592475084248,10.330979559504977,-8819.261495524743,-8830.304033426228,11.659826357810308,-8818.644207068417,-8833.201348451557,15.685850135228339,-8817.515498316328,-8830.941622880879,12.216241694500399,-8818.725381186377,-133111.91884055652,25.64033805099234,-133086.27850250553
0.6415,-8829.60025039095,10.33876279426217,-8819.261487596686,-8830.31295123476,11.668739552216646,-8818.644211682544,-8833.20836177248,15.692865778983101,-8817.515495993497,-8830.950415758076,12.223439526403265,-8818.726976231672,-133111.92068346744,25.642180957251263,-133086.2785025102
0.642,-8829.608034757557,10.346545401316586,-8819.26148935624,-8830.322450784626,11.677634979123187,-8818.644815805503,-8833.21533694643,15.699830389364,-8817.515506557067,-8830.957606462422,12.230629184533722,-8818.726977277887,-133111.9223354597,25.64383294541138,-133086.2785025143
0.6425,-8829.615821031513,10.354327089232292,-8819.261493942282,-8830.331325200978,11.686512345517784,-8818.64481285546,-8833.215995935383,15.706742902462075,-8817.50925303292,-8830.964795259419,12.237812076365792,-8818.726983183053,-133111.92379641376,25.64529389587755,-133086.27850251787
0.643,-8829.623597768727,10.362107592987524,-8819.261490175739,-8830.34018102068,11.695371406236536,-8818.644809614443,-8833.222853807392,15.713603090929546,-8817.509250716463,-8830.950949338856,12.244986110925737,-8818.70596322793,-133111.9250662186,25.646563697658816,-133086.27850252093
0.6435,-8829.631370691242,10.369886662345722,-8819.261484028897,-8830.349024442616,11.704211910718861,-8818.644812531897,-8833.23217502016,15.720411719133455,-8817.511763301027,-8830.958395627918,12.252151170756692,-8818.706244457162,-133111.92614477183,25.64764224838283,-133086.27850252346
0.644,-8829.639159349384,10.377663999850814,-8819.261495349534,-8830.38558116335,11.713037043897915,-8818.672544119452,-8833.239174989643,15.727167784587923,-8817.512007205056,-8830.965542463246,12.259308920722319,-8818.706233542523,-133111.92703197975,25.64852945430229,-133086.27850252544
0.6445,-8829.646918443623,10.385439346458472,-8819.261479097164,-8830.394397882405,11.721846511630659,-8818.672551370773,-8833.245872644367,15.733870909409328,-8817.512001734958,-8830.97269645113,12.266459146333924,-8818.706237304796,-133111.92772775723,25.649225230301315,-133086.27850252693
0.645,-8829.654697565022,10.393212449550502,-8819.26148511547,-8830.403181222859,11.73063657435917,-8818.6725446485,-8833.252526430073,15.740521613777227,-8817.512004816295,-8830.979842332783,12.273601602425847,-8818.706240730357,-133111.92823202774,25.649729499906442,-133086.27850252783
0.6455,-8829.6624700107,10.400983038742202,-8819.261486971958,-8830.411951211872,11.739406969516601,-8818.672544242356,-8833.265385774555,15.747119438583272,-8817.518266335972,-8830.986302522602,12.280735843750547,-8818.705566678851,-133111.92854472355,25.650042195291867,-133086.27850252826
0.646,-8829.670237688008,10.40875085610255,-8819.261486831905,-8830.417583612385,11.74815746257238,-8818.669426149812,-8833.271931795063,15.753664193637027,-8817.518267601426,-8830.9934207477,12.287861675870698,-8818.70555907183,-133111.92866578538,25.65016325727973,-133086.2785025281
0.6465,-8829.678000596943,10.416515635287432,-8819.261484961655,-8830.425641206684,11.756896286014122,-8818.668744920671,-8833.278412965718,15.760155909858478,-8817.518257055859,-8831.000381616535,12.294979087713841,-8818.705402528822,-133111.92859516278,25.650092635336804,-133086.27850252745
0.647,-8829.685763982716,10.42427709869127,-8819.261486884025,-8830.430649904194,11.765623407303963,-8818.66502649689,-8833.284858850422,15.76659437498653,-8817.518264475435,-8831.007095483723,12.302087542224458,-8818.705007941498,-133111.9283328138,25.649830287568186,-133086.27850252626
0.6475,-8829.693523076954,10.432035007055148,-8819.261488069898,-8830.439360288563,11.774330065339548,-8818.665030223223,-8833.291244653645,15.772979382352144,-8817.518265271292,-8831.01418366808,12.309186874598684,-8818.704996793482,-133111.92787870523,25.649376180710707,-133086.2785025245
0.648,-8829.701271203938,10.439789112287219,-8819.26148209165,-8830.44803920168,11.783015755972414,-8818.665023445707,-8833.29757800478,15.779310736736248,-8817.518267268044,-8831.022298482838,12.316278483423268,-8818.706019999414,-133111.92723281236,25.648730290124618,-133086.27850252224
0.6485,-8829.709029344502,10.447539160543924,-8819.261490183957,-8830.458597806874,11.791680187090803,-8818.666917619783,-8833.303850320759,15.785588225635752,-8817.518262095124,-8831.054527429524,12.323362934319238,-8818.731164495204,-133111.92639511923,25.647892599782125,-133086.27850251945
0.649,-8829.716769365254,10.455284910580414,-8819.261484454673,-8830.467251924458,11.80032309823192,-8818.666928826226,-8833.310079721394,15.791811646164856,-8817.51826807523,-8831.061610368672,12.330438736043348,-8818.731171632628,-133111.9253656184,25.64686310225449,-133086.27850251616
0.6495,-8829.724518922749,10.463026086797232,-8819.26149283595,-8830.47587123293,11.80894426172124,-8818.666926971207,-8833.316248086872,15.797980810717371,-8817.518267276155,-8831.091261056843,12.337506845850395,-8818.753754210993,-133111.924144311,25.64564179869801,-133086.2785025123
0.65,-8829.732242731037,10.470762467627553,-8819.261480263409,-8830.484460977497,11.817543421783164,-8818.666917555714,-8833.322362092915,15.804095496780523,-8817.518266596135,-8831.098316339436,12.344567091220668,-8818.753749248215,-133111.92273120678,25.644228698839115,-133086.27850250795
0.6505,-8829.739980367603,10.47849379863807,-8819.261486568965,-8830.493040708485,11.82612032969889,-8818.666920378786,-8833.328426507893,15.810155515492458,-8817.518270992401,-8831.105370668354,12.3516173316556,-8818.7537533367,-133111.92112632398,25.642623820958903,-133086.27850250303
0.651,-8829.747705606404,10.48621983676048,-8819.261485769643,-8830.488083986225,11.834674429885181,-8818.65340955634,-8833.334427980366,15.816160696371888,-8817.518267283995,-8831.112973836842,12.35866138742295,-8818.754312449419,-133111.9193296895,25.640827191877584,-133086.27850249762
0.6515,-8829.75543132204,10.493940365377057,-8819.261490956664,-8830.496609834614,11.843205478873854,-8818.65340435574,-8833.340375093403,15.822110855660728,-8817.518264237742,-8831.120011953297,12.365699029303132,-8818.754312923993,-133111.91734133862,25.63883884693888,-133086.27850249168
0.652,-8829.763135103169,10.501655110474424,-8819.261479992694,-8830.505125192585,11.851713545962149,-8818.653411646623,-8833.352048067036,15.828003777184882,-8817.52404428985,-8831.127042917195,12.372726064974323,-8818.75431685222,-133111.91516131524,25.636658829994833,-133086.27850248525
0.6525,-8829.770853189411,10.509363832038918,-8819.261489357372,-8830.523711351338,11.86019890239464,-8818.663512448942,-8833.365606454792,15.833842132049321,-8817.531764322743,-8831.135476259175,12.379742471209854,-8818.755733787964,-133111.91278967165,25.634287193390932,-133086.27850247826
0.653,-8829.778551248493,10.5170662964029,-8819.26148495209,-8830.532159952107,11.868661313979896,-8818.663498638127,-8833.371387628498,15.839627767597348,-8817.531759860902,-8831.142475274983,12.386748103737187,-8818.755727171245,-133111.9102264687,25.631723997952196,-133086.27850247076
0.6535,-8829.786253122273,10.524762290111639,-8819.261490832161,-8830.540598062458,11.877100032982668,-8818.663498029475,-8833.377111581745,15.845357601061568,-8817.531753980684,-8831.140447763386,12.393744873504442,-8818.74670288988,-133111.90747177572,25.62896931297047,-133086.27850246275
0.654,-8829.793943075123,10.532451574829608,-8819.261491500294,-8830.548612741413,11.885515686122158,-8818.66309705529,-8833.382786897602,15.851031469795416,-8817.531755427806,-8831.148203519764,12.400731853954731,-8818.747471665809,-133111.9045256704,25.626023216191044,-133086.2785024542
0.6545,-8829.801614431324,10.540133920512599,-8819.261480510811,-8830.557012227955,11.893908022727707,-8818.663104205227,-8833.385021356526,15.856648752229873,-8817.528372604296,-8831.154849676075,12.407706642149487,-8818.747143033926,-133111.90138823897,25.62288579380195,-133086.27850244517
0.655,-8829.809294847431,10.547809087566103,-8819.261485759866,-8830.565374998036,11.902275936356148,-8818.66309906168,-8833.38584628481,15.862209160144564,-8817.523637124665,-8831.161819604817,12.414669824613064,-8818.747149780203,-133111.89805957602,25.619557140434516,-133086.2785024356
0.6555,-8829.816964296284,10.555476842139527,-8819.261487454145,-8830.573716310444,11.910619224848972,-8818.663097085595,-8833.392053750935,15.867714660552735,-8817.524339090382,-8831.170169023457,12.421621452356064,-8818.7485475711,-133111.89453978467,25.616037359149843,-133086.27850242553
0.656,-8829.824613717976,10.563136990009781,-8819.261476727967,-8830.58203616518,11.918937709028423,-8818.663098456153,-8833.393036989155,15.873165595500385,-8817.519871393655,-8831.176332143727,12.428562190957697,-8818.747769952768,-133111.89082897635,25.612326561413315,-133086.27850241493
0.6565,-8829.832275060597,10.570789298107481,-8819.261485762489,-8830.590326456013,11.927231146448783,-8818.663095309565,-8833.396840242329,15.878560146312456,-8817.518280096016,-8831.17899098772,12.43548824205391,-8818.743502745667,-133111.8869272709,25.608424867081222,-133086.27850240385
0.657,-8829.839922098103,10.57843354072276,-8819.26148855738,-8830.59859910387,11.93549927521531,-8818.663099828655,-8833.396623758259,15.883898576740238,-8817.51272518152,-8831.185908464375,12.442398701035078,-8818.743509763339,-133111.8828347966,25.60433240438942,-133086.2785023922
0.6575,-8829.847551492634,10.586069503015423,-8819.261481989619,-8830.578929094258,11.943741917651009,-8818.635187176607,-8833.401909974995,15.889180745983557,-8817.51272922901,-8831.192803529682,12.449296880781937,-8818.7435066489,-133111.87855169002,25.60004930994318,-133086.27850238007
0.658,-8829.855189947071,10.593696961904154,-8819.261492985168,-8830.582412866535,11.95195855974152,-8818.630454306794,-8833.4071342029,15.894405769355277,-8817.512728433545,-8831.198858407917,12.456182818402514,-8818.742675589514,-133111.87407809615,25.595575728704226,-133086.27850236744
0.6585,-8829.862801698628,10.601315695919041,-8819.261486002708,-8830.590597299519,11.960148941160886,-8818.630448358357,-8833.412305978718,15.899573515591147,-8817.512732463127,-8831.205737260761,12.463056356647465,-8818.742680904114,-133111.86941416826,25.590911813972028,-133086.27850235428
0.659,-8829.870414880696,10.60892548593687,-8819.26148939476,-8830.606205133381,11.968313136272258,-8818.637891997108,-8833.417412904682,15.90468384798434,-8817.512729056698,-8831.212593225422,12.469917155621033,-8818.742676069802,-133111.864560068,25.586057727361734,-133086.27850234063
0.6595,-8829.878012327137,10.616526126449056,-8819.261486200689,-8830.614351896229,11.976450948591442,-8818.637900947637,-8833.422468332234,15.909736667809288,-8817.512731664425,-8831.219447759571,12.476765089232712,-8818.742682670338,-133111.85951596528,25.581013638787535,-133086.2785023265
0.66,-8829.885608343067,10.624117412144177,-8819.261490930923,-8830.622455743733,11.984562201936162,-8818.637893541796,-8833.427466539326,15.914731839269159,-8817.512734700056,-8831.226284173908,12.4836000149441,-8818.742684158964,-133111.85428203826,25.575779726450367,-133086.27850231182
0.6605,-8829.893185285511,10.631699140081365,-8819.26148614543,-8830.652362970295,11.992646527475635,-8818.65971644282,-8833.421677736225,15.919668167538497,-8817.502009568687,-8831.233103898945,12.490421783945617,-8818.742682115,-133111.84885847347,25.57035617682125,-133086.27850229666
0.661,-8829.900756029072,10.639271098306573,-8819.261484930765,-8830.660422471943,12.000703735069804,-8818.659718736873,-8833.42656817812,15.924545541418851,-8817.502022636701,-8831.238077310505,12.497230295630073,-8818.740847014875,-133111.8432454656,25.56474318462109,-133086.27850228097
0.6615,-8829.90830722231,10.646833065542582,-8819.261474156767,-8830.668704179707,12.008734137163056,-8818.659970042543,-8833.431379465046,15.929364930251378,-8817.502014534795,-8831.24486365694,12.504025436022538,-8818.740838220918,-133111.8374432176,25.55894095277347,-133086.27850226485
0.662,-8829.91587462801,10.654384832774063,-8819.261489795235,-8830.676710275593,12.016737539930514,-8818.659972735662,-8833.43613925356,15.934126213990172,-8817.50201303957,-8831.252027181568,12.510808995625492,-8818.741218185944,-133111.83145194052,25.552949692377567,-133086.27850224814
0.6625,-8829.923412469807,10.661926215884098,-8819.261486253923,-8830.684685377064,12.024713394737612,-8818.659971982326,-8833.440837053242,15.938829266994988,-8817.502007786246,-8831.258794454518,12.517580843116562,-8818.741213611402,-133111.8252718537,25.546769622715807,-133086.278502231
0.663,-8829.930943635884,10.669457035741562,-8819.261486600142,-8830.686463502827,12.032661695783705,-8818.653801807042,-8833.445490030232,15.943474000240089,-8817.502016029992,-8831.26556125063,12.524338857426143,-8818.741222393204,-133111.81890318458,25.540400971242875,-133086.27850221333
0.6635,-8829.938460020008,10.676977081515318,-8819.261482938493,-8830.69438281435,12.040582279459443,-8818.65380053489,-8833.45007625002,15.94806032565136,-8817.502015924369,-8831.27229466814,12.53108293776896,-8818.741211730372,-133111.81234616874,25.533843973564693,-133086.27850219517
0.664,-8829.945970682087,10.684486154168162,-8819.261484527919,-8830.702276853504,12.048474775376647,-8818.653802078128,-8833.454605249348,15.95258815925073,-8817.502017090097,-8831.279032854023,12.537812962002835,-8818.741219892021,-133111.80560104994,25.527098873416996,-133086.27850217652
0.6645,-8829.953471807423,10.691984056768359,-8819.261487750655,-8830.710152772846,12.056339008060455,-8818.653813764786,-8833.459065584126,15.957057412884513,-8817.502008171241,-8831.25795855898,12.544529063527396,-8818.713429495452,-133111.79866808004,25.520165922647983,-133086.2785021574
0.665,-8829.960954812947,10.699470583800768,-8819.261484229146,-8830.713097242298,12.064175060753822,-8818.648922181545,-8833.463484910908,15.961467990963126,-8817.502016919945,-8831.26465859789,12.55123114284643,-8818.713427455043,-133111.79154751898,25.51304538120332,-133086.27850213778
0.6655,-8829.968432573261,10.70694554959034,-8819.26148702367,-8830.720894960346,12.07198274846215,-8818.648912211884,-8833.467837480488,15.965819803715348,-8817.502017676772,-8831.271145967426,12.557919458536091,-8818.713226508891,-133111.78423963476,25.505737517110504,-133086.27850211764
0.666,-8829.975901750508,10.714408771539912,-8819.261492978967,-8830.731682447376,12.07976165437212,-8818.651920793005,-8833.472129968586,15.970112792560993,-8817.502017176024,-8831.272244600239,12.564593843790618,-8818.707650756449,-133111.7767447035,25.49824260646553,-133086.27850209703
0.6665,-8829.983350900593,10.721860048940243,-8819.261490851653,-8830.739431528034,12.08751162190131,-8818.651919906133,-8833.476356653156,15.9743468810127,-8817.502009772144,-8831.278864530506,12.571253294530063,-8818.707611235975,-133111.76906300936,25.490560933420785,-133086.27850207593
0.667,-8829.990789560261,10.729299199885087,-8819.261490360375,-8830.747159627857,12.095232470272947,-8818.651927157585,-8833.480533746662,15.978521975590976,-8817.502011771072,-8831.28806224245,12.577905418188434,-8818.710156824263,-133111.76119484453,25.48269279017361,-133086.27850205437
0.6675,-8829.99821296114,10.736726051668619,-8819.26148690947,-8830.758042959156,12.102924051594982,-8818.655118907562,-8833.484648851338,15.98263801696959,-8817.502010834369,-8831.29471221346,12.584550273235326,-8818.710161940224,-133111.75314050922,25.47463847695682,-133086.27850203225
0.668,-8830.005633500996,10.744140412704748,-8819.261493088292,-8830.776551393452,12.110586334212561,-8818.66596505924,-8833.49967112917,15.986689527004316,-8817.512981602165,-8831.301339296284,12.5911800521393,-8818.710159244145,-133111.74490031172,25.466398302031426,-133086.2785020097
0.6685,-8830.013029722157,10.751542098465308,-8819.261487623691,-8830.784184125843,12.118219114266417,-8818.665965011576,-8833.484180597248,15.990680791731084,-8817.493499805518,-8831.307952073994,12.597794628362145,-8818.710157445632,-133111.73647456832,25.457972581679314,-133086.27850198664
0.669,-8830.020421174946,10.758930941918543,-8819.261490233028,-8830.791792062702,12.12582212380547,-8818.665969938897,-8833.488107828083,15.994617136111806,-8817.493490691972,-8831.315414098683,12.604394300666396,-8818.711019798016,-133111.7278636033,25.44936164019309,-133086.2785019631
0.6695,-8830.027795938435,10.766306746028395,-8819.261489192406,-8830.802145151081,12.133395328205282,-8818.668749822877,-8833.491988328877,15.998494150435995,-8817.493494178441,-8831.333187726917,12.610978759772946,-8818.722208967145,-133111.71906774893,25.44056580987307,-133086.27850193906
0.67,-8830.035157350483,10.773669325534286,-8819.26148802495,-8830.809683946552,12.140938566904723,-8818.668745379648,-8833.51302066225,16.00231712106866,-8817.510703541182,-8831.340376523915,12.6175472669052,-8818.722829257009,-133111.71008734556,25.43158543102918,-133086.27850191452
0.6705,-8830.042502073231,10.78101854022777,-8819.261483533002,-8830.823986677113,12.148451580058362,-8818.675535097054,-8833.510875848713,16.006086800968284,-8817.504789047745,-8831.347190050068,12.62409995381489,-8818.723090096253,-133111.70092274153,25.422420851978245,-133086.27850188955
0.671,-8830.04983821291,10.78835422272701,-8819.261483990183,-8830.816635278645,12.155934748229594,-8818.660700530416,-8833.514587549153,16.00979784676941,-8817.504789702383,-8831.353728441181,12.630636924394569,-8818.723091516787,-133111.69157429307,25.41307242904031,-133086.27850186403
0.6715,-8830.057163385334,10.795676184226618,-8819.261487201107,-8830.824080614033,12.163387952346364,-8818.660692661686,-8833.518240121784,16.013449488950094,-8817.504790632835,-8831.363068727436,12.637158616015098,-8818.725910111421,-133111.68204236458,25.40354052653398,-133086.27850183804
0.672,-8830.064478067341,10.802984252985262,-8819.261493814356,-8830.831506399098,12.170810541328683,-8818.660695857769,-8833.521823076191,16.01704167472017,-8817.50478140147,-8831.369075921955,12.643666356538535,-8818.725409565417,-133111.67232732836,25.393825516770207,-133086.27850181158
0.6725,-8830.071757940235,10.810278264225587,-8819.26147967601,-8830.838896421375,12.178202422579744,-8818.660693998796,-8833.525363115254,16.02057439440423,-8817.50478872085,-8831.39155116457,12.65015721285235,-8818.741393951717,-133111.66242956466,25.383927780043933,-133086.2785017846
0.673,-8830.07905116457,10.817558051952746,-8819.261493112617,-8830.846254495564,12.185563442426243,-8818.660691053137,-8833.528834489765,16.02404761017437,-8817.504786879592,-8831.397802976551,12.656629711257185,-8818.741173265294,-133111.6523494618,25.373847704623145,-133086.2785017572
0.6735,-8830.086306241932,10.824823454759859,-8819.261482787173,-8830.853595880451,12.192893418354796,-8818.660702462097,-8833.532245782795,16.02746126735939,-8817.504784515435,-8831.402609495106,12.663084559124098,-8818.739524935982,-133111.64208741597,25.363585686735597,-133086.27850172922
0.674,-8830.093559411946,10.83207431207634,-8819.261485099869,-8830.865845827046,12.200192576093471,-8818.665653250951,-8833.547782091084,16.03081138807537,-8817.516970703009,-8831.409051565113,12.669521493548611,-8818.739530071565,-133111.63164383138,25.353142130550783,-133086.27850170084
0.6745,-8830.10079732317,10.83931046414475,-8819.261486859024,-8830.873121408405,12.207460827756115,-8818.66566058065,-8833.55107322115,16.03409797953333,-8817.516975241617,-8831.415344861927,12.67594091457855,-8818.73940394735,-133111.6210191201,25.342517448156535,-133086.27850167194
0.675,-8830.108017114582,10.846531756571075,-8819.26148535801,-8830.880356935444,12.21469772745482,-8818.665659207989,-8833.554295686665,16.03732499103276,-8817.516970695631,-8831.42174735445,12.682342723044428,-8818.739404631406,-133111.61021370208,25.331712059532183,-133086.27850164255
0.6755,-8830.115223077717,10.853738015577013,-8819.26148506214,-8830.88870540041,12.221903579953082,-8818.666801820456,-8833.578117517414,16.040491912546155,-8817.537625604868,-8831.428131250324,12.688727607290012,-8818.739403643034,-133111.59922800522,25.320726392516985,-133086.2785016127
0.676,-8830.122416643086,10.860929094133505,-8819.261487548953,-8830.895886091175,12.229078256399916,-8818.666807834776,-8833.581233171406,16.043598720090493,-8817.537634451315,-8831.433554796162,12.69509649581899,-8818.738458300342,-133111.58806246513,25.309560882773035,-133086.27850158236
0.6765,-8830.129586843434,10.868104854923581,-8819.26148198851,-8830.902504114094,12.236221289421993,-8818.666282824672,-8833.584279207173,16.046645911170575,-8817.537633296002,-8831.439136651936,12.70144931140108,-8818.737687340536,-133111.5767175253,25.29821597374321,-133086.27850155157
0.677,-8830.136754182759,10.875265126090753,-8819.261489056667,-8830.90961757082,12.243332562279697,-8818.66628500854,-8833.598409799519,16.04963183151603,-8817.548777968002,-8831.445469049397,12.707784870893846,-8818.737684178503,-133111.5651936369,25.286692116604527,-133086.27850152028
0.6775,-8830.143898157063,10.882409759445899,-8819.261488397617,-8830.916690973225,12.250411954711655,-8818.666279018513,-8833.594004777851,16.05255787532535,-8817.541446902525,-8831.455820230427,12.714102957057392,-8818.74171727337,-133111.5534912588,25.274989770216486,-133086.27850148856
0.678,-8830.151033548298,10.889538617548473,-8819.26149493075,-8830.917409566822,12.257459707094226,-8818.659949859728,-8833.59688105959,16.05542568717145,-8817.541455372419,-8831.447578576985,12.720405542590289,-8818.727173034395,-133111.54161085744,25.263109401064256,-133086.27850145637
0.6785,-8830.158139852467,10.896651533652006,-8819.261488318814,-8830.924410966816,12.264475695868164,-8818.659935270947,-8833.61385836977,16.05823379561246,-8817.555624574157,-8831.449849275532,12.726683080239445,-8818.723166195292,-133111.52955290696,25.251051483199753,-133086.27850142375
0.679,-8830.165235666218,10.903748370018025,-8819.2614872962,-8830.931401399555,12.271459506182595,-8818.659941893373,-8833.61662021059,16.06098218964327,-8817.555638020947,-8831.455689577046,12.732933491965618,-8818.72275608508,-133111.51731788882,25.238816498179602,-133086.27850139065
0.6795,-8830.172312406483,10.910829015237363,-8819.261483391245,-8830.938366083088,12.278411033143705,-8818.659955049945,-8833.619301942768,16.06367091909498,-8817.555631023673,-8831.466195730152,12.739165864653597,-8818.727029865498,-133111.50490629213,25.226404935000836,-133086.27850135713
0.68,-8830.179384378376,10.917893310015558,-8819.26149106836,-8830.945281175556,12.285330218275348,-8818.65995095728,-8833.632233766499,16.066297603487975,-8817.565936163011,-8831.491650728169,12.745379306519737,-8818.746271421649,-133111.4923186132,25.21381729003737,-133086.27850132316
0.6805,-8830.1864310779,10.924941095029384,-8819.261489982871,-8830.952163843098,12.292216996263964,-8818.659946846834,-8833.634802965107,16.068862216127826,-8817.56594074898,-8831.490854410114,12.751578003594183,-8818.73927640652,-133111.47955535573,25.201054066974287,-133086.27850128876
0.681,-8830.193463949146,10.931972236009436,-8819.261491713138,-8830.985696462574,12.299072063453387,-8818.68662439912,-8833.637307313862,16.071367143222325,-8817.56594017064,-8831.496346620503,12.757762816582423,-8818.73858380392,-133111.46661703067,25.188115776741885,-133086.27850125392
0.6815,-8830.200472978535,10.93898658698844,-8819.261486391546,-8830.99251618761,12.305895351059604,-8818.686620836552,-8833.639749673786,16.07381240694808,-8817.565937266838,-8831.50251355547,12.763929825218145,-8818.738583730252,-133111.45350415612,25.175002937452124,-133086.27850121868
0.682,-8830.207468656483,10.945984014891593,-8819.26148464159,-8830.999744562092,12.312685986946956,-8818.687058575146,-8833.639796403828,16.076200366803576,-8817.563596037024,-8831.508662370625,12.770078865320482,-8818.738583505305,-133111.44021725733,25.16171607433801,-133086.278501183
0.6825,-8830.21445098299,10.952964395288987,-8819.261486587702,-8831.00650039095,12.319443900073423,-8818.687056490877,-8833.654906419697,16.078526339723748,-8817.576380079974,-8831.514793065968,12.776209768846568,-8818.738583297121,-133111.4267568666,25.148255719696714,-133086.2785011469
0.683,-8830.221417097035,10.959927584733475,-8819.2614895123,-8831.009438184681,12.326169124203835,-8818.683269060477,-8833.65716281313,16.08078799827757,-8817.576374814853,-8831.520905641499,12.78232239218757,-8818.738583249311,-133111.41312352323,25.134622412837494,-133086.27850111038
0.6835,-8830.228363660755,10.966873456812637,-8819.261490203942,-8831.030804304066,12.3328619538966,-8818.697942350169,-8833.654506830158,16.082990271354355,-8817.571516558804,-8831.527003435078,12.788416667641032,-8818.738586767437,-133111.39931777352,25.120816700034577,-133086.27850107348
0.684,-8830.235283521595,10.973801895344305,-8819.26148162625,-8831.037458566609,12.339522247031999,-8818.697936319577,-8833.656672624531,16.085133203918414,-8817.571539420613,-8831.53307881731,12.794492463241129,-8818.73858635407,-133111.38534017067,25.106839134486147,-133086.2785010362
0.6845,-8830.242196229878,10.980712775702726,-8819.261483454175,-8831.044097093525,12.34614956748782,-8818.697947526038,-8833.658742097798,16.087216615558187,-8817.571525482239,-8831.544923929157,12.800550739044034,-8818.744373190113,-133111.37119127472,25.092690276280365,-133086.27850099845
0.685,-8830.24909224886,10.987605965326207,-8819.261486283533,-8831.011717943134,12.352744089350303,-8818.658973853784,-8833.660764841023,16.08924050686109,-8817.571524334162,-8831.550961641255,12.806591352937962,-8818.744370288317,-133111.35687165268,25.07837069236831,-133086.27850096032
0.6855,-8830.255965856495,10.994481326293503,-8819.261484530201,-8830.996733812275,12.359303994954592,-8818.637429817321,-8833.662720827046,16.091204910047317,-8817.571515916998,-8831.556980279865,12.812613054709143,-8818.744367225156,-133111.34238187835,25.063880956543784,-133086.2785009218
0.686,-8830.26283278841,11.001338733713533,-8819.261494054697,-8831.003263143482,12.365829059172276,-8818.63743408431,-8833.671610025349,16.093108616851495,-8817.578501408498,-8831.564418939533,12.818615741155163,-8818.745803198379,-133111.3277225323,25.049221649429132,-133086.27850088288
0.6865,-8830.269660619679,11.008178060158139,-8819.261482559521,-8831.009759096089,12.37232102872432,-8818.637438067364,-8833.673451570454,16.094951633753794,-8817.5784999367,-8831.570395616474,12.824599272751826,-8818.745796343723,-133111.31289420198,25.03439335846857,-133086.2785008435
0.687,-8830.276490358296,11.01499919543284,-8819.261491162863,-8831.009948877278,12.378779928123286,-8818.631168949154,-8833.675240663471,16.0967352058028,-8817.578505457668,-8831.574319032612,12.83056420535874,-8818.743754827254,-133111.2978974817,25.01939667792975,-133086.27850080378
0.6875,-8830.283283857289,11.021802033183707,-8819.261481824105,-8831.016379503193,12.385205711813118,-8818.63117379138,-8833.676963952961,16.098459330257835,-8817.578504622703,-8831.57301392931,12.836514685711924,-8818.736499243598,-133111.28273297256,25.004232208909755,-133086.27850076364
0.688,-8830.290074018421,11.028586453374569,-8819.261487565047,-8831.022751954975,12.391598294950374,-8818.631153660024,-8833.674616960468,16.100128184643538,-8817.574488775825,-8831.578946260395,12.842449838548683,-8818.736496421847,-133111.26740128244,24.988900559345062,-133086.2785007231
0.6885,-8830.296836522999,11.035352335849845,-8819.26148418715,-8831.029119161549,12.397957644157849,-8818.63116151739,-8833.69114604372,16.101740475277573,-8817.589405568442,-8831.584865716877,12.848365247423303,-8818.736500469455,-133111.25190302613,24.973402344026177,-133086.2785006821
0.689,-8830.303582338276,11.042099573724023,-8819.261482764552,-8831.041161207142,12.404283608816646,-8818.636877598325,-8833.692692903462,16.10329209536383,-8817.589400808098,-8831.58928504366,12.85426077813834,-8818.735024265521,-133111.23623882537,24.957738184615614,-133086.27850064076
0.6895,-8830.310309080067,11.048828051179923,-8819.261481028887,-8831.04745211977,12.410576171570563,-8818.6368759482,-8833.694184450093,16.10478443408367,-8817.58940001601,-8831.596184877339,12.860136068390027,-8818.736048808949,-133111.22040930862,24.94190870966757,-133086.27850059894
0.69,-8830.317027238789,11.055537634607278,-8819.261489604181,-8831.05370917696,12.416835410167069,-8818.636873766793,-8833.69562449831,16.106217537579592,-8817.589406960731,-8831.602038530293,12.865990995916887,-8818.736047534376,-133111.2044151114,24.92591455464297,-133086.27850055674
0.6905,-8830.323711065235,11.06222821387026,-8819.261482851365,-8831.056391862812,12.423061219461156,-8818.633330643352,-8833.69699206728,16.107591448991585,-8817.589400618288,-8831.602829126301,12.871826582182209,-8818.731002544118,-133111.18825687605,24.90975636192983,-133086.2785005141
0.691,-8830.330392507496,11.068899695295679,-8819.2614928122,-8831.062585023823,12.429253569988107,-8818.633331453835,-8833.683180002155,16.108904724150804,-8817.574275278004,-8831.602548746052,12.877648315546384,-8818.724900430505,-133111.17193525194,24.89343478087048,-133086.27850047106
0.6915,-8830.337040571156,11.07555197369595,-8819.26148859746,-8831.064668325367,12.435411942137616,-8818.62925638323,-8833.688044694843,16.11015841024769,-8817.577886284596,-8831.608359006825,12.883455103353393,-8818.72490390347,-133111.1554508954,24.87695046778324,-133086.2785004276
0.692,-8830.343669084492,11.082184940730123,-8819.261484143763,-8831.060389665547,12.441536447465122,-8818.618853218082,-8833.689229158344,16.111354068573444,-8817.577875089772,-8831.614153055134,12.889241159348169,-8818.724911895786,-133111.1388044697,24.860304085981106,-133086.27850038372
0.6925,-8830.350290922108,11.088798501711683,-8819.261492420395,-8831.066479352894,12.447627679082336,-8818.618851673811,-8833.690360216084,16.112490754134914,-8817.57786946195,-8831.62813773531,12.895000077492512,-8818.733137657817,-133111.12199664518,24.843496305785465,-133086.2785003394
0.693,-8830.356879381123,11.095392542704328,-8819.261486838419,-8831.067294744435,12.453685138679047,-8818.613609605756,-8833.691440729084,16.113568526879607,-8817.577872202204,-8831.634696153584,12.900730904253656,-8818.73396524933,-133111.10502809918,24.826527804535125,-133086.27850029463
0.6935,-8830.363451150837,11.101966973940044,-8819.261484176897,-8831.073320058766,12.45970883668821,-8818.613611222077,-8833.692456392231,16.114587452802777,-8817.577868939428,-8831.640417245808,12.906439747879498,-8818.733977497928,-133111.08789951607,24.809399266593108,-133086.2785002495
0.694,-8830.370003370228,11.108521702043078,-8819.261481668185,-8831.077669290486,12.465699213589872,-8818.611970076896,-8833.693425325337,16.115547610278828,-8817.577877715057,-8831.64610686678,12.91212718884324,-8818.733979677936,-133111.0706115872,24.79211138334963,-133086.27850020386
0.6945,-8830.376541761341,11.11505659821122,-8819.26148516313,-8831.083629754963,12.471656288830694,-8818.611973466132,-8833.694319871845,16.116449062504575,-8817.57787080934,-8831.652419713917,12.91779302757378,-8818.734626686342,-133111.05316501105,24.774664853220848,-133086.27850015782
0.695,-8830.383064416828,11.121571574954714,-8819.261492841873,-8831.089550641957,12.477580050330884,-8818.611970591626,-8833.695162919941,16.1172918459701,-8817.57787107397,-8831.658064989033,12.923437132815506,-8818.734627856218,-133111.035560493,24.757060381644187,-133086.27850011137
0.6955,-8830.389550355854,11.12806655460929,-8819.261483801245,-8831.095439104023,12.483470491498776,-8818.611968612524,-8833.695954469624,16.118076021946713,-8817.577878447677,-8831.663693574848,12.92905938651023,-8818.734634188339,-133111.01779874554,24.739298681070345,-133086.27850006448
0.696,-8830.39602294344,11.134541426585447,-8819.261481516854,-8831.101307062092,12.489327620854233,-8818.611979441237,-8833.696683076801,16.118801708967084,-8817.577881367835,-8831.666818765583,12.934662139378961,-8818.732156626204,-133110.99988048812,24.72138047095177,-133086.27850001716
0.6965,-8830.402484086933,11.140996097633938,-8819.261487989299,-8831.10712304491,12.495151450949987,-8818.61197159396,-8833.69734111208,16.119468960529034,-8817.57787215155,-8831.670532373371,12.940244373463031,-8818.730287999908,-133110.98180644715,24.703306477728525,-133086.27849996943
0.697,-8830.408914712849,11.147430486530713,-8819.261484226317,-8831.106946138325,12.500941998382201,-8818.606004139943,-8833.697947648945,16.120077829999026,-8817.577869818946,-8831.676516679707,12.945803634005244,-8818.730713045701,-133110.96357735607,24.685077434811557,-133086.27849992126
0.6975,-8830.415329126301,11.153844488807916,-8819.261484637493,-8831.112717775288,12.506699290273584,-8818.606018485014,-8833.698504594746,16.120628424286924,-8817.577876170459,-8831.682058957997,12.95134058775913,-8818.730718370238,-133110.9451939552,24.666694082563268,-133086.27849987266
0.698,-8830.421721128407,11.160238022142906,-8819.261483106264,-8831.110699800434,12.512425185630477,-8818.598274614804,-8833.698992875996,16.121120818382025,-8817.577872057615,-8831.68756881136,12.956854894716356,-8818.730713916642,-133110.9266569919,24.648157168277194,-133086.27849982365
0.6985,-8830.428098825398,11.16661101059097,-8819.261487814807,-8831.08988061327,12.518117460404017,-8818.571763152866,-8833.69262423891,16.121556950641406,-8817.571067288269,-8831.693056253376,12.962346408754541,-8818.730709844622,-133110.90796722035,24.629467446157403,-133086.2784997742
0.699,-8830.434455541554,11.172963351143629,-8819.26149219041,-8831.095535901966,12.523774321396992,-8818.57176158057,-8833.693005708637,16.121936860252596,-8817.571068848385,-8831.698536065998,12.967814945923699,-8818.730721120075,-133110.88912540162,24.610625677296284,-133086.2784997243
0.6995,-8830.440781740132,11.179294956256943,-8819.261486783875,-8831.101165918293,12.529398037961105,-8818.571767880332,-8833.693320421162,16.12225876556508,-8817.571061655597,-8831.702813295307,12.973261116657412,-8818.72955217865,-133110.8701323037,24.59163262965152,-133086.27849967405
0.7,-8830.447089818897,11.185605751738759,-8819.26148406716,-8831.10676064867,12.534988655416354,-8818.571771993255,-8833.693598894062,16.122522767243666,-8817.571076126818,-8831.708230165425,12.978684747681928,-8818.729545417742,-133110.85098870136,24.572489078022393,-133086.27849962335
0.7005,-8830.453382638874,11.191895646246342,-8819.261486992627,-8831.112299112263,12.540546194623111,-8818.57175291764,-8833.693793443623,16.122728959098232,-8817.571064484524,-8831.713635114613,12.984084898584094,-8818.729550216029,-133110.83169537626,24.55319580402504,-133086.27849957222
0.701,-8830.459651140156,11.198164562944417,-8819.261486577212,-8831.112133172932,12.546070968788285,-8818.566062204143,-8833.69394984621,16.122877436377347,-8817.571072409834,-8831.719007638874,12.98946142105577,-8818.729546217819,-133110.81225311678,24.533753596066035,-133086.2784995207
0.7015,-8830.4659024753,11.204412427649174,-8819.261490047651,-8831.117626336994,12.551563037726881,-8818.566063299268,-8833.694032815876,16.1229682916777,-8817.571064524198,-8831.724855092945,12.994814240425324,-8818.73004085252,-133110.79266271807,24.514163249313036,-133086.27849946875
0.702,-8830.472123769703,11.21063915778574,-8819.261484611918,-8831.135763315144,12.557022483474894,-8818.578740831668,-8833.694070009175,16.123001609900093,-8817.571068399275,-8831.730180887165,13.00014316528944,-8818.730037721876,-133110.77292498207,24.494425565665523,-133086.2784994164
0.7025,-8830.478336957874,11.216844684356136,-8819.26149227352,-8831.141177324238,12.562449329962618,-8818.578727994276,-8833.694048074665,16.122977485747548,-8817.571070588918,-8831.735276369038,13.005448140770424,-8818.729828228268,-133110.75304071736,24.474541353724454,-133086.27849936363
0.703,-8830.484513429585,11.2230289371431,-8819.261484492441,-8831.146582750263,12.567843268347781,-8818.578739481916,-8833.693964151325,16.122896016897542,-8817.571068134428,-8831.740555910053,13.01072901491468,-8818.729826895138,-133110.73301073923,24.454511428756717,-133086.2784993105
0.7035,-8830.490681318226,11.229191834469201,-8819.261489483757,-8831.15194430727,12.573204350171528,-8818.578739957098,-8833.687994150105,16.12275880333607,-8817.565235346769,-8831.745818284931,13.015985417959596,-8818.729832866971,-133110.71283586955,24.43433661265473,-133086.2784992569
0.704,-8830.49681535143,11.235333292408594,-8819.26148205902,-8831.157278207722,12.578532649184858,-8818.578745558538,-8833.682067064228,16.122566787467314,-8817.55950027676,-8831.751049188557,13.021217166720408,-8818.729832021836,-133110.69251693683,24.414017733890788,-133086.27849920295
0.7045,-8830.502945093098,11.241453228360111,-8819.261491864738,-8831.162573007527,12.58382822331414,-8818.578744784212,-8833.681817201557,16.122318596620637,-8817.559498604936,-8831.755677370014,13.026425405819403,-8818.729251964194,-133110.67205477602,24.393555627465776,-133086.27849914855
0.705,-8830.509032873097,11.247551578977337,-8819.26148129412,-8831.164719728413,12.589091298285236,-8818.575628430128,-8833.681518701496,16.122013513722884,-8817.559505187774,-8831.760852006855,13.031609976664956,-8818.729242030191,-133110.65145022867,24.372951134851803,-133086.2784990938
0.7055,-8830.515120653095,11.25362826834416,-8819.26149238475,-8831.169950632038,12.594321939697084,-8818.57562869234,-8833.681153444233,16.1216516185654,-8817.559501825668,-8831.764719156208,13.036769627126139,-8818.727949529082,-133110.6307041426,24.352205103928192,-133086.27849903866
0.706,-8830.521173623982,11.259683234374291,-8819.261490389606,-8831.175154355946,12.599519990459456,-8818.575634365487,-8833.680733827534,16.121233030510467,-8817.559500797024,-8831.769844201985,13.041904145751973,-8818.727940056233,-133110.60981737205,24.331318388909143,-133086.27849898316
0.7065,-8830.527209905567,11.265716420875103,-8819.261493484692,-8831.180319456043,12.60468550602899,-8818.575633950015,-8833.680253175678,16.120757867080066,-8817.559495308598,-8831.7749492206,13.047013104433095,-8818.727936116167,-133110.58879077752,24.310291850266154,-133086.27849892725
0.707,-8830.533219007435,11.271727755457132,-8819.261491251978,-8831.185460237446,12.609818545323778,-8818.575641692123,-8833.688582567158,16.120225555321905,-8817.568357011836,-8831.786219743672,13.052099421831057,-8818.73412032184,-133110.56762522564,24.289126354648523,-133086.278498871
0.7075,-8830.539206174793,11.27771716306588,-8819.261489011727,-8831.190558103504,12.614919139805004,-8818.575638963699,-8833.687976030293,16.119636198286372,-8817.568339832007,-8831.791295198384,13.057162876159433,-8818.734132322224,-133110.54632158915,24.267822774799065,-133086.27849881435
0.708,-8830.545172838154,11.283684575806447,-8819.261488262347,-8831.195626405659,12.61998736414155,-8818.575639041517,-8833.687325624409,16.11899057999928,-8817.568335044409,-8831.79731955904,13.062200373790773,-8818.73511918525,-133110.52488074685,24.24638198946633,-133086.27849875737
0.7085,-8830.551122335377,11.289629956405872,-8819.261492378972,-8831.201244501057,12.625023251499087,-8818.576221249557,-8833.686633256855,16.11828883253166,-8817.568344424324,-8831.802325395527,13.067211718982758,-8818.735113676545,-133110.5033035834,24.22480488331636,-133086.27849870006
0.709,-8830.557044176045,11.295553232187718,-8819.261490943856,-8831.206253198567,12.630026874789625,-8818.576226323778,-8833.68587222475,16.117531051815046,-8817.568341172935,-8831.807509569111,13.07219649829352,-8818.735313070818,-133110.48159098925,24.203092346846105,-133086.2784986424
0.7095,-8830.562943128529,11.301454330721743,-8819.261488797807,-8831.211218980732,12.6349983102987,-8818.576220670433,-8833.686469224873,16.116715179357385,-8817.569754045515,-8831.812873510304,13.077154487455392,-8818.735719022849,-133110.4597438607,24.1812452763015,-133086.2784985844
0.71,-8830.568822053852,11.307333198606909,-8819.261488855245,-8831.214743284168,12.63993760923934,-8818.574805674929,-8833.685598520222,16.115841343444828,-8817.569757176778,-8831.817818788471,13.082085555622182,-8818.735733232848,-133110.43776309968,24.15926457360318,-133086.27849852608
0.7105,-8830.574673799458,11.313189772485227,-8819.261484026973,-8831.219660428944,12.644844823932468,-8818.574815605012,-8833.684664873066,16.114911822660197,-8817.569753050406,-8831.824419168415,13.086989850950015,-8818.737429317465,-133110.4156496137,24.13715114627698,-133086.2784984674
0.711,-8830.580500272694,11.31902398853395,-8819.26147628416,-8831.227860597553,12.64972004020194,-8818.57814055735,-8833.683688310566,16.11392676318658,-8817.56976154738,-8831.829299119892,13.091867201910818,-8818.737431917982,-133110.3934043158,24.114905907392327,-133086.2784984084
0.7115,-8830.586324838581,11.324835795356009,-8819.261489043225,-8831.232693818989,12.654563328129793,-8818.57813049086,-8833.665440706196,16.112886624978124,-8817.552554081218,-8831.836802629414,13.096716931102172,-8818.740085698311,-133110.37102812465,24.092529775514077,-133086.27849834913
0.712,-8830.592111734333,11.330625131600087,-8819.261486602732,-8831.237507490101,12.659374766249393,-8818.578132723851,-8833.659368661823,16.111791097062316,-8817.547577564761,-8831.842635301533,13.101537958234292,-8818.741097343298,-133110.3485219642,24.070023674666622,-133086.27849828952
0.7125,-8830.597875265064,11.33639193951784,-8819.261483325547,-8831.240141061726,12.664154257712799,-8818.575986804013,-8833.658217576924,16.11063997476329,-8817.54757760216,-8831.838615087452,13.106330796890227,-8818.732284290561,-133110.3258867639,24.047388534310876,-133086.27849822957
0.713,-8830.603628782215,11.342136175393517,-8819.261492606822,-8831.244884637776,12.668901894110562,-8818.575982743665,-8833.657022623005,16.109433804616522,-8817.547588818388,-8831.828187612477,13.1110977220287,-8818.717089890448,-133110.30312345864,24.024625289331468,-133086.2784981693
0.7135,-8830.609336999836,11.3478577921604,-8819.261479207677,-8831.246867803517,12.673617032756985,-8818.57325077076,-8833.655758050862,16.108172726954372,-8817.547585323908,-8831.82920375246,13.115841424262532,-8818.713362328199,-133110.28023298876,24.00173488003292,-133086.27849810873
0.714,-8830.615036634388,11.353556739706983,-8819.261479894682,-8831.251554635945,12.678299726965514,-8818.573254908979,-8833.654439119282,16.106856904730506,-8817.54758221455,-8831.833922532978,13.120560110686727,-8818.713362422292,-133110.25721629997,23.978718252145832,-133086.27849804782
0.7145,-8830.620715764942,11.359232960729793,-8819.261482804213,-8831.256212858143,12.682950955899846,-8818.573261902244,-8833.653065828266,16.105486461270555,-8817.547579366996,-8831.838609365406,13.125250210013073,-8818.713359155394,-133110.23407434346,23.955576356840538,-133086.2784979866
0.715,-8830.626376298847,11.364886393824026,-8819.261489905024,-8831.263819841328,12.687571033734585,-8818.576248807592,-8833.65163722414,16.104061508691146,-8817.547575715449,-8831.843271402302,13.129911513337234,-8818.713359888965,-133110.21080807582,23.932310150746005,-133086.2784979251
0.7155,-8830.632009653034,11.370516988118098,-8819.261492664917,-8831.268402246418,12.69216005203398,-8818.576242194384,-8833.65015902895,16.10258219964119,-8817.547576829309,-8831.853352216664,13.134538821108428,-8818.718813395555,-133110.18741845916,23.908920595970876,-133086.27849786318
0.716,-8830.637612012806,11.37612470478886,-8819.261487308017,-8831.272970823231,12.696717861855735,-8818.576252961375,-8833.648633150044,16.101048668801248,-8817.547584481243,-8831.855496076527,13.139132430180057,-8818.716363646347,-133110.1639064611,23.885408660122863,-133086.27849780096
0.7165,-8830.643191484394,11.381709498509224,-8819.261481985885,-8831.279475358906,12.701244592467528,-8818.578230766438,-8833.647042421284,16.099461039142692,-8817.547581382141,-8831.860060838642,13.143697032865923,-8818.716363805777,-133110.14027305474,23.861775316319935,-133086.2784977384
0.717,-8830.64875617403,11.387271312066622,-8819.261484861963,-8831.283963350239,12.705740338874982,-8818.578223011364,-8833.64540210146,16.097819477296554,-8817.547582624164,-8831.865060953083,13.148239803336924,-8818.716821149746,-133110.11651921875,23.838021543206448,-133086.27849767555
0.7175,-8830.654303697529,11.392810108114313,-8819.261493589414,-8831.288439420643,12.71020511510022,-8818.578234305543,-8833.643706468525,16.096124136405166,-8817.54758233212,-8831.86957850832,13.152760489713451,-8818.716818018607,-133110.0926459373,23.81414832497091,-133086.2784976123
0.718,-8830.659814504566,11.398325845515789,-8819.26148865905,-8831.30772605318,12.714639236958226,-8818.593086816223,-8833.641950754109,16.094375161756673,-8817.547575592353,-8831.874077943745,13.157250945883224,-8818.716826997861,-133110.06865420012,23.79015665134925,-133086.27849754877
0.7185,-8830.665310052815,11.403818474859225,-8819.261491577956,-8831.323929456654,12.719042691707855,-8818.604886764946,-8833.640159753742,16.092572687552227,-8817.54758706619,-8831.87852015871,13.161711023233167,-8818.716809135478,-133110.04454500249,23.766047517618716,-133086.27849748486
0.719,-8830.670776513996,11.409287956323618,-8819.261488557673,-8831.328320650044,12.723415323943902,-8818.6049053261,-8833.628363756123,16.0907172352222,-8817.537646520901,-8831.877378610554,13.166142135204804,-8818.711236475348,-133110.0203193452,23.741821924583792,-133086.27849742063
0.7195,-8830.67622247118,11.414734255284387,-8819.261488215896,-8831.33265700716,12.72775734278382,-8818.604899664377,-8833.626462129536,16.088808977980634,-8817.537653151556,-8831.881794122639,13.170544079473325,-8818.711250043165,-133109.99597823463,23.71748087855496,-133086.27849735608
0.72,-8830.681649354878,11.420157310499672,-8819.261492044378,-8831.33697619814,12.732068851269883,-8818.60490734687,-8833.612165597859,16.08684762357361,-8817.525317974285,-8831.888765958729,13.174913121210292,-8818.713852837518,-133109.9715226825,23.693025391319132,-133086.27849729118
0.7205,-8830.687043336811,11.425557079131151,-8819.26148625768,-8831.34124484438,12.736349927256132,-8818.604894917124,-8833.610147623005,16.084833302275044,-8817.52531432073,-8831.893654016438,13.179249111210872,-8818.714404905228,-133109.94695370604,23.668456480102293,-133086.27849722593
0.721,-8830.692418722096,11.430933562414253,-8819.26148515968,-8831.34549823183,12.74060065055056,-8818.604897581281,-8833.608077196064,16.082766233950323,-8817.525310962114,-8831.897956041279,13.18355378372754,-8818.714402257552,-133109.9222723279,23.64377516752534,-133086.27849716038
0.7215,-8830.697773126545,11.436286701792572,-8819.261486424753,-8831.349716333332,12.744821116780411,-8818.604895216551,-8833.596234468403,16.080648836850102,-8817.515585631552,-8831.902352479878,13.18782679490825,-8818.714525684969,-133109.8974795761,23.618982481554312,-133086.27849709452
0.722,-8830.703111795368,11.441616449463027,-8819.261495345905,-8831.354600576344,12.749011391400092,-8818.605589184943,-8833.59407534975,16.078481237481384,-8817.515594112268,-8831.906602052632,13.192067950254017,-8818.714534102377,-133109.8725764838,23.594079455445815,-133086.27849702834
0.7225,-8830.70841040987,11.446922770245799,-8819.261487639624,-8831.358756212177,12.753171566466786,-8818.605584645711,-8833.591846612873,16.076261307067888,-8817.515585305806,-8831.910808710041,13.19627719208469,-8818.714531517957,-133109.84756408952,23.56906712768895,-133086.27849696184
0.723,-8830.713689950886,11.452205644624556,-8819.261484306262,-8831.362881330433,12.757301740407591,-8818.605579590025,-8833.589587358418,16.07398922136278,-8817.515598137055,-8831.917856840077,13.200454233887577,-8818.71740260619,-133109.82244343695,23.54394654194514,-133086.278496895
0.7235,-8830.718957094135,11.457465031747788,-8819.261492062387,-8831.366986421528,12.761402020071687,-8818.605584401457,-8833.587246087971,16.071665170004554,-8817.515580917967,-8831.922001985493,13.204598897644745,-8818.717403087849,-133109.7972155749,23.518718746986515,-133086.2784968279
0.724,-8830.724190858784,11.462700881847656,-8819.261489976936,-8831.374156145039,12.765472504264233,-8818.608683640774,-8833.584887651386,16.069289311112236,-8817.515598340275,-8831.926107076588,13.208711056257084,-8818.71739602033,-133109.7718815571,23.493384796633762,-133086.27849676047
0.7245,-8830.729397920551,11.467913170525978,-8819.261484750026,-8831.374158052387,12.769513386399051,-8818.604644665988,-8833.582457689228,16.066861779119545,-8817.515595910108,-8831.91767659563,13.212790202467271,-8818.704886393163,-133109.74644244244,23.46794574969462,-133086.27849669274
0.725,-8830.734593538227,11.473101872657674,-8819.26149166557,-8831.378172067585,12.773524743216289,-8818.60464732437,-8833.579968599262,16.0643827387827,-8817.51558586048,-8831.921728280964,13.216836171292968,-8818.70489210967,-133109.72089929465,23.442402669903583,-133086.27849662476
0.7255,-8830.739750055256,11.478266953670822,-8819.261483101585,-8831.38215651888,12.777506548762156,-8818.604649970117,-8833.577441362324,16.06185239422518,-8817.5155889681,-8831.925738004627,13.220849061220562,-8818.704888943406,-133109.6952531823,23.416756625863073,-133086.27849655642
0.726,-8830.744897989216,11.483408359468012,-8819.261489629747,-8831.389729646626,12.781458876152662,-8818.608270770474,-8833.574865487995,16.059270911826758,-8817.515594576169,-8831.929722932759,13.224828675824249,-8818.704894256934,-133109.66950517884,23.391008690986745,-133086.27849648785
0.7265,-8830.750008729878,11.4885260665096,-8819.261482663369,-8831.395585683766,12.785381673470816,-8818.610204010294,-8833.567870286884,16.05663819365659,-8817.511232093228,-8831.921798852864,13.228779782108745,-8818.693019070755,-133109.64365636243,23.36515994344525,-133086.278496419
0.727,-8830.755107072773,11.493620067236593,-8819.261487005537,-8831.40275493044,12.789274973436555,-8818.613479957003,-8833.571437028828,16.05395494600299,-8817.517482082825,-8831.92571750063,13.232702242606328,-8818.693015258023,-133109.61770781595,23.339211466114705,-133086.27849634984
0.7275,-8830.760178712788,11.498690332371657,-8819.261488380416,-8831.406621126118,12.7931390053717,-8818.613482120747,-8833.568703798237,16.051221645229646,-8817.517482153007,-8831.940206674519,13.236588722276815,-8818.703617952242,-133109.59166062696,23.31316434652797,-133086.27849628043
0.728,-8830.76521888155,11.503736814230866,-8819.261482067319,-8831.41044154543,12.79697394991711,-8818.613467595513,-8833.565914300862,16.04843795244752,-8817.517476348414,-8831.94405570406,13.240438915493307,-8818.703616788567,-133109.56551588755,23.287019676828596,-133086.27849621073
0.7285,-8830.770248559895,11.508759491139296,-8819.261489068755,-8831.414262918415,12.800779899878728,-8818.613483018536,-8833.563087610188,16.045604025996894,-8817.517483584192,-8831.947867540302,13.244254822781992,-8818.70361271752,-133109.53927469449,23.260778553728542,-133086.27849614076
0.729,-8830.77524962801,11.513758339338539,-8819.261491288671,-8831.41804423708,12.804556915762987,-8818.613487321316,-8833.56020274538,16.042720110708323,-8817.517482634672,-8831.95322718996,13.248035820427088,-8818.705191369534,-133109.512938149,23.234442078469044,-133086.27849607053
0.7295,-8830.780211595478,11.518733334471705,-8819.261478261007,-8831.423195985737,12.808304993926765,-8818.61489099181,-8833.557253984394,16.039786401947435,-8817.517467582447,-8831.957540658894,13.251781731328466,-8818.705758927565,-133109.4865073568,23.20801135678112,-133086.278496
0.73,-8830.785169271412,11.523684442855505,-8819.261484828556,-8831.426926282826,12.81202423155137,-8818.614902051275,-8833.554280427876,16.036803068445817,-8817.51747735943,-8831.960526613178,13.255493194123371,-8818.705033419055,-133109.45998342813,23.181487498847865,-133086.2784959293
0.7305,-8830.790102151814,11.528611631426154,-8819.261490520388,-8831.430608419361,12.815714822316883,-8818.614893597045,-8833.551253465595,16.033770295971408,-8817.517483169624,-8831.964200643482,13.259170003526652,-8818.705030639956,-133109.43336747753,23.154871619270274,-133086.27849585825
0.731,-8830.79500069994,11.533514878518538,-8819.261485821422,-8831.434269098225,12.81937688575696,-8818.614892212468,-8833.548174051228,16.03068828465269,-8817.517485766575,-8831.967153696003,13.262811585382675,-8818.704342110621,-133109.406660624,23.128164837035357,-133086.27849578694
0.7315,-8830.799881128254,11.538394169243698,-8819.26148695901,-8831.43789592165,12.823010500500068,-8818.61488542115,-8833.545028833332,16.02755723556843,-8817.517471597765,-8831.970751432362,13.266417799271746,-8818.70433363309,-133109.3798639909,23.101368275484834,-133086.27849571544
0.732,-8830.804738191548,11.543249482274852,-8819.261488709273,-8831.441507486286,12.826615731936128,-8818.61489175435,-8833.541848329487,16.024377328347228,-8817.51747100114,-8831.976235059681,13.269988461759084,-8818.706246597922,-133109.3529787059,23.074483062284386,-133086.2784956436
0.7325,-8830.809565690937,11.548080785529944,-8819.261484905408,-8831.445088533344,12.830192682385595,-8818.614895850958,-8833.538631586018,16.02114878403712,-8817.51748280198,-8831.979775098744,13.27352342159181,-8818.706251677151,-133109.32600590095,23.047510329394413,-133086.27849557155
0.733,-8830.814375070515,11.552888045974807,-8819.26148702454,-8831.448640970173,12.83374144458404,-8818.61489952559,-8833.535345224323,16.017871818168103,-8817.517473406155,-8831.983264593067,13.277022579092423,-8818.706242013975,-133109.29894671228,23.020451213041476,-133086.27849549925
0.7335,-8830.819165376606,11.557671249333717,-8819.261494127273,-8831.452156213703,12.837262096560117,-8818.614894117143,-8833.529349473896,16.01454633073444,-8817.514803143162,-8831.987718252125,13.280486080683412,-8818.707232171442,-133109.27180228036,22.993306853690086,-133086.27849542667
0.734,-8830.8239184894,11.562430378194875,-8819.261488111204,-8831.45564523119,12.840754736193091,-8818.614890494997,-8833.52596774477,16.011172523561626,-8817.514795221208,-8831.99114718813,13.283913787806146,-8818.707233400324,-133109.24457374986,22.966078396014566,-133086.27849535385
0.7345,-8830.828654436054,11.56716541269345,-8819.261489023362,-8831.459114698353,12.844219459947684,-8818.614895238405,-8833.522546914997,16.007750919517377,-8817.51479599548,-8831.994542268696,13.287305233979282,-8818.707237034716,-133109.21726226967,22.93876698887087,-133086.2784952808
0.735,-8830.833363679829,11.571876342847197,-8819.261487336982,-8831.459230569782,12.847656466300505,-8818.611574103483,-8833.527738717976,16.004281404264734,-8817.523457313711,-8831.997676996174,13.290659997395572,-8818.707016998778,-133109.18986899275,22.911373785268275,-133086.2784952075
0.7355,-8830.83804669756,11.576563131334503,-8819.261483566224,-8831.462645200672,12.85106581532726,-8818.611579385346,-8833.524233964863,16.000764198469568,-8817.523469766393,-8831.999765542927,13.293977792669342,-8818.705787750258,-133109.16239507624,22.883899942340385,-133086.2784951339
0.736,-8830.842717317524,11.581225756682485,-8819.261491560841,-8831.46602168459,12.854447489337915,-8818.61157419525,-8833.520661500874,15.99719986191589,-8817.523461638957,-8832.002330450001,13.297259271223357,-8818.705071178778,-133109.13484168143,22.85634662131501,-133086.2784950601
0.7365,-8830.847351221028,11.585864205592022,-8819.261487015436,-8831.469373849812,12.857801619858394,-8818.611572229953,-8833.51705279726,15.993588599687284,-8817.523464197573,-8832.005574850025,13.300504467756987,-8818.705070382268,-133109.10720997353,22.82871498748368,-133086.27849498604
0.737,-8830.851967958393,11.590478454940836,-8819.261489503453,-8831.472706941548,12.861128296875622,-8818.611578644672,-8833.513401178303,15.989930613213286,-8817.52347056509,-8832.00879063982,13.303712737554783,-8818.705077902265,-133109.07950112192,22.801006210171714,-133086.27849491173
0.7375,-8830.85655084032,11.59506850350245,-8819.261482336819,-8831.475998071614,12.864427568282963,-8818.61157050333,-8833.509692338886,15.986226147901235,-8817.523466190985,-8832.012406495991,13.306883712830587,-8818.70552278316,-133109.05171629993,22.773221462706562,-133086.27849483723
0.738,-8830.861121324482,11.59963432351691,-8819.261487000966,-8831.479283479634,12.867699529578953,-8818.611583950054,-8833.505944398823,15.982475457456303,-8817.523468941366,-8832.013880876484,13.310017133011847,-8818.703863743473,-133109.02385668483,22.745361922383445,-133086.27849476243
0.7385,-8830.865664628926,11.604175881617033,-8819.261488747308,-8831.489164499226,12.870941560927044,-8818.6182229383,-8833.502144960346,15.978678730133433,-8817.523466230214,-8832.016974595967,13.31311313116457,-8818.703861464803,-133108.99592345784,22.717428770428803,-133086.2784946874
0.739,-8830.87017932314,11.608693169203796,-8819.261486153935,-8831.491373208943,12.874153231693263,-8818.61721997725,-8833.4983035602,15.97483620711523,-8817.523467353085,-8832.019094613972,13.316171687484552,-8818.702922926488,-133108.96791780414,22.68942319196475,-133086.27849461217
0.7395,-8830.874679712239,11.613186174420811,-8819.261493537817,-8831.494548944416,12.877337337913325,-8818.617211606503,-8833.474167016926,15.970948922369665,-8817.503218094556,-8832.0210429706,13.319193793707898,-8818.701849176892,-133108.93984091267,22.661346375974396,-133086.2784945367
0.74,-8830.87914290804,11.617654879720135,-8819.26148802832,-8831.517899183216,12.880494977085366,-8818.63740420613,-8833.470242647114,15.967017052518738,-8817.503225594595,-8832.0240265407,13.322179395135777,-8818.701847145563,-133108.91169397623,22.63319951526429,-133086.27849446097
0.7405,-8830.8835927524,11.622099255513003,-8819.261493496886,-8831.521036771717,12.883626204470463,-8818.637410567248,-8833.480817941609,15.963040095659348,-8817.51777784595,-8832.026861337605,13.325126811612073,-8818.701734525992,-133108.88347819145,22.604983806422887,-133086.278494385
0.741,-8830.888002542439,11.626519287047941,-8819.26148325539,-8831.524142888966,12.886730610719075,-8818.637412278247,-8833.476809648457,15.959018289981742,-8817.517791358476,-8832.029888299885,13.328036269459517,-8818.701852030426,-133108.85519475865,22.57670044977955,-133086.27849430888
0.7415,-8830.89240517992,11.630914962709776,-8819.26149021721,-8831.527213720265,12.889808279091167,-8818.637405441174,-8833.477173952046,15.954951262449008,-8817.522222689597,-8832.0327617206,13.330908135700758,-8818.7018535849,-133108.82684488184,22.548350649370384,-133086.27849423248
0.742,-8830.896773961964,11.635286274570872,-8819.261487687392,-8831.530264047566,12.892859257393507,-8818.637404790172,-8833.473059801045,15.950839264358317,-8817.522220536686,-8832.035592702809,13.333742011791257,-8818.701850691017,-133108.79842976877,22.51993561289658,-133086.27849415588
0.7425,-8830.90112033266,11.639633222222892,-8819.261487110438,-8831.536090043965,12.89588373863816,-8818.640206305327,-8833.468911317768,15.946683081644654,-8817.522228236123,-8832.051962045613,13.336540167986197,-8818.715421877627,-133108.76995063073,22.4914565516737,-133086.27849407904
0.743,-8830.905441907826,11.643955783552478,-8819.261486124273,-8831.512694982472,12.898884584593024,-8818.61381039788,-8833.46470942873,15.94248294065353,-8817.522226488076,-8832.054726747456,13.339302503460077,-8818.715424243996,-133108.74140868257,22.46291468058658,-133086.27849400198
0.7435,-8830.909740594807,11.64825394265927,-8819.261486652147,-8831.515673784199,12.9018618055714,-8818.613811978628,-8833.460465578022,15.938239089022375,-8817.522226489,-8832.057871965351,13.342026573104267,-8818.715845392248,-133108.71280514277,22.434311218045305,-133086.27849392474
0.744,-8830.914018300953,11.652527679239787,-8819.261490621713,-8831.523728517475,12.904812402328991,-8818.618916115147,-8833.456168321552,15.933951758138177,-8817.522216563415,-8832.060561326924,13.344712309440533,-8818.715849017482,-133108.6841412332,22.40564738593811,-133086.2784938473
0.7445,-8830.918264535847,11.656776968960136,-8819.261487566886,-8831.526649621906,12.907736458339642,-8818.618913163567,-8833.451853898945,15.929621195554544,-8817.52223270339,-8832.068041948261,13.34736042488309,-8818.720681523379,-133108.65541817917,22.37692440958197,-133086.27849376958
0.745,-8830.922490266743,11.661001803525576,-8819.261488463217,-8831.53252520937,12.910634299966663,-8818.621890909402,-8833.448497919026,15.925248561795694,-8817.52324935723,-8832.076175836506,13.349967290714606,-8818.726208545791,-133108.62663720938,22.348143517672636,-133086.2784936917
0.7455,-8830.92668881792,11.66520217288407,-8819.261486645037,-8831.532300619068,12.913506206641687,-8818.618794412427,-8833.44408908266,15.920834100926214,-8817.523254981734,-8832.0787474193,13.352532080519262,-8818.726215338782,-133108.5977995559,22.319305942236813,-133086.27849361364
0.746,-8830.930866388264,11.669378062426805,-8819.261488325837,-8831.535150674763,12.91635231841457,-8818.618798356349,-8833.43962588686,15.916377137509345,-8817.52324874935,-8832.081272272053,13.355058313607035,-8818.726213958445,-133108.56890645396,22.290412918582653,-133086.27849353538
0.7465,-8830.93501487154,11.673529473183846,-8819.261485398356,-8831.537969736042,12.919172496751138,-8818.61879723929,-8833.435126451435,15.911877918975536,-8817.52324853246,-8832.08262505907,13.357546152671235,-8818.7250789064,-133108.53995914216,22.261465685248464,-133086.27849345692
0.747,-8830.93913760561,11.677656407043436,-8819.261481198566,-8831.539549497547,12.921966802756382,-8818.617582694791,-8833.430582193318,15.907336704019272,-8817.523245489298,-8832.082916406574,13.359995632375643,-8818.722920774198,-133108.5109588622,22.23246548395147,-133086.27849337825
0.7475,-8830.94324365038,11.681758823807833,-8819.261484826571,-8831.53996196169,12.924735317164366,-8818.615226644524,-8833.426003602925,15.902753733021974,-8817.523249869902,-8832.104971555653,13.362399540501379,-8818.742572015151,-133108.48190685894,22.203413559534933,-133086.2784932994
0.748,-8830.94732108492,11.685836701301675,-8819.261484383618,-8831.539407876911,12.927478135781321,-8818.61192974113,-8833.421376375141,15.898129267924759,-8817.523247107216,-8832.10733285326,13.364757755353502,-8818.742575097907,-133108.45280438027,22.17431115991498,-133086.27849322036
0.7485,-8830.951373723927,11.689890043313955,-8819.261483680613,-8831.542124895039,12.930195306411155,-8818.611929588627,-8833.416709093037,15.893463556687895,-8817.52324553635,-8832.109650758686,13.367077245567316,-8818.742573513118,-133108.4236526772,22.145159536027535,-133086.27849314114
0.749,-8830.955413011494,11.693918843258345,-8819.261494168235,-8831.535284189167,12.93288701655516,-8818.602397172612,-8833.41200366396,15.888756851308216,-8817.523246812652,-8832.112200883808,13.369357902587899,-8818.74284298122,-133108.39445300354,22.115959941774495,-133086.27849306175
0.7495,-8830.959414628926,11.697923070933369,-8819.261491557992,-8831.537945894184,12.93555334419641,-8818.602392549989,-8833.407256273213,15.884009397286281,-8817.523246875926,-8832.114442018452,13.371599729214825,-8818.742842289237,-133108.36520661617,22.086713633969367,-133086.2784929822
0.75,-8830.963388589802,11.701902727304322,-8819.261485862498,-8831.540587095204,12.938194197582284,-8818.602392897621,-8833.40247455019,15.87922145407752,-8817.523253096113,-8832.11664882082,13.373802793360444,-8818.74284602746,-133108.33591477474,22.057421872282653,-133086.27849290246
0.7505,-8830.967342523518,11.705857803220262,-8819.261484720297,-8831.543204454365,12.940809634510948,-8818.602394819854,-8833.397631792011,15.874393264482537,-8817.523238527529,-8832.118802217426,13.375967062835677,-8818.742835154591,-133108.30657874176,22.028085919187088,-133086.27849282257
0.751,-8830.971271184864,11.709788281256431,-8819.261482903608,-8831.54579272646,12.943399720944086,-8818.602393005516,-8833.3927642383,15.86952508694356,-8817.523239151356,-8832.114166883412,13.378099097158339,-8818.736067786253,-133108.2771997824,21.998707039902406,-133086.2784927425
0.7515,-8830.975180772724,11.713694172227775,-8819.261486600497,-8831.548370508137,12.945964515938147,-8818.602405992198,-8833.387863305989,15.864617174070286,-8817.523246131917,-8832.116262105885,13.380198810138882,-8818.736063295746,-133108.2477791646,21.969286502339465,-133086.27849266227
0.752,-8830.97905936617,11.717575448639291,-8819.26148391753,-8831.561007646504,12.948504794722819,-8818.61250285178,-8833.393414644184,15.859669021388841,-8817.533745622795,-8832.118321088734,13.38225956494096,-8818.736061523792,-133108.21831815894,21.939825577044417,-133086.27849258189
0.7525,-8830.98292031664,11.721432091453512,-8819.261488225186,-8831.563529161396,12.951020598964938,-8818.612508562432,-8833.388427881184,15.85468091214668,-8817.533746969037,-8832.12033858675,13.384281378562996,-8818.736057208187,-133108.1888180385,21.91032553714266,-133086.27849250135
0.753,-8830.986755517903,11.725264096380208,-8819.261491421523,-8831.566017297688,12.953511276872089,-8818.612506020816,-8833.383405832234,15.849653836542732,-8817.53375199569,-8832.119678167286,13.38626751047691,-8818.733410656809,-133108.15928007895,21.880787658282674,-133086.27849242068
0.7535,-8830.9905616321,11.729071443841505,-8819.261490188257,-8831.568484453144,12.955976887566656,-8818.612507565578,-8833.378338006916,15.84458806254083,-8817.533749944376,-8832.122779039326,13.388217960789861,-8818.734561078536,-133108.12970555841,21.85121321857966,-133086.27849233983
0.754,-8830.99433865923,11.732854145250283,-8819.26148451398,-8831.56807914156,12.958417133823207,-8818.609662007737,-8833.373231080952,15.839483839391656,-8817.53374724156,-8832.124694971028,13.390129480572936,-8818.734565490455,-133108.1000957574,21.821603498558986,-133086.27849225883
0.7545,-8830.99809708971,11.73661218174248,-8819.261484907967,-8831.570501474323,12.960832086345675,-8818.609669387977,-8833.377900270405,15.834341826227861,-8817.543558444177,-8832.126571802082,13.392002098425984,-8818.734569703656,-133108.07045195883,21.791959781099653,-133086.27849217772
0.755,-8831.001831201496,11.740345522432133,-8819.261485679064,-8831.572880891743,12.963222140487177,-8818.609658751257,-8833.372725633564,15.829162277174945,-8817.543563356388,-8832.128395227375,13.393835824923205,-8818.734559402452,-133108.04077544785,21.762283351378144,-133086.27849209646
0.7555,-8831.005541471424,11.744054178772533,-8819.261487292652,-8831.575246004048,12.965587342195757,-8818.609658661851,-8833.36750808138,15.823945038960186,-8817.543563042418,-8832.131390718403,13.395630600872082,-8818.735760117532,-133108.01106751192,21.732575496811627,-133086.27849201512
0.756,-8831.00922694582,11.74773814475104,-8819.261488801068,-8831.577584413471,12.967927746978173,-8818.609656666493,-8833.362241891804,15.81869036703452,-8817.54355152477,-8832.133182672444,13.39738645684637,-8818.735796215597,-133107.98132944058,21.702837507000268,-133086.27849193357
0.7565,-8831.012889055195,11.751397399162158,-8819.261491656032,-8831.57990517992,12.970243398248503,-8818.609661781671,-8833.356959489765,15.813398511808401,-8817.543560977956,-8832.13489642519,13.39910347490223,-8818.735792950289,-133107.95156252562,21.67307067366994,-133086.27849185196
0.757,-8831.016516355457,11.75503192788064,-8819.261484427578,-8831.581523088398,12.972534557546343,-8818.608988530852,-8833.339490083637,15.808069526378329,-8817.53142055726,-8832.136563447895,13.400781680140213,-8818.735781767755,-133107.9217680608,21.643276290614647,-133086.27849177018
0.7575,-8831.020127920094,11.758641724233769,-8819.26148619586,-8831.583787111225,12.974801300075658,-8818.60898581115,-8833.33412852663,15.802703678655858,-8817.531424847975,-8832.138206628742,13.402421114484321,-8818.735785514258,-133107.89194734194,21.613455653638944,-133086.2784916883
0.758,-8831.023723272267,11.762226779368742,-8819.261496492898,-8831.586021570149,12.977043450053529,-8818.608978120095,-8833.328726915302,15.797301433627032,-8817.531425481675,-8832.137961534443,13.404023044139013,-8818.733938490304,-133107.86210166683,21.583610060499375,-133086.27849160632
0.7585,-8831.027279046955,11.765787075667351,-8819.261491971289,-8831.588237432423,12.979261018936915,-8818.608976413487,-8833.330030588093,15.791863317378295,-8817.538167270715,-8832.124121812763,13.405592865662467,-8818.718528947102,-133107.83223233506,21.553740810843223,-133086.27849152422
0.759,-8831.030813363972,11.769322615200004,-8819.261490748771,-8831.592908529225,12.981454123776441,-8818.611454405449,-8833.321458009663,15.786389857742613,-8817.53506815192,-8832.125653413716,13.407129687885266,-8818.71852372583,-133107.80234064817,21.523849206151993,-133086.278491442
0.7595,-8831.034321931782,11.77283340161334,-8819.261488530168,-8831.589601663532,12.983623178521597,-8818.605978485011,-8833.315955308857,15.780880988415007,-8817.535074320442,-8832.12616601366,13.408628358193159,-8818.717537655468,-133107.7724279094,21.493936549685998,-133086.2784913597
0.76,-8831.037807611408,11.776319396612855,-8819.261488214795,-8831.591921476307,12.985768162784101,-8818.606153313523,-8833.310408739033,15.77533669950953,-8817.535072039524,-8832.129623559895,13.41008904906769,-8818.719534510827,-133107.7424954237,21.464004146425765,-133086.27849127728
0.7605,-8831.04126563448,11.779780590785101,-8819.261485043695,-8831.583953050556,12.98788968134011,-8818.596063369216,-8833.304827836933,15.769757273502925,-8817.53507056343,-8832.129897264424,13.411510535182433,-8818.71838672924,-133107.7125444978,21.434053303014416,-133086.2784911948
0.761,-8831.04470029253,11.783216991276632,-8819.261483301254,-8831.586051134052,12.989987772073354,-8818.59606336198,-8833.299211648884,15.764142959280058,-8817.535068689604,-8832.129178193989,13.412893267305598,-8818.716284926684,-133107.68257643987,21.40408532769919,-133086.27849111217
0.7615,-8831.048115877094,11.786628575442267,-8819.261487301652,-8831.588128236714,12.992061553396553,-8818.596066683316,-8833.297291902485,15.758493553484682,-8817.538798349,-8832.130025056782,13.414219353261512,-8818.715805703521,-133107.65259255975,21.374101530274654,-133086.2784910295
0.762,-8831.051505712452,11.790015343499046,-8819.261490368954,-8831.590180543843,12.994111066104104,-8818.596069477739,-8833.292657045307,15.752809222340545,-8817.539847822967,-8832.134904531422,13.41548139655503,-8818.719423134868,-133107.62259416873,21.34410322202488,-133086.27849094672
0.7625,-8831.054865507069,11.793377276494752,-8819.261488230573,-8831.588369516316,12.99613654157184,-8818.592232974745,-8833.286937860432,15.747090652919672,-8817.539847207512,-8832.13612475771,13.416698585269653,-8818.71942617244,-133107.5925825795,21.31409171566187,-133086.27849086383
0.763,-8831.058203367176,11.79671435883279,-8819.261489008344,-8831.59036555666,12.998138025312644,-8818.592227531348,-8833.281190065327,15.741338180093926,-8817.539851885233,-8832.137301114979,13.41787800974133,-8818.719423105238,-133107.56255910618,21.284068325264535,-133086.2784907809
0.7635,-8831.061512617054,11.80002659568921,-8819.261486021365,-8831.592337278309,13.0001153427258,-8818.592221935583,-8833.275397447529,15.735552059127418,-8817.5398453884,-8832.144462732258,13.419015392728474,-8818.72544733953,-133107.53252506413,21.254034366219102,-133086.2784906979
0.764,-8831.064804223957,11.803313965873068,-8819.261490258084,-8831.59429850954,13.002068512494217,-8818.592229997046,-8833.269572404804,15.729732530954342,-8817.53983987385,-8832.14556136507,13.420110796741746,-8818.725450568329,-133107.50248176997,21.223991155159005,-133086.27849061482
0.7645,-8831.068059591236,11.80657646762507,-8819.261483123611,-8831.596232084217,13.003997581445741,-8818.592234502772,-8833.263726381245,15.723879843876736,-8817.539846537367,-8832.146607545796,13.421168660742403,-8818.725438885052,-133107.4724305416,21.193940009904008,-133086.2784905317
0.765,-8831.07130256075,11.809814099074128,-8819.261488461676,-8831.598133233967,13.005902596744816,-8818.592230637223,-8833.257840303364,15.717994243920685,-8817.539846059442,-8832.147638467732,13.422189069936461,-8818.725449397794,-133107.44237269787,21.16388224939918,-133086.27849044846
0.7655,-8831.074513105335,11.813026829428853,-8819.261486275907,-8831.621326116505,13.007783737179544,-8818.613542379326,-8833.25192466158,15.712075990665186,-8817.539848670915,-8832.164227155628,13.423172149695048,-8818.741055005934,-133107.41230955883,21.133819193652464,-133086.27849036516
0.766,-8831.07770219225,11.816214646361242,-8819.261487545888,-8831.623187211933,13.009641024784667,-8818.613546187149,-8833.254590181294,15.706124047233109,-8817.54846613406,-8832.165174631062,13.424117935021656,-8818.74105669604,-133107.38224244554,21.103752163671743,-133086.27849028187
0.7665,-8831.08087172884,11.819377558394041,-8819.261494170447,-8831.621492532673,13.011473879779068,-8818.610018652895,-8833.248605874958,15.700138661835817,-8817.548467213122,-8832.152440217915,13.425029801975866,-8818.727410415939,-133107.35217267988,21.073682481403864,-133086.27849019849
0.767,-8831.083999780598,11.82251554407678,-8819.261484236522,-8831.623298791828,13.01328232419548,-8818.610016467634,-8833.238026765766,15.69412145979649,-8817.543905305969,-8832.153309968891,13.425907848015935,-8818.727402120876,-133107.32210158472,21.04361146967358,-133086.27849011504
0.7675,-8831.08711877245,11.825628601112909,-8819.261490171337,-8831.625083593312,13.01506682556024,-8818.61001676775,-8833.231977609577,15.688072755693398,-8817.543904853885,-8832.154154447499,13.426748804095624,-8818.727405643403,-133107.29203048372,21.013540452121248,-133086.2784900316
0.768,-8831.090203908863,11.82871672398657,-8819.261487184876,-8831.626848844471,13.016827421019897,-8818.610021423452,-8833.225907472553,15.681992718901846,-8817.54391475365,-8832.154962686482,13.427552772659235,-8818.727409913823,-133107.26196070123,20.9834707531401,-133086.2784899481
0.7685,-8831.093266157093,11.831779889777852,-8819.261486267316,-8831.628585962239,13.018564148106266,-8818.610021814133,-8833.219794420185,15.675881584935526,-8817.54391283525,-8832.156459001484,13.428319566436656,-8818.728139435047,-133107.23189356236,20.953403697812867,-133086.27848986455
0.769,-8831.096309331837,11.834818087052266,-8819.261491244784,-8831.626194147053,13.020276900438603,-8818.605917246614,-8833.213650850239,15.669739611032236,-8817.543911239207,-8832.157184747639,13.429049241358339,-8818.72813550628,-133107.20183039282,20.923340611848047,-133086.27848978096
0.7695,-8831.099317697468,11.8378312978882,-8819.26148639958,-8831.627895502033,13.021965705351823,-8818.605929796682,-8833.209983018818,15.66356627733326,-8817.546416741485,-8832.156633523884,13.429741306290477,-8818.726892217594,-133107.17177251886,20.893282821515825,-133086.27848969735
0.77,-8831.102306035938,11.840819532193095,-8819.261486503745,-8831.638021615925,13.023630448371241,-8818.614391167554,-8833.192348627033,15.657360722570989,-8817.534987904462,-8832.153166917744,13.430396662362126,-8818.722770255381,-133107.1417212673,20.863231653583675,-133086.27848961373
0.7705,-8831.105271486225,11.843782778434445,-8819.26148870779,-8831.639670995655,13.025271172091227,-8818.614399823564,-8833.186103013935,15.651123943922968,-8817.534979070013,-8832.15377822298,13.431016282022718,-8818.722761940959,-133107.11167796532,20.833188435251493,-133086.2784895301
0.771,-8831.108206895771,11.846721015104716,-8819.261485880666,-8831.641276983204,13.026888164858041,-8818.614388818347,-8833.17983165163,15.64485723677026,-8817.53497441486,-8832.15437236208,13.431599488875843,-8818.722772873203,-133107.0816439405,20.803154494086584,-133086.2784894464
0.7715,-8831.11112323183,11.84963423094371,-8819.261489000886,-8831.642869142475,13.028481444396,-8818.614387698079,-8833.173539308491,15.63856081913083,-8817.53497848936,-8832.154915002766,13.432146345647212,-8818.722768657119,-133107.05162052068,20.773131157960538,-133086.2784893627
0.772,-8831.11401286501,11.85252241102829,-8819.26149045398,-8831.644446042957,13.030051032438582,-8818.61439501052,-8833.167216447773,15.632234930646247,-8817.534981517127,-8832.157898572865,13.432657731955466,-8818.72524084091,-133107.02160903404,20.74311975498356,-133086.27848927907
0.7725,-8831.116874841633,11.855385541909396,-8819.261489299724,-8831.645988134327,13.031596934526473,-8818.6143911998,-8833.160854486408,15.625879790540743,-8817.534974695867,-8832.158378271046,13.433133763333483,-8818.725244507712,-133106.9916108088,20.71312161343647,-133086.27848919536
0.773,-8831.119719175282,11.85822361764086,-8819.261495557641,-8831.647506860676,13.033119162342972,-8818.614387698333,-8833.154477266255,15.619495665585916,-8817.53498160067,-8832.157841829243,13.433573830540425,-8818.724267998703,-133106.96162717338,20.683138061704376,-133086.2784891117
0.7735,-8831.122528699818,11.861036645468303,-8819.26149205435,-8831.64900794405,13.034617746439837,-8818.61439019761,-8833.153394845905,15.613083644090466,-8817.540311201816,-8832.15861573595,13.4339779555326,-8818.724637780419,-133106.9316594562,20.653170428210096,-133086.278489028
0.774,-8831.12531533617,11.863824610940329,-8819.26149072523,-8831.650478509846,13.036092700990086,-8818.614385808856,-8833.146959451618,15.606643939614294,-8817.540315512004,-8832.158988145771,13.434346145162325,-8818.724642000609,-133106.90170898568,20.62322004134725,-133086.27848894434
0.7745,-8831.128069070759,11.866587488790973,-8819.261481581969,-8831.651934770527,13.037544028421454,-8818.614390742106,-8833.140484956684,15.600175906993242,-8817.540309049691,-8832.156076101246,13.434678264441482,-8818.721397836805,-133106.87177709007,20.593288229413552,-133086.27848886067
0.775,-8831.13080897707,11.86932527943691,-8819.261483697634,-8831.65336051363,13.038971759533442,-8818.614388754097,-8833.133991388264,15.59367974300162,-8817.540311645262,-8832.156362680378,13.434974392002822,-8818.721388288375,-133106.84186509755,20.563376320544137,-133086.278488777
0.7755,-8831.13353553194,11.872037977165519,-8819.261497554775,-8831.65476336855,13.040375911334127,-8818.614387457215,-8833.127471116963,15.587155707084138,-8817.540315409879,-8832.155964998188,13.435235369538901,-8818.720729628649,-133106.81197433604,20.53348564264521,-133086.2784886934
0.776,-8831.136217740956,11.874725560949074,-8819.261492180007,-8831.663813260975,13.04175715987987,-8818.622056101096,-8833.12090411562,15.580604021026863,-8817.540300094593,-8832.15606704134,13.435461395248842,-8818.720605646091,-133106.78210613312,20.503617523326888,-133086.2784886098
0.7765,-8831.13887324709,11.877388019945535,-8819.261485227144,-8831.662891057911,13.043115152611628,-8818.6197759053,-8833.114339021626,15.574024905491218,-8817.540314116135,-8832.157165197315,13.435651967287566,-8818.721513230028,-133106.75226181606,20.473773289835023,-133086.27848852624
0.777,-8831.141511110249,11.880025340694223,-8819.261485769555,-8831.660669473591,13.044448788312373,-8818.616220685279,-8833.107725290241,15.567418585453671,-8817.540306704788,-8832.151535657826,13.435807376553498,-8818.715728281271,-133106.7224427117,20.44395426898375,-133086.2784884427
0.7775,-8831.144124654713,11.88263751378065,-8819.261487140931,-8831.661964563313,13.045758431256694,-8818.616206132056,-8833.10109248537,15.560785270488884,-8817.540307214882,-8832.15126147646,13.435928040129177,-8818.71533343633,-133106.6926501463,20.414161787088,-133086.2784883592
0.778,-8831.146714834156,11.88522452126968,-8819.261490312887,-8831.66029038805,13.047044373992827,-8818.613246014058,-8833.094432023945,15.554125190082903,-8817.540306833862,-8832.150252489033,13.436012967041394,-8818.71423952199,-133106.66288544566,20.384397169895863,-133086.27848827577
0.7785,-8831.149279264393,11.88778635623513,-8819.261492908157,-8831.661533025685,13.04830664457102,-8818.613226381114,-8833.087741044941,15.547438572968517,-8817.540302471973,-8832.149889615956,13.436063481318179,-8818.713826134637,-133106.63314993487,20.354661742520527,-133086.27848819236
0.779,-8831.151809839192,11.890322998474677,-8819.261486840716,-8831.662786630573,13.049545401397676,-8818.613241229175,-8833.081036714497,15.540725634906968,-8817.54031107959,-8832.149903444233,13.436080495205971,-8818.713822949027,-133106.60344493837,20.324956829372262,-133086.278488109
0.7795,-8831.154323247853,11.892834426322494,-8819.26148882153,-8831.657042650166,13.050761220358943,-8818.606281429807,-8833.082437662068,15.533987090646477,-8817.548450571421,-8832.154206422749,13.436060120469413,-8818.718146302279,-133106.5737717798,20.29528375409139,-133086.2784880257
0.78,-8831.156811860981,11.895320646776351,-8819.261491214205,-8831.658227590504,13.051954083508344,-8818.606273506995,-8833.07567515749,15.527223175645025,-8817.548451981846,-8832.154729036274,13.436002005291206,-8818.718727030982,-133106.54413178196,20.265643839481477,-133086.27848794247
0.7805,-8831.159270433369,11.897781644596936,-8819.261488788772,-8831.65941110033,13.05312343140197,-8818.606287668928,-8833.068895486775,15.52043361235537,-8817.54846187442,-8832.154638914051,13.43590887542284,-8818.718730038629,-133106.51452626675,20.236038407441995,-133086.2784878593
0.781,-8831.16170325655,11.900217393633497,-8819.261485862917,-8831.660551217976,13.054269289433552,-8818.606281928542,-8833.061371950093,15.51362137358914,-8817.547750576503,-8832.154506830158,13.435781283291838,-8818.718725546867,-133106.4849565551,20.206468778900746,-133086.2784877762
0.7815,-8831.164108900013,11.902627886674413,-8819.261481013338,-8831.661670831623,13.055391632368321,-8818.606279199255,-8833.054536012593,15.506786650276506,-8817.547749362317,-8832.154941705647,13.4356201285573,-8818.71932157709,-133106.45542396692,20.176936273745604,-133086.27848769317
0.782,-8831.166496423664,11.90501311508649,-8819.261483308577,-8831.662768510761,13.056490486194814,-8818.606278024567,-8833.047670988026,15.499926907037985,-8817.547744080988,-8832.143547204914,13.435436250822171,-8818.708110954092,-133106.42592982095,20.14744221075729,-133086.2784876102
0.7825,-8831.168859151783,11.90737306156817,-8819.261486090216,-8831.663848070088,13.05756586034478,-8818.606282209743,-8833.040808824482,15.493042406138255,-8817.547766418344,-8832.143324521961,13.435228901938185,-8818.708095620023,-133106.39647543489,20.117987907543334,-133086.27848752734
0.783,-8831.17119040865,11.90970770807552,-8819.261482700575,-8831.668338922444,13.058614761672036,-8818.609724160771,-8833.033885148945,15.486133377622465,-8817.547751771323,-8832.143106130543,13.434987415466143,-8818.708118715076,-133106.367062125,20.088574680471105,-133086.27848744454
0.7835,-8831.173507837239,11.9120170476498,-8819.26149078959,-8831.677641061726,13.059637073358235,-8818.618003988367,-8833.034744886341,15.479201673818572,-8817.555543212522,-8832.142820028248,13.4347119013385,-8818.70810812691,-133106.33769120643,20.059203844600653,-133086.27848736182
0.784,-8831.175787118855,11.914301076110632,-8819.261486042744,-8831.677423623982,13.060635737013365,-8818.61678788697,-8833.02779498476,15.472247482575105,-8817.555547502185,-8832.142504838886,13.434402410339551,-8818.708102428547,-133106.30836399284,20.029876713617654,-133086.27848727923
0.7845,-8831.178042558613,11.916559756572726,-8819.26148280204,-8831.678399232807,13.061610947629411,-8818.616788285179,-8833.017829088154,15.46527122834462,-8817.55255785981,-8832.139327196064,13.434054101785971,-8818.705273094278,-133106.27908179647,20.00059459976601,-133086.27848719672
0.785,-8831.18028655428,11.918793079118284,-8819.261493475162,-8831.683910516682,13.06256269546555,-8818.621347821216,-8833.010828641834,15.45827311968877,-8817.552555522147,-8832.144748834553,13.433668865952624,-8818.7110799686,-133106.24984592808,19.971358813780515,-133086.2784871143
0.7855,-8831.182493356648,11.921001048564918,-8819.261492308082,-8831.682131914082,13.063496031071328,-8818.618635883011,-8833.003812936726,15.45125154247923,-8817.552561394246,-8832.14432301897,13.433251736502154,-8818.711071282469,-133106.2206576968,19.9421706648202,-133086.278487032
0.786,-8831.18467440981,11.923183649276767,-8819.261490760533,-8831.677930978718,13.064410988775705,-8818.613519989942,-8832.996762899342,15.4442067490745,-8817.552556150267,-8832.143221048298,13.432801344279612,-8818.710419704019,-133106.1915184102,19.913031460404653,-133086.2784869498
0.7865,-8831.186833051624,11.925340851979284,-8819.261492199645,-8831.67883172411,13.06530249234045,-8818.613529231769,-8832.98969903368,15.437138979074518,-8817.552560054606,-8832.14328112978,13.432311789440874,-8818.71096934034,-133106.16242937403,19.883942506348248,-133086.2784868677
0.787,-8831.188960222187,11.927472647867994,-8819.261487574318,-8831.679704812947,13.066170480467697,-8818.613534332479,-8832.982597021046,15.430048457599195,-8817.552548563446,-8832.154532579365,13.431779291284066,-8818.72275328808,-133106.13339189242,19.85490510669168,-133086.27848678574
0.7875,-8831.191068319264,11.929579031139653,-8819.261489288125,-8831.680544523182,13.067014935023716,-8818.613529588158,-8832.975494531574,15.422935398783007,-8817.552559132791,-8832.15396132845,13.431209948685671,-8818.722751379764,-133106.1044072675,19.82592056363321,-133086.27848670387
0.788,-8831.193154004994,11.931659973712335,-8819.261494031281,-8831.681350854817,13.067835843902568,-8818.613515010915,-8832.968359140339,15.415800043497812,-8817.552559096841,-8832.154493478718,13.430608915267385,-8818.723884563451,-133106.0754767996,19.7969901774592,-133086.27848662215
0.7885,-8831.19520678896,11.93371547305046,-8819.261491315909,-8831.68215241808,13.068633241551789,-8818.613519176528,-8832.961202768269,15.408642638521819,-8817.552560129747,-8832.169276384297,13.42997818703325,-8818.739298197263,-133106.04660178703,19.768115246476086,-133086.27848654057
0.789,-8831.19723048586,11.935745525408347,-8819.26148496045,-8831.682930139485,13.069407125385744,-8818.613523014099,-8832.962849286976,15.401463826123642,-8817.561385460853,-8832.168613580647,13.42931646752559,-8818.739297113121,-133106.01778352604,19.73929706694281,-133086.2784864591
0.7895,-8831.199234155598,11.937750105487062,-8819.26148405011,-8831.683674959126,13.070157456682677,-8818.613517502443,-8832.955645708027,15.394263837531785,-8817.561381870495,-8832.166443971577,13.428622093636932,-8818.73782187794,-133105.98902331077,19.71053693300352,-133086.27848637776
0.79,-8831.201216367665,11.939729191513724,-8819.26148717615,-8831.684400228443,13.070884272555869,-8818.613515955887,-8832.9484283008,15.38704252125289,-8817.561385779547,-8832.16604581255,13.42789513717911,-8818.73815067537,-133105.9603224332,19.681836136619715,-133086.2784862966
0.7905,-8831.203176645222,11.941682771855834,-8819.261493873366,-8831.685113099995,13.07158760399895,-8818.613525495995,-8832.941182283344,15.379800099938597,-8817.561382183407,-8832.166467813435,13.427135832318775,-8818.739331981116,-133105.93168218306,19.653195967502217,-133086.27848621557
0.791,-8831.205095437947,11.943610837442897,-8819.261484600504,-8831.685787347737,13.07226741855306,-8818.613519929184,-8832.93391433138,15.37253681486893,-8817.56137751651,-8832.164242891255,13.42634434076134,-8818.737898550493,-133105.90310384773,19.624617713043065,-133086.2784861347
0.7915,-8831.207001356068,11.94551338089659,-8819.26148797517,-8831.686441568318,13.072923710828544,-8818.61351785749,-8832.926634935322,15.365252932363896,-8817.561382002958,-8832.163428453388,13.425520490052874,-8818.737907963336,-133105.8745887122,19.596102658247574,-133086.27848605395
0.792,-8831.208875802937,11.947390381073172,-8819.261485421863,-8831.687078622761,13.073556500753302,-8818.613522122008,-8832.919332651081,15.357948711766909,-8817.561383939314,-8832.162574914875,13.424664352511503,-8818.737910562364,-133105.84613805905,19.567652085665724,-133086.27848597337
0.7925,-8831.210728792134,11.949241820054954,-8819.261486972078,-8831.700091508808,13.074165635087315,-8818.625925873721,-8832.911999849262,15.350624390904523,-8817.561375458357,-8832.161680368366,13.423776048105942,-8818.73790432026,-133105.81775316832,19.53926727532283,-133086.27848589298
0.793,-8831.212559846821,11.951067679493583,-8819.261492167327,-8831.700668958607,13.07475112862866,-8818.625917829979,-8832.90465083498,15.343280216182771,-8817.561370618798,-8832.160762933674,13.42285566664923,-8818.737907267025,-133105.7894353174,19.51094950464898,-133086.27848581274
0.7935,-8831.214354661884,11.952867955104482,-8819.26148670678,-8831.70124068636,13.075313125616098,-8818.625927560743,-8832.897299436512,15.335916457729551,-8817.561382978784,-8832.163081315937,13.421903166795229,-8818.741178149143,-133105.7611857811,19.48270004840934,-133086.27848573268
0.794,-8831.216133264485,11.954642643379554,-8819.261490621106,-8831.701777605,13.075851618867658,-8818.625925986133,-8832.889911321583,15.328533359932045,-8817.56137796165,-8832.169706491413,13.42092043286194,-8818.748786058552,-133105.73300583143,19.45452017863618,-133086.2784856528
0.7945,-8831.217876104298,11.95639172266977,-8819.261484381628,-8831.702281145039,13.076366609544646,-8818.625914535494,-8832.88251033205,15.321131192416637,-8817.561379139634,-8832.168003229084,13.419907632927913,-8818.748095596156,-133105.70489673765,19.426411164559852,-133086.2784855731
0.795,-8831.219602731648,11.958115174449869,-8819.261487557198,-8831.709489015522,13.076857728742189,-8818.63263128678,-8832.875101236286,15.313710209370281,-8817.561391026917,-8832.16611113924,13.418862432369888,-8818.74724870687,-133105.6768597661,19.398374272538938,-133086.27848549356
0.7955,-8831.22130551714,11.959812975145262,-8819.261492541995,-8831.709951547566,13.077324983586278,-8818.63262656398,-8832.867643026295,15.306270668477051,-8817.561372357817,-8832.165035394612,13.417784910717941,-8818.747250483893,-133105.6488961802,19.370410765990194,-133086.27848541422
0.796,-8831.222973016682,11.961485125705702,-8819.261487890975,-8831.71454825777,13.077768693671935,-8818.636779564098,-8832.86019053835,15.298812835053647,-8817.561377703296,-8832.155754236164,13.41668399592442,-8818.739070240239,-133105.6210072404,19.342521905318137,-133086.2784853351
0.7965,-8831.224616674366,11.96313162801347,-8819.261485046352,-8831.714966920796,13.078188868869862,-8818.636778051925,-8832.859340814533,15.291336909332296,-8817.5680039052,-8832.154607442799,13.415559889050968,-8818.739047553749,-133105.593194204,19.314708947844423,-133086.27848525616
0.797,-8831.226240781727,11.964752446103796,-8819.261488335624,-8831.715356973591,13.078585567883094,-8818.636771405709,-8832.85185113329,15.283843184311483,-8817.568007948978,-8832.15345445055,13.414404499619037,-8818.739049950931,-133105.56545832515,19.286973147737314,-133086.2784851774
0.7975,-8831.227835802021,11.966347557653567,-8819.261488244367,-8831.714701799336,13.078959136508386,-8818.635742662827,-8832.844334749165,15.27633198390015,-8817.568002765265,-8832.146775869312,13.413224639016612,-8818.733551230296,-133105.53780085483,19.259315755940953,-133086.27848509888
0.798,-8831.229405549946,11.967916965888655,-8819.261488584058,-8831.715042261067,13.079309560704417,-8818.635732700362,-8832.836811212483,15.268803598871003,-8817.568007613612,-8832.145572332325,13.412020495499945,-8818.733551836825,-133105.51022304068,19.231738020103855,-133086.27848502056
0.7985,-8831.230952886524,11.969460667327073,-8819.261492219197,-8831.686262754383,13.079636858385417,-8818.606625895998,-8832.829261926594,15.261258322401698,-8817.568003604192,-8832.144345907154,13.410785486788685,-8818.733560420365,-133105.48272612697,19.204241184506376,-133086.27848494245
0.799,-8831.23246541399,11.970978648002621,-8819.261486765987,-8831.686561731281,13.079941036447398,-8818.606620694834,-8832.821695474568,15.253696409618936,-8817.567999064948,-8832.137255815449,13.409519520551768,-8818.727736294897,-133105.45531135457,19.176826489989715,-133086.27848486457
0.7995,-8831.233953145924,11.972470894324031,-8819.2614822516,-8831.686852601948,13.080221738014133,-8818.606630863935,-8832.814130453053,15.246118126418923,-8817.568012326634,-8832.135966447773,13.408222698143618,-8818.72774374963,-133105.4279799608,19.1494951738859,-133086.27848478692
0.8,-8831.235420850697,11.973937373582078,-8819.261483477114,-8831.682517198506,13.080479173070756,-8818.602038025434,-8832.806529191914,15.238523771576089,-8817.568005420339,-8832.13229718584,13.406883341576428,-8818.725413844264,-133105.4007331794,19.12224846994693,-133086.27848470947
0.8005,-8831.23686995882,11.975378081388014,-8819.261491877432,-8831.686257986012,13.080714047513053,-8818.605543938498,-8832.798915056172,15.230913657729657,-8817.568001398442,-8832.129725603047,13.405500351840853,-8818.724225251206,-133105.37357224055,19.095087608272777,-133086.2784846323
0.801,-8831.238274244251,11.976793012937076,-8819.261481231315,-8831.686455873432,13.080926157777991,-8818.605529715654,-8832.796189931812,15.223288233474884,-8817.572901698337,-8832.129156736317,13.404086224792685,-8818.725070511524,-133105.34649837055,19.068013815238686,-133086.2784845553
0.8015,-8831.23966708559,11.978182134013853,-8819.261484951578,-8831.686654714527,13.081114799195534,-8818.605539915332,-8832.788554815235,15.215647776459113,-8817.572907038777,-8832.127707151356,13.402642276888407,-8818.725064874467,-133105.31951279202,19.041028313422892,-133086.2784844786
0.802,-8831.241034177723,11.979545443217695,-8819.261488734506,-8831.68682208437,13.081279987385193,-8818.605542096984,-8832.780890611592,15.20799240983921,-8817.572898201752,-8832.123767045918,13.401167658361073,-8818.722599387556,-133105.2926167237,19.014132321534678,-133086.27848440217
0.8025,-8831.242369798603,11.980882944237145,-8819.261486854366,-8831.686955121937,13.081421730469312,-8818.605533391468,-8832.773224977436,15.200322430311502,-8817.572902547125,-8832.122398523274,13.399657814960355,-8818.722740708314,-133105.26581138026,18.987327054343908,-133086.2784843259
0.803,-8831.243678716603,11.982194612271439,-8819.26148410433,-8831.687075761738,13.081540041161325,-8818.605535720577,-8832.76553931612,15.192638141683103,-8817.572901174437,-8832.120855955067,13.398113384958176,-8818.72274257011,-133105.23909797258,18.960613722608684,-133086.27848424995
0.8035,-8831.24496951479,11.983480437207714,-8819.261489077582,-8831.6871625461,13.081634916218288,-8818.605527629883,-8832.763630060139,15.184939798850666,-8817.578690261289,-8832.119280008259,13.396539118213923,-8818.722740890045,-133105.21247770725,18.9339935330002,-133086.27848417425
0.804,-8831.246234086933,11.984740409656773,-8819.261493677277,-8831.687244562092,13.081706345679464,-8818.605538216412,-8832.755911020222,15.177227684126116,-8817.578683336096,-8832.097386983814,13.394940423075786,-8818.70244656074,-133105.18595178684,18.907467688028582,-133086.27848409882
0.8045,-8831.247473863545,11.985974508669745,-8819.261499354874,-8831.687289384785,13.081754360672807,-8818.605535024111,-8832.744581369343,15.169506001804773,-8817.575075367538,-8832.095764306965,13.393317345305274,-8818.702446961659,-133105.15952140963,18.88103738597107,-133086.27848402367
0.805,-8831.248667386952,11.987182723758117,-8819.261484663193,-8831.68731370348,13.081778995886367,-8818.605534707594,-8832.736855653706,15.161775062172545,-8817.575080591534,-8832.094110158863,13.391664633731187,-8818.702445525132,-133105.13318776956,18.854703820800836,-133086.27848394876
0.8055,-8831.249848035755,11.98836503604914,-8819.261482999706,-8831.687308458271,13.081780259188639,-8818.605528199083,-8832.72911277193,15.154031332045196,-8817.575081439885,-8832.092436937275,13.389982383205338,-8818.70245455407,-133105.10695205626,18.82846818211436,-133086.27848387414
0.806,-8831.251012948933,11.989521448910953,-8819.261491500021,-8831.687296537342,13.081758118411592,-8818.605538418931,-8832.723197130146,15.146273625099177,-8817.576923505047,-8832.084396509114,13.388271421513092,-8818.696125087601,-133105.0808154549,18.802331655058826,-133086.27848379983
0.8065,-8831.252135423603,11.990651961848952,-8819.261483461754,-8831.680236963215,13.081713359533698,-8818.598523603681,-8832.715423730793,15.1385022115965,-8817.576921519196,-8832.082646516743,13.38653184179214,-8818.69611467495,-133105.05477914604,18.776295420259487,-133086.2784837258
0.807,-8831.253245500508,11.991756565008817,-8819.261488935499,-8831.680173543873,13.081645991005129,-8818.598527552867,-8832.707644609394,15.130718900694072,-8817.5769257087,-8832.081365255299,13.384762915061874,-8818.696602340236,-133105.02884430578,18.750360653747094,-133086.27848365204
0.8075,-8831.2543207683,11.992835243755419,-8819.261485524545,-8831.68134704012,13.081555347242215,-8818.599791692877,-8832.69984450716,15.122924009116012,-8817.576920498044,-8832.079558519306,13.382964723328538,-8818.696593795978,-133105.00301210547,18.724528526885294,-133086.2784835786
0.808,-8831.255380777302,11.993887973447888,-8819.261492803855,-8831.679061082783,13.08144202158169,-8818.597619061202,-8832.692056325855,15.11511784025036,-8817.576938485605,-8832.07451739687,13.38113687009238,-8818.693380526778,-133104.97728371175,18.698800206298124,-133086.27848350545
0.8085,-8831.256399778309,11.994914760357595,-8819.26148501795,-8831.678924230519,13.081305916975872,-8818.597618313543,-8832.684214738789,15.107300692444346,-8817.576914046345,-8832.068581727925,13.379280220704032,-8818.68930150722,-133104.9516602864,18.673176853797564,-133086.2784834326
0.809,-8831.257403520527,11.995915582896004,-8819.26148793763,-8831.678757337513,13.081146486958263,-8818.597610850555,-8832.680330423298,15.099470304827268,-8817.58086011847,-8832.066686777058,13.377395432054472,-8818.689291345003,-133104.92614298637,18.64765962631112,-133086.27848336005
0.8095,-8831.258381990376,11.996890436734937,-8819.261491553641,-8831.679250863972,13.080963954173052,-8818.598286909799,-8832.672481683674,15.091626957081912,-8817.580854726591,-8832.064776567402,13.375481856337995,-8818.689294711065,-133104.90073296367,18.62224967580952,-133086.27848328787
0.81,-8831.259327081623,11.997839330856628,-8819.261487750766,-8831.679050592365,13.080758313092705,-8818.598292279272,-8832.664631990376,15.083773503484547,-8817.580858486892,-8832.062834886494,13.37353959687779,-8818.689295289616,-133104.8754313652,18.596948149234503,-133086.27848321595
0.8105,-8831.260253576222,11.998762232632735,-8819.261491343588,-8831.678816942158,13.080529377857193,-8818.5982875643,-8832.665486482563,15.07590968612111,-8817.589576796443,-8832.020999101582,13.371572657949262,-8818.649426443633,-133104.85023933282,18.571756188426708,-133086.2784831444
0.811,-8831.261152414265,11.99965915081625,-8819.261493263448,-8831.678565172138,13.080277194466817,-8818.598287977671,-8832.657618669453,15.068035819155792,-8817.589582850296,-8832.018991617146,13.369581269926805,-8818.64941034722,-133104.8251580032,18.54667493005364,-133086.27848307314
0.8115,-8831.262021211567,12.000530070320268,-8819.261491141247,-8831.678277162495,13.080001773772235,-8818.598275388722,-8832.649737504902,15.060152766234607,-8817.589584738667,-8832.007311967793,13.367561925700091,-8818.639750042094,-133104.80018850777,18.52170550553772,-133086.27848300224
0.812,-8831.262855676594,12.001374983465404,-8819.261480693129,-8831.6779910602,13.079703113563697,-8818.598287946636,-8832.641832021656,15.052260829027619,-8817.589571192628,-8831.998117116871,13.365513003506454,-8818.632604113365,-133104.77533197266,18.49684904098459,-133086.27848293167
0.8125,-8831.263674882832,12.002193895432978,-8819.2614809874,-8831.677659181538,13.079381229472606,-8818.598277952065,-8832.63393845934,15.044360310640046,-8817.5895781487,-8831.99603667635,13.36343435967116,-8818.632602316678,-133104.75058951855,18.472106657111713,-133086.27848286144
0.813,-8831.264466909352,12.0029867841887,-8819.261480125162,-8831.677319196644,13.07903613487747,-8818.598283061767,-8832.62603679079,15.036451527933117,-8817.589585262858,-8831.99311366457,13.361327829180542,-8818.631785835389,-133104.72596226074,18.447479469176983,-133086.27848279156
0.8135,-8831.265241292896,12.00375366271879,-8819.261487630178,-8831.67695250887,13.078667878611215,-8818.598284630258,-8832.618109849873,15.028534779739854,-8817.589575070133,-8831.99097266573,13.35919351330826,-8818.631779152422,-133104.70145130894,18.42296858690751,-133086.27848272203
0.814,-8831.265987066212,12.004494519448421,-8819.261492546764,-8831.671620992603,13.07827694655381,-8818.59334404605,-8832.598131326618,15.020610347722272,-8817.577520978895,-8831.993559030476,13.357048424982008,-8818.636510605495,-133104.6770577673,18.39857511442866,-133086.27848265285
0.8145,-8831.266688016834,12.00520933285029,-8819.261478683984,-8831.671216157856,13.077863344530664,-8818.593352813326,-8832.590210107746,15.012678530161946,-8817.577531577585,-8831.991394189778,13.354892607282348,-8818.636501582496,-133104.65278273422,18.37430015019322,-133086.27848258402
0.815,-8831.2673818149,12.005898118131796,-8819.261483696768,-8831.670933870259,13.077426784327107,-8818.593507085932,-8832.58226790804,15.004739630180744,-8817.577528277858,-8831.988542703572,13.352709142918073,-8818.635833560653,-133104.6286273025,18.35014478691093,-133086.2784825156
0.8155,-8831.26804461855,12.006560860353712,-8819.261483758195,-8831.670466093006,13.076967276337102,-8818.59349881667,-8832.574328569355,14.996793944590715,-8817.577534624765,-8831.986324933949,13.350498127874438,-8818.635826806074,-133104.604592559,18.326110111478226,-133086.2784824475
0.816,-8831.268693593922,12.007197546684601,-8819.261496047237,-8831.669983533802,13.07648472896069,-8818.593498804841,-8832.566373018208,14.988841789097314,-8817.57753122911,-8831.984091905537,13.34825977123037,-8818.635832134307,-133104.5806795847,18.302197204907795,-133086.2784823798
0.8165,-8831.269291547718,12.007808191543909,-8819.261483356175,-8831.66948380846,13.075979177360761,-8818.593504631099,-8832.55841746706,14.98088342455128,-8817.57753404251,-8831.98182454485,13.345994149066621,-8818.635830395782,-133104.55688945475,18.27840714225753,-133086.27848231248
0.817,-8831.269881395283,12.008392769041638,-8819.261488626242,-8831.668951181355,13.075450634873935,-8818.593500546482,-8832.550438550892,14.972919102255787,-8817.577519448636,-8831.9796449222,13.343701372829765,-8818.63594354937,-133104.5332232381,18.254740992560983,-133086.27848224554
0.8175,-8831.270437864247,12.008951283633685,-8819.261486580614,-8831.668397096577,13.074899142578252,-8818.593497953998,-8832.54248538393,14.964949163533126,-8817.577536220397,-8831.981444505634,13.341381954050657,-8818.640062551583,-133104.50968199773,18.23119981875913,-133086.27848217898
0.818,-8831.270969537678,12.009483747271695,-8819.261485790406,-8831.667819169941,13.074324695928034,-8818.593494474013,-8832.53450503725,14.95697391343015,-8817.577531123821,-8831.979100374165,13.339035977010628,-8818.640064397154,-133104.48626679045,18.207784677631597,-133086.27848211283
0.8185,-8831.271484521809,12.009990156643827,-8819.261494365164,-8831.65293612856,13.073726472234526,-8818.579209656325,-8832.526524690571,14.948993628843303,-8817.577531061728,-8831.98630442995,13.336663001319621,-8818.649641428632,-133104.46297866676,18.184496619727923,-133086.27848204703
0.819,-8831.27195754427,12.010470512015022,-8819.261487032254,-8831.652305749836,13.073104535160915,-8818.579201214676,-8832.518534807148,14.941008605414401,-8817.577526201734,-8831.982803968373,13.334264255198953,-8818.648539713173,-133104.43981867097,18.16133668929893,-133086.2784819817
0.8195,-8831.272414354267,12.010924813966176,-8819.2614895403,-8831.651664880696,13.072459773886559,-8818.57920510681,-8832.505973962727,14.933021965113017,-8817.572951997614,-8831.98039641756,13.331840002860208,-8818.6485564147,-133104.41678784092,18.138305924228607,-133086.2784819167
0.82,-8831.272847799244,12.011353068021329,-8819.261494731223,-8831.651001123371,13.071792220345376,-8818.579208903026,-8832.501973775807,14.925034767629882,-8817.576939008177,-8831.978504327717,13.329389223008675,-8818.649115104708,-133104.3938872081,18.115405355966544,-133086.27848185215
0.8205,-8831.273240713062,12.01175527077869,-8819.261485442285,-8831.650302556935,13.071101912892495,-8818.579200644042,-8832.493976739826,14.917044448663688,-8817.576932291162,-8831.975064901295,13.326911962366644,-8818.648152938928,-133104.37111779745,18.09263600946078,-133086.27848178797
0.821,-8831.273617891255,12.012131408120606,-8819.261486483134,-8831.649578241291,13.07038889019617,-8818.579189351096,-8832.48598590273,14.90905048613041,-8817.576935416599,-8831.972293046894,13.324408907518132,-8818.647884139376,-133104.34848062735,18.069998903091047,-133086.27848172426
0.8215,-8831.273966936054,12.012481498039211,-8819.261485438015,-8831.648854402485,13.069653185113998,-8818.579201217372,-8832.477985052052,14.901053145996064,-8817.576931906056,-8831.969760564747,13.321880245255269,-8818.647880319491,-133104.32597670954,18.047495048601633,-133086.27848166093
0.822,-8831.274291185322,12.012805558562022,-8819.26148562676,-8831.648097661915,13.068894831656312,-8818.579202830259,-8832.469983724537,14.89305270607446,-8817.576931018462,-8831.967210916462,13.319325561382026,-8818.64788535508,-133104.3036070491,18.02512545103473,-133086.27848159807
0.8225,-8831.274591592732,12.013103573852577,-8819.26148801888,-8831.647323755207,13.068113876900748,-8818.579209878306,-8832.461980012837,14.885049442057909,-8817.576930570778,-8831.970223573628,13.316744711516947,-8818.65347886211,-133104.28137264427,18.0028911086647,-133086.2784815356
0.823,-8831.274862913075,12.013375537613982,-8819.261487375461,-8831.646512178364,13.067310398337526,-8818.579201780027,-8832.453988222065,14.877043622699707,-8817.576944599365,-8831.970522550526,13.314137595639055,-8818.656384954887,-133104.25927448654,17.980793012932583,-133086.2784814736
0.8235,-8831.275108961048,12.01362145090157,-8819.261487510146,-8831.64866557497,13.066484373549542,-8818.58218120142,-8832.445967821064,14.86903549726453,-8817.5769323238,-8831.967889455738,13.311504623782092,-8818.656384831957,-133104.23731356038,17.958832148381035,-133086.278481412
0.824,-8831.275339750233,12.013841321625142,-8819.261498428608,-8831.653413442555,13.065636595852265,-8818.587776846702,-8832.437968400898,14.861025330980297,-8817.576943069918,-8831.955485490742,13.308844357462544,-8818.646641133279,-133104.21549084346,17.937009492589496,-133086.27848135086
0.8245,-8831.275517610493,12.014035152889242,-8819.261482457603,-8831.652540353718,13.064767148152805,-8818.587773205565,-8832.429948953572,14.85301340067084,-8817.576935552901,-8831.95223727602,13.306156922255246,-8818.646080353765,-133104.1938073063,17.915326016109777,-133086.27848129018
0.825,-8831.275687841358,12.014202967462895,-8819.261484873896,-8831.651660112324,13.063875315875933,-8818.587784796448,-8832.422758726063,14.845001077028193,-8817.577757649035,-8831.950512556019,13.303444985904665,-8818.647067570115,-133104.17226391233,17.893782682402282,-133086.27848122994
0.8255,-8831.275836137715,12.014344767418173,-8819.261491370296,-8831.650735048237,13.062961160443963,-8818.587773887793,-8832.414751676502,14.836988601703245,-8817.5777630748,-8831.947769788685,13.3007086957816,-8818.647061092903,-133104.1508616179,17.872380447772596,-133086.27848117013
0.826,-8831.275946763935,12.014460540532015,-8819.261486223404,-8831.649804262104,13.0620247180124,-8818.587779544092,-8832.406744150105,14.82897510077191,-8817.577769049332,-8831.945007471028,13.297947330396907,-8818.64706014063,-133104.1296013721,17.851120261308438,-133086.27848111078
0.8265,-8831.27604499239,12.014550305304455,-8819.261494687085,-8831.649494317951,13.061066207977364,-8818.588428109973,-8832.39871755022,14.82096082430181,-8817.57775672592,-8831.942613271656,13.295161058450757,-8818.647452213205,-133104.10848411673,17.830003064816324,-133086.2784810519
0.827,-8831.276108411732,12.014614063107285,-8819.261494348624,-8831.64851298708,13.060085691032175,-8818.588427296048,-8832.39010301012,14.812946647100674,-8817.57715636302,-8831.939794210377,13.292350136187135,-8818.64744407419,-133104.08751078625,17.809029792756807,-133086.2784809935
0.8275,-8831.276139882984,12.014651823568506,-8819.261488059416,-8831.647510198536,13.059083044019385,-8818.588427154516,-8832.376346258106,14.804933117471483,-8817.571413140635,-8831.936967519703,13.289514650985776,-8818.647452868718,-133104.06668230775,17.788201372184798,-133086.27848093555
0.828,-8831.276153234425,12.01466360584411,-8819.261489628581,-8831.64648261446,13.058058301420008,-8818.58842431304,-8832.375484136524,14.79691715110349,-8817.578566985421,-8831.934096483174,13.286654765446336,-8818.647441717727,-133104.04599960078,17.76751872269126,-133086.2784808781
0.8285,-8831.276138452473,12.014649410858942,-8819.261489041613,-8831.63273539919,13.057011604577864,-8818.57572379461,-8832.359090951863,14.788898194025474,-8817.570192757838,-8831.931223062458,13.283770641624468,-8818.647452420833,-133104.02546357745,17.74698275634149,-133086.2784808211
0.829,-8831.276099828663,12.014609257891962,-8819.26149057077,-8831.631669191303,13.055943029529743,-8818.575726161775,-8832.357651380482,14.780879421401995,-8817.57677195908,-8831.92687859911,13.280862526794868,-8818.646016072315,-133104.00507514222,17.726594377615065,-133086.2784807646
0.8295,-8831.276036409321,12.014543158392808,-8819.261493250928,-8831.630577234211,13.054852526962414,-8818.575724707249,-8832.349630025807,14.772861554230131,-8817.576768471576,-8831.92172065157,13.277930368826837,-8818.643790282742,-133103.98483519192,17.70635448334633,-133086.27848070857
0.83,-8831.27593913454,12.01445110737766,-8819.261488027163,-8831.629455713215,13.05374014779819,-8818.575715565417,-8832.341620115223,14.764844607773089,-8817.57677550745,-8831.91695704836,13.274974246454793,-8818.641982801904,-133103.9647446157,17.686263962665357,-133086.278480653
0.8305,-8831.275820878926,12.014333122837689,-8819.261487756088,-8831.628330377522,13.052605970238305,-8818.575724407283,-8832.333604005757,14.756828825588384,-8817.576775180169,-8831.913970617237,13.271994490808847,-8818.641976126428,-133103.94480429494,17.666323696939422,-133086.278480598
0.831,-8831.27567401308,12.014189219330456,-8819.261484793751,-8831.627178815785,13.051450042140706,-8818.575728773643,-8832.325589326801,14.748814425223122,-8817.576774901578,-8831.910967973652,13.268991240890754,-8818.64197673276,-133103.92501510316,17.646534559715068,-133086.27848054343
0.8315,-8831.275509981098,12.014019395184928,-8819.261490585914,-8831.625999597492,13.050272441928174,-8818.575727155565,-8832.317576555195,14.740801644627691,-8817.576774910567,-8831.907945302906,13.26596467852988,-8818.641980624376,-133103.90537790605,17.626897416660135,-133086.2784804894
0.832,-8831.275307325306,12.013823682368734,-8819.261483642937,-8831.62479701418,13.049073215234985,-8818.575723798944,-8832.309559968891,14.732790730493583,-8817.576769238398,-8831.902750162068,13.262917364617241,-8818.639832797451,-133103.88589356132,17.607413125505904,-133086.2784804358
0.8325,-8831.275080827656,12.013602096887924,-8819.261478730768,-8831.618436006489,13.047852362727973,-8818.570583643761,-8832.301544336262,14.724781893266927,-8817.576762442995,-8831.893238214436,13.259848583494776,-8818.63338963094,-133103.8665629188,17.58808253599124,-133086.2784803828
0.833,-8831.27484193224,12.013354629022338,-8819.261487303218,-8831.617193368855,13.046609970344928,-8818.57058339851,-8832.293555406513,14.71677534595019,-8817.576780060563,-8831.880401758137,13.256756071703546,-8818.623645686434,-133103.84738682007,17.568906489807855,-133086.27848033025
0.8335,-8831.274565366688,12.013081309480572,-8819.261484057208,-8831.615945009175,13.045346152904898,-8818.57059885627,-8832.285541204395,14.70877131736611,-8817.57676988703,-8831.87727847475,13.253640848088882,-8818.623637626662,-133103.82836609878,17.549885820545295,-133086.27848027824
0.834,-8831.274271634999,12.012782160577675,-8819.26148947442,-8831.614644674244,13.044060964379035,-8818.570583709865,-8832.277546552601,14.700770026934773,-8817.576776525666,-8831.886450914326,13.250502074318273,-8818.635948840008,-133103.80950158037,17.531021353636397,-133086.27848022673
0.8345,-8831.27394595522,12.01245719759192,-8819.261488757627,-8831.614490655842,13.04275436629429,-8818.571736289548,-8832.26954474825,14.692771700099847,-8817.57677304815,-8831.880716470661,13.247339310290641,-8818.633377160371,-133103.79079408204,17.51231390630336,-133086.27848017574
0.835,-8831.273593095722,12.012106434425684,-8819.261486661297,-8831.61315884966,13.04142644239205,-8818.571732407267,-8832.261541036549,14.684776540841142,-8817.576764495707,-8831.878249315205,13.244153897119542,-8818.634095418085,-133103.77224441277,17.493764287504398,-133086.27848012527
0.8355,-8831.273217348042,12.011729891341115,-8819.2614874567,-8831.611827520313,13.040077368547061,-8818.571750151767,-8832.273135808888,14.676783899362695,-8817.596351909526,-8831.884917406025,13.240946288391871,-8818.643971117634,-133103.75385337323,17.475373297881063,-133086.27848007536
0.836,-8831.272820142689,12.011327589239768,-8819.261492553449,-8831.610444215718,13.038707183687873,-8818.571737032029,-8832.265146402302,14.668794004671724,-8817.59635239763,-8831.881687311115,13.237716572678938,-8818.643970738436,-133103.73562175562,17.457141729706017,-133086.2784800259
0.8365,-8831.272387651386,12.010899532325094,-8819.261488119062,-8831.609056619587,13.037315951846805,-8818.57174066774,-8832.251863626423,14.660810609293627,-8817.59105301713,-8831.87843623537,13.23446530639255,-8818.643970928979,-133103.7175503439,17.439070366831622,-133086.27847997707
0.837,-8831.271934179249,12.010445753885092,-8819.261488425363,-8831.607642320576,13.035903787289653,-8818.571738533286,-8832.243892816487,14.652833887510642,-8817.591058928976,-8831.870182184162,13.231185283409884,-8818.638996900752,-133103.69963991336,17.421159984639367,-133086.27847992873
0.8375,-8831.271449712696,12.009966273316728,-8819.261483439379,-8831.60621705431,13.034470751594284,-8818.571746302716,-8832.245184091511,14.64486496406721,-8817.600319127443,-8831.867254880848,13.227878571544053,-8818.639376309304,-133103.6818912309,17.40341134998968,-133086.27847988092
0.838,-8831.270954278889,12.00946109420416,-8819.261493184686,-8831.604751733723,13.033016919711331,-8818.571734814012,-8832.237231401386,14.63690407373118,-8817.600327327655,-8831.863933710041,13.224552820503497,-8818.639380889537,-133103.66430505482,17.385825221173725,-133086.27847983365
0.8385,-8831.270423559132,12.008930250704605,-8819.261493308428,-8831.603281167927,13.03154237125753,-8818.571738796669,-8832.22926392931,14.628947827512242,-8817.600316101798,-8831.86001601595,13.22120636285591,-8818.638809653094,-133103.6468821348,17.368402347865082,-133086.27847978694
0.839,-8831.26985993761,12.008373785177895,-8819.261486152433,-8831.60179915804,13.030047200088102,-8818.571751957952,-8832.231617120686,14.620998614714754,-8817.61061850597,-8831.857651857319,13.217839423564106,-8818.639812433756,-133103.62962321183,17.351143471069925,-133086.27847974075
0.8395,-8831.26927438158,12.007791706140438,-8819.26148267544,-8831.600268510761,13.028531506492152,-8818.57173700427,-8832.223667291584,14.613056649457935,-8817.610610642127,-8831.854270128193,13.214452414369587,-8818.639817713824,-133103.61252901822,17.334049323078894,-133086.27847969515
0.84,-8831.26867547411,12.007184033568576,-8819.261491440542,-8831.601716188374,13.026995317975041,-8818.574720870398,-8832.215743688526,14.605119944707852,-8817.610623743818,-8831.850859788838,13.211045544231283,-8818.639814244607,-133103.5956002775,17.31712062742094,-133086.2784796501
0.8405,-8831.268039850178,12.006550808312678,-8819.261489041864,-8831.600161699238,13.0254387115343,-8818.574722987703,-8832.20780482668,14.597188726291748,-8817.610616100388,-8831.847819475117,13.207619241659078,-8818.640200233458,-133103.5788377044,17.30035809881732,-133086.2784796056
0.841,-8831.267383245411,12.00589204571308,-8819.261491199699,-8831.598584321919,13.02386183250201,-8818.574722489417,-8832.199878839436,14.589263210934377,-8817.610615628502,-8831.843093065205,13.204174046280453,-8818.638919018924,-133103.5622420048,17.283762443135743,-133086.27847956165
0.8415,-8831.266694215718,12.00520776406039,-8819.261486451656,-8831.59698501009,13.022264773838094,-8818.574720236253,-8832.191952852192,14.581343588778322,-8817.610609263415,-8831.839946416798,13.200709987750376,-8818.639236429048,-133103.54581387562,17.267334357345565,-133086.27847951828
0.842,-8831.265991357746,12.004498002812394,-8819.261493354934,-8831.584571985188,13.020648183343784,-8818.563923801845,-8832.184050706806,14.5734300867183,-8817.610620620088,-8831.837901262226,13.19722691260391,-8818.640674349623,-133103.52955400493,17.251074529473698,-133086.27847947544
0.8425,-8831.26525082964,12.00376279294684,-8819.261488036693,-8831.58294406313,13.01901213709871,-8818.563931926032,-8832.1761418857,14.565522932281649,-8817.610618953418,-8831.834406045857,13.193725060752431,-8818.640680985105,-133103.51346307175,17.234983638561232,-133086.27847943318
0.843,-8831.26448884386,12.003002159407195,-8819.261486684454,-8831.594736246052,13.017348727656806,-8818.577387518395,-8832.16823211092,14.557622321969681,-8817.61060978895,-8831.836243776264,13.190207921235691,-8818.646035855028,-133103.49754174615,17.219062354620906,-133086.27847939153
0.8435,-8831.263701585713,12.002216131945424,-8819.261485453768,-8831.593038705769,13.0156581855042,-8818.577380520264,-8832.160340455952,14.549728480488044,-8817.610611975464,-8831.832697061482,13.18667569042604,-8818.646021371056,-133103.48179068902,17.203311338595416,-133086.27847935044
0.844,-8831.26289334673,12.001404746289328,-8819.26148860044,-8831.616012720051,13.013947818311117,-8818.60206490174,-8832.152461675587,14.541841613978248,-8817.610620061609,-8831.829487947407,13.183125134843507,-8818.646362812564,-133103.4662105522,17.187731242316367,-133086.2784793099
0.8445,-8831.262050775471,12.00056801779275,-8819.261482757678,-8831.617599634114,13.012217833222852,-8818.605381800891,-8832.14458480257,14.533961940122131,-8817.610622862449,-8831.837257532063,13.179562679018296,-8818.657694853044,-133103.45080197838,17.172322708463906,-133086.2784792699
0.845,-8831.261194852772,11.999705970353522,-8819.26148888242,-8831.61585345644,13.010468569844797,-8818.605384886596,-8832.136715082112,14.526089699897366,-8817.610625382214,-8831.83368888277,13.175988903375973,-8818.657699979394,-133103.43556560107,17.157086370527164,-133086.27847923056
0.8455,-8831.26030936617,11.998818654890208,-8819.261490711278,-8831.608839181843,13.008700159248018,-8818.600139022596,-8832.12883916277,14.518225083297454,-8817.610614079473,-8831.838272241535,13.17239966582197,-8818.665872575713,-133103.42050204452,17.14202285276543,-133086.27847919177
0.846,-8831.259392885151,11.997906099175202,-8819.261486785976,-8831.611465124073,13.006913068589704,-8818.604552055484,-8832.120987085285,14.510368294276832,-8817.610618791008,-8831.83465876955,13.168795166530618,-8818.66586360302,-133103.40561192375,17.127132770170068,-133086.27847915358
0.8465,-8831.258455423298,11.996968342307676,-8819.26148708099,-8831.609670785847,13.005107248184402,-8818.604563537663,-8832.113135007801,14.502519572628518,-8817.610615435173,-8831.831043390217,13.165173905878767,-8818.665869484339,-133103.39089584438,17.11241672842725,-133086.27847911595
0.847,-8831.257494119587,11.996005427673246,-8819.261488691915,-8831.607851175251,13.003282447736902,-8818.604568727515,-8832.10530105013,14.494679156415001,-8817.610621893715,-8831.827399400654,13.161536152233776,-8818.66586324842,-133103.3763544028,17.097875323881397,-133086.27847907893
0.8475,-8831.256508020344,11.995017373673873,-8819.26149064667,-8831.606001047077,13.001438774225516,-8818.604562272852,-8832.09746661562,14.486847258414143,-8817.610619357205,-8831.823757795277,13.157882183007914,-8818.665875612269,-133103.361988186,17.083509143499548,-133086.2784790425
0.848,-8831.255491403523,11.994004214930984,-8819.261487188593,-8831.604133275929,12.999576337690165,-8818.604556938239,-8832.08963885683,14.47902409603187,-8817.610614760799,-8831.820075181904,13.154212270276043,-8818.665862911628,-133103.34779777148,17.069318764835526,-133086.27847900664
0.8485,-8831.254454282704,11.992966016706514,-8819.261488265996,-8831.60129228014,12.997695309268224,-8818.603596970872,-8832.08181968111,14.4712099021905,-8817.61060977892,-8831.816395429554,13.150526678078762,-8818.665868751476,-133103.3337837274,17.055304755995436,-133086.2784789714
0.849,-8831.253386644306,11.991902813312173,-8819.261483830995,-8831.598862317982,12.99579585963268,-8818.603066458349,-8832.083329347553,14.463405317462728,-8817.61992403009,-8831.81268802065,13.14682566803494,-8818.665862352615,-133103.31994661235,17.041467675605052,-133086.27847893673
0.8495,-8831.252303270283,11.990814630879719,-8819.261488639404,-8831.596945909443,12.993878035251551,-8818.603067874192,-8832.070049432697,14.455610770186475,-8817.614438662511,-8831.80510535616,13.143109965289666,-8818.66199539087,-133103.30628697548,17.027808072778104,-133086.2784789027
0.85,-8831.251175073567,11.989701510364139,-8819.261473563203,-8831.590138582173,12.991942078207298,-8818.598196503965,-8832.062266496601,14.447826087530771,-8817.61444040907,-8831.801391271534,13.139379859194234,-8818.66201141234,-133103.29280535635,17.014326487086286,-133086.27847886927
0.8505,-8831.250049737873,11.988563486379881,-8819.261486251493,-8831.588186410847,12.989988105087908,-8818.598198305759,-8832.054485467854,14.440051291550947,-8817.614434176303,-8831.781814722004,13.135635670617837,-8818.646179051386,-133103.27950228495,17.001023448527924,-133086.2784788364
0.851,-8831.248885301533,11.987400610650836,-8819.261484690882,-8831.584347394886,12.988016033447702,-8818.59633136144,-8832.046725896778,14.43228663202052,-8817.614439264758,-8831.7780534305,13.131877639684499,-8818.646175790816,-133103.2663782817,16.98789947749618,-133086.2784788042
0.8515,-8831.24769940752,11.986212928028205,-8819.261486479492,-8831.582355646076,12.986025972672204,-8818.596329673404,-8832.038978723469,14.424532351827672,-8817.614446371641,-8831.774276880207,13.12810555353661,-8818.64617132667,-133103.25343385732,16.974955084749432,-133086.27847877255
0.852,-8831.246492532673,11.985000485028905,-8819.261492047644,-8831.580351022663,12.984018043362237,-8818.596332979301,-8832.031227258625,14.416788665144132,-8817.61443859348,-8831.770497468891,13.124319731911369,-8818.64617773698,-133103.24066951295,16.962190771382822,-133086.27847874156
0.8525,-8831.245257524433,11.983763309176542,-8819.261494215256,-8831.576348451557,12.981992213967448,-8818.59435623759,-8832.023508218708,14.409055832351568,-8817.614452386357,-8831.766687539997,13.120520456467158,-8818.64616708353,-133103.22808573995,16.94960702880053,-133086.27847871114
0.853,-8831.243987707081,11.98250144472571,-8819.261486262356,-8831.574316648426,12.979948601920114,-8818.594368046506,-8832.01577105898,14.401334108560828,-8817.614436950418,-8831.76371207613,13.116710360650298,-8818.64700171548,-133103.21568302004,16.937204338688872,-133086.27847868134
0.8535,-8831.242703584614,11.981214953239462,-8819.261488631375,-8831.572254804554,12.977887495800584,-8818.594367308753,-8832.008064893666,14.39362372470361,-8817.614441168962,-8831.759897855702,13.112889749699146,-8818.647008106003,-133103.20346182515,16.924983172990252,-133086.27847865215
0.854,-8831.241398004475,11.979903872376447,-8819.261494132099,-8831.533519414845,12.975809719976088,-8818.55770969487,-8832.00036588091,14.385924936311316,-8817.614440944597,-8831.756401685658,13.109056412983179,-8818.647345272675,-133103.1914226175,16.912943993879438,-133086.27847862363
0.8545,-8831.240063337269,11.978568247360496,-8819.261495089908,-8831.531416562977,12.973715366485695,-8818.55770119649,-8831.999413637104,14.37823566031855,-8817.621177976785,-8831.75823035616,13.105210395826088,-8818.653019960333,-133103.1795658494,16.901087253741515,-133086.27847859566
0.855,-8831.238695291462,11.977208143469529,-8819.261487147993,-8831.495680478993,12.971603976222553,-8818.52407650277,-8831.991714624348,14.370556116843563,-8817.621158507503,-8831.733227876606,13.101349751185602,-8818.631878125421,-133103.16789196347,16.889413395146704,-133086.27847856833
0.8555,-8831.237314371052,11.975823608939042,-8819.261490762114,-8831.493558076801,12.96947568954953,-8818.524082387252,-8831.984056619587,14.362888876936406,-8817.62116774265,-8831.728499559345,13.097475139687091,-8818.631024419657,-133103.15640139245,16.87792285082543,-133086.27847854162
0.856,-8831.235902456227,11.974414674160762,-8819.261487782065,-8831.489560274067,12.967332065770186,-8818.522228208298,-8831.976411966267,14.355234226628362,-8817.621177739638,-8831.72462287325,13.093589292070256,-8818.63103358118,-133103.14509455918,16.86661604364693,-133086.27847851554
0.8565,-8831.234464792195,11.972981389582127,-8819.261483402612,-8831.487402585926,12.96517322090977,-8818.522229365017,-8831.968762067738,14.347592429339691,-8817.621169638398,-8831.72071996111,13.089692464840075,-8818.631027496269,-133103.13397187667,16.85549338659836,-133086.27847849007
0.857,-8831.23301234621,11.971523813169021,-8819.261488533042,-8831.46585050005,12.96299655891887,-8818.50285394113,-8831.961139825764,14.33996375096692,-8817.621176074797,-8831.716815618458,13.085784960854266,-8818.631030657603,-133103.123033748,16.844555282764787,-133086.27847846525
0.8575,-8831.231529382649,11.97004200823566,-8819.261487374413,-8831.463651327076,12.960802199311699,-8818.502849127764,-8831.95352425951,14.332348472478593,-8817.621175787031,-8831.712892679157,13.08186708305103,-8818.631025596107,-133103.11228056633,16.833802125310005,-133086.27847844103
0.858,-8831.230018762531,11.968536028984431,-8819.261482733547,-8831.483229783955,12.958594133015174,-8818.52463565094,-8831.945914415302,14.324746844330306,-8817.621167570973,-8831.690709260884,13.077944797665463,-8818.612764463218,-133103.1017127149,16.823234297458253,-133086.27847841746
0.8585,-8831.228496698322,11.967005910011316,-8819.26149078831,-8831.476369050923,12.95637284428397,-8818.519996206638,-8831.938326982441,14.317159140549766,-8817.621167841891,-8831.685065893116,13.074018518450313,-8818.611047374667,-133103.09133056697,16.812852172476816,-133086.2784783945
0.859,-8831.226945547047,11.965451707690352,-8819.261493839356,-8831.474127916279,12.954135783503439,-8818.519992132775,-8831.933358339253,14.309583842923843,-8817.62377449633,-8831.681129602375,13.070082968881122,-8818.611046633494,-133103.0811344858,16.802656113659427,-133086.27847837214
0.8595,-8831.225360063496,11.963873492387483,-8819.261486571108,-8831.471885827961,12.951882756165201,-8818.520003071795,-8831.925791887226,14.302021236350022,-8817.623770650876,-8831.677459863606,13.066138538410073,-8818.611321325196,-133103.07112482475,16.792646474309713,-133086.27847835043
0.86,-8831.223757413807,11.962271317107747,-8819.261486096699,-8831.469609407368,12.949613901182255,-8818.519995506185,-8831.913286355915,14.294473641776616,-8817.61881271414,-8831.667452959004,13.062190230452405,-8818.605262728552,-133103.0613019271,16.78282359772607,-133086.2784783294
0.8605,-8831.222136644306,11.960645243546221,-8819.26149140076,-8831.467332986775,12.947329315829686,-8818.520003670945,-8831.909382966938,14.286941082269623,-8817.622441884669,-8831.666578439655,13.058239197655082,-8818.608339242,-133103.05166612612,16.773187817188752,-133086.27847830893
0.861,-8831.220485357228,11.958995330431685,-8819.261490026796,-8831.465032724323,12.945029152784663,-8818.520003571539,-8831.90186038393,14.279423629748814,-8817.622436754182,-8831.669640687885,13.054269390064228,-8818.615371297821,-133103.04221774507,16.763739455947377,-133086.2784782891
0.8615,-8831.218809274616,11.957321616262359,-8819.261487658354,-8831.46369948763,12.942713739816828,-8818.520985747813,-8831.905247835102,14.271921542568416,-8817.633326292535,-8831.665646699848,13.050280251652042,-8818.615366448197,-133103.03295709717,16.75447882720892,-133086.27847826996
0.862,-8831.217111734333,11.955624169311562,-8819.261487565022,-8831.461365846577,12.940383213684209,-8818.520982632892,-8831.897775796833,14.264435112180806,-8817.633340684652,-8831.661649850788,13.046283777863591,-8818.615366072925,-133103.02388448553,16.74540623412671,-133086.27847825142
0.8625,-8831.215396074238,11.953903071277395,-8819.261493002961,-8831.463498262348,12.938037827476641,-8818.525460434872,-8831.886026529255,14.256966198126761,-8817.629060331128,-8831.647442964497,13.042275009037887,-8818.605167955458,-133103.01500020328,16.736521969790324,-133086.2784782335
0.863,-8831.213640359822,11.952158369811439,-8819.26148199001,-8831.461141733113,12.93567773359215,-8818.52546399952,-8831.878591207447,14.249515097834287,-8817.629076109613,-8831.643422273579,13.038254248521145,-8818.605168025058,-133103.00630453342,16.727826317216305,-133086.2784782162
0.8635,-8831.211879877033,11.950390123233834,-8819.261489753799,-8831.45875277895,12.933302798246217,-8818.525449980703,-8831.871151117268,14.242080835988908,-8817.629070281278,-8831.63243499178,13.034215081992306,-8818.598219909787,-133102.99779774892,16.719319549339826,-133086.2784781996
0.864,-8831.21008839983,11.948598386403235,-8819.261490013427,-8831.453030256214,12.930913123898259,-8818.522117132316,-8831.867025522175,14.234663418787408,-8817.632362103388,-8831.628726152363,13.030158746681392,-8818.598567405681,-133102.98948011256,16.711001929007352,-133086.27847818355
0.8645,-8831.208269742909,11.946783235275527,-8819.261486507634,-8831.450625089588,12.92850889511845,-8818.52211619447,-8831.85962834734,14.227263162654289,-8817.632365184685,-8831.6252399959,13.026097877798021,-8818.5991421181,-133102.98135187716,16.702873708970266,-133086.27847816818
0.865,-8831.206434873524,11.94494475620668,-8819.261490117316,-8831.448212293568,12.926090312566288,-8818.522121981001,-8831.85224023241,14.219880668865121,-8817.632359563546,-8831.621174005451,13.02203226688625,-8818.599141738565,-133102.97341328533,16.69493513187946,-133086.27847815346
0.8655,-8831.204575208607,11.943082998117003,-8819.26149221049,-8831.447813657704,12.923656929683268,-8818.52415672802,-8831.844871667805,14.212516261827812,-8817.632355405976,-8831.617093709889,13.017962064696414,-8818.599131645193,-133102.96566456964,16.68718643028088,-133086.27847813937
0.866,-8831.202686456623,11.941198023970225,-8819.261488432652,-8831.445368913593,12.921208913974453,-8818.524159999619,-8831.848635820332,14.205169480741468,-8817.64346633959,-8831.613031534138,13.013887591936253,-8818.599143942201,-133102.9581059525,16.679627826610954,-133086.2784781259
0.8665,-8831.200776246968,11.93928990085703,-8819.261486346111,-8831.446761754933,12.918747090646866,-8818.528014664285,-8831.839028505268,14.197841684842828,-8817.641186820425,-8831.60894217867,13.009809162590784,-8818.599133016078,-133102.95073764626,16.672259533190406,-133086.27847811306
0.867,-8831.19884124178,11.937358690930617,-8819.261482550848,-8831.43934073824,12.916272092962387,-8818.523068645278,-8831.831724313679,14.19053396575909,-8817.64119034792,-8831.605671075764,13.005726833576292,-8818.599944242187,-133102.9435598531,16.665081752223408,-133086.27847810087
0.8675,-8831.196890024128,11.935404482974157,-8819.261485541154,-8831.428604272785,12.9137841195088,-8818.514820153277,-8831.824427274647,14.183245583463929,-8817.641181691182,-8831.601583627644,13.001640931062544,-8818.599942696581,-133102.93657276512,16.658094675800765,-133086.2784780893
0.868,-8831.194912580433,11.933427344126788,-8819.261485236306,-8831.420927194538,12.911283031878593,-8818.50964416266,-8831.817167428913,14.175976878440348,-8817.641190550474,-8831.597487596455,12.997552070569052,-8818.599935525886,-133102.92977656427,16.651298485900785,-133086.27847807837
0.8685,-8831.192917016926,11.931427344929109,-8819.261489671997,-8831.418412355366,12.90876887337824,-8818.509643481988,-8831.80991759676,14.168728197030546,-8817.64118939973,-8831.598196653309,12.993459652746964,-8818.604737000562,-133102.92317142247,16.644693354390782,-133086.2784780681
0.869,-8831.190889028492,11.929404558347525,-8819.261484470144,-8831.41115107912,12.906241763122889,-8818.504909315998,-8831.802688745442,14.161499881815303,-8817.641188863627,-8831.594110158863,12.98936400492354,-8818.60474615394,-133102.91675750146,16.63827944302954,-133086.27847805843
0.8695,-8831.188850072804,11.927359051724853,-8819.26149102108,-8831.404958871784,12.903701347600263,-8818.501257524184,-8831.795476106587,14.154292289052837,-8817.641183817534,-8831.589995531025,12.985266379347854,-8818.604729151677,-133102.91053495288,16.632056903470787,-133086.2784780494
0.87,-8831.186783937397,11.925290902898482,-8819.261493034499,-8831.402392534199,12.901147652181255,-8818.501244882018,-8831.788292554798,14.14710573961094,-8817.641186815188,-8831.585908082905,12.981167136264581,-8818.604740946641,-133102.9045039183,16.626025877267736,-133086.27847804103
0.8705,-8831.184686330738,11.92320017921245,-8819.261486151527,-8831.399818090382,12.898581369158691,-8818.501236721224,-8831.78112903017,14.139940569152493,-8817.641188461019,-8831.581805375996,12.97706664267019,-8818.604738733326,-133102.89866452917,16.62018649587869,-133086.2784780333
0.871,-8831.182574418965,11.921086967811501,-8819.261487451153,-8831.414777902546,12.896004342181966,-8818.518773560365,-8831.773982194843,14.132797109997842,-8817.641185084845,-8831.57770553011,12.972965188779169,-8818.60474034133,-133102.89301690686,16.614538880673713,-133086.2784780262
0.8715,-8831.180438665333,11.918951352874338,-8819.261487312458,-8831.412210611286,12.893416716280553,-8818.518793895006,-8831.76685490984,14.125675734876456,-8817.641179174963,-8831.573599962177,12.968863069871482,-8818.604736892306,-133102.88756116264,16.609083142942065,-133086.2784780197
0.872,-8831.17827811617,11.91679339906066,-8819.261484717108,-8831.40959897417,12.890816952574163,-8818.518782021596,-8831.76230922121,14.118575416540612,-8817.64373380467,-8831.5933085956,12.96476884600909,-8818.62853974959,-133102.88229739774,16.603819383897573,-133086.27847801385
0.8725,-8831.176098016682,11.914613165568824,-8819.261484851113,-8831.406995920124,12.888205229061578,-8818.518790691063,-8831.755227235737,14.11149644112492,-8817.643730794613,-8831.583562997761,12.960680262949989,-8818.622882734811,-133102.8772257033,16.598747694681194,-133086.2784780086
0.873,-8831.173899797383,11.912410750970974,-8819.261489046412,-8831.40437236208,12.885581735274565,-8818.518790626806,-8831.748175291004,14.104440602979327,-8817.643734688025,-8831.579472688618,12.956589427431709,-8818.622883261187,-133102.8723461604,16.59386815637449,-133086.27847800404
0.8735,-8831.17167201418,11.910186243529484,-8819.26148577065,-8831.401733545246,12.882946644158025,-8818.518786901088,-8831.74113192934,14.097408290552401,-8817.643723638788,-8831.575385240498,12.952499126705677,-8818.622886113792,-133102.8676588401,16.5891808400183,-133086.2784780001
0.874,-8831.169428018513,11.907939709156281,-8819.261488309357,-8831.386140016499,12.880299223435024,-8818.505840793065,-8831.734130529347,14.090399844387576,-8817.643730684958,-8831.570548204365,12.948409579818183,-8818.622138624547,-133102.86316380338,16.584685806625046,-133086.27847799676
0.8745,-8831.167163042011,11.905671229195903,-8819.261491812815,-8831.38348689455,12.877639650918848,-8818.505847243632,-8831.727140573445,14.083415661116097,-8817.643724912328,-8831.566471246662,12.944321108331794,-8818.62215013833,-133102.85886110124,16.580383107187707,-133086.27847799406
0.875,-8831.16487136263,11.903380885766833,-8819.261490476862,-8831.38081899065,12.874969024657151,-8818.505849965994,-8831.720182565632,14.076456103212687,-8817.64372646242,-8831.56238093752,12.940234131184459,-8818.622146806334,-133102.85475077468,16.576272782693543,-133086.278477992
0.8755,-8831.162558702412,11.901068754639134,-8819.261489947772,-8831.378140596333,12.872287543552531,-8818.50585305278,-8831.713238862934,14.06952153457308,-8817.643717328361,-8831.558295396748,12.936148941680145,-8818.622146455067,-133102.8508328547,16.572354864144582,-133086.27847799053
0.876,-8831.16021647829,11.898734927314056,-8819.261481550977,-8831.380074647846,12.869595836105194,-8818.51047881174,-8831.709681657734,14.062612499358549,-8817.647069158376,-8831.563005594197,12.93206430806779,-8818.630941286128,-133102.8471073623,16.56862937257589,-133086.27847798972
0.8765,-8831.157868532124,11.896379508030027,-8819.261489024093,-8831.377380517903,12.86689408820346,-8818.510486429699,-8831.702794698658,14.055729366742074,-8817.647065331916,-8831.55891909975,12.927980597428135,-8818.630938502323,-133102.84357430862,16.56509631907334,-133086.27847798954
0.877,-8831.15549149889,11.894002573937893,-8819.261488924953,-8831.37467112917,12.864182034737393,-8818.510489094433,-8831.695939687672,14.048872363180745,-8817.647067324491,-8831.555210260334,12.92389964588724,-8818.631310614446,-133102.84023369476,16.561755704792297,-133086.27847798998
0.8775,-8831.153096345844,11.8916042107295,-8819.261492135114,-8831.371933607044,12.861459844373837,-8818.51047376267,-8831.68910899538,14.042041879865051,-8817.647067115515,-8831.551132348957,12.919821768176845,-8818.63131058078,-133102.83708551197,16.55860752097739,-133086.278477991
0.878,-8831.150671152058,11.889184496908285,-8819.26148665515,-8831.36919417757,12.85872770004797,-8818.510466477523,-8831.684326318684,14.035238239291546,-8817.649088079392,-8831.546612409535,12.915750537798093,-8818.630861871736,-133102.83412974165,16.55565174898316,-133086.27847799266
0.8785,-8831.14822783846,11.886743523158973,-8819.2614843153,-8831.329391149464,12.855994148600875,-8818.473397000864,-8831.677547601643,14.02846181863821,-8817.649085783005,-8831.542552141133,12.911686280948746,-8818.630865860183,-133102.83136635524,16.5528883602966,-133086.27847799493
0.879,-8831.14576783556,11.884281393099947,-8819.26148644246,-8831.32664504427,12.85325939183264,-8818.473385652436,-8831.670795110645,14.021713073153185,-8817.649082037493,-8831.544763711872,12.907630410432438,-8818.63713330144,-133102.82879531442,16.550317316559813,-133086.27847799787
0.8795,-8831.143281606617,11.881798190842872,-8819.261483415774,-8831.32843699831,12.850514097295463,-8818.477922901015,-8831.664086488667,14.014992394521327,-8817.649094094146,-8831.540714887562,12.90358320598153,-8818.63713168158,-133102.82641657096,16.54793856959229,-133086.27847800136
0.88,-8831.140780595722,11.879294002602219,-8819.261486593121,-8831.31997170824,12.847758047208227,-8818.472213661033,-8831.657380250874,14.008300167208013,-8817.649080083665,-8831.536682275715,12.899540644102736,-8818.637141631612,-133102.8242300669,16.54575206141545,-133086.2784780055
0.8805,-8831.138253358784,11.87676891485592,-8819.261484443929,-8831.317202714863,12.84499262183735,-8818.472210093025,-8831.649408487263,14.00163771530976,-8817.647770771953,-8831.532653478565,12.895503016111858,-8818.637150462453,-133102.82223573452,16.543757724278436,-133086.27847801024
0.881,-8831.135708955708,11.874223030672804,-8819.261485925035,-8831.317692903462,12.842218497575594,-8818.475474405886,-8831.625985292378,13.99500923164643,-8817.630976060731,-8831.527997640553,12.89147060860427,-8818.63652703195,-133102.82043349626,16.541955480683665,-133086.2784780156
0.8815,-8831.133142618122,11.87165645189906,-8819.261486166224,-8831.314911989155,12.839435848271634,-8818.475476140884,-8831.619398263874,13.988414163200998,-8817.630984100673,-8831.52398791689,12.887443708940058,-8818.63654420795,-133102.81882326494,16.540345243412382,-133086.27847802153
0.882,-8831.130551485005,11.869069269018256,-8819.261482215987,-8831.312120107594,12.836644777704318,-8818.47547532989,-8831.617284921589,13.981848579307751,-8817.635436342282,-8831.519951967182,12.883422630980874,-8818.636529336201,-133102.81740494366,16.538926915548853,-133086.2784780281
0.8825,-8831.127951768818,11.866461582041216,-8819.261490186776,-8831.309319642964,12.833845477290563,-8818.475474165672,-8831.610754636707,13.97531289076213,-8817.635441745946,-8831.506386903706,12.879392105941548,-8818.626994797763,-133102.81617842577,16.53770039051127,-133086.27847803527
0.883,-8831.125322965565,11.863833470951619,-8819.261489494613,-8831.30652156252,12.831038153452946,-8818.475483409065,-8831.604247716847,13.9688080498462,-8817.635439667001,-8831.512088445606,12.87535450896279,-8818.636733936644,-133102.81514359513,16.536665552087307,-133086.27847804304
0.8835,-8831.122668413105,11.861185037721475,-8819.261483375383,-8831.303693918171,12.828223006072935,-8818.475470912099,-8831.605251459065,13.962335208798567,-8817.642916250266,-8831.507786897602,12.871325773461159,-8818.63646112414,-133102.81430032587,16.535822274466433,-133086.27847805142
0.884,-8831.120004323902,11.858516388026008,-8819.261487935877,-8831.300878671589,12.825400203881582,-8818.475478467708,-8831.58999457735,13.955895604023823,-8817.634098973327,-8831.502311853352,12.867305072363054,-8818.635006780989,-133102.81364848264,16.53517042227147,-133086.27847806035
0.8845,-8831.117315439167,11.855827610620864,-8819.261487828546,-8831.298048166218,12.822569938090078,-8818.475478228127,-8831.583577302876,13.949488902869515,-8817.634088400006,-8831.49831023592,12.863292692829987,-8818.63501754309,-133102.81318792052,16.53470985059061,-133086.27847806993
0.885,-8831.114610341969,11.853118812075952,-8819.261491529893,-8831.287793306294,12.819730967160647,-8818.468062339132,-8831.577216295185,13.943114701708442,-8817.634101593478,-8831.494294313374,12.859288095147106,-8818.635006218226,-133102.81291848508,16.53444040501088,-133086.2784780801
0.8855,-8831.11187520403,11.85039008284448,-8819.261485121186,-8831.28495326418,12.816883514316668,-8818.468069749862,-8831.57087293047,13.93677341270562,-8817.634099517763,-8831.490295080128,12.85529152057088,-8818.635003559557,-133102.81284001248,16.534361921652607,-133086.27847809083
0.886,-8831.109128621998,11.847641530816505,-8819.261487091182,-8831.282095102253,12.814029243450669,-8818.468065858802,-8831.573897985401,13.930465058033453,-8817.643432927367,-8831.486318735066,12.851303242455122,-8818.635015492611,-133102.81295232935,16.534474227204633,-133086.27847810215
0.8865,-8831.106360582295,11.844873271564268,-8819.26148731073,-8831.279235509815,12.81116833738125,-8818.468067172435,-8831.567620424214,13.924190057487344,-8817.643430366727,-8831.483583597126,12.847323302436674,-8818.63626029469,-133102.81325525304,16.534777138960386,-133086.27847811408
0.887,-8831.103565362873,11.842085408536109,-8819.261479954337,-8831.28060737032,12.808300946780143,-8818.472306423539,-8831.561387208882,13.917949189957676,-8817.643438018924,-8831.479611543598,12.843351998982772,-8818.636259544615,-133102.81374859143,16.535270464853877,-133086.2784781266
0.8875,-8831.100771097126,11.839278048224749,-8819.261493048902,-8831.278168825093,12.80542724537176,-8818.47274157972,-8831.555172590199,13.911742877631239,-8817.643429712567,-8831.475647119465,12.839389859370517,-8818.636257260094,-133102.81443214315,16.53595400349303,-133086.27847813966
0.888,-8831.09793820757,11.836451278679412,-8819.26148692889,-8831.278099206867,12.802547366630568,-8818.475551840236,-8831.549003747883,13.90557155285624,-8817.643432195027,-8831.471701768818,12.835437143574064,-8818.636264625244,-133102.81530569753,16.536827544198157,-133086.27847815334
0.8885,-8831.095093397083,11.833605199991567,-8819.261488197091,-8831.274017480793,12.799661509451626,-8818.474355971342,-8831.542864946308,13.899435619115312,-8817.643429327192,-8831.467750696125,12.831494120144855,-8818.636256575981,-133102.81636903458,16.537890867045352,-133086.27847816754
0.889,-8831.09222140688,11.830739928547452,-8819.261481478332,-8831.271112111988,12.796769983245085,-8818.474342128744,-8831.536770013752,13.893335507008159,-8817.643434506745,-8831.460884241047,12.827564734416779,-8818.63331950663,-133102.81762192526,16.539143742907065,-133086.27847818236
0.8895,-8831.089345601978,11.827855589040473,-8819.261490012937,-8831.268227724018,12.793873042629713,-8818.474354681388,-8831.530702737751,13.887271656722744,-8817.64343108103,-8831.456414369526,12.823649333978448,-8818.632765035547,-133102.81906413124,16.54058593349261,-133086.27847819775
0.89,-8831.086435464802,11.824952274672182,-8819.26148319013,-8831.264102128926,12.790970911166045,-8818.47313121776,-8831.52466740984,13.881244492517611,-8817.643422917323,-8831.452204851093,12.81974412258133,-8818.632460728511,-133102.82069540507,16.54221719138934,-133086.27847821367
0.8905,-8831.083517221394,11.822030072429271,-8819.261487148964,-8831.258917955342,12.788060523618602,-8818.470857431723,-8831.518680242481,13.875254437010804,-8817.64342580547,-8831.448296216908,12.81584924796539,-8818.632446968943,-133102.8225154903,16.54403726010521,-133086.27847823018
0.891,-8831.080579427662,11.819089105127675,-8819.261490322535,-8831.259605554524,12.785142129179873,-8818.474463425344,-8831.512733129444,13.8693019287683,-8817.643431200677,-8831.445118097248,12.811965397325942,-8818.633152699922,-133102.8245241214,16.546045874111975,-133086.2784782473
0.8915,-8831.077615884724,11.816129502189089,-8819.261486382535,-8831.256678728047,12.78221920915792,-8818.47445951889,-8831.506816057148,13.86338737041652,-8817.643428686732,-8831.441239503803,12.80809282259753,-8818.633146681206,-133102.8267210238,16.548242758888556,-133086.2784782649
0.892,-8831.074643758717,11.813151372975446,-8819.261492385742,-8831.245938447895,12.779291896177225,-8818.466646551718,-8831.500944284382,13.857511189483295,-8817.6434330949,-8831.437400011006,12.804231709101305,-8818.633168301903,-133102.82910591405,16.550627630965167,-133086.2784782831
0.8925,-8831.071637300434,11.810154813720082,-8819.261482486714,-8831.243015436115,12.776360397572946,-8818.466655038543,-8831.495103506031,13.851673847922806,-8817.643429658108,-8831.434709218922,12.800382355589047,-8818.634326863334,-133102.8316784998,16.553200197968103,-133086.27847830183
0.893,-8831.068624643269,11.8071399476766,-8819.261484695593,-8831.24008002657,12.773424955676651,-8818.466655070893,-8831.48930468935,13.845875754302519,-8817.643428935047,-8831.434663442555,12.796544633937382,-8818.638118808618,-133102.8344384798,16.55596015866517,-133086.27847832112
0.8935,-8831.065591958943,11.804106879064928,-8819.261485079878,-8831.237145570698,12.770485783589788,-8818.466659787107,-8831.483539728108,13.840117323552938,-8817.643422404555,-8831.431843427601,12.79271878135883,-8818.639124646243,-133102.83738554397,16.558907203011834,-133086.27847834097
0.894,-8831.062542108479,11.801055733392314,-8819.261486375086,-8831.23420539278,12.767543106803965,-8818.466662285977,-8831.477824834767,13.834399006623809,-8817.643425828142,-8831.427446989002,12.788905468281719,-8818.63854152072,-133102.84051937354,16.56204101219805,-133086.27847836135
0.8945,-8831.059475091877,11.79798663518908,-8819.261488456688,-8831.2312490024,12.764597137318635,-8818.466651865081,-8831.472153810444,13.82872123472432,-8817.64343257572,-8831.437771467152,12.785098735661311,-8818.65267273149,-133102.84383964096,16.565361258696136,-133086.27847838227
0.895,-8831.056382326069,11.794899678970816,-8819.261482647098,-8831.228308824482,12.76164808791348,-8818.466660736569,-8831.466504243794,13.82308441476368,-8817.64341982903,-8831.433979181233,12.781298723996755,-8818.652680457237,-133102.84734601004,16.56886760630895,-133086.27847840372
0.8955,-8831.053283838215,11.791794996282727,-8819.261488841932,-8831.22535434145,12.758696176346731,-8818.466658165104,-8831.460928110066,13.817488991055129,-8817.64343911901,-8831.430186418476,12.777511799047378,-8818.652674619429,-133102.85103813594,16.57255971021805,-133086.27847842572
0.896,-8831.050160554829,11.788672727496849,-8819.261487827333,-8831.22239604372,12.755741611723316,-8818.466654431997,-8831.45536675829,13.811935420914544,-8817.643431337376,-8831.42673411745,12.773738333799365,-8818.652995783652,-133102.8549156653,16.576437217032716,-133086.27847844825
0.8965,-8831.047023443165,11.78553298181384,-8819.261490461351,-8831.262476114216,12.752784636166187,-8818.50969147805,-8831.449856904926,13.80642412124013,-8817.643432783687,-8831.42297568697,12.769978539446566,-8818.652997147523,-133102.85897823615,16.58049976483975,-133086.2784784713
0.897,-8831.043860582295,11.782375859909225,-8819.261484722385,-8831.263270524922,12.749825475375326,-8818.513445049546,-8831.444378045979,13.800955489990432,-8817.643422555988,-8831.419513849201,12.766232651654178,-8818.653281197547,-133102.86322547813,16.584746983253865,-133086.27847849487
0.8975,-8831.040688184681,11.779201476974832,-8819.261486707706,-8831.26031079668,12.746864323372499,-8818.513446473307,-8831.438953546467,13.79552995749862,-8817.643423588968,-8831.415781167927,12.76250086477194,-8818.653280303155,-133102.86765701245,16.589178493468626,-133086.27847851897
0.898,-8831.037499574604,11.776009967752946,-8819.261489606852,-8831.257349637928,12.74390140509844,-8818.51344823283,-8831.432663110676,13.790148268092652,-8817.642514842584,-8831.414094118061,12.75878298681561,-8818.655311131246,-133102.8722724519,16.593793908307916,-133086.2784785436
0.8985,-8831.034287599507,11.772801465693854,-8819.261486133813,-8831.26058450121,12.740937220228066,-8818.519647280982,-8831.427333978596,13.784810871351885,-8817.642523107244,-8831.410381940785,12.755079213729816,-8818.655302727055,-133102.87707140102,16.598592832278015,-133086.27847856874
0.899,-8831.031062749806,11.76957607986113,-8819.261486669944,-8831.257604745808,12.73797199062116,-8818.519632755188,-8831.427220491352,13.779518083893729,-8817.64770240746,-8831.4069596805,12.751392795694516,-8818.655566884805,-133102.882053456,16.603574861620107,-133086.27847859438
0.8995,-8831.027824548664,11.766333936147927,-8819.261490612516,-8831.242109445515,12.735005839249434,-8818.507103606265,-8831.421967653218,13.774270330704743,-8817.647697322513,-8831.403287557545,12.747723933993843,-8818.655563623552,-133102.8872182049,16.60873958436229,-133086.27847862054
0.9,-8831.02455821413,11.76307517736608,-8819.261483036764,-8831.239139703694,12.732038996608779,-8818.507100707086,-8831.416777757588,13.76906785135676,-8817.64770990623,-8831.399625925007,12.744069962656763,-8818.65555596235,-133102.89256522758,16.614086580372337,-133086.2784786472
0.9005,-8831.0212880649,11.759799925795633,-8819.261488139104,-8831.236171392384,12.72907150251162,-8818.507099889872,-8831.411614564839,13.763911079283783,-8817.647703485554,-8831.402276185932,12.740432364386283,-8818.661843821546,-133102.89809409576,16.61961542141271,-133086.27847867433
0.901,-8831.017991689625,11.756508293735735,-8819.261483395889,-8831.205101159992,12.726103804555256,-8818.478997355438,-8831.406508115711,13.758800421353024,-8817.64770769436,-8831.398663667622,12.736811267126935,-8818.661852400495,-133102.9038043732,16.625325671195714,-133086.278478702
0.9015,-8831.014685777607,11.753200420565586,-8819.261485357041,-8831.202131418171,12.723136122551693,-8818.47899529562,-8831.402374414387,13.753737464672799,-8817.648636949714,-8831.395044473591,12.733205512517962,-8818.661838961074,-133102.90969561558,16.631216885438967,-133086.27847873015
0.902,-8831.011362222614,11.749876430706179,-8819.261485791909,-8831.199156907978,12.720168441251657,-8818.478988466726,-8831.39734855074,13.748722636301641,-8817.648625914439,-8831.391459611836,12.729615263049812,-8818.661844348786,-133102.91576737072,16.637288611921363,-133086.2784787588
0.9025,-8831.008025793019,11.746536438185611,-8819.261489354833,-8831.19380393404,12.717201053225216,-8818.476602880815,-8831.392377523365,13.743755187362463,-8817.648622336003,-8831.387880472126,12.726040693597907,-8818.661839778528,-133102.92201917846,16.643540390539215,-133086.27847878792
0.903,-8831.004668859425,11.74318058852706,-8819.261488270899,-8831.191658643666,12.714234136529852,-8818.477424507135,-8831.379193929615,13.738835453697366,-8817.640358475917,-8831.380943445149,12.722482726775239,-8818.658460718374,-133102.9284505709,16.64997175336304,-133086.27847881755
0.9035,-8831.001296667042,11.7398090097094,-8819.261487657333,-8831.184197572651,12.711268001563205,-8818.472929571088,-8831.369340089741,13.73396326147772,-8817.635376828262,-8831.378149179402,12.718940898211251,-8818.659208281191,-133102.93506107232,16.656582224694155,-133086.2784788476
0.904,-8830.997906831684,11.736421816161425,-8819.261485015522,-8831.18122783083,12.708302922679035,-8818.47292490815,-8831.36452117342,13.729139118467428,-8817.635382054952,-8831.374669221821,12.715413927698348,-8818.659255294122,-133102.9418501993,16.663371321121723,-133086.27847887817
0.9045,-8830.9945012607,11.73301915427592,-8819.261482106425,-8831.17485824007,12.705339105233229,-8818.469519134836,-8831.359763292256,13.724364022210777,-8817.635399270044,-8831.37362733263,12.711902226149522,-8818.66172510648,-133102.9488174608,16.670338551581285,-133086.27847890923
0.905,-8830.991088060322,11.729601173086436,-8819.261486887235,-8831.168783334675,12.702376788365612,-8818.46640654631,-8831.355033067646,13.719638385583714,-8817.635394682062,-8831.370123533192,12.708406633596837,-8818.661716899594,-133102.95596235813,16.6774834174139,-133086.27847894072
0.9055,-8830.987659601155,11.726167999973466,-8819.26149160118,-8831.165826944294,12.699416070501034,-8818.466410873792,-8831.34191766161,13.714962427304865,-8817.626955234306,-8831.366650251332,12.704927674674027,-8818.661722576657,-133102.96328438513,16.68480541242509,-133086.2784789727
0.906,-8830.984209207478,11.722719756617856,-8819.26148945086,-8831.162865785542,12.696457167521913,-8818.46640861802,-8831.337284234944,13.710336505889753,-8817.626947729053,-8831.35883632082,12.701462200769743,-8818.65737412005,-133102.97078302808,16.692304022944292,-133086.27847900515
0.9065,-8830.980741647663,11.719256580040476,-8819.261485067624,-8831.159916070881,12.693500313064169,-8818.466415757817,-8831.334884313526,13.705762449432317,-8817.629121864094,-8831.354752687397,12.69801070830204,-8818.656741979095,-133102.9784577659,16.69997872788474,-133086.278479038
0.907,-8830.977265981617,11.715778604841159,-8819.261487376776,-8831.164042142811,12.69054623903621,-8818.473495903774,-8831.330359128895,13.701240695179653,-8817.629118433715,-8831.351311830464,12.694576660369187,-8818.656735170094,-133102.98630807016,16.70782899880379,-133086.27847907136
0.9075,-8830.973780778828,11.712285978668941,-8819.26149480016,-8831.15571799654,12.687595510464531,-8818.468122486076,-8831.325902131977,13.696770437484815,-8817.629131694492,-8831.347892431202,12.691159951686027,-8818.656732479516,-133102.9943334051,16.7158542999637,-133086.27847910515
0.908,-8830.970262674275,11.708778842197871,-8819.261483832077,-8831.152770666065,12.68464786212743,-8818.468122803937,-8831.32148375887,13.692352081820738,-8817.62913167705,-8831.344500211659,12.687760688163618,-8818.656739523494,-133103.00253322776,16.724054088392805,-133086.27847913938
0.9085,-8830.966749338093,11.705257317030341,-8819.261492021064,-8831.14983001131,12.681703186064926,-8818.468126825246,-8831.317116884175,13.687986038347853,-8817.629130845826,-8831.3413387813,12.684390874093463,-8818.656947907206,-133103.01090698797,16.73242781394713,-133086.278479174
0.909,-8830.963210252705,11.701721553828946,-8819.261488698876,-8831.146889356556,12.678761699938558,-8818.468127656617,-8831.312801507893,13.683672679164257,-8817.629128828728,-8831.338002351704,12.681050547509479,-8818.656951804194,-133103.01945412852,16.740974919372455,-133086.27847920914
0.9095,-8830.95965543169,11.698171686561,-8819.26148374513,-8831.143951562824,12.675823620357168,-8818.468127942468,-8831.308548120442,13.679412421892405,-8817.62913569855,-8831.34483399767,12.67772528668159,-8818.667108710988,-133103.02817408505,16.749694840366914,-133086.27847924468
0.91,-8830.956103471699,11.694607855639866,-8819.26149561606,-8831.141795305195,12.672888809510397,-8818.468906495684,-8831.304333833637,13.675205692508078,-8817.629128141129,-8831.341531900349,12.674415169685926,-8818.667116730663,-133103.03706628628,16.758587005643978,-133086.27847928065
0.9105,-8830.952520517292,11.69103020092032,-8819.261490316372,-8831.13884463686,12.669957524391817,-8818.468887112469,-8831.300175813618,13.671052848543834,-8817.629122965074,-8831.33653464693,12.671122854122197,-8818.665411792808,-133103.04613015405,16.76765083699557,-133086.27847931706
0.911,-8830.948921350422,11.687438874739678,-8819.261482475682,-8831.130611566487,12.667030400943839,-8818.463581165543,-8831.296087411823,13.666954271405995,-8817.629133140417,-8831.333274988117,12.66784844366812,-8818.665426544449,-133103.0553651032,16.776885749355706,-133086.27847935384
0.9115,-8830.9453240909,11.683834019542452,-8819.261490071358,-8831.12913432497,12.664107516128059,-8818.465026808843,-8831.29202571291,13.662910340817916,-8817.629115372092,-8831.329624322834,12.664591853907961,-8818.665032468925,-133103.06477054197,16.78629115086459,-133086.2784793911
0.912,-8830.941706327381,11.680215771361645,-8819.26149055602,-8831.126202730122,12.66118905918974,-8818.465013670932,-8831.30811038393,13.658921224241354,-8817.649189159689,-8831.325560716572,12.661353252475529,-8818.664207464097,-133103.07434587166,16.795866442933058,-133086.27847942873
0.9125,-8830.938071397724,11.676584273907388,-8819.261487123817,-8831.123293069782,12.65827540324186,-8818.46501766654,-8831.304163125935,13.65498733593222,-8817.649175790002,-8831.322335866871,12.658132920377643,-8818.664202946493,-133103.0840904871,16.805611020307424,-133086.2784794668
0.913,-8830.934430269184,11.672939668974557,-8819.261490600209,-8831.120388177815,12.655366768509047,-8818.465021409305,-8831.300305513325,13.651109272134804,-8817.649196241191,-8831.3191396274,12.654930850942623,-8818.664208776458,-133103.09400377638,16.815524271134713,-133086.27847950524
0.9135,-8830.930763391438,11.66928211109359,-8819.261481280344,-8831.117481378498,12.652463371387704,-8818.465018007111,-8831.296461252155,13.647287410025283,-8817.64917384213,-8831.310538915577,12.651759252830315,-8818.658779662746,-133103.10408512113,16.82560557702824,-133086.2784795441
0.914,-8830.927094606343,11.665611734573032,-8819.261482871769,-8831.114587930622,12.649565466360954,-8818.465022464261,-8831.292835382405,13.643522749575094,-8817.64931263283,-8831.307956842365,12.648618269883109,-8818.659338572483,-133103.1143338965,16.835854313133595,-133086.27847958336
0.9145,-8830.923417238178,11.661928694217325,-8819.261488543962,-8831.126397279682,12.646673562516701,-8818.479723717166,-8831.289118913593,13.639815646857077,-8817.649303266737,-8831.304825929585,12.64549581896415,-8818.65933011062,-133103.12474947117,16.846269848194904,-133086.27847962297
0.915,-8830.919724611225,11.658233157589784,-8819.261491453635,-8831.069095281544,12.643796561452746,-8818.42529872009,-8831.285460142079,13.636165821339786,-8817.64929432074,-8831.301733163777,12.642391872660468,-8818.659341291117,-133103.13533120765,16.856851544621513,-133086.27847966304
0.9155,-8830.916009096089,11.654525266286825,-8819.261483829801,-8831.066235689106,12.640934419105303,-8818.425301270001,-8831.28188243288,13.632573627218552,-8817.649308805661,-8831.297702459278,12.63930375795783,-8818.65839870132,-133103.14607846198,16.867598758554923,-133086.27847970344
0.916,-8830.9122954883,11.65080515301317,-8819.261490335288,-8831.063372281971,12.638078689629932,-8818.425293592341,-8831.278350976887,13.62903946614346,-8817.649311510744,-8831.294619230213,12.636231492494844,-8818.658387737718,-133103.15699058416,16.878510839936073,-133086.27847974421
0.9165,-8830.908558038655,11.647072964077497,-8819.261485074578,-8831.060531286183,12.63522960965307,-8818.425301676529,-8831.274863389912,13.62556369044998,-8817.649299699462,-8831.290752557697,12.633177279876804,-8818.65757527782,-133103.16806691795,16.889587132573002,-133086.27847978537
0.917,-8830.904816774311,11.643328855337451,-8819.261487918973,-8831.057684091511,12.632387394136101,-8818.425296697375,-8831.271446851673,13.622146638325052,-8817.649300213348,-8831.288912919941,12.630130371199677,-8818.658782548742,-133103.17930680112,16.900826974209032,-133086.2784798269
0.9175,-8830.901065973225,11.639572978427257,-8819.261492994798,-8831.054856447163,12.629552272649088,-8818.425304174514,-8831.268088487568,13.618788671356404,-8817.649299816212,-8831.287363676014,12.627091277523753,-8818.66027239849,-133103.1907095654,16.91222969659175,-133086.2784798688
0.918,-8830.897295144978,11.635805493504671,-8819.261489651473,-8831.05537715334,12.626724358185356,-8818.428652795154,-8831.264796403828,13.615490131175491,-8817.649306272653,-8831.287672666493,12.624070342196724,-8818.663602324295,-133103.2022745366,16.923794625541554,-133086.27847991107
0.9185,-8830.89351430315,11.632026543506585,-8819.261487759644,-8831.052556661549,12.623903867722913,-8818.428652793826,-8831.27886882204,13.612252510346222,-8817.666616311695,-8831.283275751057,12.621067412100116,-8818.662208338957,-133103.2140010347,16.935521081018713,-133086.27847995367
0.919,-8830.889722970905,11.628236277171062,-8819.261486693735,-8831.046964792195,12.621091193688104,-8818.425873598506,-8831.275692132893,13.609076107724306,-8817.666616025168,-8831.28028693575,12.618082978872108,-8818.662203956877,-133103.22588837385,16.947408377190644,-133086.27847999666
0.9195,-8830.885923532429,11.62443486254956,-8819.26148866988,-8831.044165281239,12.618286585174507,-8818.425878696064,-8831.272583154621,13.605960122861447,-8817.66662303176,-8831.2773219623,12.615117344208333,-8818.662204618091,-133103.23793586247,16.959455822500757,-133086.27848003997
0.92,-8830.882103113117,11.62062244457417,-8819.261480668543,-8831.041361955586,12.615490225731335,-8818.425871729854,-8831.269528058949,13.602904881258231,-8817.66662317769,-8831.274386552754,12.612170535830094,-8818.662216016923,-133103.25014280336,16.971662719739356,-133086.27848008362
0.9205,-8830.878284601155,11.616799185746576,-8819.261485415407,-8831.038564828816,12.612702306832421,-8818.425862521983,-8831.266527322712,13.599910712435223,-8817.666616610277,-8831.271442560139,12.60924253075724,-8818.662200029381,-133103.26250849373,16.98402836611528,-133086.27848012763
0.921,-8830.874443677845,11.61296524855972,-8819.261478429285,-8831.071509508076,12.609915040252082,-8818.461594467824,-8831.26359286684,13.596977946454373,-8817.666614920387,-8831.268536714497,12.606333318242807,-8818.662203396254,-133103.27503222527,16.996552053327555,-133086.27848017195
0.9215,-8830.87060370821,11.609120765782352,-8819.261482942427,-8831.06872525591,12.607128686400921,-8818.461596569508,-8831.26071849245,13.594106901484793,-8817.666611590967,-8831.265935090962,12.603442977909094,-8818.662492113053,-133103.28771328423,17.009233067634916,-133086.2784802166
0.922,-8830.866751340809,11.605265901044083,-8819.261485439765,-8831.065959123554,12.604351466295357,-8818.461607657258,-8831.256232408467,13.591298478742484,-8817.664933929724,-8831.270507959309,12.60057461447912,-8818.66993334483,-133103.3005509515,17.022070689924313,-133086.2784802616
0.9225,-8830.86289515871,11.601400833785299,-8819.261494324925,-8831.063185838642,12.60158358493824,-8818.461602253705,-8831.286101488056,13.588549193358906,-8817.697552294698,-8831.267651704731,12.59772813023088,-8818.6699235745,-133103.3135445027,17.035064195781178,-133086.2784803069
0.923,-8830.859009889546,11.597525709101212,-8819.261484180444,-8831.060420183125,12.598825269561864,-8818.461594913562,-8831.283422616902,13.585858754295364,-8817.697563862606,-8831.264825490895,12.594900376946674,-8818.669925113947,-133103.32669320807,17.048212855559953,-133086.2784803525
0.9235,-8830.855127481404,11.593640680075978,-8819.261486801328,-8831.057665018025,12.596076771512543,-8818.461588246511,-8831.286756662312,13.5832319096182,-8817.703524752693,-8831.262019304218,12.592091311204737,-8818.669927993014,-133103.33999633288,17.06151593445438,-133086.27848039844
0.924,-8830.851231721821,11.589745912471336,-8819.26148580935,-8831.054925111714,12.593338316938905,-8818.461586794774,-8831.289437440815,13.580668469994173,-8817.70876897082,-8831.25924029726,12.58930090120979,-8818.66993939605,-133103.35345313724,17.074972692568164,-133086.2784804447
0.9245,-8830.84732737917,11.58584156329075,-8819.26148581588,-8831.065655855122,12.590610174375627,-8818.475045680747,-8831.286931184712,13.578168035313453,-8817.708763149398,-8831.25646176714,12.586529125897558,-8818.669932641242,-133103.3670628762,17.088582384986488,-133086.27848049122
0.925,-8830.843416837635,11.581927782184394,-8819.26148905545,-8831.062934068623,12.587892577981057,-8818.475041490641,-8831.284489301624,13.575731381215416,-8817.708757920409,-8831.253713754597,12.583775929106725,-8818.66993782549,-133103.3808247999,17.102344261847396,-133086.27848053805
0.9255,-8830.839493421498,11.578004746080683,-8819.261488675416,-8831.062526372853,12.585185726318912,-8818.477340646534,-8831.282123235645,13.573358805970198,-8817.708764429675,-8831.234500078144,12.581040706318827,-8818.653459371826,-133103.3947381536,17.116257568412834,-133086.2784805852
0.926,-8830.835561899128,11.574072608101783,-8819.261489291026,-8831.055429605427,12.582489953085188,-8818.472939652342,-8831.279822496357,13.57105059357838,-8817.708771902779,-8831.231788782063,12.578323368520818,-8818.653465413541,-133103.40880217776,17.130321545139857,-133086.2784806326
0.9265,-8830.831613687458,11.570131507760836,-8819.261482179698,-8831.055843023243,12.579805560029683,-8818.476037463213,-8831.277572778645,13.568806990757972,-8817.708765787887,-8831.229090837422,12.57562431400863,-8818.653466523412,-133103.42301610808,17.144535427752068,-133086.27848068034
0.927,-8830.827675966206,11.566181626897503,-8819.26149433931,-8831.053176549854,12.57713266682589,-8818.476043883029,-8831.284010557118,13.566629507413229,-8817.717381049704,-8831.217287210407,12.572952298675645,-8818.644334911733,-133103.43737917562,17.1588984473109,-133086.2784807283
0.9275,-8830.823711542072,11.562223141230893,-8819.261488400842,-8831.050506261769,12.574471378076385,-8818.476034883692,-8831.281899599018,13.564518387837865,-8817.71738121118,-8831.21464076418,12.570307777138972,-8818.64433298704,-133103.45189060684,17.173409830286964,-133086.27848077656
0.928,-8830.81974187273,11.558256210295024,-8819.261485662435,-8831.047862676563,12.57182192481261,-8818.476040751751,-8831.279858735981,13.562472700270106,-8817.71738603571,-8831.215423730793,12.567682391398076,-8818.647741339395,-133103.46654962373,17.188068798631427,-133086.2784808251
0.9285,-8830.81577029604,11.554280997321197,-8819.261489298719,-8831.045225290241,12.569184535235413,-8818.476040755006,-8831.277883676472,13.560492725055258,-8817.717390951417,-8831.20358481783,12.565069187221528,-8818.638515630608,-133103.48135544374,17.202874569847374,-133086.2784808739
0.929,-8830.811791566792,11.550297673565336,-8819.261493893226,-8831.042600778523,12.56655944871933,-8818.476041329803,-8831.275966791096,13.558578693877987,-8817.717388097219,-8831.205282358113,12.562475199546885,-8818.642807158565,-133103.49630728,17.21782635706066,-133086.27848092295
0.9295,-8830.807795671406,11.546306395737272,-8819.261489275668,-8831.041814950886,12.563946912773833,-8818.477868038111,-8831.274121431294,13.5567308737451,-8817.71739055755,-8831.202717451039,12.559907908406457,-8818.642809542633,-133103.51140434135,17.23292336908933,-133086.27848097225
0.93,-8830.8037931003,11.542307330320472,-8819.26148576998,-8831.039207605305,12.561347131198323,-8818.477860474106,-8831.278051046314,13.554949945785669,-8817.723101100528,-8831.200167325916,12.5573599364563,-8818.64280738946,-133103.52664583235,17.24816481051515,-133086.27848102184
0.9305,-8830.799790529194,11.538300651701405,-8819.261489877492,-8831.015686181965,12.558760641045316,-8818.45692554092,-8831.276314882221,13.5532361371692,-8817.723078745052,-8831.197631982746,12.554831173173975,-8818.642800809572,-133103.5420309534,17.26354988175671,-133086.27848107164
0.931,-8830.795769838276,11.534286526110243,-8819.261483312166,-8831.023211625996,12.556187685299758,-8818.467023940697,-8831.274682668629,13.551589220938052,-8817.72309344769,-8831.195141939106,12.552321508571708,-8818.642820430534,-133103.55755890082,17.27907777914076,-133086.27848112167
0.9315,-8830.791745809498,11.5302651015546,-8819.261480707943,-8831.020662454548,12.553628159065193,-8818.467034295483,-8831.273104814472,13.550009412263526,-8817.723095402209,-8831.192563203755,12.549830455760587,-8818.642732747994,-133103.57322886697,17.294747694973267,-133086.278481172
0.932,-8830.787717012348,11.526236560795724,-8819.261480451552,-8831.018109468403,12.55108223792217,-8818.467027230481,-8831.271599916401,13.548496945374097,-8817.723102971027,-8831.189662126484,12.547357920135898,-8818.642304206349,-133103.58904004013,17.310558817610335,-133086.2784812225
0.9325,-8830.783686784687,11.522201087153636,-8819.261485697534,-8831.015576986256,12.548550141420968,-8818.467026844835,-8831.266827730122,13.547051799640066,-8817.719775930482,-8831.187403825703,12.54490679374746,-8818.642497031955,-133103.6049916048,17.326510331529047,-133086.27848127327
0.933,-8830.779642728749,11.51815882377806,-8819.261483904971,-8831.013057855549,12.546032091366474,-8818.467025764183,-8831.26545205492,13.545674215461293,-8817.719777839458,-8831.189485696736,12.542480615904141,-8818.647005080831,-133103.62108274165,17.342601417398214,-133086.27848132426
0.9335,-8830.775593904438,11.514109954309035,-8819.26148395013,-8831.0105458774,12.54352829711058,-8818.46701758029,-8831.264140275898,13.544364630185646,-8817.719775645712,-8831.184769300404,12.540076507765189,-8818.644692792639,-133103.6373126276,17.358831252149336,-133086.27848137546
0.934,-8830.771546987477,11.510054651347637,-8819.261492336129,-8831.008062986317,12.541039003515172,-8818.467023982801,-8831.255520967426,13.54312358997418,-8817.712397377452,-8831.182380346241,12.537690605560798,-8818.64468974068,-133103.6536804359,17.375199009046998,-133086.27848142685
0.9345,-8830.767480520191,11.505993087869726,-8819.26148743232,-8831.005582956257,12.53856441711443,-8818.467018539142,-8831.254353670063,13.5419513152857,-8817.712402354777,-8831.17482486147,12.53531659498631,-8818.639508266484,-133103.67018533626,17.391703857757992,-133086.2784814785
0.935,-8830.763407854023,11.501925439630408,-8819.261482414393,-8831.040516046467,12.536108626901157,-8818.504407419567,-8831.256524232807,13.54084762196549,-8817.715676610842,-8831.172453550282,12.532953838236594,-8818.639499712046,-133103.68682649476,17.408344964418944,-133086.27848153035
0.9355,-8830.759338048878,11.49785185973995,-8819.261486189138,-8831.038063672962,12.533671815361789,-8818.504391857601,-8831.255479005757,13.539812678030962,-8817.715666327726,-8831.165708688679,12.53060626630857,-8818.63510242237,-133103.7036030741,17.42512149170737,-133086.27848158238
0.936,-8830.755253938618,11.493772521810287,-8819.261481416808,-8831.035644678059,12.53125033066949,-8818.50439434739,-8831.254536775532,13.538846719731554,-8817.7156900558,-8831.163351682606,12.528273757613633,-8818.635077924991,-133103.72051423354,17.442032598913507,-133086.27848163462
0.9365,-8830.751174119892,11.48968761261026,-8819.261486507283,-8831.033229021015,12.528844389544016,-8818.504384631471,-8831.247821000996,13.537950137095574,-8817.7098708639,-8831.161573080006,12.525957832007983,-8818.635615247998,-133103.73755912908,17.459077442009054,-133086.27848168707
0.937,-8830.747078088703,11.485597314663153,-8819.261480774041,-8831.034781602802,12.526454272735254,-8818.508327330068,-8831.247341302815,13.53712361181849,-8817.710217690996,-8831.160261300984,12.523658310011616,-8818.636602990971,-133103.7547369134,17.47625517371629,-133086.2784817397
0.9375,-8830.742992547932,11.481501791587757,-8819.261490756344,-8831.03241458315,12.524080208530604,-8818.50833437462,-8831.248773721638,13.53636787935934,-8817.712405842278,-8831.141360429707,12.521376314907375,-8818.619984114799,-133103.77204673606,17.493564943576935,-133086.27848179248
0.938,-8830.738891271534,11.47740120381306,-8819.261490067722,-8831.030046609822,12.521722315278131,-8818.508324294544,-8831.248094228687,13.535682521197614,-8817.712411707489,-8831.139101175251,12.519111639408212,-8818.619989535842,-133103.7894877435,17.511005898021175,-133086.27848184545
0.9385,-8830.734785226765,11.473295730661974,-8819.261489496103,-8831.030521539631,12.519380734644844,-8818.511140804987,-8831.247456697407,13.53506691599687,-8817.71238978141,-8831.137000230732,12.516863393655985,-8818.620136837077,-133103.8070590791,17.52857718043657,-133086.27848189865
0.939,-8830.730672506275,11.46918554786896,-8819.261486958407,-8831.028186944905,12.517055661880413,-8818.511131283025,-8831.246916917744,13.53452119867056,-8817.712395719072,-8831.134773401203,12.514631376972604,-8818.62014202423,-133103.82475988322,17.54627793123468,-133086.278481952
0.9395,-8830.726555971089,11.465070848458222,-8819.26148512263,-8831.027893690052,12.514747454465606,-8818.513146235586,-8831.246452478352,13.5340455277419,-8817.71240695061,-8831.126891282978,12.512411232998126,-8818.61448004998,-133103.8425892934,17.56410728791805,-133086.2784820055
0.94,-8830.722433713856,11.460951808431322,-8819.261481905425,-8831.025611070576,12.512456340084078,-8818.513154730492,-8831.246041444721,13.533640059186672,-8817.712401385535,-8831.124690202656,12.510202743766879,-8818.61448745889,-133103.8605464443,17.58206438514862,-133086.27848205916
0.9405,-8830.7183085956,11.456828571130824,-8819.26148002447,-8831.023328927937,12.510182428620544,-8818.513146499316,-8831.24570765871,13.5333049221554,-8817.712402736555,-8831.12248626131,12.508009453505721,-8818.614476807805,-133103.8786304678,17.600148354814877,-133086.278482113
0.941,-8830.714188722553,11.452701320329421,-8819.261487402224,-8831.021075395527,12.507925924567182,-8818.51314947096,-8831.24544253725,13.533040225296917,-8817.712402311954,-8831.11932864565,12.505831173476714,-8818.613497472172,-133103.89684049308,17.61835832609797,-133086.278482167
0.9415,-8830.710053590718,11.448570251427501,-8819.26148333929,-8831.018826631489,12.505687030705193,-8818.513139600784,-8831.245243219319,13.532846103727277,-8817.71239711559,-8831.117169526997,12.50366767631808,-8818.61350185068,-133103.91517564666,17.636693425537594,-133086.27848222113
0.942,-8830.705924180927,11.444435554349058,-8819.261488626578,-8831.016607908192,12.503465962918588,-8818.513141945274,-8831.238339094105,13.532722694490896,-8817.705616399615,-8831.115021852436,12.501518688088922,-8818.613503164348,-133103.9336350525,17.655152777098778,-133086.2784822754
0.9425,-8830.701785234394,11.440297402907419,-8819.261487831487,-8831.014409688893,12.501262907747094,-8818.513146781146,-8831.23828950304,13.532670089631349,-8817.70561941341,-8831.112884668293,12.49938395372979,-8818.613500714564,-133103.95221783206,17.673735502238006,-133086.27848232983
0.943,-8830.697643426838,11.436155955739448,-8819.261487471098,-8831.011284974995,12.499078155861202,-8818.512206819134,-8831.238304284992,13.53268841993275,-8817.70561586506,-8831.11076941866,12.497263222722294,-8818.613506195938,-133103.97092310435,17.69244071996826,-133086.2784823844
0.9435,-8830.693495420399,11.432011389691043,-8819.261484030709,-8831.013845113697,12.496912154604079,-8818.516932959094,-8831.238377717915,13.532777791540658,-8817.705599926374,-8831.108670858326,12.495156248146731,-8818.613514610179,-133103.989749986,17.71126754692395,-133086.27848243908
0.944,-8830.689343122425,11.427863890056509,-8819.26147923237,-8831.011687425556,12.494764995220905,-8818.516922430335,-8831.238556055012,13.532938302543283,-8817.705617752468,-8831.105969575825,12.49306440011377,-8818.61290517571,-133104.00869759134,17.730215097425344,-133086.27848249392
0.9445,-8830.685198453846,11.423713634803809,-8819.261484819042,-8831.009546426716,12.492636643424287,-8818.516909783291,-8831.238785413685,13.533170023357776,-8817.705615390327,-8831.114389566364,12.490977944645781,-8818.623411621718,-133104.02776503243,17.749282483542704,-133086.2784825489
0.945,-8830.681041864338,11.419560808553118,-8819.261481055784,-8831.007443574848,12.490527285114807,-8818.516916289733,-8831.239092019978,13.533473043471375,-8817.705618976506,-8831.112308649006,12.488894946917915,-8818.623413702087,-133104.04695141912,17.768468815159927,-133086.27848260396
0.9455,-8830.67688527483,11.415405594451965,-8819.261479680377,-8831.006866601887,12.488436713217485,-8818.518429888669,-8831.239462999287,13.533847467882207,-8817.705615531404,-8831.110241559925,12.486824549256626,-8818.623417010669,-133104.06625585922,17.78777320003782,-133086.27848265917
0.946,-8830.672735361042,11.411248160225913,-8819.261487200816,-8831.004794267597,12.486365127205637,-8818.518429140391,-8831.246737150135,13.534291279985224,-8817.71244587015,-8831.108392862263,12.484765353704745,-8818.623627508558,-133104.08567745838,17.80719474387699,-133086.2784827145
0.9465,-8830.668575910511,11.407088697361596,-8819.261487213149,-8831.024798540058,12.484312920832316,-8818.540485619225,-8831.254724172535,13.534804578207842,-8817.719919594327,-8831.106350091877,12.482717108352212,-8818.623632983525,-133104.1052153203,17.826732550380314,-133086.27848276994
0.947,-8830.664413598957,11.402927387100078,-8819.261486211857,-8831.022757677021,12.482280261431699,-8818.540477415589,-8831.24719443697,13.53538898257302,-8817.711805454397,-8831.104313997212,12.480680649871555,-8818.62363334734,-133104.12486854676,17.846385721314952,-133086.27848282544
0.9475,-8830.660253194752,11.39876439840404,-8819.261488796348,-8831.020757345143,12.48026756667908,-8818.540489778463,-8831.250826028767,13.536045035622234,-8817.714780993145,-8831.1022888698,12.478655681886412,-8818.623633187914,-133104.14463623767,17.866153356573996,-133086.2784828811
0.948,-8830.65608373064,11.394599922903591,-8819.261483807737,-8831.024038938465,12.478275226621466,-8818.545763711843,-8831.251548913899,13.536773341431243,-8817.714775572467,-8831.100271371784,12.476641940864328,-8818.62362943092,-133104.16451749107,17.886034554237632,-133086.27848293682
0.9485,-8830.651912836018,11.390434142405601,-8819.261478693612,-8831.022067693653,12.476303420497285,-8818.545764273156,-8831.252360490742,13.537573502310487,-8817.714786988432,-8831.098278192463,12.474639141273077,-8818.62363905119,-133104.1845114033,17.906028410633883,-133086.27848299267
0.949,-8830.647751954975,11.386267230609791,-8819.261484724366,-8831.020115999165,12.474352159180164,-8818.545763839984,-8831.253227380696,13.538445572045134,-8817.71478180865,-8831.096272615376,12.472646995848905,-8818.623625619526,-133104.204617069,17.926134020398905,-133086.27848304858
0.9495,-8830.64358821291,11.382099372099798,-8819.26148884081,-8831.018182901325,12.472421614376987,-8818.545761286949,-8831.25418296236,13.539389594505257,-8817.714793367855,-8831.095489648762,12.470664531219384,-8818.624825117542,-133104.22483358116,17.946350476535027,-133086.27848310463
0.95,-8830.63942017931,11.37793076502932,-8819.26148941428,-8831.01628604311,12.47051195689216,-8818.545774086218,-8831.254897264424,13.540406085580706,-8817.714491178844,-8831.08936372179,12.468695844928368,-8818.620667876861,-133104.2451600312,17.966676870468774,-133086.2784831607
0.9505,-8830.635249284687,11.37376160331442,-8819.261487681373,-8831.039971498432,12.468626806909135,-8818.571344691523,-8831.249306348744,13.541497717855624,-8817.707808630888,-8831.087413457813,12.466741502683378,-8818.62067195513,-133104.265595509,17.987112292112254,-133086.27848321688
0.951,-8830.631077913227,11.369592058298341,-8819.26148585493,-8831.038108018818,12.466766342228059,-8818.57134167659,-8831.250474122944,13.542664003388317,-8817.707810119557,-8831.085468439045,12.46479683136134,-8818.620671607683,-133104.2861391031,18.007655829923365,-133086.27848327317
0.9515,-8830.626905111256,11.365422300740516,-8819.261482810516,-8831.036267427387,12.464927306159336,-8818.571340121229,-8831.251725343647,13.543902300460386,-8817.707823043187,-8831.083519128742,12.462861520299,-8818.620657608444,-133104.30678990047,18.028306570963775,-133086.27848332952
0.952,-8830.622730401936,11.361252513849873,-8819.261477888085,-8831.034445909443,12.463109881258688,-8818.571336028184,-8831.253032354298,13.5452125913067,-8817.70781976299,-8831.081168321552,12.460935240769464,-8818.620233080783,-133104.32754698687,18.049063600956792,-133086.27848338592
0.9525,-8830.618567613545,11.357082890432537,-8819.261484723113,-8831.032654909077,12.461314258613868,-8818.571340650464,-8831.2477466144,13.54659500609013,-8817.70115160831,-8831.079261926594,12.459017695123245,-8818.620244231472,-133104.3484094467,18.069926004344858,-133086.27848344238
0.953,-8830.614392904225,11.352913616211747,-8819.261479288012,-8831.03087058443,12.459540602742315,-8818.571329981689,-8831.249193815174,13.548049520578298,-8817.701144294597,-8831.077342180195,12.457108566431417,-8818.620233613763,-133104.36937636326,18.09089286434573,-133086.27848349893
0.9535,-8830.61022916216,11.348744861223057,-8819.261484300936,-8831.029124406758,12.457789097669796,-8818.571335309087,-8831.250729230824,13.549575962184592,-8817.70115326864,-8831.060141710224,12.45520648654527,-8818.604935223679,-133104.39044681852,18.111963263008438,-133086.2784835555
0.954,-8830.60606112856,11.344576818242386,-8819.261484310317,-8831.02739396471,12.456059932797418,-8818.571334031913,-8831.252334264698,13.551174321828935,-8817.70115994287,-8831.058243898335,12.453311181572426,-8818.604932716762,-133104.41161989342,18.13313628126859,-133086.27848361214
0.9545,-8830.601895955982,11.34040968205558,-8819.261486273926,-8831.025684980335,12.454353277058866,-8818.571331703277,-8831.253997472706,13.552844578240553,-8817.701152894466,-8831.056352285328,12.45142336358747,-8818.60492892174,-133104.43289466787,18.154410999005165,-133086.27848366887
0.955,-8830.597729352894,11.336243621019031,-8819.261485731875,-8831.024002698841,12.45266930282667,-8818.571333396014,-8831.261158613148,13.554586946320835,-8817.706571666828,-8831.046425966206,12.449544160758368,-8818.596881805448,-133104.4542702207,18.175786495098123,-133086.27848372562
0.9555,-8830.593563226643,11.332078821959746,-8819.261484404684,-8831.022351411762,12.45100816462186,-8818.57134324714,-8831.262962488117,13.556401409621841,-8817.706561078496,-8831.044551996174,12.447673322817469,-8818.596878673357,-133104.47574562993,18.197261847484,-133086.27848378243
0.956,-8830.589404252949,11.32791549066332,-8819.261488762286,-8831.000280527058,12.449370569587412,-8818.55090995747,-8831.264849332752,13.558287639223845,-8817.706561693529,-8831.042689470234,12.44580910998085,-8818.596880360254,-133104.4973199725,18.21883613321094,-133086.27848383927
0.9565,-8830.585238126698,11.32375380172024,-8819.261484324978,-8830.99866595644,12.44775669766324,-8818.550909258776,-8831.266801980915,13.560245561340812,-8817.706556419575,-8831.040669588032,12.4439523752655,-8818.596717212766,-133104.51899232465,18.240508428493378,-133086.27848389617
0.957,-8830.581075815144,11.319593927810104,-8819.261481887334,-8830.997082857075,12.446166181048438,-8818.550916676026,-8831.268832353535,13.562275138459722,-8817.706557215075,-8831.012057928028,12.442101941461656,-8818.569955986566,-133104.54076176186,18.2622778087665,-133086.2784839531
0.9575,-8830.576919225636,11.315436072294144,-8819.261483153341,-8830.999825624409,12.44459929486162,-8818.555226329547,-8831.270938543263,13.564376299119175,-8817.706562244144,-8831.010207323017,12.440256238003235,-8818.569951085014,-133104.56262735877,18.284143348739953,-133086.27848401002
0.958,-8830.572763589802,11.311280417896436,-8819.261483171906,-8831.001373437824,12.443056292369345,-8818.558317145455,-8831.27311530489,13.566548968802936,-8817.706566336086,-8831.02695765871,12.438415558054995,-8818.588542100655,-133104.58458818946,18.306104122451423,-133086.278484067
0.9585,-8830.568610338154,11.307127142785735,-8819.261483195369,-8830.999859956684,12.441537251009313,-8818.558322705676,-8831.275359300556,13.568793061073134,-8817.706566239483,-8831.025128511372,12.436579566059384,-8818.588548945312,-133104.60664332737,18.328159203317547,-133086.27848412405
0.959,-8830.564458517018,11.302976446532265,-8819.261482070486,-8830.998369840565,12.440042243503322,-8818.558327597062,-8831.277671960774,13.571108473282194,-8817.70656348749,-8831.023293641987,12.43474820285859,-8818.588545439128,-133104.62879184526,18.3503076641839,-133086.27848418106
0.9595,-8830.560313848438,11.29882851211618,-8819.261485336323,-8830.996898797932,12.438571424532299,-8818.5583273734,-8831.28006377596,13.573495136131825,-8817.706568639827,-8831.02147260088,12.432921172680658,-8818.5885514282,-133104.6510328155,18.372548577382247,-133086.27848423814
0.96,-8830.55616727251,11.294683516408957,-8819.261483756101,-8830.995215562763,12.437124850168786,-8818.558090712595,-8831.282512811604,13.575952961831078,-8817.706559849772,-8831.019646791401,12.431098166327594,-8818.588548625074,-133104.67336530998,18.394881014788943,-133086.27848429518
0.9605,-8830.552026418629,11.290541646922145,-8819.261484771707,-8830.9938031711,12.435702683625006,-8818.558100487477,-8831.285053399983,13.57848181364049,-8817.706571586343,-8831.011838582936,12.429275489167352,-8818.582563093769,-133104.69578840016,18.417304047879988,-133086.27848435228
0.961,-8830.547884134236,11.286403108244,-8819.261481025991,-8830.998834756794,12.434305021695925,-8818.564529735098,-8831.287643102589,13.581081575054327,-8817.706561527535,-8831.010012773457,12.427452805756424,-8818.582559967701,-133104.71830115718,18.439816747782903,-133086.27848440938
0.9615,-8830.543757585468,11.28226809853431,-8819.261489486935,-8830.997461942616,12.432932018843852,-8818.564529923771,-8831.29030576128,13.583752149291437,-8817.706553611988,-8831.008042482319,12.425633288113794,-8818.582409194205,-133104.7409026518,18.46241818532483,-133086.2784844665
0.962,-8830.539615777912,11.278136780901022,-8819.261478997012,-8830.996102956715,12.431584013097972,-8818.564518943616,-8831.301383165302,13.586492971407113,-8817.714890193894,-8831.007654336872,12.423816575114754,-8818.583837761758,-133104.76359195466,18.485107431082405,-133086.2784845236
0.9625,-8830.53549685854,11.274009335901676,-8819.261487522637,-8830.999136117878,12.430261087165832,-8818.568875030713,-8831.304187921467,13.58930392603483,-8817.714883995432,-8831.005836156788,12.422002244783014,-8818.583833912006,-133104.78636813612,18.50788355543308,-133086.2784845807
0.963,-8830.531369356098,11.269885968219869,-8819.261483387878,-8831.01118340868,12.428963655842312,-8818.582219752838,-8831.307083276692,13.592185300031764,-8817.71489797666,-8831.004018930378,12.42019005474123,-8818.583828875637,-133104.8092302664,18.530745628605743,-133086.2784846378
0.9635,-8830.527253297749,11.265766865108883,-8819.26148643264,-8831.009913591328,12.427691950569823,-8818.582221640758,-8831.31002345461,13.595136938234353,-8817.714886516374,-8831.00221648592,12.418379724387043,-8818.583836761532,-133104.83217741564,18.55369272073117,-133086.2784846949
0.964,-8830.523136285725,11.261652209450636,-8819.261484076274,-8831.003777650776,12.42644546836576,-8818.57733218241,-8831.313054231587,13.598158713088928,-8817.714895518498,-8831.000403551045,12.416570974644006,-8818.5838325764,-133104.85520865387,18.57672390189307,-133086.27848475197
0.9645,-8830.519020227375,11.25754217838707,-8819.261478048988,-8831.002561716023,12.425224352130195,-8818.577337363893,-8831.316138414326,13.601250461160882,-8817.714887953165,-8831.026961950245,12.414772007879833,-8818.612189942365,-133104.87832305123,18.599838242178723,-133086.27848480907
0.965,-8830.514920381489,11.253436976435093,-8819.261483405055,-8831.002567438069,12.424028573096653,-8818.578538864971,-8831.319317010822,13.604412028926578,-8817.714904981896,-8831.025169519367,12.412982268276483,-8818.61218725109,-133104.90151967786,18.62303481172883,-133086.27848486614
0.9655,-8830.510832933369,11.24933680741178,-8819.261496125957,-8831.018613962116,12.422858372029362,-8818.595755590088,-8831.322529939594,13.607643247074822,-8817.71488669252,-8831.023372796955,12.411192917873823,-8818.612179879081,-133104.92479760395,18.646312680786895,-133086.27848492315
0.966,-8830.506726411762,11.245241834381194,-8819.26148457738,-8831.017477182331,12.42171446761187,-8818.59576271472,-8831.325833467426,13.61094393521133,-8817.714889532215,-8831.021577981892,12.409403705136254,-8818.612174276755,-133104.94815589994,18.669670919747396,-133086.2784849802
0.9665,-8830.502643255177,11.24115225405008,-8819.261491001127,-8831.015646604481,12.420596999443415,-8818.595049605037,-8831.332568315449,13.614313619093302,-8817.718254696356,-8831.019787458363,12.407614366592464,-8818.612173091771,-133104.97159363638,18.693108599202134,-133086.27848503718
0.967,-8830.498549608174,11.237068250878984,-8819.261481357295,-8831.014557985249,12.419506101788837,-8818.59505188346,-8831.336003450337,13.617752095072309,-8817.718251355265,-8831.018010286274,12.405824599503763,-8818.61218568677,-133104.99510988416,18.71662478998831,-133086.27848509417
0.9675,-8830.494478372517,11.232990012116318,-8819.2614883604,-8831.01275411028,12.418441812797926,-8818.594312297482,-8831.33951154131,13.621259471722958,-8817.718252069586,-8831.016216901722,12.404033872613777,-8818.612183029109,-133105.01870371433,18.740218563238784,-133086.2784851511
0.968,-8830.490402368489,11.22891773242975,-8819.26148463606,-8831.00684085268,12.41740434949313,-8818.589436503187,-8831.343091157856,13.624835539310823,-8817.718255618545,-8831.014421609822,12.40224192338616,-8818.612179686435,-133105.04237419844,18.763888990430576,-133086.27848520802
0.9685,-8830.486337331715,11.224851593788188,-8819.261485737927,-8831.005826143208,12.416393864941597,-8818.589432278266,-8831.346728471699,13.628480091413952,-8817.718248380284,-8831.012946275654,12.400448751451512,-8818.612497524202,-133105.06612040833,18.78763514343161,-133086.2784852649
0.969,-8830.482282308521,11.220791787771244,-8819.26149052075,-8831.019310144367,12.415410028471891,-8818.603900115895,-8831.350454477253,13.632192919799323,-8817.718261557453,-8831.014555124226,12.39865933819745,-8818.615895786028,-133105.08994141626,18.811456094546855,-133086.2784853217
0.9695,-8830.478228239002,11.216738492966504,-8819.261489746035,-8831.01834311861,12.414452964426703,-8818.603890154183,-8831.354228166523,13.635973806386918,-8817.718254360136,-8831.007038263264,12.396899042475393,-8818.61013922079,-133105.1138362951,18.835350916563854,-133086.2784853785
0.97,-8830.474171785298,11.212691915373744,-8819.261479869923,-8831.01742043871,12.41352319993056,-8818.60389723878,-8831.358080057087,13.639822530421126,-8817.718257526665,-8831.004417566242,12.395161722703794,-8818.60925584354,-133105.13780411807,18.859318682797554,-133086.27848543526
0.9705,-8830.470133928242,11.208652245806878,-8819.261481682435,-8831.01651587862,12.412620853472092,-8818.603895025148,-8831.361996797505,13.643738872615506,-8817.71825792489,-8831.00269475359,12.393421492553657,-8818.609273261036,-133105.1618439591,18.883358467134414,-133086.27848549196
0.971,-8830.46609893221,11.204619643651753,-8819.261479288558,-8831.01564183611,12.411746057539595,-8818.60389577857,-8831.365972188893,13.647722600629994,-8817.718249588263,-8830.989565996113,12.391682455918078,-8818.597883540195,-133105.1859548927,18.90746934407512,-133086.27848554862
0.9715,-8830.462082532826,11.200594322872064,-8819.261488209953,-8831.01479449648,12.41089894914986,-8818.603895547329,-8831.37003150362,13.65177345436075,-8817.718258049259,-8830.987836984577,12.389944412966326,-8818.597892571612,-133105.21013599398,18.931650388776475,-133086.2784856052
0.972,-8830.458062795582,11.196576482437754,-8819.261486313144,-8831.013981012287,12.410079629320402,-8818.603901382967,-8831.375791696491,13.65589256941696,-8817.719899127074,-8830.97197833437,12.388213250415092,-8818.583765083955,-133105.23438633885,18.95590067709382,-133086.27848566175
0.9725,-8830.454046396198,11.192566298080918,-8819.261480098117,-8831.01317515749,12.409288252741064,-8818.60388690475,-8831.379984048786,13.660079729253777,-8817.719904319532,-8830.970799592915,12.38648883599667,-8818.584310756918,-133105.2587050039,18.980219285623008,-133086.27848571827
0.973,-8830.450049547138,11.188563957951231,-8819.261485589188,-8831.012413171711,12.408524945956428,-8818.603888225754,-8831.38423362154,13.664333297692327,-8817.719900323847,-8830.969065813008,12.38476143458351,-8818.584304378424,-133105.28309106643,19.004605291739843,-133086.2784857747
0.9735,-8830.446054605427,11.184569637870466,-8819.261484967557,-8831.027058748188,12.407790053603229,-8818.619268694585,-8831.388563302937,13.668653000915018,-8817.719910302021,-8830.968061593952,12.383030923191395,-8818.585030670762,-133105.3075436047,19.029057773638236,-133086.27848583105
0.974,-8830.44206729311,11.180583550378122,-8819.261483742732,-8831.026357797566,12.407083711625855,-8818.61927408594,-8831.392946390095,13.67303855611714,-8817.719907833978,-8830.96632876772,12.381297106871537,-8818.585031660848,-133105.33206169773,19.053575810368187,-133086.27848588736
0.9745,-8830.438093332234,11.176605882128335,-8819.261487450105,-8831.036326555195,12.406406095022726,-8818.629920460173,-8831.397379068318,13.677489691986624,-8817.71988937633,-8830.96459689516,12.37955965579376,-8818.585037239367,-133105.35664442548,19.0781584818726,-133086.27848594362
0.975,-8830.43412223238,11.172636801157811,-8819.261485431221,-8831.035683301869,12.405757328506438,-8818.629925973362,-8831.404485372486,13.68200404953467,-8817.722481322951,-8830.962849763813,12.377818357537366,-8818.585031406275,-133105.3812908688,19.102804869022908,-133086.27848599976
0.9755,-8830.43016400713,11.16867651469371,-8819.261487492437,-8831.052069333973,12.405137377739845,-8818.646931956233,-8831.409054902973,13.68658135001908,-8817.722473552954,-8830.96122422594,12.376073546704696,-8818.585150679237,-133105.40600010953,19.127514053653577,-133086.27848605587
0.976,-8830.426213411274,11.164725208512351,-8819.261488202761,-8831.051112798634,12.40454632227517,-8818.646566476358,-8831.41370168108,13.691223402526067,-8817.722478278554,-8830.955846933308,12.374314713224425,-8818.581532220083,-133105.43077123052,19.15228511859474,-133086.27848611193
0.9765,-8830.422269014301,11.160783064256197,-8819.261485950045,-8831.05056300539,12.403984134563498,-8818.646578870826,-8831.418414739552,13.695929899876514,-8817.722484839675,-8830.953358797016,12.372541180142274,-8818.580817616874,-133105.45560331558,19.17711714770458,-133086.27848616787
0.977,-8830.418330816212,11.15685027410735,-8819.261480542105,-8831.050019887867,12.403450969895164,-8818.646568917971,-8831.423175004902,13.700700529190273,-8817.722474475711,-8830.95156779665,12.37076310956817,-8818.580804687082,-133105.48049544965,19.202009225902373,-133086.27848622375
0.9775,-8830.414411214771,11.15292702681727,-8819.261484187955,-8831.049520639363,12.40294694977971,-8818.646573689583,-8831.428017286244,13.705534983091951,-8817.722482303152,-8830.94978919405,12.368980432378349,-8818.580808761672,-133105.50544671874,19.226960439199445,-133086.27848627954
0.978,-8830.410499719563,11.149013511128532,-8819.261486208434,-8831.049051431599,12.402472205090206,-8818.646579226508,-8831.43292251009,13.710432917672835,-8817.722489592417,-8830.948006299916,12.367192993110681,-8818.580813306804,-133105.53045621002,19.251969874727493,-133086.2784863353
0.9785,-8830.406596330586,11.145109923879263,-8819.261486406707,-8831.037500528279,12.402025492914653,-8818.635475035364,-8831.437868265095,13.715394041477346,-8817.722474223618,-8830.946208146992,12.36540061022659,-8818.580807536766,-133105.5555230117,19.27703662076619,-133086.27848639092
0.979,-8830.4027043857,11.141216445369473,-8819.261487940332,-8831.033853677693,12.401606973879124,-8818.632246703814,-8831.450377611103,13.72041640197443,-8817.729961209128,-8830.944410470905,12.36360314751534,-8818.58080732339,-133105.58064621326,19.3021597667699,-133086.27848644648
0.9795,-8830.398821023884,11.137333239974947,-8819.26148778391,-8831.033467439594,12.401218119794564,-8818.6322493198,-8831.456989911976,13.725499349934553,-8817.731490562042,-8830.942618040028,12.361800486513285,-8818.580817553515,-133105.6058249054,19.327338403394194,-133086.278486502
0.98,-8830.39494052309,11.133460516085275,-8819.261480007006,-8831.033108381214,12.400858970273095,-8818.63224941094,-8831.462125925007,13.730644229429519,-8817.731481695577,-8830.940801767292,12.359992521860036,-8818.580809245432,-133105.63105817992,19.35257162252231,-133086.2784865574
0.9805,-8830.391085771504,11.12959847681179,-8819.261487294692,-8831.032787469807,12.400529630399875,-8818.632257839407,-8831.463303712788,13.735852407134079,-8817.727451305655,-8830.93898501772,12.358179123822456,-8818.580805893896,-133105.65634513,19.377858517290353,-133086.27848661272
0.981,-8830.387231973591,11.125747289875903,-8819.261484683715,-8831.032472757282,12.40023020775391,-8818.63224254953,-8831.468566564503,13.74112350656206,-8817.72744305794,-8830.937166360798,12.356360182238753,-8818.58080617856,-133105.68168485005,19.40319818211121,-133086.27848666793
0.9815,-8830.383393434468,11.121907144777907,-8819.26148628969,-8831.032215265217,12.39996079655786,-8818.632254468659,-8831.473906663838,13.746455734765147,-8817.727450929073,-8830.935338167134,12.354535594832667,-8818.580802572302,-133105.7070764358,19.428589712697978,-133086.27848672308
0.982,-8830.379563478413,11.11807823080487,-8819.261485247607,-8831.03197970766,12.399721503750179,-8818.63225820391,-8831.48764529604,13.751848078580366,-8817.73579721746,-8830.93350806612,12.352705223419285,-8818.580802842702,-133105.73251898424,19.45403220608717,-133086.27848677814
0.9825,-8830.375745920124,11.114260733639462,-8819.261485186486,-8831.03175654787,12.399512457609703,-8818.63224409026,-8831.493102697315,13.757300177372374,-8817.735802519943,-8830.931673196736,12.350869009918645,-8818.580804186817,-133105.75801159377,19.479524760661583,-133086.27848683312
0.983,-8830.371946958485,11.110454853572254,-8819.261492104913,-8831.034758714619,12.399333871382177,-8818.635424843236,-8831.505973962727,13.762809795631842,-8817.743164167096,-8830.929832128468,12.349026900742832,-8818.580805227724,-133105.78355336416,19.505066476172814,-133086.27848688798
0.9835,-8830.36814561266,11.106660768997795,-8819.261484843662,-8831.014101175251,12.399186091706056,-8818.614915083544,-8831.514900354328,13.768376347143793,-8817.746524007185,-8830.927989152851,12.347178787219452,-8818.580810365633,-133105.80914339653,19.53065645376364,-133086.27848694276
0.984,-8830.36436334032,11.102878658206436,-8819.261484682114,-8831.009134916249,12.399069258907822,-8818.61006565734,-8831.52054801363,13.774001949475837,-8817.746546064154,-8830.927012590351,12.34532450031807,-8818.581688090033,-133105.83478079346,19.55629379599036,-133086.27848699747
0.9845,-8830.36059823412,11.09910871927518,-8819.261489514844,-8831.00905242342,12.398983192078258,-8818.610069231341,-8831.525800851765,13.779686708175099,-8817.74611414359,-8830.925440935078,12.343462051095415,-8818.581978883982,-133105.8604646589,19.581977606845264,-133086.27848705207
0.985,-8830.356833604756,11.095351135316935,-8819.26148246944,-8831.008999971333,12.39892782849409,-8818.61007214284,-8831.531540063801,13.785430211993535,-8817.746109851807,-8830.924255517903,12.341591557510174,-8818.582663960393,-133105.88619409833,19.607706991779146,-133086.27848710655
0.9855,-8830.35308614153,11.091606074356424,-8819.261480067173,-8831.01192012209,12.39890327661536,-8818.613016845475,-8831.53734412569,13.79123175521637,-8817.746112370474,-8830.907966760578,12.33971175571343,-8818.568255004864,-133105.9119682187,19.633481057724005,-133086.27848716098
0.986,-8830.349361566487,11.087873742420745,-8819.261487824066,-8831.011937288227,12.398909621535186,-8818.613027666692,-8831.53493132967,13.797092350184162,-8817.737838979487,-8830.909563211384,12.337822728595928,-8818.571740482788,-133105.9377861284,19.659298913116135,-133086.27848721528
0.9865,-8830.345642236653,11.0841543313289,-8819.261487905324,-8831.011968282643,12.398946929918761,-8818.613021352723,-8831.540844110432,13.80301159451248,-8817.737832515919,-8830.90768304247,12.335927619073185,-8818.571755423396,-133105.9636469374,19.68515966791955,-133086.27848726948
0.987,-8830.341925767842,11.080448014967967,-8819.261477752874,-8831.01203742403,12.399015289780284,-8818.61302213425,-8831.546816019001,13.808987682565373,-8817.737828336436,-8830.908349660816,12.334046681646736,-8818.57430297917,-133105.98954975724,19.711062433649868,-133086.27848732358
0.9875,-8830.338236955586,11.076754970761364,-8819.261481984824,-8831.01212993044,12.399114791385045,-8818.613015139053,-8831.56873860735,13.815018533599366,-8817.75372007375,-8830.909420637074,12.332177994587717,-8818.577242642486,-133106.015493701,19.737006323398592,-133086.2784873776
0.988,-8830.334564355793,11.07307539198678,-8819.261488963806,-8831.015157846394,12.399245556913845,-8818.61591228948,-8831.574838785114,13.821103718568274,-8817.753735066546,-8830.907546190205,12.330301026094878,-8818.57724516411,-133106.04147788335,19.762990451857966,-133086.2784874315
0.9885,-8830.330897478047,11.069409476253446,-8819.261488001794,-8831.01531615633,12.39940766623415,-8818.615908490096,-8831.580973771992,13.827244496830174,-8817.753729275162,-8830.905666498127,12.328417759311545,-8818.577248738815,-133106.06750142065,19.78901393534636,-133086.2784874853
0.989,-8830.3272472896,11.065757408556204,-8819.261489881044,-8831.007120279255,12.399601237702383,-8818.607519041552,-8831.587172178211,13.833440452232136,-8817.75373172598,-8830.903774408283,12.326528194037797,-8818.577246214245,-133106.09356343083,19.815075891834127,-133086.278487539
0.9895,-8830.323605207386,11.062119370456209,-8819.26148583693,-8831.004040864887,12.399826491896082,-8818.604214372992,-8831.593406824055,13.839691143030558,-8817.753715681025,-8830.901881364765,12.324632321053834,-8818.577249043712,-133106.11966303355,19.84117544097011,-133086.2784875926
0.99,-8830.319981244984,11.05849552229883,-8819.261485722685,-8831.018118051472,12.400083164436872,-8818.618034887035,-8831.599724916401,13.845996110812301,-8817.753728805588,-8830.899968770924,12.322730143021035,-8818.577238627902,-133106.14579935017,19.867311704108573,-133086.27848764605
0.9905,-8830.316369680348,11.054886056648193,-8819.261483623699,-8831.018406061115,12.400371183740734,-8818.618034877374,-8831.606085924092,13.852354917800593,-8817.75373100629,-8830.898069528523,12.32082167389897,-8818.577247854624,-133106.17197150373,19.89348380433668,-133086.2784876994
0.991,-8830.312770990315,11.051291166728253,-8819.261479823586,-8830.964569238606,12.400691077668082,-8818.563878160938,-8831.61248078722,13.85876715702227,-8817.753713630198,-8830.908316759052,12.318902382339617,-8818.589414376713,-133106.19817861915,19.91969086650235,-133086.27848775266
0.9915,-8830.309193757954,11.047711029474403,-8819.26148272848,-8830.963380006733,12.401042794931968,-8818.5623372118,-8831.621926454487,13.865232371105318,-8817.756694083382,-8830.907355455342,12.316972097843433,-8818.590383357498,-133106.22441982303,19.94593201724271,-133086.2784878058
0.992,-8830.305636552754,11.04414585036617,-8819.261490702387,-8830.943604616108,12.401426563955257,-8818.542178052154,-8831.628442434254,13.871750110106678,-8817.756692324147,-8830.9054261722,12.315035490511844,-8818.590390681687,-133106.25069424382,19.972206385013017,-133086.2784878588
0.9925,-8830.302082685414,11.0405958081721,-8819.261486877242,-8830.94035735506,12.401842637059026,-8818.538514718002,-8831.617713121357,13.87832152638359,-8817.739391594974,-8830.9034730472,12.313092811563893,-8818.590380235635,-133106.27700101183,19.998513100115417,-133086.2784879117
0.993,-8830.298548845234,11.037061065120891,-8819.261487780113,-8830.92568221468,12.402290690274508,-8818.523391524406,-8831.624346403065,13.884946174604966,-8817.73940022846,-8830.901517538014,12.311144124458094,-8818.590373413555,-133106.3033392592,20.024851294727544,-133086.27848796448
0.9935,-8830.295028833332,11.03354180548692,-8819.261487027845,-8830.926154283467,12.402770748263094,-8818.523383535203,-8831.612778810444,13.891621364801072,-8817.721157445643,-8830.874728826466,12.309198794370456,-8818.565530032096,-133106.32970812006,20.051220102931353,-133086.27848801712
0.994,-8830.291520265522,11.03003821926172,-8819.26148204626,-8830.926679758015,12.403282938963027,-8818.523396819051,-8831.619489816609,13.898346610899349,-8817.72114320571,-8830.872784761372,12.307256986827316,-8818.565527774545,-133106.3561067304,20.07761866074176,-133086.27848806966
0.9945,-8830.288037446919,11.02655050637927,-8819.261486940539,-8830.932399896565,12.40382739896858,-8818.528572497597,-8831.62627520937,13.905122090241564,-8817.721153119128,-8830.870837835255,12.305309533367486,-8818.565528301888,-133106.3825342282,20.104046106135996,-133086.27848812207
0.995,-8830.284565118733,11.023078833057635,-8819.261486285675,-8830.932983545246,12.404404187888415,-8818.528579357358,-8831.633103517475,13.911947292439917,-8817.721156225036,-8830.868887571278,12.303356525299987,-8818.565531045977,-133106.40898975343,20.13050157908253,-133086.27848817434
0.9955,-8830.281111864033,11.019623369130747,-8819.261488494902,-8830.959134725514,12.405013643601254,-8818.554121081912,-8831.63997378725,13.918811009177658,-8817.721162778073,-8830.868557123127,12.301397755140929,-8818.567159367985,-133106.43547244807,20.15698422156892,-133086.2784882265
0.996,-8830.277661947193,11.016184295826474,-8819.261477651367,-8830.959778455677,12.405655847190154,-8818.554122608488,-8831.638577608051,13.925707813724728,-8817.712869794326,-8830.866589216175,12.299433280701228,-8818.567155935474,-133106.46198145614,20.183493177629515,-133086.2784882785
0.9965,-8830.274249223652,11.012761795869073,-8819.261487427782,-8830.960450319233,12.40633052772587,-8818.554119791508,-8831.645505575123,13.932643872898826,-8817.712861702224,-8830.864616540852,12.297463499256466,-8818.567153041595,-133106.48851592376,20.21002759337263,-133086.2784883304
0.997,-8830.270846513691,11.009356059114268,-8819.261490454577,-8830.96366753954,12.407037818362653,-8818.556629721177,-8831.652492193165,13.939619698189643,-8817.712872494976,-8830.862641481343,12.29548851092974,-8818.567152970412,-133106.51507499916,20.236586617007017,-133086.27848838214
0.9975,-8830.267454294148,11.005967264753535,-8819.261487029395,-8830.964396623554,12.407777784031563,-8818.556618839522,-8831.659501222553,13.946634981235377,-8817.712866241318,-8830.851810125294,12.293510611025505,-8818.558299514269,-133106.54165783263,20.26316939886758,-133086.27848843375
0.998,-8830.264076379719,11.002595588147573,-8819.26148079157,-8830.96643939394,12.40855053042096,-8818.55788886352,-8831.666561273518,13.953689417345958,-8817.712871856173,-8830.830620912495,12.291557450571467,-8818.539063461923,-133106.5682635767,20.289775091440205,-133086.27848848526
0.9985,-8830.260725168171,10.999241209181337,-8819.26148395899,-8830.967237619343,12.409356107879429,-8818.557881511464,-8831.673650888386,13.960782696349053,-8817.712868192037,-8830.828686860981,12.289626799127157,-8818.539060061854,-133106.59489138596,20.316402849385714,-133086.27848853657
0.999,-8830.257388738575,10.995904318776056,-8819.2614844198,-8830.968074945393,12.410194447415357,-8818.557880497978,-8831.680789140644,13.967914544021637,-8817.712874596622,-8830.813059476795,12.287691879564445,-8818.52536759723,-133106.62154041734,20.343051829563244,-133086.2784885878
0.9995,-8830.25406566042,10.992585090771819,-8819.261480569648,-8830.98072209734,12.411065257459875,-8818.56965683988,-8831.687956956806,13.975084668544497,-8817.712872288263,-8830.808354524555,12.285753909770254,-8818.522600614786,-133106.64820982987,20.369721191052744,-133086.2784886388
