time_ps,mlp_force_sum,mha_force_sum,conv_force_sum,comb_force_sum,MACE_force_sum
0.0,1.7811719e-06,2.7071765e-06,8.80052e-07,4.241573e-06,1.4621683598906738e-14
0.0005,1.2783772e-06,4.165241e-06,1.4431835e-06,1.7721735e-06,1.343690960312151e-14
0.001,7.3000484e-07,1.533232e-06,3.2285695e-06,4.3982413e-06,1.0480881692492569e-14
0.0015,2.44597e-06,3.5514581e-06,1.2717597e-06,2.2053719e-06,4.895063839837866e-15
0.002,3.0706517e-06,1.4095782e-06,2.6828711e-06,3.1017332e-06,7.033067890166158e-15
0.0025,3.2966273e-06,4.6809396e-06,3.7079647e-06,5.474874e-06,7.488040733657386e-15
0.003,2.069921e-06,2.9094017e-06,2.1007995e-06,1.0460573e-06,1.7347923084387248e-14
0.0035,1.8525445e-06,3.6900162e-06,2.5673278e-06,9.3865486e-07,1.4006861615608061e-14
0.004,1.441644e-06,2.629369e-06,5.5050464e-06,3.275545e-06,7.0190333181557846e-15
0.0045,1.1135066e-06,3.9842776e-06,1.4167862e-06,3.138172e-06,8.626225714372465e-15
0.005,1.4379427e-06,5.0044073e-06,2.8803602e-06,2.6286932e-06,8.428925511384436e-15
0.0055,1.8905105e-06,3.5196424e-06,3.6103886e-06,1.3965815e-06,1.5224230513075154e-14
0.006,4.5456113e-06,1.5378953e-06,2.4466963e-06,1.8361714e-06,1.4738811749094163e-14
0.0065,2.2214228e-06,3.0075646e-06,3.325063e-06,1.4697108e-06,1.8237419750716083e-14
0.007,1.2573613e-06,2.1711892e-06,1.8982465e-06,2.9151486e-06,1.1230277700137663e-14
0.0075,1.8601997e-06,8.477389e-07,5.9901924e-07,4.607713e-06,1.6222938066341745e-14
0.008,2.91332e-06,2.9211217e-06,1.5588637e-06,1.625798e-06,1.3442870863540723e-14
0.0085,2.3314485e-06,1.1069317e-06,1.8078983e-06,2.8058535e-06,1.1315563869232743e-14
0.009,1.4760426e-06,1.646966e-06,1.7091573e-06,2.4755668e-06,1.0151106134037544e-14
0.0095,2.0929635e-06,1.8633007e-06,3.2258174e-06,3.0833523e-06,9.134241439701826e-15
0.01,3.445231e-06,1.7224221e-06,3.3079236e-06,3.1268303e-06,1.0350708753043372e-14
0.0105,1.9119996e-06,7.6160095e-06,4.370107e-06,1.7691639e-06,1.124179621798647e-14
0.011,2.2085915e-06,1.3595217e-06,3.2031605e-06,1.4155319e-06,6.943999051816924e-15
0.0115,2.506409e-06,7.587896e-07,4.406009e-06,1.564551e-06,1.5369673492262638e-14
0.012,2.1310223e-06,1.5203749e-06,3.4115524e-06,3.3654198e-06,8.219400279898358e-15
0.0125,2.8060117e-06,2.4618532e-06,2.5548431e-06,1.246008e-06,1.781069037157177e-14
0.013,2.563173e-06,3.9822917e-06,3.881631e-06,2.9616972e-06,4.9848890172662694e-15
0.0135,1.372202e-06,3.5296885e-06,1.6015803e-06,9.3865486e-07,8.975657075985904e-15
0.014,1.5043532e-06,4.0969862e-06,1.2735917e-06,5.1138563e-06,8.946083166671348e-15
0.0145,1.6963779e-06,3.1580994e-06,1.9725896e-06,1.7520116e-06,1.6727933351847913e-14
0.015,2.0379211e-06,2.1515575e-06,3.1364732e-06,2.149076e-06,8.906729185356879e-15
0.0155,1.5932401e-06,2.889913e-06,1.0696709e-06,2.6334192e-06,5.461575137144001e-15
0.016,2.5041045e-06,1.4858819e-06,4.2353126e-06,1.8506258e-06,1.105605998782227e-14
0.0165,2.6212495e-06,1.7295781e-06,1.5335894e-06,3.3165045e-06,1.495672746252927e-14
0.017,1.468804e-06,2.140616e-06,2.6232817e-06,3.781021e-06,6.2842938400131246e-15
0.0175,1.7626254e-06,2.7950007e-06,2.315393e-06,3.5267622e-06,1.2204881220998686e-14
0.018,7.980125e-07,4.791876e-06,3.7801988e-06,2.6394832e-06,6.482219462087268e-15
0.0185,3.2733751e-06,1.5812267e-06,2.705946e-06,1.5219623e-06,1.2947314098277875e-15
0.019,9.142078e-07,3.7304426e-06,2.1729143e-06,1.4217926e-06,4.588324902193147e-15
0.0195,2.2093955e-06,1.3703399e-06,1.5882149e-06,2.9151486e-06,1.1869005912045499e-14
0.02,2.482911e-06,4.8925544e-06,2.6016933e-06,1.8895706e-06,8.221649397543381e-15
0.0205,2.3247721e-06,1.6464309e-06,5.144333e-06,2.7294761e-06,1.21907341441216e-14
0.021,1.7400575e-06,3.5988387e-06,3.4673308e-06,2.5400252e-06,1.0626290181027496e-14
0.0215,2.0390103e-06,2.5364495e-06,3.8683656e-06,1.3799473e-06,8.94263799260487e-15
0.022,1.5781167e-06,3.974031e-06,1.7410781e-06,3.1137365e-06,9.628264761373826e-15
0.0225,1.279766e-06,2.0523612e-06,4.1660405e-06,3.959561e-06,9.18537636701491e-15
0.023,1.4070358e-06,1.728615e-06,1.1214547e-06,3.6182523e-06,2.1437943768027378e-14
0.0235,1.8088807e-06,4.670713e-06,4.4445446e-06,2.9998373e-06,2.9036099814798757e-15
0.024,1.6963779e-06,2.361211e-06,5.9901924e-07,2.7988808e-06,7.916910010233677e-15
0.0245,8.0245206e-07,2.1639544e-06,4.4909884e-06,4.2703723e-06,1.1348738640438163e-14
0.025,1.7451543e-06,3.0634483e-06,2.0494379e-06,1.4600097e-06,9.342379974702297e-15
0.0255,1.8091262e-06,2.1218464e-06,2.5603995e-06,2.348907e-06,1.7727449425041963e-14
0.026,2.10671e-06,4.253231e-06,1.6018575e-06,3.465281e-06,1.2123310084460835e-14
0.0265,1.808144e-06,1.860334e-06,2.6697626e-06,2.6334192e-06,1.0293390128256926e-14
0.027,3.8123683e-06,1.9184665e-06,2.9516339e-06,4.968683e-06,6.579418072596012e-15
0.0275,2.069921e-06,1.7021316e-06,3.2127125e-06,2.1827022e-06,1.6329338992021266e-14
0.028,1.3542852e-06,1.3317223e-06,4.2824445e-06,2.7242647e-06,1.869036638337578e-14
0.0285,2.8666054e-06,2.5097095e-06,3.5126307e-06,1.7026492e-06,1.2214976244412755e-14
0.029,1.8766e-06,1.6811299e-06,2.1799028e-06,1.5277869e-06,1.2390805207033134e-14
0.0295,2.3619164e-06,3.8474222e-06,3.3314677e-06,4.7594226e-06,1.9093253934970332e-14
0.03,2.3253451e-06,2.3061323e-06,2.7288254e-06,6.8126833e-06,1.3882671929668598e-14
0.0305,8.6836826e-07,1.4133341e-06,3.7302045e-06,3.104023e-06,7.384443789033974e-15
0.031,1.6774234e-06,2.2208012e-06,2.6064683e-06,1.2331104e-06,1.0337005117659315e-14
0.0315,2.2557424e-06,2.0436332e-06,1.365714e-06,3.0948531e-06,1.1129397471172595e-14
0.032,2.697069e-06,3.450158e-06,3.234616e-06,4.2302504e-06,7.937900528762522e-15
0.0325,5.9901924e-07,2.9894939e-06,2.773418e-06,1.6004707e-06,1.8315651775059366e-14
0.033,1.2291426e-06,1.0221426e-06,2.8109137e-06,1.8961398e-06,8.055048693485857e-15
0.0335,8.5236724e-07,1.8882334e-06,3.9803954e-06,2.0124844e-06,9.257555929146552e-15
0.034,1.4283368e-06,2.7253675e-06,2.701059e-06,1.5781167e-06,6.866350197783356e-15
0.0345,1.8711492e-06,2.5888596e-06,2.467706e-06,1.9768624e-06,1.5744042923036473e-14
0.035,7.974558e-07,2.8527065e-06,2.7054534e-06,1.596025e-06,1.2430532161181423e-14
0.0355,3.132648e-06,2.5038385e-06,3.7128718e-06,4.1243657e-06,3.2406343207394936e-15
0.036,1.9113027e-06,4.4221065e-06,2.1665694e-06,2.6815467e-06,1.5107602278104822e-14
0.0365,2.0144694e-06,2.4396527e-06,1.9001171e-06,4.1209187e-06,8.126650534443547e-15
0.037,1.7164172e-06,1.7119644e-06,2.4534027e-06,3.9339066e-06,8.086357243644102e-15
0.0375,1.5716311e-06,2.8115849e-06,1.952507e-06,5.585372e-06,1.0068810866857321e-14
0.038,1.8322976e-06,1.6946918e-06,2.071851e-06,1.013279e-06,1.2397766613453268e-14
0.0385,1.7774281e-06,3.3545346e-06,3.898783e-06,2.6226044e-06,7.084580093039168e-15
0.039,2.5838804e-06,2.2421204e-06,4.7280614e-06,3.9253177e-06,1.1787201827917035e-14
0.0395,7.20822e-07,2.314338e-06,2.112867e-06,3.3611946e-06,1.3493663612463621e-14
0.04,1.5442665e-06,1.4593298e-06,3.0155252e-06,1.8167199e-06,4.553268130182947e-15
0.0405,4.5588786e-07,2.692867e-06,4.12633e-06,1.1246182e-06,5.079194502187911e-15
0.041,2.7714557e-06,3.1170887e-06,2.315393e-06,1.344742e-06,2.24056099796462e-14
0.0415,1.887219e-06,1.981028e-06,4.5945862e-06,2.9802322e-06,1.2053975194117296e-14
0.042,1.3968994e-06,3.0071285e-06,3.0306192e-06,4.3723167e-06,1.5425309414636963e-14
0.0425,1.7866486e-06,1.0125117e-06,2.4020005e-06,1.6082213e-06,2.0890196695067104e-14
0.043,8.156259e-07,4.467592e-06,2.2150666e-06,3.188152e-06,1.3089807248555365e-14
0.0435,2.017113e-06,3.0813803e-06,2.8968102e-06,2.6921248e-06,6.8528735406352245e-15
0.044,2.3718605e-06,3.209603e-06,8.264437e-07,2.455393e-06,1.1757885593931518e-14
0.0445,2.9711287e-06,2.229517e-06,1.8352036e-06,3.9716556e-06,1.2390805207033134e-14
0.045,1.7254489e-06,2.5358695e-06,2.215217e-06,1.7970578e-06,1.442820145814573e-14
0.0455,1.685347e-06,3.5641588e-06,2.2460752e-06,2.999245e-06,6.473657049138937e-15
0.046,2.384372e-06,3.5804983e-06,2.8186444e-06,1.5497208e-06,9.835974504560829e-15
0.0465,2.0377577e-06,1.2894671e-06,4.0929126e-06,5.013881e-06,9.490945928353205e-15
0.047,1.141569e-06,3.3189222e-06,1.2388592e-06,2.9053826e-06,1.9298729359143577e-14
0.0475,7.7141397e-07,3.637837e-07,1.3618063e-06,3.0931308e-06,9.131542195718628e-15
0.048,1.8123145e-06,2.9330906e-06,2.342091e-06,1.1055015e-06,7.464959971954173e-15
0.0485,2.7459002e-06,3.5294054e-06,3.8133e-06,6.8480523e-07,8.631939393233329e-15
0.049,1.6255931e-06,1.1061603e-06,4.0406335e-06,2.460452e-06,1.5023742093977852e-14
0.0495,4.79623e-07,2.1737444e-06,3.537857e-06,2.4640592e-06,1.2956830684714012e-14
0.05,1.9001171e-06,3.1120246e-06,2.00386e-06,2.2618372e-06,6.3816098464286216e-15
0.0505,8.0245206e-07,2.098949e-06,1.9214988e-06,3.705089e-06,5.608549598219476e-15
0.051,2.5982772e-06,1.3741475e-06,1.4603138e-06,2.1729143e-06,9.12614131268178e-15
0.0515,1.8537428e-06,1.0503998e-06,4.8471625e-06,2.3849307e-06,1.1959529375267435e-14
0.052,1.060812e-06,1.8680613e-06,2.1137075e-06,1.0460573e-06,1.1336241521825497e-14
0.0525,1.9934166e-06,2.199638e-06,2.2338327e-06,2.6178589e-06,1.4523143066618467e-14
0.053,9.206217e-07,2.5244608e-06,3.4349034e-06,9.555351e-07,9.679336673896576e-15
0.0535,1.7298188e-06,3.4850962e-06,3.5795367e-06,2.1622607e-06,8.392287393450218e-15
0.054,1.8292047e-06,3.0725403e-06,2.0023635e-06,9.156639e-07,1.3354095566024866e-14
0.0545,1.3933981e-06,3.0041274e-06,2.430717e-06,3.258145e-06,1.227888596373327e-14
0.055,1.7125966e-06,2.0416767e-06,1.2077297e-06,3.7866546e-06,1.6564661467981386e-14
0.0555,2.394455e-06,1.279766e-06,2.293472e-06,5.459278e-06,2.1548911255266753e-14
0.056,2.344744e-06,2.3335547e-06,1.5532272e-06,2.1663643e-06,5.7011871119473445e-15
0.0565,1.4042714e-06,2.9338357e-06,2.4813453e-06,3.928484e-06,1.55534281419461e-14
0.057,2.0763473e-06,2.5804407e-06,2.7705341e-06,1.3328004e-06,8.076443282810969e-15
0.0575,2.567371e-06,2.392553e-06,1.5208677e-06,3.7645418e-06,7.0601804827251186e-15
0.058,2.277929e-06,2.9744244e-06,3.0407498e-06,3.5242429e-06,1.1732699091047488e-14
0.0585,2.214064e-06,1.0616751e-06,1.4721261e-06,2.6441899e-06,1.0282007938688807e-14
0.059,1.5511529e-06,3.6850258e-07,1.5203749e-06,5.005371e-06,6.88696318607943e-15
0.0595,1.5719842e-06,4.3355976e-06,2.914701e-06,1.9147847e-06,1.0614684356047514e-14
0.06,7.925681e-07,1.3811988e-06,3.0310955e-06,3.4472928e-06,1.333608474299732e-14
0.0605,2.07035e-06,2.3085531e-06,2.1598462e-06,1.8886303e-06,1.1705879054014635e-14
0.061,1.5899616e-06,2.3498994e-06,2.132689e-06,1.3167096e-06,7.803217357074379e-15
0.0615,1.1958124e-06,3.7096877e-06,2.703483e-06,1.7026492e-06,1.6736404963781187e-14
0.062,6.6171896e-07,8.864704e-07,1.1453799e-06,2.4401534e-06,1.2300950466638963e-14
0.0625,1.320078e-06,3.5092808e-06,3.4174052e-06,2.5761346e-06,1.0077987971177841e-14
0.063,1.9045526e-06,1.5394421e-06,1.8019934e-06,2.996875e-06,1.0112175573993643e-14
0.0635,9.807636e-07,2.7842552e-06,3.6386e-06,1.6646671e-06,8.603333053107398e-15
0.064,2.473054e-06,2.455393e-06,3.770789e-06,3.530286e-06,5.247492350911142e-15
0.0645,2.2557917e-06,1.6512115e-06,2.5847824e-06,2.9200194e-07,7.724033107467241e-15
0.065,1.821846e-06,2.1963042e-06,2.04609e-06,1.4367068e-06,9.982133694292471e-15
0.0655,1.0995603e-06,2.2596305e-06,4.374982e-06,1.6827099e-06,6.67266204946136e-15
0.066,2.3602236e-06,2.2563331e-06,3.544629e-06,4.854029e-06,9.704136775662135e-15
0.0665,3.3119486e-06,3.6381118e-06,1.5353982e-06,3.3806923e-06,7.69665665087383e-15
0.067,2.843624e-06,1.9448298e-06,1.9533597e-06,1.4016599e-06,1.6288526917397583e-15
0.0675,1.0440388e-06,2.5569282e-06,3.2585624e-06,1.3017851e-06,4.86633687656182e-15
0.068,3.4740165e-06,2.8300537e-06,3.7697288e-07,2.5295133e-06,1.033998571375876e-14
0.0685,2.3664245e-06,1.2494115e-06,3.3410518e-06,1.7367365e-06,1.1170989926258095e-14
0.069,3.7759157e-06,3.004312e-06,1.2153585e-06,6.529362e-07,1.517161502574559e-14
0.0695,1.5798042e-06,3.34766e-06,4.7547783e-06,2.8808226e-06,6.527695982012238e-15
0.07,2.455766e-06,1.7359853e-06,4.2299766e-06,3.0764313e-06,6.1072358456981965e-15
0.0705,1.4249126e-06,3.86518e-06,2.1861583e-06,2.1729143e-06,6.691799632605305e-15
0.071,2.7298422e-06,2.7093902e-06,1.0609232e-06,2.5316192e-06,1.426496181880936e-14
0.0715,2.5133538e-06,5.281785e-06,1.9789147e-06,1.0528279e-06,5.790480978278404e-15
0.072,1.2942797e-06,2.415287e-06,1.7186836e-06,1.0323828e-06,7.624249992850006e-15
0.0725,4.236361e-07,2.7408519e-06,2.4201458e-06,1.4600097e-06,1.1129397471172595e-14
0.073,2.1832236e-06,2.1366545e-06,3.357363e-06,4.7597955e-06,1.3237401937696395e-14
0.0735,9.2399216e-07,2.1629055e-06,2.12594e-06,2.1827022e-06,1.2961705227195162e-14
0.074,2.5139389e-06,1.2852684e-06,2.373276e-06,2.6253122e-06,8.813695521680592e-15
0.0745,1.2902203e-06,2.7174199e-06,1.3049847e-06,3.0298866e-06,5.079194502187911e-15
0.075,1.7010835e-06,4.570262e-06,1.5549417e-06,3.3447714e-06,1.5721322538738854e-14
0.0755,6.5569344e-07,1.5679711e-06,2.3806003e-06,3.0925564e-06,8.951592687234663e-15
0.076,3.2306e-06,2.5241638e-06,2.150948e-06,4.863169e-06,1.0413927479122515e-14
0.0765,8.8335736e-07,2.9173661e-06,1.1256296e-06,2.3146258e-06,6.134421763244771e-15
0.077,3.2073883e-06,2.5023749e-06,1.5734005e-06,1.4054568e-06,1.759108005531488e-14
0.0775,7.38557e-07,2.976803e-06,4.250881e-06,2.1266417e-06,7.0810995818524236e-15
0.078,1.3955924e-06,2.3511304e-06,8.20004e-07,2.7236126e-06,6.764393098477476e-15
0.0785,1.5176204e-06,2.4508786e-06,1.7930995e-06,2.1948758e-06,1.3993325169727852e-14
0.079,1.0178704e-06,1.7414646e-06,2.3860594e-06,2.3639836e-06,7.733402703665958e-15
0.0795,6.246058e-07,2.5438687e-06,2.4100411e-06,3.310071e-06,1.1439607886863054e-14
0.08,1.557657e-06,8.221421e-07,2.5110226e-06,5.0758526e-06,6.215266080590711e-15
0.0805,3.1559607e-06,2.210212e-06,1.8153481e-06,1.4996225e-06,7.913795568724395e-15
0.081,2.5746258e-06,3.043487e-06,1.1744078e-06,4.1122885e-06,9.394350098415574e-15
0.0815,1.650333e-06,4.5815254e-06,3.2501018e-06,1.8659206e-06,7.971988878370802e-15
0.082,1.6730867e-06,3.4349864e-06,1.9488218e-06,4.751952e-06,1.413399376621796e-14
0.0825,1.1985076e-06,4.935412e-07,1.1200926e-06,5.767808e-06,8.063651555618218e-15
0.083,9.968824e-07,1.8371385e-06,8.703557e-07,5.3842496e-06,1.741113253704e-14
0.0835,9.198073e-07,3.6764595e-06,2.3023138e-06,2.4834474e-06,6.975876797279405e-15
0.084,1.7304766e-06,2.7089393e-06,9.768007e-07,3.2733751e-06,9.352928889819689e-15
0.0845,2.384538e-06,1.6195032e-06,2.7756587e-06,2.7242647e-06,9.896721338491716e-15
0.085,3.199632e-07,2.6543419e-06,2.2120196e-06,1.1861174e-06,1.434348424823e-14
0.0855,3.0784245e-06,2.7323322e-06,2.4267658e-06,3.897615e-06,3.1421469200065623e-15
0.086,1.1011747e-06,2.0656391e-06,4.8682473e-06,1.7489673e-06,8.992806499463768e-15
0.0865,2.0600417e-06,2.2923707e-06,2.1446415e-06,1.0115243e-06,7.191854738971276e-15
0.087,1.7124183e-06,2.0827306e-06,3.2441462e-06,1.0323828e-06,8.594015490521135e-15
0.0875,1.8078715e-06,3.0478088e-06,2.2614936e-06,8.34465e-07,1.3278193111899531e-14
0.088,1.4192574e-06,3.204408e-06,4.924762e-06,2.6848568e-06,6.818839423932375e-15
0.0885,1.7180051e-06,2.7703738e-06,4.669963e-06,1.5266238e-06,8.226520376308076e-15
0.089,2.6544255e-06,2.0281461e-06,3.1687312e-06,2.689484e-06,7.56989756821848e-15
0.0895,1.7243065e-06,2.2011518e-06,1.8115218e-06,1.5542989e-06,8.817715292004272e-15
0.09,1.204145e-06,3.7157713e-06,2.1829596e-06,2.8931286e-06,7.023641503345142e-15
0.0905,1.909185e-06,1.3598126e-06,3.863758e-06,2.1622607e-06,1.2426813154338287e-14
0.091,3.5655913e-07,1.0054696e-06,1.1861174e-06,1.6869272e-06,1.1143924098000667e-14
0.0915,1.2050839e-06,2.40274e-06,8.405959e-07,1.8659206e-06,1.0018647899075038e-14
0.092,1.718615e-06,9.92026e-07,2.2726133e-06,1.1182823e-06,8.252325904466732e-16
0.0925,2.0324285e-06,4.6915607e-06,1.3168835e-06,3.1652255e-06,5.881301029635769e-15
0.093,5.360277e-07,4.360991e-06,2.0499253e-06,2.523889e-06,7.464959971954173e-15
0.0935,2.2317693e-06,1.2534924e-06,4.456757e-06,2.4138042e-06,1.0607860012589812e-14
0.094,5.428708e-07,2.311938e-06,1.6829904e-06,4.266627e-06,1.0773168553431315e-14
0.0945,1.65757e-06,1.8719945e-06,5.45934e-06,9.405454e-07,7.81150584804298e-15
0.095,1.8306761e-06,3.1888571e-06,3.5554672e-06,1.9956433e-06,4.626114302741661e-15
0.0955,2.6668604e-06,3.0172553e-06,1.37874e-06,2.4784354e-06,9.465587277121543e-15
0.096,9.4812845e-07,6.99254e-07,3.148917e-07,7.633119e-07,1.1398049408937715e-14
0.0965,8.32e-07,1.196926e-06,2.736101e-06,1.4155319e-06,9.53471691886431e-15
0.097,1.0605241e-06,3.8194673e-07,1.9935874e-06,2.0440136e-06,6.971679053177347e-15
0.0975,1.3504267e-06,2.153424e-06,1.9868933e-06,8.8608675e-07,1.3893017262441986e-14
0.098,9.578561e-07,2.7039757e-06,1.9494662e-06,5.0170684e-06,4.2891121259284976e-15
0.0985,2.4335015e-06,1.5034858e-06,1.475215e-06,4.6567975e-06,4.990140660236864e-15
0.099,3.0026856e-06,1.058566e-06,4.5727934e-06,2.1883916e-06,1.2540145989865064e-14
0.0995,2.7016035e-06,1.9497188e-06,2.0105285e-06,1.847744e-06,5.8289352121036535e-15
0.1,8.9645687e-07,3.0049496e-06,1.9032442e-06,2.9706803e-06,5.243380125655269e-15
0.1005,1.9106346e-06,3.3213214e-06,1.1326414e-06,1.0254771e-06,2.1794631652767695e-14
0.101,7.8652164e-07,7.115597e-07,1.3369796e-06,1.8235514e-06,8.225021920853694e-15
0.1015,2.1941169e-06,3.8755124e-06,9.907382e-07,1.0254771e-06,5.597894330829748e-15
0.102,1.3338204e-06,2.1505252e-06,2.752039e-06,1.5172866e-06,1.54758927135126e-14
0.1025,2.2082897e-06,3.6741033e-06,1.3605013e-06,2.125806e-06,1.2601795501688307e-14
0.103,1.1139055e-06,2.9004968e-06,2.5418167e-06,4.430434e-06,9.74647619424468e-15
0.1035,6.6079554e-07,1.9550073e-06,1.3739e-06,2.2774902e-06,1.0926111987381854e-14
0.104,1.3694888e-06,2.1619653e-06,3.815345e-06,2.2618372e-06,3.018602284648458e-15
0.1045,1.8017623e-06,2.532192e-06,1.6756354e-06,1.6603933e-06,1.4977727461875691e-15
0.105,2.0560499e-06,3.1775483e-06,3.3632089e-06,2.999245e-06,1.3601931266464164e-14
0.1055,1.1852982e-06,2.7982858e-06,1.6007655e-06,3.2450337e-06,1.0245680415511355e-14
0.106,1.9307931e-06,9.032811e-07,2.6730872e-06,3.0862316e-06,5.644968245070423e-15
0.1065,2.6287355e-06,3.5340029e-06,2.9404885e-06,3.3442402e-06,8.638764066754565e-15
0.107,2.183338e-06,2.2128224e-06,2.3229686e-06,7.275674e-07,1.1879159388155724e-14
0.1075,9.0361135e-07,1.7472048e-06,3.8185444e-06,2.999245e-06,6.084044966890442e-15
0.108,7.8683917e-07,7.4863505e-07,5.0107856e-06,3.1017332e-06,1.8601061192442462e-14
0.1085,3.6194794e-07,2.319525e-06,1.1744535e-06,2.1948758e-06,8.338183292564482e-15
0.109,1.1794531e-06,1.4477965e-06,2.9253754e-06,2.2930365e-06,1.6431980574454383e-14
0.1095,1.8787285e-06,9.723008e-07,2.9409698e-06,2.5850832e-06,6.277057047235737e-15
0.11,2.4102253e-06,1.5288085e-06,2.7130345e-06,1.4067201e-06,9.423344932923e-15
0.1105,1.4127841e-06,4.4359494e-06,7.005527e-07,3.7489378e-06,1.76257138563599e-14
0.111,1.7231471e-06,2.1943192e-06,2.6286193e-06,3.2147852e-06,1.1987099384872916e-14
0.1115,8.9558955e-07,3.11559e-06,1.0905625e-06,3.5227304e-06,8.269671166936293e-15
0.112,1.2342804e-06,1.1455555e-06,2.2273248e-06,1.8390714e-06,9.623112642122455e-15
0.1125,7.5132743e-07,8.805565e-07,2.4903336e-06,2.2844993e-06,5.2221803887383344e-15
0.113,1.2334706e-06,8.663523e-07,1.2175261e-06,2.3511748e-06,1.1199091010720817e-14
0.1135,2.8357658e-06,3.287524e-06,1.3307997e-06,1.1980385e-06,1.1632608100920324e-14
0.114,1.523202e-06,2.360976e-06,3.3459992e-06,2.211003e-06,3.726282937063987e-15
0.1145,1.4333027e-06,2.978602e-06,1.8199102e-06,1.4936882e-06,7.866343416174007e-15
0.115,1.9687727e-06,2.911626e-06,7.5191826e-07,3.2646808e-06,8.909539772616881e-15
0.1155,7.309168e-07,3.7607078e-06,2.6610987e-06,2.3722348e-06,5.8756003471245454e-15
0.116,2.0070154e-06,2.8530958e-06,2.296145e-06,3.6393017e-06,1.0575860005433421e-14
0.1165,7.726004e-07,3.1517366e-06,2.873916e-06,1.8706745e-06,1.0480302843590746e-14
0.117,5.9329267e-07,3.5691003e-06,4.7973003e-06,3.6689553e-06,1.0246883383745571e-14
0.1175,1.1828604e-06,1.7357295e-06,1.3962833e-06,3.2890748e-06,6.146230787578956e-15
0.118,7.108963e-07,2.5885165e-06,2.352874e-06,1.4428757e-06,1.4345229679505872e-15
0.1185,7.288252e-07,3.3182969e-06,1.0941958e-06,2.874032e-06,1.0641106013350553e-14
0.119,2.037499e-06,2.2156303e-06,2.6098737e-06,2.5407244e-06,9.414920769577835e-15
0.1195,2.267426e-06,2.346167e-06,1.1344472e-06,3.5568544e-06,1.1112850348086693e-14
0.12,1.8763781e-06,1.6343116e-06,1.7581476e-06,1.2908225e-06,8.08480321933235e-15
0.1205,7.4643515e-07,2.6204127e-06,5.4950547e-06,1.9304914e-06,7.142263358421645e-15
0.121,1.2687882e-06,3.377195e-06,2.1293545e-06,1.9304914e-06,9.460484137894833e-15
0.1215,2.1254405e-06,2.4555088e-06,3.3527613e-06,2.91332e-06,1.3805794358632053e-15
0.122,2.0213056e-06,1.9967556e-06,1.7156408e-06,1.1980385e-06,1.4764902468663617e-14
0.1225,2.149231e-06,2.5041488e-06,2.6340938e-06,3.4719385e-06,1.1512545116571288e-14
0.123,1.4582787e-06,1.9590918e-06,2.27632e-06,1.956086e-06,1.1471035243252927e-14
0.1235,9.982666e-07,1.6390092e-06,3.3134231e-06,3.129102e-06,9.209970248850685e-15
0.124,6.843187e-07,9.571894e-07,4.104127e-06,1.279766e-06,1.29120659797352e-14
0.1245,2.0553882e-06,1.8231252e-06,1.5894028e-06,1.5125963e-06,1.0217813433280234e-14
0.125,2.3389246e-06,1.979055e-06,2.6073626e-06,1.2728069e-06,3.598657823696031e-15
0.1255,1.1650812e-06,2.2172708e-06,2.5749275e-06,1.9524502e-06,5.7609370048333806e-15
0.126,2.3757423e-06,2.5195855e-06,1.0413769e-06,2.1704604e-06,1.3249799285862646e-14
0.1265,2.2798777e-06,6.681576e-07,2.0320836e-06,2.1827022e-06,7.102204513368856e-15
0.127,1.6006095e-06,3.2718824e-06,3.2750365e-06,2.40274e-06,6.2525325310329126e-15
0.1275,2.924768e-06,7.3790846e-07,2.5613099e-06,2.6795585e-06,1.1242078890292107e-14
0.128,1.680267e-06,1.2563013e-06,2.537445e-06,1.7570737e-06,1.1726525403087167e-15
0.1285,6.462708e-07,2.221835e-06,1.4117621e-06,2.2932302e-06,6.678720527465282e-15
0.129,8.1793667e-07,1.9836043e-06,2.6125947e-06,4.8191378e-06,8.070742013540063e-15
0.1295,1.9095012e-06,1.082676e-06,1.8005758e-06,1.704995e-06,9.895750709297501e-15
0.13,1.2489448e-06,1.2189842e-06,2.338153e-06,3.2285695e-06,6.601306422191915e-15
0.1305,1.9140889e-07,2.0151892e-06,1.7047345e-06,1.7451543e-06,8.203075734926169e-15
0.131,2.028967e-06,2.2372099e-06,3.7306806e-06,3.1648046e-06,1.2450131536336656e-14
0.1315,8.3179987e-07,2.5809568e-06,9.853939e-07,3.502502e-06,7.326486257888034e-15
0.132,1.2736789e-06,2.4359638e-06,1.394115e-06,2.5590114e-06,1.2816379824366774e-14
0.1325,1.8919781e-06,1.5088483e-06,1.207362e-06,2.9534388e-06,5.891387563157629e-15
0.133,1.5778353e-06,2.1141277e-06,3.5631228e-06,1.9057181e-06,1.285124036249412e-14
0.1335,1.8057477e-06,2.3600824e-06,3.2902897e-06,3.1325062e-06,1.539409055726646e-14
0.134,1.9649203e-06,2.0477037e-06,2.4515014e-06,3.5673268e-06,1.1020410984438856e-14
0.1345,2.1685157e-06,6.7537775e-07,1.441644e-06,2.1532048e-06,9.281425066733518e-15
0.135,5.9230945e-07,1.4934094e-06,1.0457388e-06,1.5781167e-06,5.8761291317044985e-15
0.1355,7.5276677e-07,1.3385824e-06,6.9797267e-07,1.6214217e-06,1.116605496702544e-14
0.136,1.5608744e-06,1.0729418e-06,1.042336e-06,2.2023494e-06,4.3373929054586196e-15
0.1365,1.5862564e-06,1.7169062e-06,2.3038565e-06,2.3664245e-06,5.066963359797462e-15
0.137,1.2508325e-06,1.1402127e-06,2.5811719e-06,7.839767e-07,4.704242556031899e-15
0.1375,2.4809426e-06,2.6623084e-06,8.770191e-07,2.024146e-06,8.728543835258307e-15
0.138,9.148148e-07,3.615313e-06,3.6050956e-06,6.7434956e-07,4.397857599616979e-15
0.1385,1.1384526e-06,2.0784983e-06,3.5416208e-06,1.4095585e-06,5.582546066186193e-15
0.139,1.1127087e-06,2.1883948e-06,2.4845647e-06,2.1989188e-06,5.616974612103869e-15
0.1395,2.0316463e-06,1.2395984e-06,2.3679254e-06,1.974165e-06,7.73504930821921e-15
0.14,1.2974283e-06,2.2961815e-06,2.4346873e-06,2.9466646e-06,1.6734569428176322e-14
0.1405,2.203458e-06,1.1179844e-06,2.0178286e-06,3.820746e-06,8.114661877835332e-15
0.141,1.1547198e-06,3.2276066e-06,1.1230376e-06,1.7418431e-06,1.1804037522595054e-14
0.1415,2.5253073e-06,2.9396695e-06,1.0898241e-06,1.7367365e-06,1.0849874264190699e-14
0.142,2.0815407e-06,2.4346873e-06,1.533879e-06,2.9664916e-06,8.909366839003267e-15
0.1425,2.5590223e-06,2.3133093e-06,1.2120425e-06,3.2745959e-06,7.166238212293411e-15
0.143,1.2076378e-06,1.0848273e-06,3.865035e-06,3.7205189e-06,3.613345303038439e-15
0.1435,7.957834e-07,2.4127e-06,1.1620278e-06,2.9682874e-06,7.550871698544295e-15
0.144,1.4703339e-06,1.9798963e-06,2.4168378e-06,8.8608675e-07,6.871341073227243e-15
0.1445,8.1071084e-07,1.1597086e-06,2.4293006e-06,2.2976799e-06,3.2053784592957234e-15
0.145,2.4555738e-06,2.437422e-06,2.9340629e-06,2.956895e-06,6.336923725708402e-15
0.1455,2.5777285e-06,1.1013007e-06,2.0806206e-06,2.1867677e-06,6.4805554344736394e-15
0.146,1.2577145e-06,1.8695465e-06,1.3719592e-06,1.2755951e-06,4.4210938027361076e-15
0.1465,1.596025e-06,1.8753609e-06,2.620614e-06,1.4394861e-06,1.6467128284490172e-14
0.147,2.2997203e-06,1.7660391e-06,1.3686374e-06,3.3433105e-06,1.0863320971430272e-14
0.1475,1.5649944e-06,1.6963493e-06,4.414417e-06,1.5043532e-06,5.680678812974271e-15
0.148,2.3115658e-06,1.7446494e-06,1.3709068e-06,2.5761346e-06,7.575238494660371e-15
0.1485,1.4450477e-06,1.6741274e-06,7.0603835e-07,2.8134402e-06,8.677158268572284e-15
0.149,1.1909748e-06,1.8416201e-06,4.926406e-07,4.3544037e-06,7.064543736638133e-15
0.1495,1.0831822e-06,2.176641e-06,2.412332e-06,1.8422079e-06,9.145799100880435e-15
0.15,1.9536014e-06,1.7626411e-06,1.455459e-06,2.6171801e-06,1.2942196041603262e-14
0.1505,2.040371e-06,8.595093e-07,3.1663478e-06,1.462441e-06,4.468410624869405e-15
0.151,1.3076565e-06,1.9344125e-06,3.6484498e-06,3.340121e-06,5.435346812754679e-15
0.1515,2.047392e-06,2.1519961e-06,9.803107e-07,1.297685e-06,5.2748009176246186e-15
0.152,7.052517e-07,7.008696e-07,3.5835046e-06,1.7540382e-06,9.685105181845662e-15
0.1525,2.4968228e-06,2.626097e-06,1.331988e-06,3.203715e-06,1.0829406137437123e-14
0.153,1.2680003e-06,1.2713286e-06,2.4694714e-06,2.5133095e-06,1.006223836357322e-14
0.1535,5.703467e-07,1.0384142e-06,3.3871556e-06,2.1737317e-06,9.940100540281747e-15
0.154,1.3500978e-06,2.4482868e-06,1.245384e-06,7.4921877e-07,3.3292810058535792e-15
0.1545,1.1246182e-06,2.599516e-06,1.0144903e-06,1.2146046e-06,1.0721882221908339e-14
0.155,1.5986835e-06,2.954982e-06,1.7936567e-06,9.721224e-07,5.726265175588651e-15
0.1555,1.9419592e-06,1.827459e-06,9.088792e-07,1.7005614e-06,6.339217920816913e-15
0.156,9.781565e-07,1.4728047e-06,2.9282203e-06,4.135656e-06,1.207083569537129e-14
0.1565,2.2391444e-06,1.3052132e-06,3.3469696e-06,8.7803124e-07,1.1890405663621794e-14
0.157,1.3298817e-06,5.849536e-07,7.97038e-07,1.8450984e-06,9.512512418235778e-15
0.1575,1.1362318e-06,1.689032e-06,3.895836e-06,2.2657607e-06,8.04433006106855e-15
0.158,1.4086918e-06,2.8051436e-06,3.7000834e-06,3.1836917e-06,1.2485073727412479e-14
0.1585,4.280195e-07,1.0040608e-06,1.8885137e-06,3.2147852e-06,8.885296317641822e-15
0.159,1.0625113e-06,1.9943946e-06,1.4880285e-06,1.9316412e-06,4.420374966422548e-15
0.1595,1.1910738e-06,8.6169433e-07,2.4521155e-06,1.2577145e-06,7.877108643169156e-15
0.16,1.7146698e-06,8.030053e-07,2.0880252e-06,1.7661491e-06,1.1110692471819895e-14
0.1605,1.6608989e-06,5.2180667e-07,1.5511362e-06,1.4984375e-06,4.041654044610298e-15
0.161,2.2827612e-06,1.9224267e-06,1.2839264e-06,1.2908225e-06,1.598142809691758e-14
0.1615,1.1399388e-06,3.129705e-06,1.6960875e-06,1.974165e-06,1.2484580090146453e-14
0.162,1.610446e-06,1.6289405e-06,6.357953e-07,7.996802e-07,8.59276043166223e-15
0.1625,8.928581e-07,3.2696505e-06,1.3065074e-06,2.5463116e-06,7.759855363937756e-15
0.163,1.9533918e-06,1.9484087e-06,3.9475494e-06,2.559532e-06,6.385954197646041e-15
0.1635,1.3308049e-06,1.9655733e-06,1.5607321e-06,1.1071071e-06,1.3189974027734893e-14
0.164,1.3892686e-06,2.1832236e-06,3.4530929e-06,9.329603e-07,6.7842371576298955e-15
0.1645,1.0753643e-06,9.725292e-07,1.4437134e-06,3.4657935e-06,1.3043112534650954e-14
0.165,9.86752e-07,2.0083426e-06,2.011436e-06,1.7970578e-06,1.1251146330781677e-14
0.1655,9.925784e-07,2.375976e-06,1.8742061e-06,1.1935821e-06,6.596490793710505e-15
0.166,2.6650828e-06,1.4799674e-06,4.611091e-07,2.2518016e-06,8.935441911091751e-15
0.1665,2.0731131e-06,1.9047858e-06,3.045393e-06,3.6010283e-06,2.933174772761872e-15
0.167,3.4852874e-07,2.386004e-06,3.1180123e-06,2.3970035e-06,8.913645959860017e-15
0.1675,1.588429e-06,2.2010508e-06,1.331347e-06,8.3019665e-07,5.531373560745413e-15
0.168,1.1923024e-06,2.6178693e-06,3.0161602e-06,8.760058e-07,6.559013090834956e-15
0.1685,7.9410745e-07,1.1383795e-06,3.1320808e-06,2.1193202e-06,1.05221090640148e-14
0.169,1.8393129e-06,6.664002e-07,3.4959046e-06,2.6023758e-06,1.6149070712750282e-14
0.1695,1.7144918e-06,8.623383e-07,2.1031235e-06,1.222985e-06,3.4737741232775432e-15
0.17,1.6516108e-06,1.9028176e-06,2.4700248e-06,5.1962127e-07,1.019744531955267e-14
0.1705,1.5848735e-06,1.2789905e-06,2.774441e-06,2.4466963e-06,4.941739743737033e-15
0.171,1.4397946e-06,1.7505059e-06,2.4218198e-06,7.725645e-07,1.2064707330263786e-14
0.1715,1.576216e-06,1.8478792e-06,1.4267473e-06,2.4620758e-06,5.157759701249372e-15
0.172,1.4682748e-06,8.8621204e-07,1.9044105e-06,2.1794444e-06,5.681695816905468e-15
0.1725,1.3197626e-06,1.927052e-06,2.0836198e-06,3.972103e-06,9.696036029084066e-15
0.173,4.1214577e-07,1.3563331e-06,3.8001467e-06,1.3048517e-06,1.6392246515987586e-15
0.1735,1.5722667e-06,1.8960374e-06,4.1958083e-06,2.5259997e-06,5.638140588002215e-15
0.174,1.5560837e-06,1.6195075e-06,2.8099655e-06,1.8933273e-06,3.697226037623727e-15
0.1745,1.724741e-06,2.8902107e-06,2.0663242e-06,6.0858065e-07,1.0858071996243579e-14
0.175,9.2050107e-07,1.3826449e-06,1.3841246e-06,2.5905745e-06,9.437058975993358e-15
0.1755,1.0454468e-06,1.1577205e-06,1.199983e-06,8.8608675e-07,9.835974504560829e-15
0.176,9.0053453e-07,1.1607194e-06,2.5030513e-06,1.4996225e-06,1.1100703584627503e-14
0.1765,1.0749512e-06,1.2399566e-06,1.386689e-06,1.5090691e-06,3.96623193796769e-15
0.177,2.500655e-06,7.732199e-07,1.558935e-06,2.2013407e-06,3.454203409104305e-15
0.1775,1.4524046e-06,3.273106e-06,3.714075e-06,1.5806473e-06,8.29478523394338e-15
0.178,1.3899078e-06,1.7635424e-06,1.7372479e-06,2.2531817e-06,8.733617249540285e-15
0.1785,1.125235e-06,7.5674757e-07,2.2282593e-06,9.3865486e-07,3.5002851218456245e-15
0.179,7.766136e-07,1.9353736e-06,1.6689966e-06,2.4255503e-06,4.6602925655870555e-15
0.1795,4.0011767e-07,2.0887287e-06,3.019793e-06,8.518461e-07,8.869459108672794e-15
0.18,1.1832122e-06,1.953818e-06,1.0600006e-06,3.5941157e-06,9.766177032077493e-15
0.1805,9.978216e-07,2.9606474e-06,1.9864008e-06,2.132689e-06,8.905345185785885e-15
0.181,2.5323645e-06,2.695628e-06,1.5222723e-06,2.0615366e-06,3.771491508311582e-15
0.1815,1.4379427e-06,1.3546131e-06,1.4235289e-06,9.499417e-07,9.460539962156686e-15
0.182,6.023922e-07,1.0966282e-06,1.8739951e-06,2.348907e-06,1.1157603309187458e-15
0.1825,1.7580844e-06,1.0257206e-06,2.4027863e-06,1.4853401e-06,9.559690736478226e-15
0.183,1.9854365e-06,1.2183522e-06,1.2983692e-06,1.9304914e-06,1.3172528336716584e-14
0.1835,4.989108e-07,2.0180073e-06,1.4660804e-06,1.4724278e-06,1.1524548166971875e-14
0.184,1.7115104e-06,6.893398e-07,2.4627973e-06,2.7528056e-06,2.981109044530317e-15
0.1845,2.3255361e-06,1.7724867e-06,1.5542989e-06,2.0440136e-06,1.0252745832634829e-14
0.185,9.2414234e-07,6.476436e-07,6.2584877e-07,2.961847e-06,1.8716150813160608e-14
0.1855,1.2043237e-06,1.0400968e-06,2.1468018e-06,1.925885e-06,5.804035306859015e-15
0.186,5.9901924e-07,1.3437561e-06,3.0719532e-06,1.6531561e-06,6.4220428370640774e-15
0.1865,2.2635177e-06,1.1127337e-06,1.7754281e-06,7.2020566e-07,9.031785425955948e-15
0.187,1.5408298e-06,1.6040912e-06,2.7074225e-06,1.9588085e-06,5.584322488853784e-15
0.1875,1.5228557e-06,2.2865515e-06,1.6339719e-06,1.4505498e-06,6.0537703727310164e-15
0.188,8.272829e-07,1.8578259e-06,1.3876494e-06,1.6571806e-06,5.170588855827337e-15
0.1885,1.0436133e-06,1.6839136e-06,1.5277869e-06,1.6496601e-06,9.321246329708705e-15
0.189,1.6732484e-06,1.7131151e-06,1.2587733e-06,4.500052e-07,3.1185214200286946e-15
0.1895,8.307648e-07,1.4839239e-06,1.6995165e-06,1.4333027e-06,7.529898907871222e-15
0.19,2.455133e-06,1.3805154e-06,2.5418167e-06,8.0686726e-07,5.413973864881343e-15
0.1905,6.5089256e-07,2.2080917e-06,1.4823472e-06,9.3865486e-07,5.834747504472176e-15
0.191,1.7811719e-06,1.4565265e-06,3.355641e-06,1.9045526e-06,4.857146430443073e-15
0.1915,1.4170996e-06,1.2831503e-06,1.2828853e-06,6.336061e-07,6.679816236361857e-15
0.192,9.639796e-07,1.8162309e-06,2.0568461e-06,1.6423757e-06,6.237042840057389e-15
0.1925,2.0675595e-06,9.495034e-07,1.2193485e-06,1.7318714e-06,6.751397572340233e-15
0.193,8.545787e-07,1.0737369e-06,3.5543565e-06,1.3328004e-06,7.13572044307283e-15
0.1935,1.8443911e-06,2.4206017e-06,1.6225168e-06,2.7216554e-06,8.529410770461299e-15
0.194,1.4576505e-06,1.2841178e-06,9.4349184e-07,2.3879081e-06,6.930673384092859e-15
0.1945,1.7277798e-06,3.9488077e-07,4.2491047e-06,8.476652e-07,6.483170143248366e-15
0.195,1.5257508e-06,8.3672376e-07,3.2731377e-06,8.4293697e-07,3.829867159113118e-15
0.1955,4.500052e-07,1.7965789e-06,2.2544132e-06,2.0801936e-06,6.155483356642005e-15
0.196,1.0612305e-06,6.837608e-07,1.7480148e-06,4.172325e-07,6.811378861017111e-15
0.1965,2.2761249e-06,2.9043983e-06,2.4237186e-06,2.4687856e-06,1.6439550351151975e-14
0.197,8.5577955e-07,2.267625e-06,3.1282502e-06,2.8582665e-06,8.48376762633703e-15
0.1975,1.4820664e-06,1.0189606e-06,3.6242614e-06,2.4620758e-07,1.0249589546049121e-14
0.198,1.3244652e-06,3.995931e-06,3.4955533e-06,1.8211755e-06,8.350323853034144e-15
0.1985,8.335332e-07,1.2450777e-06,1.2117677e-06,2.3394823e-06,1.3347171202613077e-14
0.199,2.415689e-06,2.9698228e-06,1.5190417e-06,2.9817593e-06,4.964137268894119e-15
0.1995,6.6008107e-07,2.5622307e-06,1.9818544e-06,1.492796e-06,7.81032231643122e-15
0.2,2.1602186e-06,1.6351266e-06,2.1577375e-06,1.9120575e-06,1.4443570596498132e-15
0.2005,1.6140096e-06,1.8249855e-06,2.1075532e-06,5.4322857e-07,8.177303202714501e-15
0.201,3.071953e-07,2.0215664e-06,1.5882149e-06,1.0633208e-06,8.436234040904044e-15
0.2015,1.6854129e-06,2.250026e-07,1.2032168e-06,1.7078577e-06,5.529980653579024e-15
0.202,4.549127e-07,1.4000005e-06,1.9369218e-06,1.3344653e-06,1.447596296972935e-14
0.2025,1.0627202e-06,1.6749229e-06,8.178009e-07,2.2286579e-06,3.804033021695256e-15
0.203,1.8128658e-06,1.4284144e-06,1.7716723e-06,1.7184857e-06,7.550332863779065e-15
0.2035,1.6721367e-06,1.2473938e-06,4.239583e-06,3.9577662e-06,6.735861340753108e-15
0.204,8.420145e-07,2.4377066e-06,7.6563555e-07,1.3085901e-06,3.6371455293962386e-15
0.2045,2.0033197e-06,1.1495705e-06,3.818886e-06,1.1744535e-06,9.061759754752368e-15
0.205,1.5220353e-06,1.2450274e-06,1.7094171e-06,1.2731558e-06,1.0523134018456647e-14
0.2055,1.9860654e-06,2.339604e-06,2.1772018e-06,8.046627e-07,1.3819489671234222e-14
0.206,1.5611411e-06,1.2595008e-06,2.7960234e-06,6.583548e-07,5.583218758733536e-15
0.2065,1.5428999e-06,1.0365214e-06,2.2405322e-06,2.8902107e-06,4.0882747497410426e-15
0.207,1.2605581e-06,8.011453e-07,3.554981e-06,2.25712e-06,1.1640941215167996e-14
0.2075,1.1906252e-06,8.3139935e-07,1.4158455e-06,8.704115e-07,9.520121976051977e-15
0.208,1.7016708e-06,1.0532497e-06,2.0872267e-06,1.5693689e-06,4.757146962048553e-15
0.2085,2.149076e-06,1.7677238e-06,1.6093254e-06,1.6943478e-06,7.0286850967635375e-15
0.209,1.7454247e-06,2.3940374e-06,2.8803602e-06,1.3605013e-06,8.89443866354733e-15
0.2095,1.0107558e-06,7.294343e-07,2.8875975e-06,3.4570694e-06,7.783645278309895e-15
0.21,1.1612394e-06,2.1132348e-06,2.6662672e-06,1.8450984e-06,8.94677204228679e-15
0.2105,6.6943375e-07,1.8745281e-07,2.6475468e-06,2.1503672e-06,5.1613431382503765e-15
0.211,1.5309992e-06,1.489301e-06,1.1710455e-06,1.8078983e-06,6.940670033431142e-15
0.2115,1.2396656e-06,1.1668903e-06,2.2302017e-07,1.1080093e-06,2.2562397986482602e-15
0.212,2.144952e-06,7.376075e-07,1.3863687e-06,9.3865486e-07,5.3486945852147655e-15
0.2125,1.221918e-06,9.565803e-07,1.2921979e-06,1.2331104e-06,1.4530355319517048e-14
0.213,1.0864571e-06,2.1493634e-06,2.4171136e-06,3.865236e-06,4.81509242304977e-15
0.2135,1.6118071e-06,1.7028815e-06,1.074538e-06,1.5257508e-06,6.3970430245809655e-15
0.214,1.3207507e-06,2.154677e-06,2.4176645e-06,2.299998e-06,6.082968587418736e-15
0.2145,1.1310168e-06,1.4304387e-06,1.6115315e-06,9.0247414e-07,5.4423581102974265e-15
0.215,1.6836499e-06,2.0158468e-06,1.8515855e-06,1.5125963e-06,6.557838461428371e-15
0.2155,1.5501685e-06,1.7947241e-06,1.1849937e-06,1.2644055e-06,9.061079621171289e-15
0.216,6.6008107e-07,7.2282154e-07,1.2402924e-06,7.6112707e-07,8.606197965958404e-15
0.2165,1.8049483e-06,2.1491278e-06,1.6073926e-06,7.633119e-07,7.935570990772881e-15
0.217,1.4252437e-06,2.8399224e-06,1.5882149e-06,2.2397392e-06,5.1610446135306005e-15
0.2175,8.886204e-07,2.4431656e-06,2.2144147e-06,3.2923474e-06,7.326630836200295e-15
0.218,9.10923e-07,2.074756e-06,1.7039529e-06,2.8140716e-06,5.821000005975887e-15
0.2185,6.8516994e-07,3.6727981e-06,1.0876827e-06,8.659357e-07,8.285864508759251e-15
0.219,2.383627e-06,1.6169005e-06,3.1296695e-06,7.2573397e-07,5.535550179266617e-15
0.2195,2.2903719e-06,2.0843656e-06,2.3443652e-06,8.307314e-07,4.595035926552277e-15
0.22,1.3097986e-06,1.5871136e-06,1.2755951e-06,2.8746886e-06,3.981353264191047e-15
0.2205,1.2701e-06,1.6781016e-06,1.8019934e-06,1.7701676e-06,1.1514249254020269e-14
0.221,1.45666e-06,1.3075716e-06,1.5187493e-06,2.1729143e-06,6.1424537428069986e-15
0.2215,1.7144918e-06,1.533879e-06,1.1151008e-06,1.914089e-06,1.893898605635156e-15
0.222,6.7669157e-07,1.9184088e-06,1.3773704e-06,2.8888276e-06,5.7011871119473445e-15
0.2225,1.0779422e-06,2.252307e-06,1.6323404e-06,2.2393922e-06,7.877108643169156e-15
0.223,1.8473233e-06,9.535652e-07,2.2093955e-06,2.526395e-06,9.203474327562725e-15
0.2235,1.3670141e-06,1.3256382e-06,3.674277e-07,1.0728836e-06,1.297536795264264e-14
0.224,1.5207947e-06,1.2700344e-06,1.6713232e-06,1.625798e-06,2.050158411106494e-15
0.2245,9.329603e-07,1.6887855e-06,1.372202e-06,2.7486483e-06,8.97222325778151e-15
0.225,7.1339065e-07,9.723792e-07,1.6093254e-06,4.5222018e-07,7.951088352073423e-15
0.2255,8.335332e-07,2.2978852e-06,2.1763858e-06,1.1372817e-06,6.2803698347351005e-15
0.226,8.518461e-07,2.1860853e-06,3.0075255e-06,1.5359043e-06,5.111850690840453e-15
0.2265,1.2952872e-06,1.7924183e-06,1.297685e-06,1.236078e-06,7.082840051236419e-15
0.227,7.3000484e-07,1.9708018e-06,1.3595217e-06,1.026451e-06,4.1317602818954125e-15
0.2275,1.4615297e-06,1.8132675e-06,1.7643881e-06,2.2055733e-06,5.879991017139368e-15
0.228,6.123997e-07,1.5093633e-06,1.5488608e-06,2.5769964e-06,5.706589545749273e-15
0.2285,1.4853401e-06,1.230006e-06,3.2259552e-06,9.0897083e-07,7.151249776876829e-15
0.229,2.40274e-07,1.2377834e-06,1.66893e-06,1.084821e-06,1.546122589529222e-14
0.2295,6.253164e-07,1.5143569e-06,6.529362e-07,6.5632804e-07,6.325348926081327e-15
0.23,7.980125e-07,1.3785436e-06,2.2222223e-06,1.9710694e-06,6.428756945366232e-15
0.2305,7.9522516e-07,1.2620325e-06,1.1710455e-06,1.7451543e-06,9.136939886271682e-15
0.231,8.6632025e-07,1.5743308e-06,2.4855924e-06,1.935603e-06,7.0190333181557846e-15
0.2315,1.6827099e-06,1.7060528e-06,1.2417237e-06,9.689193e-07,9.717464460716279e-15
0.232,1.5020637e-06,1.0901551e-06,1.9606214e-06,1.9543259e-06,8.41648644616731e-15
0.2325,7.6795214e-07,8.035927e-07,2.4066183e-06,2.2031556e-06,1.3067659854658787e-14
0.233,5.9901924e-07,1.4823472e-06,2.6888235e-06,1.5993604e-06,1.1801832636420705e-14
0.2335,1.3268728e-06,1.9136285e-06,2.492016e-06,1.3789816e-06,9.843490533042616e-15
0.234,1.1741699e-06,2.3786029e-06,1.0396698e-06,2.793163e-06,3.621437911838241e-15
0.2345,8.9208066e-07,2.6646244e-06,1.3034896e-06,1.1481633e-06,4.857146430443073e-15
0.235,1.2201676e-06,1.1345451e-06,2.4834474e-06,1.1794531e-06,5.274435786004485e-15
0.2355,6.107659e-07,1.1586611e-06,1.7982929e-06,1.9992005e-06,5.960150387216222e-15
0.236,1.1710455e-06,2.198745e-06,1.084821e-06,1.3644127e-06,7.772354148366362e-15
0.2365,1.8099238e-06,1.8658052e-06,2.3604116e-06,1.5772722e-06,4.071658748137585e-15
0.237,2.1532048e-06,1.810859e-06,1.1683878e-06,2.0658406e-06,6.8447748099657486e-15
0.2375,1.3073169e-06,2.1094488e-06,2.3053979e-06,1.3224309e-06,4.341241765186055e-15
0.238,2.1705116e-06,1.5330282e-06,1.7854054e-06,2.9921293e-06,9.483150488903745e-15
0.2385,1.5916365e-06,2.3670138e-06,1.3978528e-06,6.065706e-07,3.4416913763379853e-15
0.239,2.8932823e-07,2.4568508e-06,1.4394861e-06,8.0189847e-07,2.1784148785229476e-15
0.2395,6.810662e-07,5.339655e-07,2.0076238e-06,1.690149e-06,3.992174279235972e-15
0.24,1.1512533e-06,1.8728247e-06,1.798046e-06,1.4205426e-06,6.869939508116199e-15
0.2405,1.5804366e-06,1.8787914e-06,1.7613652e-06,1.9008182e-06,5.329359630937609e-15
0.241,6.4541126e-07,2.434006e-06,2.6071498e-06,1.9854365e-06,3.986380959859201e-15
0.2415,8.053523e-07,1.8716238e-06,1.1573129e-06,1.2839233e-06,9.038776962889507e-15
0.242,1.0084465e-06,8.356616e-07,2.8666054e-06,5.383012e-07,9.908390628405994e-15
0.2425,8.518461e-07,2.181901e-06,1.9092104e-06,2.515429e-06,4.490574227168739e-15
0.243,1.1832122e-06,1.3634359e-06,2.404403e-06,1.3644127e-06,4.42176896676197e-15
0.2435,1.2532045e-06,1.682978e-06,1.3776927e-06,2.705946e-06,4.947660049471823e-15
0.244,1.1794531e-06,7.3878243e-07,2.8710945e-06,3.007673e-06,4.719753818660516e-15
0.2445,2.0734044e-06,2.651067e-06,3.091982e-06,3.0650062e-06,5.5680202830779965e-15
0.245,8.932e-07,1.0887285e-06,4.838267e-06,2.1335215e-06,7.213032780298073e-15
0.2455,2.0526857e-06,1.957235e-06,1.1534693e-06,1.9680817e-06,4.379404155611337e-15
0.246,1.7357135e-06,1.3033672e-06,1.7226155e-06,1.935316e-06,8.156173184961845e-15
0.2465,1.6148349e-06,1.2600295e-06,1.9669533e-06,1.9119996e-06,3.885780586188048e-15
0.247,1.0137171e-06,9.2435255e-07,1.2377834e-06,1.9638464e-06,6.924668467397962e-15
0.2475,1.4613018e-06,1.0434072e-06,2.1081853e-06,1.4955451e-06,4.196877994341497e-15
0.248,1.0959194e-06,1.3595217e-06,1.7254489e-06,1.7410781e-06,5.942545873637355e-15
0.2485,6.3378127e-07,6.201909e-07,5.4302416e-07,1.3474638e-06,6.24198150805748e-15
0.249,1.0316297e-06,1.470735e-06,1.7701676e-06,1.5208677e-06,8.506257557742458e-15
0.2495,8.556174e-07,1.5903281e-06,1.6953304e-06,2.7054534e-06,2.4973849386715747e-15
0.25,2.1847866e-06,1.8260004e-06,1.2010003e-06,1.3516593e-06,5.188436989177669e-15
0.2505,4.3007344e-07,7.540286e-07,1.4793484e-06,2.1772018e-06,7.0225445906706295e-15
0.251,8.9208066e-07,1.2520522e-06,1.8525445e-06,2.5112324e-06,7.053193662129238e-15
0.2515,1.1333702e-06,1.9016503e-06,2.4671212e-06,1.6900834e-06,7.28021923224409e-15
0.252,1.3170469e-06,1.2872966e-06,1.4663833e-06,1.1935821e-06,6.535244635568843e-15
0.2525,1.5034674e-06,1.6805973e-06,8.2805417e-07,1.4465643e-06,8.441346246566166e-15
0.253,1.2728069e-06,1.7296303e-06,1.3876494e-06,2.3558919e-06,6.3477189544348915e-15
0.2535,1.1995203e-06,9.450497e-07,2.9098119e-06,8.925783e-07,7.373795100892108e-15
0.254,1.6995165e-06,3.0429032e-07,1.3828407e-06,1.0447828e-06,9.930757227133818e-15
0.2545,1.4108182e-06,4.2476478e-07,2.0656255e-06,2.150109e-06,5.533323041707444e-15
0.255,1.4305115e-06,8.751182e-07,1.6995165e-06,2.3746672e-06,7.570711667007544e-15
0.2555,7.252749e-07,1.9887887e-06,2.2953593e-06,2.1400162e-06,6.831255589163714e-15
0.256,6.64398e-07,2.1203807e-06,2.6562548e-06,1.0396698e-06,3.804033021695256e-15
0.2565,1.3621324e-06,1.5714942e-06,1.7933471e-06,1.8051943e-06,5.7965976384218246e-15
0.257,1.1924653e-06,1.4724278e-06,2.629369e-06,3.1292439e-06,1.1701666411843482e-14
0.2575,1.973265e-06,2.1737444e-06,2.1853457e-06,9.3865486e-07,7.314002333558547e-15
0.258,9.277095e-07,3.5080764e-06,1.6137345e-06,1.821846e-06,4.763620154540889e-15
0.2585,1.2609763e-06,9.784969e-07,3.120148e-06,2.462662e-06,8.37979394235408e-15
0.259,1.3539573e-06,1.2936576e-06,9.219473e-07,1.523202e-06,4.595035926552277e-15
0.2595,2.1851424e-06,1.9328478e-07,1.8029789e-06,2.9427813e-06,7.930132740886974e-15
0.26,1.0498711e-06,7.396742e-07,1.6485831e-06,1.2991386e-06,9.14705197099063e-15
0.2605,1.6869272e-06,1.5487936e-06,1.9424165e-06,1.4480985e-06,6.804363002006077e-15
0.261,1.2870325e-06,9.97933e-07,2.4921942e-06,1.3424284e-06,5.627199105561947e-15
0.2615,2.3841858e-07,1.212981e-06,5.1962127e-07,3.8779967e-06,5.99211958652363e-15
0.262,1.8744689e-06,9.3641233e-07,5.3312016e-07,1.0925712e-06,3.1185214200286946e-15
0.2625,1.5137703e-06,1.8993027e-06,2.930949e-06,1.0946017e-06,5.2510145522368515e-15
0.263,1.3381209e-06,7.9522516e-07,1.9082797e-06,2.3880941e-06,8.686918754826617e-15
0.2635,7.996802e-07,9.3877316e-07,7.275674e-07,1.1653432e-06,7.17533971441876e-15
0.264,6.7697863e-07,1.1782522e-06,1.8773097e-06,1.9004093e-06,6.7589243434784236e-15
0.2645,4.298152e-07,1.4925031e-06,1.5542989e-06,5.7961495e-07,8.393755988682994e-15
0.265,1.5600028e-06,1.8918937e-06,3.0155252e-06,2.5435631e-06,1.5143051356527616e-14
0.2655,5.9901924e-07,9.569574e-07,1.5679534e-06,1.061649e-06,3.561376734039321e-15
0.266,1.2908225e-06,1.1291072e-06,1.7871456e-06,1.383884e-06,1.8742721836921976e-15
0.2665,1.6214217e-06,9.368272e-07,1.4960647e-06,4.9957794e-07,9.368729991705473e-15
0.267,1.6776881e-06,1.9039113e-06,1.7244191e-06,2.012981e-06,4.464422001611701e-15
0.2675,1.6268901e-06,1.4095585e-06,1.3527267e-06,1.4357793e-06,6.0761259583657046e-15
0.268,1.6326125e-06,1.6573314e-06,1.6955923e-06,1.7161584e-06,7.70865830583387e-15
0.2685,1.2449383e-06,2.2863724e-06,1.2963154e-06,2.4093847e-06,8.043563897910369e-15
0.269,1.4551348e-06,2.7092262e-06,2.59879e-06,8.173935e-07,9.268201390107022e-15
0.2695,1.1198696e-06,1.6909412e-06,3.0491724e-06,2.6250161e-06,9.642975640481872e-15
0.27,2.1622607e-06,8.7853687e-07,1.4505498e-06,3.003536e-06,1.1682690724096017e-14
0.2705,1.0794861e-06,2.759261e-06,1.4984375e-06,2.250026e-06,1.7215707617457203e-14
0.271,9.253129e-07,3.9198835e-07,1.3516593e-06,1.4404884e-06,2.059156955057807e-15
0.2715,5.9901924e-07,1.3779797e-06,1.9544962e-06,3.8818885e-06,9.21150645214099e-15
0.272,1.1980385e-06,1.7073538e-06,2.069921e-06,2.0561984e-06,1.709166621382058e-15
0.2725,1.9008182e-06,3.243331e-06,1.2482335e-06,1.328796e-06,8.359175788932779e-15
0.273,1.6542302e-06,2.0311682e-06,1.208373e-06,2.0124844e-06,9.368894446272338e-15
0.2735,7.731391e-07,6.570466e-07,2.503395e-06,3.0146048e-06,6.280615156890415e-15
0.274,4.9957794e-07,1.4391824e-06,2.8266682e-06,3.933257e-06,1.047382306668854e-15
0.2745,1.7359692e-06,1.1701208e-06,2.3367757e-06,1.441952e-06,8.429839424094772e-15
0.275,1.4431835e-06,1.7800223e-06,1.7388448e-06,1.8492456e-06,5.438959822042073e-15
0.2755,2.2839158e-06,9.409069e-07,8.108477e-07,3.7697288e-07,1.979811259392395e-15
0.276,6.194296e-07,1.7866836e-06,1.5220353e-06,1.5682366e-06,7.834745636426877e-15
0.2765,9.902267e-07,1.9491813e-06,1.7403765e-06,2.7285405e-06,4.255211271505921e-15
0.277,6.027147e-07,1.8223486e-06,8.8621204e-07,1.0828746e-06,5.800052027749469e-15
0.2775,1.3357958e-06,1.0299063e-06,2.2053719e-06,2.032029e-06,6.0126546692855795e-15
0.278,1.1438036e-06,1.854495e-06,2.0908935e-06,1.9101988e-06,8.103867617357112e-15
0.2785,9.3865486e-07,1.7246807e-06,1.6475725e-06,2.9874134e-06,1.2063302474774457e-14
0.279,1.7109752e-06,6.8220635e-07,1.299395e-06,3.0255228e-06,2.9504581591051763e-15
0.2795,1.3384528e-06,9.5135044e-07,2.2349755e-06,9.775889e-07,4.3298697960381105e-15
0.28,4.3392836e-07,1.7392957e-06,9.973764e-07,1.3161193e-06,1.267904345090671e-14
0.2805,1.6049041e-06,1.7515205e-06,1.8487051e-06,1.7992805e-06,1.3777505409863063e-15
0.281,1.4984375e-06,1.5914448e-07,7.841183e-07,1.4067201e-06,5.713065722842628e-15
0.2815,9.615579e-07,2.0620887e-06,2.2190225e-06,6.556511e-07,4.027524346742929e-15
0.282,1.4404113e-06,3.286139e-06,1.1071071e-06,2.5905745e-06,4.78942543627414e-15
0.2825,1.2215318e-06,1.7986788e-06,1.6499293e-06,2.4009373e-06,8.47049966177792e-15
0.283,6.4472283e-07,2.8860807e-06,1.9524502e-06,2.0050231e-06,1.2731340639995756e-14
0.2835,2.0509542e-06,1.7393555e-06,1.4011054e-06,3.1121674e-06,3.436315130343406e-15
0.284,1.2963154e-06,1.1963925e-06,2.2184222e-06,1.5651895e-06,3.6914915568786455e-15
0.2845,1.3328004e-06,1.7929137e-06,1.1864918e-06,3.2192372e-06,7.733452511591813e-15
0.285,1.0189606e-06,1.2657273e-06,7.1587635e-07,1.3075716e-06,4.3576253716537394e-15
0.2855,2.3053979e-06,1.633853e-06,2.5009547e-06,1.4196045e-06,8.566181858045578e-15
0.286,1.222985e-06,2.5400934e-06,2.1318558e-06,1.2445815e-06,8.099493572915271e-15
0.2865,2.2792444e-06,1.0316297e-06,2.3046755e-06,1.4853401e-06,5.678440763176882e-15
0.287,1.0925712e-06,1.7420701e-06,1.1774746e-06,9.277095e-07,1.0984231791073888e-14
0.2875,1.5137703e-06,1.6105839e-06,1.8802053e-06,1.929801e-06,8.934407267358529e-15
0.288,7.822755e-07,1.5770303e-06,7.9804727e-07,1.9017525e-06,1.0939500194814949e-14
0.2885,1.9341685e-06,2.6403347e-06,2.0888351e-06,1.6995165e-06,3.324302335963737e-15
0.289,9.000104e-07,1.2792074e-06,1.4597244e-06,1.3093535e-06,9.502627096993636e-15
0.2895,9.329603e-07,2.3709242e-06,1.5418382e-06,1.9642987e-06,9.423866083914922e-15
0.29,1.5431158e-06,2.6568503e-06,1.5753706e-06,3.626535e-06,1.039601007613929e-14
0.2905,8.6990116e-07,5.397944e-07,8.6146883e-07,2.1073424e-06,8.19480726099459e-15
0.291,1.8706745e-06,1.4913821e-06,9.714654e-07,1.1329048e-06,1.1140225065068489e-14
0.2915,1.6945444e-06,1.4725974e-06,1.8794376e-06,1.44643e-06,1.0438790441495224e-14
0.292,3.5762787e-07,1.5972939e-06,1.2607343e-06,3.2098083e-07,5.342425610510743e-15
0.2925,6.951036e-07,1.7992805e-06,1.9751208e-06,2.3888379e-06,8.047393984265182e-15
0.293,1.0811303e-06,1.1876375e-06,7.3700517e-07,1.3789816e-06,7.932900887495037e-15
0.2935,1.1920929e-06,1.9987874e-06,1.4866102e-06,4.7520456e-07,5.587149802055255e-15
0.294,1.4505498e-06,2.1406938e-06,1.8526046e-06,1.3527267e-06,3.7829128801460545e-15
0.2945,2.132689e-06,1.6721367e-06,1.9143354e-06,1.4586593e-06,4.599392841359542e-15
0.295,1.956086e-06,9.274177e-07,1.4858072e-06,2.5106576e-06,9.897966718222759e-15
0.2955,9.504091e-07,2.3518476e-06,1.7581476e-06,1.5474266e-06,5.950836838078908e-15
0.296,1.3914845e-06,2.4201458e-06,1.773739e-06,2.6327868e-06,5.4911163900728385e-15
0.2965,1.6170335e-06,7.644837e-07,9.0985594e-07,2.283381e-06,7.205338876476098e-15
0.297,1.0430813e-06,2.2973416e-06,1.6369588e-06,2.8492407e-06,6.544903624277682e-15
0.2975,9.176018e-07,2.641596e-06,3.296122e-06,3.826582e-06,3.616328897427208e-15
0.298,2.502153e-06,1.6351266e-06,2.7526544e-06,8.960543e-07,1.0072215018483486e-14
0.2985,5.470979e-07,3.0125416e-06,1.3275421e-06,1.7707321e-06,2.7982245767451807e-15
0.299,6.2584877e-07,2.3932953e-06,2.1717387e-06,2.005466e-06,5.509394367398343e-15
0.2995,2.0649804e-06,1.4284193e-06,1.9992144e-06,1.8235514e-06,1.4294768159277995e-14
0.3,1.3341325e-06,8.8520926e-07,2.7262204e-06,3.003425e-06,5.139805041163608e-15
0.3005,2.1794444e-06,1.4916055e-06,1.6248117e-06,1.090766e-06,4.831144772208761e-15
0.301,1.8970765e-06,1.50229e-06,2.720523e-06,1.3989842e-06,8.120771070762306e-15
0.3015,1.9119996e-06,2.1507576e-06,1.0621717e-06,1.3902871e-06,1.0746857088330128e-14
0.302,9.848303e-07,1.3751167e-06,1.1778753e-06,2.1948758e-06,3.658791310999686e-15
0.3025,2.0544157e-06,9.795176e-07,1.9337665e-06,8.627566e-07,1.4197946847173632e-14
0.303,1.0202672e-06,7.2573397e-07,7.777564e-07,2.001476e-06,8.542271600980698e-15
0.3035,1.2787245e-06,2.024146e-06,1.952578e-06,2.0252976e-06,9.006502527045632e-15
0.304,6.8025065e-07,1.7748184e-06,1.2949444e-06,1.6205997e-06,6.623355061692862e-15
0.3045,4.3901562e-07,1.6512788e-06,2.4481933e-06,1.6741274e-06,4.460624108962042e-15
0.305,1.5795231e-06,2.0895657e-06,2.620741e-06,1.4859567e-06,2.0137621733714643e-15
0.3055,1.2516975e-06,2.2760396e-06,1.0238518e-06,1.712013e-06,5.345308810812644e-15
0.306,1.5826128e-06,3.0770289e-06,2.6059997e-06,1.4892217e-06,3.454314919552871e-15
0.3065,1.1924653e-06,2.8836346e-06,1.7211365e-06,1.074538e-06,5.208073248790965e-15
0.307,1.9369218e-06,1.6983442e-06,1.0062422e-06,1.912943e-06,6.7318000261023545e-15
0.3075,1.7400575e-06,1.4538801e-06,2.4365136e-06,2.7369908e-06,9.153829234174194e-15
0.308,1.5324307e-06,2.530613e-06,2.6522812e-06,1.2577145e-06,9.457119282817164e-15
0.3085,2.1786293e-06,1.0207635e-06,1.9216288e-06,1.2317593e-06,1.4881570601288453e-14
0.309,1.6691961e-06,2.669097e-06,5.5275075e-07,1.1546236e-06,5.1197564925600004e-15
0.3095,1.1324883e-06,1.862362e-06,3.6035246e-06,7.5398253e-07,6.6261459483009196e-15
0.31,2.068204e-06,1.8846434e-06,1.3411045e-06,2.2583495e-06,8.899807035259091e-15
0.3105,6.143906e-07,1.3756161e-06,1.1246182e-06,3.1577895e-06,5.165296961994078e-15
0.311,1.5929613e-06,9.92019e-07,1.2483447e-06,8.704115e-07,1.3639514600455974e-14
0.3115,1.1861174e-06,1.0384944e-06,3.2682922e-06,1.8434279e-06,7.028027442016203e-15
0.312,1.4133341e-06,1.9627862e-06,1.4594773e-06,2.6778282e-06,4.413398360170397e-15
0.3125,2.0477037e-06,1.8101077e-06,1.8647451e-06,1.9171605e-06,1.0205600981444538e-14
0.313,1.6858739e-06,1.06897e-06,1.3574173e-06,3.2270648e-06,5.10529089507947e-15
0.3135,1.9082798e-07,1.8306002e-06,2.9260964e-06,4.699799e-06,3.4967619351230766e-15
0.314,1.1740754e-06,8.8509165e-07,2.1441108e-06,3.4668906e-06,1.2994827337208943e-14
0.3145,5.7865645e-07,4.824503e-07,1.7001043e-06,1.0225498e-06,6.479604369685061e-15
0.315,1.4305115e-06,1.9627155e-06,7.5515965e-07,1.9570507e-06,1.0693967913068391e-14
0.3155,1.9110703e-06,2.1080568e-06,1.2482335e-06,1.0505319e-06,8.155464759498647e-15
0.316,1.0728836e-06,1.5965857e-06,1.394115e-06,1.6133389e-06,3.5392440376858138e-15
0.3165,1.7970578e-06,1.3404627e-06,2.6934854e-06,2.2245317e-06,7.58540128447634e-15
0.317,7.777207e-07,1.7774008e-06,2.2399374e-06,2.6974394e-06,6.53766072061095e-15
0.3175,3.0764313e-06,1.4644941e-06,1.531561e-06,3.4418215e-06,1.0519619473181293e-14
0.318,1.1449679e-06,2.5636928e-06,1.3582145e-06,1.9607487e-06,3.512588446676096e-15
0.3185,4.4604033e-07,2.8781333e-06,2.9269404e-06,1.5880926e-06,7.172816220590112e-15
0.319,2.6656008e-07,2.8446805e-06,2.1364467e-06,1.5705004e-06,6.965267092588211e-15
0.3195,4.6265646e-07,4.5497373e-07,2.6987561e-06,3.1593272e-06,2.1470691453433183e-15
0.32,1.1469056e-06,3.7175355e-06,1.7380146e-06,1.5500073e-06,2.6348799334176704e-15
0.3205,2.6550842e-06,2.5372701e-06,1.081233e-06,1.475911e-06,4.902926390826577e-15
0.321,4.4703484e-07,1.3647381e-06,3.7337445e-06,1.4456623e-06,2.234280737922546e-15
0.3215,1.5772722e-06,2.2828583e-06,7.800014e-07,3.213343e-06,3.58724037616909e-15
0.322,7.354595e-07,2.4924168e-06,3.430513e-06,1.3751924e-06,3.000171026473022e-15
0.3225,8.4293697e-07,1.9909123e-06,1.5568683e-06,1.0360594e-06,5.986202712675763e-15
0.323,9.7577e-07,3.0698652e-06,1.4431835e-06,1.4764186e-06,8.463402772623436e-15
0.3235,1.3017851e-06,1.3596901e-06,1.7551139e-06,2.3344942e-06,5.4787565871501995e-15
0.324,1.564551e-06,3.1457423e-06,2.798256e-06,2.3565044e-06,5.758195022971231e-15
0.3245,2.0716366e-06,2.2856682e-06,2.1712915e-06,1.5875332e-06,6.8431989437517095e-15
0.325,3.5060505e-06,1.9208198e-06,1.9956433e-06,1.8487651e-06,9.342544893102175e-15
0.3255,9.405454e-07,1.3072531e-06,2.773468e-06,2.4033407e-06,8.761622386254713e-15
0.326,5.9901924e-07,2.874341e-06,1.8012539e-06,1.2332005e-06,1.004368399817203e-14
0.3265,1.3463923e-06,2.2490512e-06,1.113731e-06,1.4844429e-06,5.879204869530114e-15
0.327,1.678482e-06,2.4974925e-06,1.6770427e-06,2.339055e-06,7.359572882443051e-15
0.3275,1.4183526e-06,2.7187168e-06,2.1337428e-06,2.9026298e-06,5.18398071678529e-15
0.328,2.2429094e-06,1.7516472e-06,2.7818617e-06,2.5694999e-06,6.954641202201828e-15
0.3285,1.4551348e-06,9.563554e-07,1.7741771e-06,2.7033186e-06,1.447308894905914e-14
0.329,1.2534703e-06,1.4139673e-06,1.4896876e-06,1.3580715e-06,5.220704988118766e-15
0.3295,1.155777e-06,1.6387382e-06,3.0831004e-06,1.75494e-06,5.467496156816292e-15
0.33,1.1026859e-06,5.8058384e-07,2.3695306e-06,2.0931889e-06,6.173478961128007e-15
0.3305,1.59519e-06,2.3467821e-06,1.7289361e-06,3.380963e-06,1.2132457069101179e-14
0.331,3.0648614e-06,6.201462e-07,2.9032801e-06,1.5646219e-06,9.090957362871364e-15
0.3315,1.3539573e-06,8.430687e-07,1.0869679e-06,6.72371e-07,9.853502986268632e-15
0.332,9.61096e-07,1.0354967e-06,2.3879547e-06,2.966501e-06,7.902105480750097e-15
0.3325,1.3381209e-06,2.1768067e-06,3.2674002e-06,1.7891946e-06,8.765841804937172e-15
0.333,1.4841437e-06,2.2506304e-06,4.456444e-06,1.8757863e-06,1.2826800167818834e-14
0.3335,2.9151486e-06,1.6636665e-06,1.6049041e-06,2.8285529e-06,8.982692299641997e-15
0.334,1.0464818e-06,1.4830258e-06,7.5629816e-07,1.233853e-06,1.0502175812617294e-14
0.3345,8.760058e-07,1.7751937e-06,1.6806633e-06,2.873298e-06,8.4355034728974e-15
0.335,1.279766e-06,1.7499826e-06,1.7254489e-06,2.350608e-06,5.791279169884412e-15
0.3355,1.7623734e-06,1.9934723e-06,3.0596768e-06,1.8907454e-06,1.0059012727213285e-14
0.336,1.0994594e-06,1.5634862e-06,2.8572952e-06,2.9988007e-07,6.6560162031600004e-15
0.3365,2.2224222e-06,2.5614831e-06,6.4265305e-07,2.4674023e-06,1.37882369488729e-14
0.337,1.246008e-06,1.0967295e-06,1.7573265e-06,2.8128977e-06,5.709018973068321e-15
0.3375,3.998401e-07,1.6808781e-06,1.4049037e-06,3.9994006e-06,7.88571024349583e-15
0.338,1.4217926e-06,2.8779018e-06,3.5544815e-07,2.1671842e-06,5.1863578718875435e-15
0.3385,7.5629816e-07,2.0142627e-06,2.3595178e-06,3.2334146e-06,9.379947398968116e-15
0.339,7.5394576e-07,1.6234104e-06,1.578398e-06,1.0196413e-06,9.071446117559086e-15
0.3395,1.5554414e-06,2.9011212e-06,1.0967295e-06,2.2266145e-06,1.0127438669394812e-14
0.34,1.5184569e-06,2.4387994e-06,2.2559886e-06,3.764785e-06,4.5255208571626165e-15
0.3405,2.731428e-07,3.3563108e-06,1.4130984e-06,4.0111813e-06,4.305694095575245e-15
0.341,7.354595e-07,1.3655565e-06,3.6437225e-06,6.260261e-07,1.2219011918511274e-14
0.3415,1.8245254e-06,2.220851e-06,1.9406439e-06,4.1363273e-06,5.82741513463847e-15
0.342,2.400706e-06,2.251321e-06,3.050956e-06,2.9599817e-06,6.899089262039313e-15
0.3425,8.5340866e-07,2.0875757e-06,4.938403e-06,2.2451975e-06,8.56100921899208e-15
0.343,2.9624468e-06,5.9128934e-07,1.9652027e-06,2.2550041e-06,6.171731691195996e-15
0.3435,1.6093254e-06,1.2257111e-06,2.0870139e-06,1.3572537e-06,7.556860060039144e-15
0.344,1.8276868e-06,2.2332363e-06,2.9206276e-06,1.9092104e-06,5.239338191350139e-15
0.3445,1.5312711e-06,2.3595912e-06,1.6459545e-06,1.4760426e-06,7.823922120803856e-15
0.345,1.4551348e-06,3.1567631e-06,2.8043098e-06,3.0283104e-06,5.020691335276238e-15
0.3455,1.4404113e-06,1.3641076e-06,2.473099e-06,5.662441e-07,8.118351668464755e-15
0.346,1.673182e-06,1.8921285e-06,1.2106677e-06,9.71694e-07,8.582533834772338e-15
0.3465,1.7891325e-06,9.444327e-07,2.1741912e-06,1.0091343e-06,1.0745674246026892e-14
0.347,2.3990406e-06,2.5014679e-06,2.941234e-06,2.0587884e-06,1.1754248693576784e-14
0.3475,1.3058724e-06,2.6611092e-06,1.9653721e-06,2.7210945e-06,3.78952556889764e-15
0.348,1.9147847e-06,1.7285347e-06,2.22801e-06,1.4806236e-06,5.686100731995095e-15
0.3485,8.6990116e-07,1.7807395e-06,3.7895852e-06,9.918231e-07,1.151669106289139e-14
0.349,7.633119e-07,1.9579581e-06,2.66064e-06,1.6864665e-06,8.374690157061534e-15
0.3495,1.564551e-06,2.6901885e-06,3.107026e-06,2.987079e-06,2.7012892057857038e-15
0.35,1.2287812e-06,3.6080373e-06,4.021989e-06,2.024146e-06,7.017331913916471e-15
0.3505,1.7036922e-06,7.807928e-07,2.4474223e-06,2.27632e-06,3.854029333449879e-15
0.351,7.251218e-07,7.8937484e-07,1.9277288e-06,3.1030215e-06,5.0147804380481875e-15
0.3515,8.36591e-07,1.3985724e-06,2.6066812e-06,2.5803115e-06,1.2724531456859724e-14
0.352,1.8810908e-06,1.4606939e-06,1.1959053e-06,9.36879e-07,1.1476317998595532e-14
0.3525,2.8007842e-06,1.3245751e-06,8.0686726e-07,1.2205315e-06,3.797648456025041e-15
0.353,1.4105034e-06,2.1441108e-06,3.4719385e-06,4.1321377e-06,8.855768611895074e-15
0.3535,1.6911341e-06,8.08654e-07,2.3730304e-06,2.1321162e-06,9.082309722206299e-15
0.354,2.2688944e-06,1.6365689e-06,3.5458502e-06,2.7171236e-06,6.611422389910714e-15
0.3545,1.5826128e-06,2.9808375e-06,2.54775e-06,2.9496114e-06,7.13836497165825e-15
0.355,1.7275067e-06,2.175496e-06,3.234376e-06,1.0798973e-06,1.6165949036343623e-14
0.3555,1.3017851e-06,2.7036883e-06,2.5254722e-06,3.1849468e-06,1.3613961299642409e-14
0.356,1.1246182e-06,1.368394e-06,2.9093922e-06,3.1846766e-06,6.1687352198956276e-15
0.3565,1.1920929e-06,2.4882067e-06,3.4307961e-06,1.1504092e-06,9.483150488903745e-15
0.357,1.2039548e-06,1.1906951e-06,2.3238647e-06,1.7477131e-06,8.604049370751793e-15
0.3575,1.6181316e-06,1.6064427e-06,1.124717e-06,1.0716411e-06,1.3039450082972335e-14
0.358,1.545129e-06,1.5506519e-06,2.9865214e-06,1.9992005e-07,6.416282295162952e-15
0.3585,8.1071084e-07,2.7369504e-06,1.6625984e-06,3.3376273e-06,8.816710521240766e-15
0.359,2.1622607e-06,2.7192093e-06,7.622931e-07,2.0312093e-06,9.734573243839405e-15
0.3595,1.1634362e-06,1.6778577e-06,2.2421668e-06,1.3587253e-06,1.959396205992823e-14
0.36,2.0379211e-06,1.6236283e-06,1.9022779e-06,1.7257063e-06,1.425807458381956e-14
0.3605,1.8933273e-06,1.6368401e-06,2.139186e-06,2.061981e-06,4.165278779507799e-15
0.361,2.7708147e-06,1.897603e-06,1.640008e-06,1.7824804e-06,8.155606449514198e-15
0.3615,2.2341806e-06,1.1087105e-06,4.647084e-06,2.0676805e-06,1.1184670473810505e-14
0.362,5.462856e-07,2.265871e-06,8.4923545e-07,2.4728859e-06,1.3322329346289057e-14
0.3625,1.2839233e-06,2.1063445e-06,3.1194718e-06,1.5520116e-06,1.375738920968656e-14
0.363,8.5340866e-07,1.5679932e-06,2.2055733e-06,3.545357e-06,5.012321910905425e-15
0.3635,1.7570737e-06,2.9628309e-06,2.8541851e-06,1.5651895e-06,4.7961763161669884e-15
0.364,1.4317527e-06,2.2614568e-06,1.5199184e-06,1.6529546e-06,9.09180472805593e-15
0.3645,2.0647656e-06,1.446027e-06,2.3994571e-06,2.1231017e-06,1.071365218763276e-14
0.365,3.4240261e-07,2.5838804e-06,3.7841028e-06,8.6426735e-07,1.053429224122887e-14
0.3655,1.2686131e-06,1.4380199e-06,1.9552344e-06,1.4428757e-06,1.8209011484034673e-15
0.366,5.840039e-07,2.6090333e-06,3.975344e-06,2.2085915e-06,1.0952450018154391e-14
0.3665,1.6312518e-06,1.8631257e-06,8.932e-07,2.3581529e-06,6.095177489395184e-15
0.367,5.9901924e-07,2.8586257e-06,1.7224221e-06,1.3234379e-06,9.01744437166011e-15
0.3675,2.1753654e-06,2.1084782e-06,2.7350432e-06,3.0230724e-06,1.3297788679846678e-14
0.368,1.1055015e-06,9.731497e-07,1.7091573e-06,9.2110395e-07,1.4054547607239256e-14
0.3685,2.2844993e-06,1.2252525e-06,2.0232683e-06,8.729588e-07,1.0628609825277138e-14
0.369,1.013279e-06,1.5814943e-06,1.8049483e-06,1.0918596e-06,7.226317493171437e-15
0.3695,3.2186508e-06,5.5085343e-06,2.9652936e-06,2.554941e-06,8.393067616663487e-15
0.37,6.7697863e-07,9.3179926e-07,3.181459e-06,3.7810503e-06,1.789769822346675e-14
0.3705,1.1006704e-06,3.2748078e-06,3.6054653e-06,1.9462993e-06,3.0872385895462554e-15
0.371,5.2302863e-07,2.1246046e-06,2.932161e-06,2.0368857e-06,1.787364249947762e-14
0.3715,1.5125963e-06,2.6265411e-06,3.5772719e-06,2.7767785e-06,8.43495550536759e-15
0.372,4.4604033e-07,2.2451975e-06,1.7088975e-06,3.4312816e-06,7.004145766287951e-15
0.3725,1.1980385e-06,7.7787234e-07,2.9773996e-06,1.9277431e-06,9.339080995124634e-15
0.373,3.4240261e-07,2.5789882e-06,3.3574931e-06,2.0331759e-06,8.615904720250762e-15
0.3735,1.3539573e-06,1.937509e-06,3.506557e-06,2.4284893e-06,1.0633247595684507e-14
0.374,1.922192e-06,2.2565298e-06,3.448452e-06,2.2335842e-06,5.052505935361574e-15
0.3745,1.0990553e-06,1.1225493e-06,3.1239886e-06,1.1816161e-06,1.3006945054961006e-14
0.375,1.7109752e-06,1.5826128e-06,2.7887077e-06,2.283138e-06,9.862411769508154e-15
0.3755,1.5125963e-06,1.1119165e-06,4.010932e-06,1.6603933e-06,3.582082587194985e-15
0.376,1.4367068e-06,2.8274537e-06,1.6776881e-06,1.9011832e-06,9.862411769508154e-15
0.3765,1.0185246e-06,1.020376e-06,1.9082797e-06,1.2022015e-06,6.846631615211057e-15
0.377,7.275674e-07,1.8505996e-06,2.3123223e-06,6.0510456e-07,1.1773632513429422e-14
0.3775,1.6388568e-06,7.782915e-07,3.7026912e-06,1.9563272e-06,2.222006751886933e-15
0.378,1.96605e-06,1.9374697e-06,2.4093847e-06,6.3097224e-07,1.4069229823420731e-14
0.3785,1.7068173e-06,1.0341288e-06,1.8137841e-06,1.4465835e-06,4.314541513355651e-15
0.379,2.2013407e-06,2.4468807e-06,1.4984375e-06,1.6195032e-06,1.070214110188642e-14
0.3795,2.535125e-06,2.8568288e-06,2.8121772e-06,8.392741e-07,9.256598901637044e-15
0.38,6.7697863e-07,1.6263825e-06,9.794043e-07,2.7737383e-06,1.4359802454828445e-14
0.3805,1.1980385e-06,1.3110482e-06,9.721224e-07,2.7023432e-06,1.013652469562605e-14
0.381,1.1055015e-06,3.1250634e-06,2.9718758e-06,4.034914e-06,1.9572089708731754e-14
0.3815,1.344742e-06,9.298686e-07,2.872177e-06,3.2642133e-06,7.292113943468764e-15
0.382,2.3990406e-06,1.9132513e-06,2.7867961e-06,2.1666206e-06,3.338177745151469e-15
0.3825,1.6049041e-06,2.7379058e-06,2.368488e-06,2.5327154e-06,9.357252154114905e-15
0.383,1.3965815e-06,2.4855951e-06,1.0582972e-06,1.5416762e-06,8.926255257118362e-15
0.3835,1.7357135e-06,2.5752831e-06,5.7831867e-06,3.2619932e-06,5.721958498152797e-16
0.384,1.2629998e-06,1.5385089e-06,2.6636008e-06,1.8810908e-06,2.1083442899877e-14
0.3845,1.4996225e-06,1.6839012e-06,2.9809771e-06,2.7669755e-06,1.0489735015655297e-14
0.385,1.2502776e-06,2.9376931e-06,2.504814e-06,2.319908e-06,3.80575400594544e-15
0.3855,1.6614628e-06,9.723792e-07,1.9469837e-06,4.898132e-06,9.880712037545675e-15
0.386,1.6214217e-06,1.5922816e-06,4.3429663e-06,2.3055907e-06,8.899504068261497e-15
0.3865,1.922192e-06,1.612926e-06,1.0289357e-06,2.7841256e-06,4.741575244451873e-15
0.387,1.6657339e-06,1.112216e-06,2.3038565e-06,2.3123703e-06,8.620552930881283e-15
0.3875,1.1573129e-06,1.208149e-06,1.1496128e-06,1.6292258e-06,4.584629651461996e-15
0.388,2.5706122e-06,2.4408812e-06,1.640211e-06,1.6229444e-06,9.824219198544187e-15
0.3885,1.0990553e-06,9.5105867e-07,3.465281e-06,3.0862316e-06,1.3028249594122693e-14
0.389,1.2949444e-06,2.3268278e-06,2.836079e-06,1.8224705e-06,1.0102762640029122e-14
0.3895,1.2215318e-06,4.5712227e-06,3.368058e-06,1.533879e-06,1.4202178449227339e-14
0.39,9.83025e-07,1.684923e-06,3.2827227e-06,2.1667743e-06,1.09771810257693e-14
0.3905,5.462856e-07,1.3556167e-06,3.199415e-06,2.7761087e-06,9.766334794066246e-15
0.391,8.1071084e-07,2.5820857e-06,9.3865486e-07,2.6059997e-06,1.497906469927507e-14
0.3915,2.211003e-06,1.7036963e-06,4.6668e-06,3.2911753e-06,1.1269310594568322e-14
0.392,2.6656007e-06,2.1399644e-06,3.2760872e-06,2.7247945e-06,9.041333491445128e-15
0.3925,1.7721735e-06,4.306798e-06,4.087158e-06,9.225492e-07,4.363896801037003e-15
0.393,3.8761355e-06,7.4210925e-07,2.804587e-06,2.9570451e-06,7.873195718262682e-15
0.3935,3.19038e-06,1.6082903e-06,1.4996225e-06,2.4642395e-06,1.9392072058168132e-14
0.394,2.67425e-06,2.5538027e-06,1.2839233e-06,1.9526776e-06,5.243086271863706e-15
0.3945,7.348554e-07,3.0330384e-06,5.1873167e-06,1.9316985e-06,4.261000677273749e-15
0.395,1.4793484e-06,3.234616e-06,2.9897537e-06,3.110392e-06,8.486672901924557e-15
0.3955,1.5312711e-06,2.9053085e-06,3.1005875e-06,4.0641194e-06,1.7495173983520815e-14
0.396,2.122461e-06,1.4079824e-06,1.8566153e-06,2.8128484e-06,8.098542381079492e-15
0.3965,1.2894457e-06,1.7233887e-06,3.420912e-06,1.3467221e-06,7.941199537791231e-15
0.397,7.0776593e-07,3.302087e-06,1.2218952e-06,4.917383e-07,1.072328321399778e-14
0.3975,7.839767e-07,3.0171102e-06,2.6927846e-06,2.9945402e-06,1.2550922755372244e-14
0.398,2.6762418e-06,1.0345581e-06,2.8894424e-06,3.1386317e-06,8.806525293470786e-15
0.3985,1.1309186e-06,3.1573434e-06,2.134146e-06,2.0107736e-06,1.5132058805464732e-14
0.399,1.4514679e-06,2.0003247e-06,3.8729263e-06,3.5091207e-06,1.0554858239080749e-14
0.3995,1.0990553e-06,1.1793825e-06,4.5279917e-06,2.6579262e-06,5.0722127882318234e-15
0.4,2.705946e-06,1.7689285e-06,3.970761e-06,1.3825997e-06,5.799786378539274e-15
0.4005,2.1753654e-06,1.3890138e-06,2.2510126e-06,3.2361604e-06,1.8436389086182345e-14
0.401,2.1432822e-06,1.5874458e-06,4.892394e-06,3.208459e-06,1.9201482939231057e-14
0.4015,1.925885e-06,2.780774e-06,1.1653432e-06,2.5938723e-06,1.252339445674584e-14
0.402,1.2445815e-06,6.788722e-07,4.036427e-06,2.364559e-06,7.481453496197086e-15
0.4025,2.6656007e-06,1.464944e-06,4.0218783e-06,3.839298e-06,8.018431596230244e-15
0.403,2.3602236e-06,1.1268926e-06,9.522763e-07,3.3236688e-06,1.3590145673791337e-14
0.4035,1.8506258e-06,1.8650278e-06,6.9023104e-06,1.7986016e-06,5.479600186598906e-15
0.404,2.185955e-06,2.998801e-06,4.80548e-07,2.138771e-06,1.0883017474393234e-14
0.4045,2.6468758e-06,2.7294761e-06,6.194296e-07,6.512762e-07,3.3181555578473034e-15
0.405,1.4936882e-06,1.8101077e-06,1.6453473e-06,2.8359616e-06,1.1522810035317407e-14
0.4055,1.5679534e-06,2.2104787e-06,1.4367068e-06,1.818247e-06,9.750387942578285e-15
0.406,1.6442674e-06,3.2036544e-06,3.2042694e-06,2.5429956e-06,7.000570243691249e-15
0.4065,1.9488075e-06,1.363441e-06,3.0597857e-06,2.6212917e-06,6.0616550422304175e-15
0.407,1.8245254e-06,1.9791216e-06,2.3752282e-06,6.357489e-07,9.136265349348076e-15
0.4075,1.6388568e-06,3.7604107e-06,3.974338e-06,1.2855005e-06,7.560121544895368e-15
0.408,1.0728836e-06,1.6653381e-06,2.3513635e-06,2.4495987e-06,4.803559250984066e-15
0.4085,2.4575625e-06,2.093391e-06,1.0358183e-06,1.8943971e-06,1.3444246163648013e-14
0.409,6.107659e-07,2.732444e-06,3.655495e-06,1.394115e-06,6.028010073543578e-15
0.4095,1.7078577e-06,1.6934343e-06,9.559998e-07,2.4929514e-06,1.4711292956590798e-14
0.41,1.2273348e-06,2.2070326e-06,3.3906608e-06,7.4743843e-07,6.1944077576484885e-15
0.4105,2.7784972e-06,1.4971821e-06,4.070609e-06,3.3792799e-06,8.729382254867932e-15
0.411,9.61096e-07,3.5981907e-06,2.515429e-06,1.6380436e-06,1.880779736624335e-14
0.4115,7.633119e-07,3.4941893e-06,2.8341992e-06,2.385536e-06,8.349585768102926e-15
0.412,1.8167199e-06,2.5069432e-06,2.2182219e-06,1.947226e-06,6.454827499236188e-15
0.4125,1.3605013e-06,2.3445575e-06,4.1148796e-06,4.822086e-06,1.2670655869532562e-14
0.413,1.0990553e-06,1.3660391e-06,4.2824186e-06,1.5401091e-06,1.8363035128405388e-14
0.4135,4.80548e-07,4.0465366e-06,4.0175696e-06,1.2647786e-06,1.0834775653339658e-14
0.414,1.9669533e-06,2.0534562e-06,4.2000133e-06,1.1458402e-06,1.0370487432251884e-14
0.4145,1.5542989e-06,3.413783e-06,3.2444862e-06,3.2153464e-06,9.299401955763253e-15
0.415,2.5733748e-06,3.290798e-06,4.951223e-06,2.135446e-06,1.3550634732064568e-14
0.4155,1.0392425e-06,2.077099e-06,3.4848333e-06,6.414426e-07,6.732200546275783e-15
0.416,1.8810908e-06,5.314736e-06,2.7092262e-06,2.231906e-06,1.3615630511101893e-14
0.4165,1.4901161e-06,4.9461305e-06,1.977087e-06,1.9575753e-06,8.961913909027148e-15
0.417,9.902267e-07,3.4949358e-06,5.004306e-06,2.6255766e-06,1.224470807322774e-14
0.4175,3.3079236e-06,3.1906932e-06,2.373732e-06,2.704068e-06,1.0498507493989241e-14
0.418,1.6827099e-06,1.1432272e-06,2.2240201e-06,8.596627e-07,4.310254124241056e-15
0.4185,2.2397392e-06,2.6565917e-06,1.4394861e-06,2.1899257e-06,1.5090867522312653e-14
0.419,3.3057747e-06,2.5816557e-06,4.6197447e-06,2.713812e-06,7.666972244022373e-15
0.4195,1.3126561e-06,1.6337681e-06,3.462204e-06,3.0090384e-06,2.343865922497448e-14
0.42,8.0851675e-07,2.4570654e-06,2.289354e-06,1.0487073e-06,1.2744494744866543e-14
0.4205,1.7881393e-06,3.8220533e-06,3.932552e-06,2.236279e-06,9.106705449791922e-15
0.421,3.3906608e-06,2.7100866e-06,3.1810403e-06,2.6721837e-06,4.804842081625438e-15
0.4215,7.348554e-07,3.051065e-06,2.35193e-06,2.5948993e-06,1.666453635805675e-14
0.422,1.9110703e-06,1.5570288e-06,2.2626225e-06,1.969717e-06,1.2698471596839656e-14
0.4225,5.3312016e-07,7.31562e-07,3.3175754e-06,1.949847e-06,1.3847668078591329e-14
0.423,1.569086e-06,2.808486e-06,2.906605e-06,3.0914075e-06,5.0588296177097714e-15
0.4235,2.9802322e-06,5.8201624e-07,1.57389e-06,1.1770974e-06,7.719244246387438e-15
0.424,7.633119e-07,2.3342207e-06,4.387323e-06,2.7137403e-06,1.0385333811370544e-14
0.4245,1.7771782e-06,2.1789638e-06,6.251388e-07,3.2977048e-06,1.527928681669253e-14
0.425,8.8608675e-07,2.7448311e-06,2.4905898e-06,1.229707e-06,4.474419175479002e-15
0.4255,9.536743e-07,4.0094437e-06,3.7796112e-06,2.5254722e-06,1.0230932575357585e-14
0.426,2.2021477e-06,2.6833084e-06,2.3337332e-06,1.5488788e-06,4.901354889651292e-15
0.4265,1.96605e-06,2.7689534e-06,1.0728836e-06,1.964242e-06,1.3087452924313126e-14
0.427,2.9974678e-06,1.4769449e-06,2.4805847e-06,1.3686374e-06,1.8968656671736167e-14
0.4275,1.8284156e-06,2.4286608e-06,2.422069e-06,6.253164e-07,7.715051554542858e-15
0.428,1.5915668e-06,2.1655442e-06,2.759412e-06,2.3255361e-06,1.2921107344923681e-14
0.4285,1.4612258e-06,9.3789316e-07,3.0271003e-06,1.4554399e-06,1.2932072993408848e-14
0.429,1.740823e-06,1.0956408e-06,2.2429094e-06,2.4410745e-06,1.0425609003093947e-14
0.4295,1.925885e-06,1.6485831e-06,4.1625212e-06,1.508186e-06,2.7055977938159372e-14
0.43,3.7659572e-06,3.9675792e-06,1.8051943e-06,3.3168058e-06,4.920492914015914e-15
0.4305,1.8933273e-06,1.6883787e-06,3.296223e-06,1.1447981e-06,2.0327998643932592e-14
0.431,1.3113022e-06,3.1229067e-06,1.222985e-06,2.1149153e-06,1.5447667261737485e-14
0.4315,1.067905e-06,1.9245335e-06,2.8129666e-06,2.7390993e-06,1.3365628199887462e-14
0.432,2.0793395e-06,2.5172628e-06,2.112394e-06,4.718471e-06,7.70465983141898e-15
0.4325,3.1160178e-06,2.6238345e-06,6.6150415e-06,1.3419527e-06,8.641216063716171e-15
0.433,9.83025e-07,3.8814037e-06,3.7814908e-07,2.3189505e-06,4.401862785740953e-15
0.4335,2.25948e-06,2.0903128e-06,3.6568313e-06,2.3602706e-06,7.49133218029267e-15
0.434,1.984038e-06,2.1010637e-06,2.5331974e-06,2.4156432e-06,9.273519537949675e-15
0.4345,1.0990553e-06,4.8042093e-06,2.5776856e-06,3.117665e-06,1.0764584126011566e-14
0.435,1.8697247e-06,7.5616055e-07,2.6955868e-06,3.89078e-06,2.2541902238434278e-14
0.4355,1.279766e-06,4.0614414e-06,1.9166391e-06,1.4996225e-06,1.1998629721882189e-14
0.436,2.528811e-06,3.1763623e-06,1.2629998e-06,2.1606684e-06,2.3163254285939287e-14
0.4365,1.3539573e-06,1.4651714e-06,1.6238847e-06,2.074863e-06,4.490917320283589e-15
0.437,1.3486991e-06,3.0149386e-06,3.2087014e-06,2.0012542e-06,1.902340506508073e-14
0.4375,4.80548e-07,4.510748e-06,2.3968182e-06,3.4968234e-06,1.8602779855686694e-14
0.438,1.9045526e-06,3.4059199e-06,1.5222541e-06,2.4318128e-06,8.601362871991219e-15
0.4385,1.5904503e-06,5.4395616e-07,2.5141928e-06,1.2538245e-06,1.2679894054973703e-14
0.439,3.342115e-06,4.4959934e-06,1.8012539e-06,2.071114e-06,1.3855120746672531e-14
0.4395,3.1313718e-06,2.7621463e-06,2.1468018e-06,1.2693349e-06,7.317372065289299e-15
0.44,6.107659e-07,2.2182219e-06,6.0328175e-06,1.5480005e-06,4.577903371942679e-15
0.4405,2.8641257e-06,2.01028e-06,1.3605013e-06,1.5190599e-06,7.54625049913146e-15
0.441,1.0202672e-06,3.6734384e-06,2.5407244e-06,2.307624e-06,2.2734917115370793e-14
0.4415,1.9804534e-06,2.2389956e-06,3.4984423e-06,2.3156329e-06,1.6965719047317644e-14
0.442,6.7434956e-07,1.9796123e-06,2.5134862e-06,2.042397e-06,9.637381756786492e-15
0.4425,2.7547408e-06,1.275334e-06,3.7205189e-06,5.755553e-06,1.7438985203111566e-14
0.443,1.2054294e-06,2.696001e-06,2.6717578e-06,2.2950207e-06,1.649279183065836e-14
0.4435,7.633119e-07,1.0450219e-06,4.5279917e-06,1.408613e-06,9.48899766887905e-15
0.444,1.4155319e-06,2.4914814e-06,2.2518016e-06,3.0033234e-06,6.243215564633872e-15
0.4445,2.7759388e-06,1.8575719e-06,2.2031556e-06,2.9733699e-06,1.170798480669474e-14
0.445,1.2894457e-06,3.124495e-06,1.8487051e-06,2.9279265e-06,4.9910668471462356e-15
0.4455,1.155777e-06,4.285943e-06,3.184389e-06,2.3977445e-06,1.6528532670486864e-14
0.446,7.839767e-07,1.6223158e-06,2.0613213e-06,3.1793645e-06,1.0134092416119978e-14
0.4465,3.1500365e-06,6.1114065e-07,1.9350866e-06,2.324008e-06,1.2093916805425125e-14
0.447,2.41454e-06,2.3863995e-06,1.6953304e-06,1.2046924e-06,1.0132876057426751e-14
0.4475,8.8608675e-07,5.094803e-07,3.287454e-06,4.1360117e-06,1.183689882638815e-14
0.448,2.211003e-06,1.5316743e-06,3.603001e-06,2.1007995e-06,7.720641304371205e-15
0.4485,1.8506258e-06,3.9018287e-06,2.8548075e-06,2.868193e-06,1.564124578540908e-14
0.449,2.8937425e-06,1.0752675e-06,2.698715e-06,1.9329052e-06,9.485912106365031e-15
0.4495,1.5125963e-06,1.9330776e-06,4.7264643e-06,2.2787574e-06,2.2428222579659468e-14
0.45,1.6858739e-06,2.160617e-06,5.4508114e-06,2.4419726e-06,1.4094586288629054e-14
0.4505,1.074538e-06,2.2099514e-06,1.0766024e-06,1.5064367e-06,1.3224708990288866e-14
0.451,1.7881393e-06,2.549909e-06,1.8264715e-06,7.744304e-07,6.795072836895669e-15
0.4515,1.3328004e-06,1.3680694e-06,2.1755695e-06,2.9357273e-06,8.294227969709541e-15
0.452,1.7326405e-06,3.2354076e-06,3.1680304e-06,1.4380971e-06,8.68319331852211e-15
0.4525,1.1980385e-06,2.133863e-06,3.8272497e-06,2.231707e-06,8.016894246535582e-15
0.453,1.2629998e-06,3.5751784e-06,3.3165045e-06,2.886713e-06,5.7238430682505745e-15
0.4535,1.6312518e-06,4.1831295e-06,1.7930995e-06,3.0528113e-06,1.627982224260977e-14
0.454,1.1182823e-06,2.3943187e-06,4.5561505e-06,9.912353e-07,1.55907295502531e-14
0.4545,2.2688944e-06,2.4394963e-06,3.7352904e-06,4.085555e-06,5.687116766346677e-15
0.455,8.2805417e-07,9.547288e-07,2.4743108e-06,2.6739697e-06,8.424720235978992e-15
0.4555,2.0109392e-06,3.1901104e-06,5.633506e-06,1.429968e-06,8.345340512942145e-15
0.456,1.761113e-06,3.4647683e-06,2.0742075e-06,4.429782e-06,7.460830893718047e-15
0.4565,1.937151e-06,2.802409e-06,3.2543262e-06,1.3819572e-06,1.2596017210315966e-14
0.457,1.0189606e-06,3.2314933e-06,1.4180395e-06,1.725079e-06,1.4103437991085816e-14
0.4575,1.0409503e-06,2.045751e-06,1.5304007e-06,1.7745525e-06,1.0594488999422677e-14
0.458,1.6216954e-06,2.633767e-06,2.0895657e-06,3.4488785e-06,1.623746246045687e-14
0.4585,2.1892033e-06,1.136012e-06,1.7691639e-06,3.5794437e-06,9.239563901336815e-15
0.459,2.230998e-06,3.6746717e-06,2.3123223e-06,1.1524099e-06,1.8619006149354546e-15
0.4595,2.70414e-06,8.249647e-07,1.0392425e-06,2.6666003e-06,3.115061063895963e-15
0.46,2.2620336e-06,4.0231e-06,3.2110534e-06,3.3234935e-06,6.320475399719376e-15
0.4605,2.993465e-06,8.826973e-07,3.0445083e-06,3.7395087e-06,6.938005668636832e-15
0.461,1.7921086e-06,1.8134513e-06,2.4051417e-06,1.9360186e-06,6.507839107495903e-15
0.4615,2.1892033e-06,1.5875202e-06,1.5750182e-06,2.2115835e-06,1.333527599478274e-14
0.462,1.7068173e-06,2.8620536e-06,2.6313949e-06,3.1210375e-06,8.599929729502496e-15
0.4625,2.1720966e-06,8.3049747e-07,1.9902955e-06,2.8668378e-06,1.3865458855753761e-14
0.463,8.805565e-07,2.4319613e-06,1.3126561e-06,1.800148e-06,1.5061843844936824e-14
0.4635,1.4217926e-06,1.9734898e-06,2.2626225e-06,1.8657755e-06,1.1936833793160784e-14
0.464,8.596304e-07,3.0617468e-06,1.929571e-06,3.4024793e-06,1.4493407740016928e-14
0.4645,1.0831822e-06,2.46362e-06,3.269574e-06,2.6113728e-06,7.12102275405283e-15
0.465,9.684609e-07,1.0805718e-06,3.3827932e-06,2.9329558e-06,1.9168314807471478e-14
0.4655,1.2189842e-06,2.9034043e-06,2.5597055e-06,2.0574398e-06,6.2481493535851895e-15
0.466,1.8078983e-06,1.8157456e-06,3.3676624e-06,1.7024536e-06,1.30402771781011e-14
0.4665,3.0392525e-06,3.1916172e-06,2.8641257e-06,2.6946007e-06,9.204143938995643e-15
0.467,2.7190433e-06,3.4410734e-06,3.067758e-06,1.763322e-06,5.866349545523744e-15
0.4675,2.796341e-06,4.003396e-06,2.8498253e-06,3.1005002e-06,8.88334531093441e-15
0.468,7.6389347e-07,2.3526882e-06,6.414357e-06,2.4359213e-06,1.0028946376149341e-14
0.4685,2.071851e-06,3.1578884e-06,1.1939541e-06,2.5009215e-06,1.3891991394013102e-14
0.469,2.6656008e-07,3.471205e-06,1.6148349e-06,2.79774e-06,1.617919142186318e-14
0.4695,2.4488734e-06,2.9351718e-06,2.0838197e-06,2.6574667e-06,6.829451004377462e-15
0.47,2.5035724e-06,3.951662e-06,1.4721261e-06,1.1075333e-06,6.902159307373502e-15
0.4705,1.8895706e-06,2.6848568e-06,2.9200194e-07,1.2539131e-06,1.4547311221568763e-14
0.471,1.1740754e-06,1.0086942e-06,2.3639836e-06,2.343018e-06,3.9381631068509e-15
0.4715,2.7190433e-06,1.0426554e-06,2.3692378e-06,1.975472e-06,1.192301479488582e-14
0.472,1.6268901e-06,2.4644646e-06,1.7060365e-06,1.1805879e-06,1.1306982441849428e-14
0.4725,2.3871642e-06,2.0785385e-06,8.221337e-07,2.1300323e-06,1.3321751077521284e-14
0.473,1.2894457e-06,1.4627636e-06,2.4813007e-06,1.8022553e-06,8.01381866238306e-15
0.4735,1.8245254e-06,2.422095e-06,2.7047968e-06,1.179406e-06,2.0114425625732826e-14
0.474,2.1492826e-06,2.3923471e-06,3.4698915e-06,1.9271529e-06,8.7819974628212e-15
0.4745,2.5344243e-06,1.8601997e-06,1.9277288e-06,8.6574335e-07,8.787609859919283e-15
0.475,2.2901295e-06,4.9241515e-07,3.1859227e-06,3.6592896e-06,7.979136653145845e-15
0.4755,2.1399644e-06,1.555031e-06,2.3589062e-06,1.5959032e-06,7.59205053826838e-15
0.476,3.7811385e-06,1.1710691e-06,2.3192258e-06,2.085577e-06,1.6566521641764383e-14
0.4765,1.9415018e-06,2.2763322e-06,3.2831285e-06,1.2405832e-06,1.1230826468869215e-14
0.477,9.684609e-07,3.9868614e-06,5.959645e-06,1.4979373e-06,4.88624276255076e-15
0.4775,7.725645e-07,3.072678e-06,3.6407657e-06,1.7434995e-06,9.610325471547713e-15
0.478,7.4981125e-07,2.5099612e-06,6.9167077e-06,4.176215e-06,2.4626000535542995e-14
0.4785,1.5370604e-06,7.257435e-07,2.2055733e-06,3.0620074e-06,7.762833090302718e-15
0.479,1.6040739e-06,3.9340193e-07,3.009887e-06,5.1484376e-06,1.1419792024474856e-14
0.4795,5.9679104e-07,1.8300088e-06,7.5629816e-07,2.9651158e-06,1.2023771739075658e-14
0.48,7.275674e-07,1.7431174e-06,1.4407196e-06,9.515765e-07,5.667577082357864e-15
0.4805,1.6282545e-06,3.6486856e-06,1.3116409e-06,2.5607897e-06,1.4043772721633494e-14
0.481,2.1333135e-06,3.2055166e-06,4.1779626e-06,3.3664837e-06,2.0176222651557977e-14
0.4815,2.0405344e-06,2.3693433e-06,2.0974146e-06,3.2961977e-06,8.219400279898358e-15
0.482,3.2933926e-06,1.523876e-06,1.925885e-06,1.4188613e-06,7.053193662129238e-15
0.4825,3.3764861e-06,2.4656806e-06,3.897729e-06,2.2319184e-06,1.4226891858287598e-14
0.483,1.4600097e-06,2.9145797e-06,4.98617e-06,2.3888379e-07,1.2838446435317872e-14
0.4835,7.3726875e-07,1.0800065e-06,2.3886519e-06,2.108409e-06,7.145214602079658e-15
0.484,2.0098346e-06,1.8601997e-06,1.149999e-06,2.613317e-06,1.4605236018374344e-14
0.4845,3.372933e-06,3.321875e-06,2.657592e-06,2.1729143e-06,4.4661472488073795e-15
0.485,1.1744535e-06,3.6496058e-06,2.466401e-06,2.6565579e-06,1.3104864908000505e-14
0.4855,3.1000145e-06,3.5452554e-06,2.7918907e-06,2.5273287e-06,5.704699275884554e-15
0.486,2.2085915e-06,2.1758246e-06,1.1894823e-06,2.5790418e-06,1.7707709207054963e-14
0.4865,5.1360394e-07,1.7266228e-06,2.831691e-06,2.2364684e-06,7.622835268985955e-15
0.487,5.623091e-07,3.4538584e-06,1.1861174e-06,3.1011068e-06,8.759511914735174e-15
0.4875,1.155777e-06,9.708652e-07,9.4243217e-07,4.408763e-06,1.3157079705517741e-14
0.488,3.0398369e-06,2.5567979e-06,8.8608675e-07,2.468392e-06,1.0037545952009192e-14
0.4885,1.6093254e-06,9.7424e-07,2.1663643e-06,1.8499207e-06,7.153834721756797e-15
0.489,1.0728836e-06,1.5327249e-06,4.192817e-06,1.4254773e-06,1.0250190818424967e-14
0.4895,8.4293697e-07,3.1982436e-06,2.6782325e-06,2.0736854e-06,7.883365283268488e-15
0.49,1.6388568e-06,2.2131235e-06,1.7811719e-06,3.2529442e-06,7.123834950823988e-15
0.4905,2.6922899e-06,1.5382923e-06,1.2548866e-06,2.0474495e-06,1.2418751485500418e-14
0.491,2.1391343e-06,2.5268016e-06,1.7724241e-06,2.4039555e-06,4.890025172686938e-15
0.4915,1.343751e-06,3.9720067e-06,4.0073874e-06,1.2437115e-06,1.0892074392614738e-14
0.492,3.203715e-06,1.1720168e-06,1.5046484e-06,1.9337808e-06,1.8275565974808824e-14
0.4925,1.8352036e-06,3.690018e-06,5.03765e-06,3.987091e-06,1.2578390807388248e-14
0.493,1.5137703e-06,3.0337887e-06,2.5809568e-06,2.1090013e-06,7.646849978880682e-15
0.4935,2.0477037e-06,1.5749521e-06,1.6268901e-06,1.8584084e-06,1.2404724113202745e-14
0.494,2.1199487e-06,2.3598943e-06,2.5797522e-06,2.3099565e-06,1.1759982034278736e-14
0.4945,1.3113022e-06,2.039718e-06,2.2005338e-06,1.7619569e-06,1.0658285595710818e-14
0.495,3.0532476e-06,3.8550043e-06,1.8496658e-06,1.2176173e-06,2.9955454923751383e-15
0.4955,1.3328004e-06,3.0667445e-06,2.160617e-06,3.0413732e-06,8.677513387697792e-15
0.496,1.9082798e-07,2.7346778e-06,2.555712e-06,9.827568e-07,1.6332358051717415e-14
0.4965,1.4551348e-06,5.2450446e-06,1.0637384e-06,1.4952957e-06,9.335120680721468e-15
0.497,1.3605013e-06,1.00229e-06,1.6328844e-06,1.2282899e-06,1.0190492755571723e-14
0.4975,1.7560625e-06,1.2208953e-06,2.2782701e-06,1.833245e-06,9.358198888203669e-15
0.498,2.5175466e-06,1.9792512e-06,3.7529633e-06,1.3757825e-06,5.172078552725292e-15
0.4985,1.0115243e-06,3.338893e-06,1.7754281e-06,2.66709e-06,3.150471799809365e-15
0.499,2.7484464e-06,4.7899293e-06,1.714346e-06,2.7525093e-06,9.926412113284538e-15
0.4995,1.2963154e-06,2.582333e-06,2.5804407e-06,1.3775165e-06,1.3814248616610727e-14
0.5,1.7560625e-06,3.6810468e-06,8.0245206e-07,1.3269905e-06,2.176999863837412e-15
0.5005,1.328796e-06,2.4068029e-06,1.9408155e-06,2.3607674e-06,8.587020683728872e-15
0.501,1.6129087e-06,2.1760925e-06,4.2352863e-06,7.541758e-07,1.6913419738293035e-14
0.5015,4.9511334e-07,1.7667147e-06,2.528811e-06,9.594647e-07,5.9342433255750245e-15
0.502,2.1243434e-06,2.221835e-06,1.751251e-06,2.4886926e-06,8.754761493655321e-15
0.5025,2.0405344e-06,3.1115453e-06,3.548104e-06,3.0676613e-06,7.925662815571583e-15
0.503,9.122627e-07,2.3627888e-06,1.6442674e-06,2.3899095e-06,1.5279589329903054e-14
0.5035,1.6037969e-06,3.4143175e-06,1.1281666e-06,1.5615544e-06,9.318766593302072e-15
0.504,2.4138042e-06,2.1748676e-06,1.7535318e-06,4.7497933e-06,5.8402902057240016e-15
0.5045,8.34465e-07,2.5069405e-06,1.6015803e-06,2.8780657e-06,6.5314713993215214e-15
0.505,1.7109752e-06,1.5821261e-06,3.9988454e-06,4.236533e-06,9.452230450645056e-15
0.5055,2.3871642e-06,2.8448733e-06,1.9270376e-06,1.9081788e-06,1.265897694620944e-14
0.506,2.3789646e-06,1.4904188e-06,2.3344942e-06,2.2625036e-06,6.822453729850479e-15
0.5065,1.0498711e-06,2.4145659e-06,2.4591882e-06,4.3692827e-07,8.877966985073708e-15
0.507,1.9451581e-06,2.0556347e-06,4.5783196e-07,9.746885e-07,1.47560501923975e-14
0.5075,3.3143613e-06,4.2060624e-06,7.6621535e-07,6.2297056e-07,1.4226891858287598e-14
0.508,1.993194e-06,2.8638956e-06,2.2938111e-06,1.4724149e-06,1.2564786912051712e-14
0.5085,1.7520116e-06,4.6648015e-07,2.571476e-06,3.5717924e-06,1.833961079194092e-14
0.509,2.071851e-06,3.7575237e-06,1.8169643e-06,4.214049e-06,4.769115460044504e-15
0.5095,2.3549492e-06,3.5097553e-06,6.677317e-07,1.7205115e-06,8.686209271098317e-15
0.51,1.9261156e-06,2.6363293e-06,1.70291e-06,1.8783047e-06,7.0411688660615135e-15
0.5105,1.6170335e-06,3.9316765e-06,9.142078e-07,2.2900629e-06,1.1818792112839511e-14
0.511,9.156639e-07,2.1432952e-06,2.2144147e-06,2.052219e-06,9.956478599258867e-15
0.5115,1.9983117e-06,2.1687342e-06,2.3886519e-06,1.8757271e-06,1.1896105762541542e-14
0.512,1.3914845e-06,1.8698768e-06,3.2879946e-06,1.999513e-06,3.96623193796769e-15
0.5125,2.4138042e-06,2.670272e-06,1.1087105e-06,1.2544552e-06,8.901538077431192e-15
0.513,2.7906178e-06,3.054738e-06,1.899182e-06,2.8555266e-06,3.371588483749347e-15
0.5135,2.246866e-06,2.7758813e-06,1.0189606e-06,1.8312255e-06,1.3232745389513376e-14
0.514,1.328796e-06,2.7363924e-06,3.2099467e-06,1.9790305e-06,6.050715484207103e-15
0.5145,1.9082797e-06,2.684239e-06,1.4832458e-06,3.4149534e-06,9.454675182721345e-15
0.515,1.7883876e-06,2.6330213e-06,1.8754164e-06,1.3220163e-06,2.2541902238434278e-15
0.5155,3.4033417e-06,1.3140932e-06,1.318058e-06,2.4333106e-06,1.088768838868068e-14
0.516,4.498868e-06,3.7996574e-06,1.5682366e-06,2.4820415e-06,4.4214205078807195e-15
0.5165,1.7731755e-06,3.9630436e-06,1.7930995e-06,2.3447114e-06,5.259809736590646e-15
0.517,5.748064e-07,1.8578706e-06,3.6593806e-06,4.3741825e-06,1.2860030120357793e-14
0.5175,1.2247993e-06,1.8910426e-06,1.7923563e-06,1.5000528e-06,5.054259073529205e-15
0.518,1.9110703e-06,3.3061742e-06,2.570094e-06,1.4431546e-06,1.0114156128027534e-14
0.5185,1.9860515e-06,1.3011506e-06,5.900559e-07,3.4044588e-06,2.3876248941963683e-15
0.519,1.8438946e-06,1.9529086e-06,4.057934e-06,2.5059771e-06,6.32973189156354e-15
0.5195,8.34465e-07,4.219425e-06,2.0450996e-06,2.046524e-06,7.906783589979253e-15
0.52,2.396077e-06,2.4467076e-06,2.838114e-06,4.3416658e-06,8.98286382163053e-15
0.5205,4.269228e-06,3.144203e-06,2.126015e-06,2.4272204e-06,1.0048131737022384e-14
0.521,1.4551348e-06,2.4427113e-06,2.1918388e-06,8.171558e-07,1.0117659235419543e-14
0.5215,7.996802e-07,2.5071176e-06,3.3166384e-06,2.995847e-06,6.561596535353689e-15
0.522,1.7721735e-06,3.2849625e-06,9.156639e-07,2.0879977e-06,1.1756444074334768e-14
0.5225,1.6049041e-06,1.3115575e-06,2.889596e-06,1.6359751e-06,1.1554989818107469e-14
0.523,1.047754e-06,3.124808e-06,2.4086473e-06,1.5913619e-06,1.3818820711112913e-14
0.5235,2.4495987e-06,3.3067533e-06,4.0833534e-06,4.170158e-06,1.7979444035275334e-14
0.524,8.8608675e-07,2.6851694e-06,1.7482054e-06,9.75578e-07,7.656716496459005e-15
0.5245,2.4154594e-06,1.5509482e-06,2.9267035e-06,3.7651407e-06,8.562583831232766e-15
0.525,1.5078915e-06,1.3379757e-06,3.1781071e-06,1.179406e-06,1.553142094756415e-14
0.5255,1.2675625e-06,2.138904e-06,1.0154679e-06,4.604664e-06,9.49175758510927e-15
0.526,6.9574224e-07,5.1154407e-06,1.0532497e-06,1.2956515e-06,9.263711828094838e-15
0.5265,1.881327e-06,1.8912774e-06,2.2055733e-06,1.2471213e-06,7.615353076869676e-15
0.527,1.6037969e-06,2.6531397e-06,2.3784046e-06,1.5202836e-06,9.86069315739577e-15
0.5275,1.3914845e-06,1.9251102e-06,3.83791e-06,3.1794714e-06,3.546636949672452e-15
0.528,2.528811e-06,2.5635582e-06,1.6434569e-06,1.930865e-06,9.913520764397853e-15
0.5285,2.7033186e-06,2.3757723e-06,1.7091573e-06,2.7812055e-06,1.4224834047436215e-14
0.529,2.7561912e-06,3.5238647e-06,1.8515855e-06,2.5172958e-06,6.6881147206339236e-15
0.5295,1.0990553e-06,2.0477173e-06,1.9544962e-06,1.7396907e-06,4.2948558340604624e-15
0.53,3.067758e-06,3.3440078e-06,1.4913078e-06,1.854495e-06,5.3934447137265445e-15
0.5305,2.0819007e-06,1.2277926e-06,2.956895e-06,3.162743e-06,8.253446053679565e-15
0.531,1.047754e-06,2.7332621e-06,8.36591e-07,2.371603e-06,1.0572797901224925e-14
0.5315,1.4901161e-06,1.4485776e-06,3.063702e-06,2.3081684e-06,9.695400390167092e-15
0.532,2.2774902e-06,2.138551e-06,1.3197416e-06,2.496859e-06,1.0500268446867465e-14
0.5325,1.1091109e-06,1.7870253e-06,6.2938665e-07,2.508692e-06,1.4494470766381667e-14
0.533,4.9511334e-07,9.431406e-07,2.528284e-06,1.9320578e-06,1.076687397588346e-14
0.5335,1.6966397e-06,1.5896823e-06,2.5345994e-06,2.5241088e-06,1.46394809581317e-14
0.534,1.8078983e-06,2.9349449e-06,2.3318294e-06,1.7001206e-06,8.520735688397585e-15
0.5345,9.775889e-07,9.3629376e-07,1.4594012e-06,1.710894e-06,8.900153270627942e-15
0.535,1.9956433e-06,9.076569e-07,3.1916325e-06,7.848613e-07,1.0045064541671002e-14
0.5355,1.1980385e-06,1.2376279e-06,1.2200767e-06,1.2747516e-06,1.0950902475739107e-14
0.536,2.4020005e-06,1.990094e-06,1.759347e-06,2.9130365e-06,3.985221285373612e-15
0.5365,2.2492363e-06,1.647303e-06,6.336061e-07,3.2645958e-06,1.3096514750698398e-14
0.537,1.8706745e-06,2.8700986e-06,2.0309358e-06,1.627726e-06,1.2985931846831261e-14
0.5375,1.9442448e-06,3.6730248e-06,1.3799473e-06,1.3976543e-06,5.183683495748049e-15
0.538,1.5199184e-06,1.8699621e-06,2.220023e-06,3.6781596e-06,4.414445554006506e-15
0.5385,1.2870325e-06,3.8895923e-06,5.3111717e-06,2.2036754e-06,7.456079626902075e-15
0.539,3.1747518e-06,1.700186e-06,1.8390714e-06,3.020813e-06,1.762319504448161e-14
0.5395,4.9957794e-07,3.1204172e-07,2.383627e-06,3.1455306e-06,5.311477402508834e-15
0.54,1.7520116e-06,3.6735537e-06,1.3024672e-06,2.9182222e-06,5.53951505006627e-15
0.5405,1.5090691e-06,2.2809975e-06,2.2097975e-06,2.1723777e-06,5.735674758739812e-15
0.541,1.634787e-06,3.8203325e-06,1.6737129e-06,1.9727725e-06,1.014962616244373e-14
0.5415,1.4283368e-06,2.4616502e-06,5.4790905e-07,2.2452593e-06,1.0395306077052869e-14
0.542,2.652909e-06,1.8606482e-06,1.9956433e-06,3.0307383e-06,6.8251632032415865e-15
0.5425,1.1755874e-06,2.1292112e-06,2.1218332e-06,1.1541669e-06,4.3221233310235876e-15
0.543,2.2899358e-06,2.918185e-06,2.804112e-06,1.9714214e-06,1.0114498876855774e-14
0.5435,2.6334192e-06,1.1774746e-06,8.6632025e-07,1.6774565e-06,4.444360191257623e-15
0.544,2.796341e-06,2.6657779e-06,1.4471782e-06,2.2702764e-06,6.242228338890092e-15
0.5445,8.601469e-07,1.409007e-06,1.9442448e-06,1.5190965e-06,8.987493677970303e-15
0.545,1.4820477e-06,2.7489007e-06,1.9279591e-06,3.1264576e-06,7.207263122438157e-15
0.5455,1.6399404e-06,1.7386144e-06,2.2158183e-06,2.1485077e-06,1.2117748648485933e-14
0.546,8.1071084e-07,2.3662903e-06,2.7497388e-06,1.019859e-06,1.2497562427526259e-14
0.5465,1.4480985e-06,2.5911054e-06,1.321423e-06,3.045365e-06,8.453201947702006e-15
0.547,2.0162322e-06,1.777432e-06,1.4211678e-06,4.284142e-06,6.807079676190178e-15
0.5475,2.5295133e-06,3.6958527e-06,2.150935e-06,1.8086045e-06,1.06934996558669e-14
0.548,1.7961308e-06,2.7980973e-06,2.5934871e-06,2.6518521e-06,7.635608793571615e-15
0.5485,2.7210026e-06,3.36009e-06,2.0946602e-06,3.2440755e-06,5.8883700609584895e-15
0.549,1.9698862e-06,2.017113e-06,1.7295621e-06,2.356375e-06,7.364595625141654e-15
0.5495,2.892054e-06,2.8663344e-06,6.6171896e-07,1.574366e-06,1.218343313872534e-14
0.55,6.7697863e-07,2.8780466e-06,1.1924653e-06,2.8141603e-06,6.026284543841543e-15
0.5505,1.6987324e-06,3.3748415e-06,2.3626683e-06,1.1075333e-06,3.791049935966989e-15
0.551,1.6755691e-06,2.9478158e-06,1.6093254e-06,1.5350547e-06,9.151093676160683e-15
0.5515,2.5692298e-06,1.2819546e-06,1.9092104e-06,1.5137335e-06,8.823479589816571e-15
0.552,5.339525e-07,3.2215562e-06,1.6499293e-06,1.2012545e-06,1.1214626502935932e-14
0.5525,3.947008e-06,2.0312127e-06,2.3613522e-06,2.0868144e-06,1.0971143937271797e-14
0.553,2.490278e-06,2.5406616e-06,1.7621214e-06,1.037826e-06,1.1411694028828426e-14
0.5535,1.8886891e-06,2.462662e-06,3.9307442e-06,2.6361372e-06,3.070725159912542e-15
0.554,2.1432822e-06,2.6045886e-06,4.3084717e-07,4.21772e-06,4.5386943811151105e-15
0.5545,8.221337e-07,3.5998494e-06,3.1044524e-06,2.472156e-06,1.3768667973839568e-14
0.555,1.0886009e-06,2.9178348e-06,2.7658418e-06,1.3056173e-06,3.1618218095467152e-15
0.5555,1.8961398e-06,2.3350767e-06,1.8570936e-06,1.5842079e-06,9.4056598087248e-15
0.556,1.5685905e-06,2.5827305e-06,3.9198835e-07,4.0096447e-06,4.577903371942679e-15
0.5565,1.9148426e-06,1.5660095e-06,1.929801e-06,1.9562137e-06,7.981115647618661e-15
0.557,1.4987339e-06,4.4551125e-06,3.128818e-06,7.353085e-07,6.936798041425211e-15
0.5575,9.721224e-07,3.8610297e-06,2.4823742e-06,3.9274737e-06,5.872928296943235e-15
0.558,3.1792597e-06,2.8593247e-06,1.6415643e-06,4.0598143e-06,6.345063604918805e-15
0.5585,2.82922e-06,4.039864e-06,2.8287097e-06,2.2604531e-06,3.2584442899046766e-15
0.559,2.3806442e-06,2.8425331e-06,9.987114e-07,3.1392065e-07,6.101430607081221e-15
0.5595,3.2543262e-06,1.7100016e-06,3.7056884e-06,1.3228715e-06,5.292224827353515e-15
0.56,2.5422971e-06,1.6791691e-06,1.870437e-06,2.3059788e-06,1.2405717723209801e-14
0.5605,8.8821423e-07,1.9246893e-06,1.4070358e-06,4.6938658e-07,6.618642771977825e-15
0.561,3.7814908e-07,2.2102527e-06,2.6179437e-06,3.939323e-06,2.5438405243138005e-15
0.5615,8.7104905e-07,2.6221658e-06,2.3886519e-06,8.8467607e-07,6.929617340762463e-15
0.562,9.555351e-07,2.3916277e-06,1.7006266e-06,4.683567e-06,6.656247680535895e-15
0.5625,1.8582889e-06,1.2404713e-06,9.638644e-07,2.1906608e-06,6.113287608549547e-15
0.563,6.7434956e-07,2.6687746e-06,8.60792e-07,1.8996204e-06,2.212843619328882e-15
0.5635,3.0528113e-06,1.1097364e-06,2.4905007e-06,2.713027e-06,6.112846536680039e-15
0.564,1.7553036e-06,1.3742143e-06,9.721224e-07,2.3941332e-06,3.031875827201015e-15
0.5645,1.4428757e-06,1.3799523e-06,2.404449e-06,2.2379168e-06,3.9083408459240714e-15
0.565,1.7174517e-06,2.029932e-06,2.1667743e-06,2.176644e-06,1.3370958678924694e-14
0.5655,1.7653946e-06,2.0844197e-06,3.9425895e-06,6.7563457e-07,3.919363446967764e-15
0.566,2.4707185e-06,2.7890317e-06,2.333971e-06,2.211571e-06,2.686418561506723e-15
0.5665,1.6351266e-06,1.7394552e-06,2.151451e-06,1.2835991e-06,5.5706657233150415e-15
0.567,1.5431158e-06,1.3006239e-06,1.8922715e-06,3.059441e-06,5.239338191350139e-15
0.5675,3.3416165e-06,1.5748067e-06,1.2050609e-06,2.037349e-06,6.35845042164792e-15
0.568,1.5742427e-06,2.018737e-06,1.3302156e-06,3.220349e-06,5.334272150008357e-15
0.5685,1.944473e-06,2.2990596e-06,1.9550073e-06,1.1831946e-06,8.267621474295751e-15
0.569,1.0811303e-06,6.4062e-07,1.5963032e-06,2.4314477e-07,9.32409721128931e-15
0.5695,1.4936882e-06,3.502407e-06,1.998145e-06,3.0014953e-06,8.74824746781218e-15
0.57,9.329603e-07,3.8405055e-06,3.7475459e-06,2.9305038e-06,5.516590850265166e-15
0.5705,2.5850832e-06,2.352273e-06,2.7166334e-06,2.3481891e-06,7.34091687651552e-15
0.571,1.0811303e-06,2.2982604e-06,2.6636426e-06,2.8828765e-06,3.2468092250081424e-15
0.5715,2.576307e-06,4.0411387e-06,2.9000662e-06,4.0758014e-06,2.4614986502214953e-15
0.572,3.5388297e-07,2.3806442e-06,2.098949e-06,1.946303e-06,3.4291336906645545e-15
0.5725,1.0376388e-06,1.5402003e-06,3.6258846e-06,4.270333e-06,5.525590700944083e-15
0.573,2.3972352e-06,2.0221464e-06,8.1029987e-07,2.2278855e-06,1.0237594307334884e-14
0.5735,1.0958181e-06,3.4466807e-06,1.938984e-06,2.9632806e-06,8.793393892645447e-15
0.574,2.5317945e-06,1.801146e-06,2.7700532e-06,1.7042012e-06,6.86051356335027e-15
0.5745,1.6913966e-06,2.8886072e-06,2.4979342e-06,1.4073711e-06,3.771491508311582e-15
0.575,2.0309358e-06,3.847047e-06,1.6548341e-06,2.553115e-06,3.939434412688241e-15
0.5755,1.578398e-06,1.1079342e-06,1.9751208e-06,2.8410975e-06,1.0767052849895615e-14
0.576,1.4149828e-06,2.414402e-06,3.3233598e-06,3.0124886e-06,7.460004803819738e-15
0.5765,1.3116409e-06,1.470486e-06,6.2584877e-07,1.6466837e-06,4.515210296243744e-15
0.577,1.7921706e-06,1.1047229e-06,1.659992e-06,1.2635766e-06,6.916932244750393e-15
0.5775,1.0811303e-06,2.213162e-06,2.0993193e-06,2.9873297e-06,6.7560172668518054e-15
0.578,7.1773496e-07,1.8572767e-06,3.1324353e-06,2.5127022e-06,6.201927319577691e-15
0.5785,1.0151399e-06,2.9306482e-06,8.8908877e-07,3.6958504e-06,5.492589282010755e-15
0.579,1.4105821e-06,9.163121e-07,1.863539e-06,3.9350425e-06,1.001622545128863e-14
0.5795,1.2742017e-06,9.3594724e-07,2.1538751e-06,4.1577846e-06,6.549271987819062e-15
0.58,5.2047517e-07,4.3315854e-06,2.0369403e-06,1.7406954e-06,5.963316264055067e-15
0.5805,1.0084465e-06,1.860293e-06,3.9288234e-06,9.0780975e-07,1.9806379537215682e-15
0.581,6.598708e-07,2.812242e-06,3.0392525e-07,1.5762337e-06,5.8402902057240016e-15
0.5815,2.2433549e-06,7.4420075e-07,3.4341276e-06,4.616655e-06,5.579146866787655e-15
0.582,1.6932992e-06,8.2011456e-07,1.3585415e-06,1.2601397e-06,6.9075286034313e-15
0.5825,3.2495466e-06,1.6823965e-06,3.165015e-06,4.3265554e-06,7.92324460434239e-15
0.583,3.0905812e-06,1.9943388e-06,1.0897222e-06,1.8164792e-06,4.380811193127356e-15
0.5835,1.1313113e-06,1.7189705e-06,1.195441e-06,1.5493267e-06,2.5318501588558664e-15
0.584,1.2291426e-06,2.403029e-06,2.3748542e-07,2.6661864e-06,2.0175840826237853e-15
0.5845,1.8306002e-06,1.7966601e-06,1.6869272e-06,1.067723e-06,4.820708835217968e-15
0.585,1.6225168e-06,4.5734246e-06,1.938984e-06,7.2631696e-07,7.971457368957852e-15
0.5855,1.8176974e-06,2.5484296e-06,1.0316297e-06,1.7767096e-06,9.196314810287329e-15
0.586,1.3879694e-06,1.231962e-06,1.8896882e-06,1.975542e-06,5.48580017244628e-15
0.5865,3.071953e-07,3.1197394e-06,2.3366808e-06,1.8390411e-06,4.643587433262556e-15
0.587,1.943388e-06,2.6951582e-06,1.2927134e-06,2.799912e-06,6.57900825126088e-15
0.5875,3.531418e-06,1.6886088e-06,6.738555e-07,1.8587966e-06,1.266201936984925e-14
0.588,6.2584877e-07,2.2523716e-06,3.5305377e-06,5.5404726e-06,5.176712490681339e-15
0.5885,9.93808e-07,1.8062943e-06,1.8180027e-06,3.5740195e-06,4.572515224279503e-15
0.589,2.8762329e-06,2.0349303e-06,4.110236e-06,2.2557056e-06,2.884978136427359e-15
0.5895,2.40274e-07,1.360792e-06,1.0389219e-06,2.7522838e-06,6.730827235029126e-15
0.59,9.0640225e-07,7.987078e-07,1.2515202e-06,2.2878894e-06,9.653355681686189e-15
0.5905,2.6697626e-06,1.7163211e-06,9.139952e-07,1.8498008e-06,1.2644484974219028e-14
0.591,2.082967e-06,3.3688348e-06,1.8033022e-06,2.770156e-06,7.490509454225691e-15
0.5915,4.057496e-06,2.3875775e-06,2.4287635e-06,6.217554e-06,3.0712268714034993e-15
0.592,5.672236e-07,2.5104484e-06,2.6473895e-06,2.513144e-06,4.619781950668407e-15
0.5925,1.2165226e-06,1.9215133e-06,1.5132567e-06,2.568552e-06,6.858267381329109e-15
0.593,2.1116055e-06,2.615096e-06,1.1959053e-06,2.4191709e-06,7.415467063654477e-15
0.5935,1.9551778e-06,3.026835e-06,3.591002e-06,1.4483333e-06,1.075588541289771e-14
0.594,2.2844993e-06,3.9121883e-06,1.4758921e-06,4.634173e-06,6.101178080101948e-15
0.5945,1.4217926e-06,2.3315683e-06,7.428569e-07,4.1545454e-06,5.204447976285485e-15
0.595,2.715121e-06,1.9979584e-06,1.1211577e-06,3.862465e-06,2.475075345743422e-15
0.5955,2.7033598e-06,1.5146913e-06,1.9014751e-06,2.5872537e-06,7.906442571404721e-15
0.596,1.1465182e-06,5.7483776e-06,6.634364e-07,2.9252806e-06,3.684284767501182e-15
0.5965,2.1827022e-06,5.414189e-07,9.4033885e-07,7.403587e-07,8.688869536365455e-15
0.597,2.2015427e-06,2.189536e-06,3.3558063e-06,2.6097034e-06,6.820872706668376e-15
0.5975,2.1151384e-06,2.5146185e-06,2.3492025e-06,3.8197945e-06,8.895651159694986e-15
0.598,1.4230413e-06,3.4122113e-06,1.5361392e-06,2.31834e-06,1.1342220122588227e-14
0.5985,1.3914845e-06,1.8341714e-06,1.288412e-06,2.2832382e-06,6.256096892619024e-15
0.599,1.3660391e-06,1.0055679e-06,1.8790388e-06,3.975646e-06,8.435914425186156e-15
0.5995,1.8679573e-06,7.5250864e-07,1.6650672e-06,1.4580693e-06,1.1249057785700052e-14
0.6,2.0294046e-06,2.8615239e-06,7.7144995e-07,3.825445e-06,9.016248254158016e-15
0.6005,2.6057867e-06,1.9524368e-06,1.581718e-06,2.7387573e-06,8.571216558144926e-15
0.601,1.7190187e-06,1.1900422e-06,1.8338723e-06,1.3557856e-06,3.210061615366513e-15
0.6015,1.6774895e-06,1.7818613e-06,2.8803313e-06,1.0698071e-06,6.620039355662505e-15
0.602,2.6557532e-06,2.2823385e-06,1.8335695e-06,1.5843306e-06,4.974369098236198e-15
0.6025,1.929168e-06,2.3113564e-06,1.422261e-06,1.8360845e-06,6.8360467042428585e-15
0.603,1.6987324e-06,5.670554e-07,3.2284063e-06,1.9123224e-06,6.162987911007721e-15
0.6035,1.7727373e-06,1.7698579e-06,1.2820628e-06,7.364118e-07,5.14310142114581e-15
0.604,1.4333027e-06,3.3321862e-06,1.3861485e-06,1.456093e-06,2.7194799110210367e-15
0.6045,1.3709878e-06,1.5615856e-06,2.8963887e-06,2.46989e-06,2.867837379369906e-15
0.605,2.4620758e-06,2.295088e-06,2.6543105e-06,2.5658137e-06,7.663957272319841e-15
0.6055,1.314769e-06,1.3402816e-06,9.1408634e-07,1.4382177e-06,3.8032228772878794e-15
0.606,1.2239152e-06,9.133008e-07,1.3816559e-06,8.943568e-07,6.319500243438062e-15
0.6065,8.1864897e-07,2.495469e-06,2.9009082e-06,2.368362e-06,8.19687516141797e-15
0.607,1.6442674e-06,9.648143e-07,2.84003e-06,2.3806674e-06,5.470031774679202e-15
0.6075,1.9724912e-06,2.6461012e-06,2.0525774e-06,2.9676912e-06,7.0014505417448634e-15
0.608,1.9777608e-06,2.083101e-06,2.8921309e-06,1.950886e-06,5.970739790225788e-15
0.6085,1.8481195e-06,1.6225853e-06,4.010932e-06,9.824884e-07,2.795470146924422e-15
0.609,9.337037e-07,2.4433505e-06,1.6698112e-06,3.029284e-06,5.9492831623625774e-15
0.6095,3.2608698e-06,1.4237934e-06,3.0817766e-06,1.788857e-06,3.582942734304801e-15
0.61,1.4399681e-06,1.1811242e-06,1.8561668e-06,2.9482112e-06,3.269979059755266e-15
0.6105,1.9157267e-06,1.9764889e-06,2.5979566e-06,1.2490782e-06,4.725952219296117e-15
0.611,2.2992256e-06,2.8509749e-06,1.9214121e-06,1.2846635e-06,7.400700381076237e-15
0.6115,2.3864663e-06,1.50127e-06,9.5134317e-07,2.6548541e-06,3.621437911838241e-15
0.612,1.379384e-06,7.603814e-07,1.1066056e-06,1.694827e-06,3.7258694339903e-15
0.6125,2.1304493e-06,1.9597614e-06,2.4800586e-06,8.637373e-07,5.810668037415449e-15
0.613,8.868695e-07,2.8032323e-06,7.874386e-07,2.7296492e-06,3.26809380214122e-15
0.6135,1.7636958e-06,1.883406e-06,2.495978e-06,4.3823475e-06,7.851051056013112e-15
0.614,9.670842e-07,1.3109687e-06,6.223911e-07,2.07977e-06,6.564413678897588e-15
0.6145,7.306129e-07,1.1187041e-06,2.643098e-06,2.185044e-06,5.8096073093968605e-15
0.615,2.027927e-06,2.695767e-06,2.589023e-06,2.2118124e-06,2.975418419039454e-15
0.6155,1.3017851e-06,5.943918e-07,4.813849e-06,2.9511189e-06,1.4261072965499199e-15
0.616,6.939847e-07,3.9037528e-07,1.6575825e-06,2.8790976e-06,4.931440214964236e-15
0.6165,5.932459e-07,1.819058e-06,1.9756546e-06,2.0812506e-06,9.04320781971467e-15
0.617,1.7342417e-06,9.3456214e-07,2.9905334e-06,2.74658e-06,6.206149190263754e-15
0.6175,1.837199e-06,1.1919198e-06,2.510152e-06,2.1637138e-06,5.6928032075764654e-15
0.618,2.6885346e-06,2.6219059e-06,1.6864336e-06,1.7904506e-06,1.0170061048655122e-14
0.6185,1.1789823e-06,3.624855e-06,2.7465674e-06,3.0892204e-06,5.72115063521753e-15
0.619,1.9334796e-06,1.9974584e-06,2.6504388e-06,1.7570975e-06,5.887585032172293e-15
0.6195,1.6765131e-06,1.6730767e-06,1.4759532e-06,1.9059548e-06,6.0172654050224534e-15
0.62,1.2587733e-06,2.5979593e-06,1.6650006e-06,1.8561107e-06,8.338506654326405e-15
0.6205,1.4588686e-06,1.1753752e-06,2.685769e-06,2.5223517e-06,4.1881498972101264e-15
0.621,6.4541126e-07,4.3364943e-07,2.6411335e-06,3.7372108e-06,3.720489711892769e-15
0.6215,9.834766e-07,2.963236e-06,3.666534e-06,4.0608943e-06,7.193782591770673e-15
0.622,1.8054557e-06,3.4323496e-06,9.496495e-07,4.87834e-06,7.992641983934152e-15
0.6225,9.694062e-07,2.0522834e-06,2.2459021e-06,1.6779942e-06,4.74003151162748e-15
0.623,1.4349284e-06,3.1674083e-06,4.2462966e-06,3.0082658e-06,2.1791220413003877e-15
0.6235,1.8537428e-06,2.1713051e-06,2.5674062e-06,2.8602274e-06,2.2310027674286673e-15
0.624,2.379163e-06,2.4875233e-06,2.479043e-06,1.9994366e-06,1.6146017381145612e-15
0.6245,2.095508e-06,2.3433633e-06,9.877851e-07,4.535981e-06,7.553597166942284e-15
0.625,1.4205426e-06,1.6247733e-06,1.9237652e-06,1.6602178e-06,4.6491210545509645e-15
0.6255,1.1045219e-06,1.948317e-06,3.41868e-06,5.9311725e-07,9.402874621251403e-15
0.626,2.0951372e-06,9.317769e-07,3.203897e-06,3.631776e-06,5.2352195610676995e-15
0.6265,1.3017851e-06,1.8538663e-06,4.953045e-06,7.582499e-07,1.0388003906236971e-14
0.627,1.980005e-06,2.426145e-06,2.048476e-06,7.060776e-07,7.096368494790817e-15
0.6275,1.8712827e-06,1.7393645e-06,1.9349754e-06,1.6190576e-06,2.2693471905575553e-15
0.628,1.5557982e-06,3.2601292e-06,2.114131e-06,2.2914685e-06,6.090056526587552e-15
0.6285,1.081541e-06,1.8600067e-06,4.632693e-06,3.8036546e-06,5.788351929220948e-15
0.629,1.3311802e-06,3.1314428e-06,1.3184371e-06,2.0921311e-06,6.375873186799438e-15
0.6295,1.7199226e-06,2.288969e-06,2.9707548e-06,1.200642e-06,9.869790586184119e-15
0.63,2.8760496e-06,1.9285358e-06,1.2790717e-06,1.340323e-06,7.628139130598001e-15
0.6305,2.4387994e-06,1.5009988e-06,3.3645147e-06,1.557942e-06,4.3805474080183935e-15
0.631,1.246921e-06,1.6203268e-06,1.75494e-06,1.4941572e-06,4.753258815128369e-15
0.6315,5.0610504e-07,2.1111618e-06,2.870611e-06,4.6627124e-06,9.305033440231587e-15
0.632,9.79886e-07,1.9010308e-06,1.9869772e-06,3.6391357e-06,3.4955500195491953e-15
0.6325,2.7691337e-06,1.373516e-06,2.0386565e-06,2.3027417e-06,5.0206146149789415e-15
0.633,2.7748188e-06,1.4853821e-06,1.697114e-06,2.6319117e-06,3.0343839371652523e-15
0.6335,9.1869765e-07,2.2241263e-06,2.3945388e-06,1.3085582e-06,5.899153613114498e-15
0.634,1.0776589e-06,2.7976018e-06,2.5014124e-06,8.80785e-07,3.115061063895963e-15
0.6345,1.8186896e-06,1.5282785e-06,1.7485953e-06,4.935003e-06,2.499851492298633e-15
0.635,8.727362e-07,1.0445588e-06,2.226468e-06,2.645473e-06,8.083498695068253e-15
0.6355,5.411938e-07,1.8334828e-06,1.0077185e-06,5.483325e-06,4.583369225951387e-15
0.636,2.1712308e-06,1.8555022e-06,9.221749e-07,1.8294513e-06,5.7715582227091524e-15
0.6365,2.016893e-06,1.8317256e-06,1.3573201e-06,1.8489228e-06,2.6944360297401985e-15
0.637,7.794675e-07,2.1152434e-06,1.2540901e-06,1.8976689e-06,9.600741469615529e-15
0.6375,9.397188e-07,6.073023e-07,2.096157e-06,3.5278342e-06,5.523429284697083e-15
0.638,1.3631305e-06,2.7858355e-06,3.5449107e-06,1.20532e-06,4.795855061180449e-15
0.6385,2.5285035e-06,3.6743493e-06,3.6154054e-06,2.7962615e-06,6.215266080590711e-15
0.639,1.0500364e-06,2.0821149e-06,9.979607e-07,3.653456e-06,7.313686341608678e-15
0.6395,2.2745635e-06,1.063766e-06,1.1304522e-06,3.3198608e-06,3.6924305358809555e-15
0.64,1.3743241e-06,3.0162614e-06,2.5615807e-06,1.6680733e-06,2.0114655421281033e-15
0.6405,2.1441108e-06,2.5239879e-06,2.5456575e-06,2.5015484e-06,4.511796664322909e-15
0.641,1.2540513e-06,2.666811e-06,3.1016705e-06,3.286105e-06,4.8729812068503675e-15
0.6415,1.4785273e-06,3.2934731e-06,1.206649e-06,2.7935305e-06,6.303999432460633e-15
0.642,3.3634421e-06,1.744177e-06,1.7328327e-06,3.6869856e-06,6.955804199580099e-15
0.6425,1.5951248e-06,1.3748808e-06,2.4457204e-06,4.145798e-06,5.341344009158627e-15
0.643,1.4034213e-06,2.4455644e-06,1.0619888e-06,3.969924e-06,4.043654934319648e-15
0.6435,1.0736142e-06,2.5939257e-06,2.4990563e-06,1.7680535e-06,5.703416235967739e-15
0.644,2.232593e-06,1.8350912e-06,4.1868616e-06,4.870774e-06,6.580471781688803e-15
0.6445,1.3926209e-06,1.3554644e-06,3.7683442e-06,2.7239616e-06,9.095108697941165e-15
0.645,1.4216022e-06,2.009783e-06,1.990881e-06,2.378314e-06,6.524981051512869e-15
0.6455,3.0680858e-06,2.054322e-06,2.8237307e-06,2.6044574e-06,5.747750159326768e-15
0.646,4.605256e-07,2.3200523e-06,1.9228273e-06,2.669708e-06,5.005400829158907e-15
0.6465,4.1121874e-07,3.6105598e-06,1.9795843e-06,3.7231011e-06,2.939995508569684e-15
0.647,1.7442247e-06,2.1543783e-06,2.384698e-06,4.3935706e-06,8.496516207448404e-15
0.6475,1.0683614e-06,9.5285907e-07,1.6551026e-06,2.6253651e-06,4.948049294927072e-15
0.648,1.5017125e-07,2.6517585e-06,2.3554207e-06,2.9763764e-06,3.941682641634244e-15
0.6485,1.4802533e-06,2.1493989e-07,2.4382416e-06,3.0774866e-06,5.45430606630768e-15
0.649,1.3025151e-06,2.2793206e-06,1.2404713e-06,1.486106e-06,5.519731999674288e-15
0.6495,9.839351e-07,1.9192441e-06,2.7758688e-06,1.1273297e-06,6.785273251650238e-15
0.65,1.3625399e-06,3.9768238e-07,5.1056867e-07,2.299156e-06,3.501165364565901e-15
0.6505,1.995519e-06,3.124024e-06,2.3867572e-06,2.6734533e-06,2.2753647787776288e-15
0.651,1.5768675e-06,2.818128e-06,2.0302798e-06,1.2407845e-06,5.177828482176917e-15
0.6515,8.526359e-07,1.6578211e-06,2.0197533e-06,1.9160345e-06,5.8285717513833706e-15
0.652,9.107573e-07,2.2707654e-06,2.9488115e-06,3.7222455e-06,7.865327299143102e-15
0.6525,1.3493781e-06,2.2787603e-06,1.1649859e-06,5.356751e-06,4.622615917309728e-15
0.653,1.501768e-06,1.6760495e-06,2.7338351e-06,3.1862799e-06,2.371640445468689e-15
0.6535,1.2511223e-06,2.0186544e-06,5.9260224e-06,3.188757e-06,9.43739570459951e-15
0.654,1.5473234e-06,2.182563e-06,3.500893e-06,3.402465e-06,5.6049256439190406e-15
0.6545,2.1360668e-06,2.0732202e-06,2.586328e-07,4.0356035e-06,2.093385056662705e-15
0.655,1.1503022e-06,2.0963853e-06,1.9561428e-06,5.8634187e-06,8.297037128889218e-15
0.6555,1.1998226e-06,8.6263e-07,1.4824409e-06,1.5525748e-06,8.572879157540639e-15
0.656,2.670207e-06,3.324631e-06,1.821907e-06,5.5383052e-06,9.159865611854244e-15
0.6565,2.0161774e-06,2.2272657e-06,1.3391991e-06,1.3854925e-06,3.747882816290082e-15
0.657,1.563869e-06,2.8997622e-06,2.929405e-06,3.6054132e-06,7.952650531663029e-15
0.6575,8.588895e-07,1.172946e-06,2.3501948e-06,2.1718188e-06,8.109284355916574e-15
0.658,1.2826703e-06,3.2521555e-06,2.9212451e-06,2.830929e-06,3.250662583670444e-15
0.6585,4.6812926e-07,2.0902771e-06,1.8447373e-06,2.365181e-06,7.154780282026308e-15
0.659,1.4293447e-06,1.7745144e-06,5.281511e-07,4.9899118e-06,4.16470654841438e-15
0.6595,8.1234873e-07,2.541386e-06,2.3527796e-06,2.4976175e-06,8.669955646524971e-15
0.66,2.6078956e-06,1.4343287e-06,4.5317233e-06,4.9774453e-06,8.804450194296403e-15
0.6605,1.2228965e-06,1.7729291e-06,3.6185975e-06,1.9697206e-06,1.038619610454564e-14
0.661,1.1998226e-06,3.8651947e-06,9.754287e-07,4.645837e-06,4.691022018881462e-15
0.6615,1.8377578e-06,1.951142e-06,3.6704678e-06,2.287586e-06,4.10095674222751e-15
0.662,1.673346e-06,2.839524e-06,2.5078702e-06,5.698562e-06,4.733754920165232e-15
0.6625,1.0878932e-06,1.2583819e-06,3.848223e-06,1.4469337e-06,7.276001859026658e-15
0.663,2.6991906e-06,1.4706359e-06,2.7578421e-06,1.6575993e-06,5.4786203688095424e-15
0.6635,1.2389094e-06,1.957477e-06,3.0535748e-06,4.6026275e-06,5.46314412725626e-15
0.664,6.595191e-07,3.4097945e-06,2.1499025e-06,3.383706e-06,1.0063136117317278e-14
0.6645,1.1649652e-06,1.2410655e-06,1.5552273e-06,1.4732805e-06,9.467298784348129e-15
0.665,8.580591e-07,1.2140617e-06,1.8762449e-06,1.9080542e-06,3.4250330404719903e-15
0.6655,1.6879535e-06,4.141779e-07,2.54269e-06,1.3038357e-06,1.0147589069767688e-14
0.666,5.486923e-07,3.1432467e-06,2.911681e-06,1.9892666e-06,9.745260861909357e-15
0.6665,2.529851e-06,1.6577206e-06,1.8888654e-06,1.9745198e-06,6.191737205439272e-15
0.667,2.9169262e-06,2.3540326e-06,4.6731e-06,2.6675523e-06,4.2367558834474434e-15
0.6675,2.0260682e-06,2.8276327e-06,1.0338872e-06,5.5180103e-06,5.857449934530338e-15
0.668,1.51268e-06,2.1548317e-06,1.0045859e-06,4.0793834e-06,5.9206780605582155e-15
0.6685,1.0116358e-06,1.4706359e-06,2.3369657e-06,1.5590684e-06,9.082206345838399e-15
0.669,7.8537005e-07,1.9780282e-06,2.636832e-06,2.4828885e-06,3.667059360604594e-15
0.6695,9.715386e-07,1.4144334e-06,2.2724148e-06,1.7324282e-06,8.356514278607114e-15
0.67,2.1762455e-06,3.6383253e-06,1.2372451e-06,5.1907305e-06,3.897904736043571e-15
0.6705,1.1579901e-06,2.3923972e-06,2.132897e-06,2.0446957e-06,4.566113813102677e-16
0.671,1.3668973e-06,1.0663445e-06,1.1419579e-06,2.430126e-06,5.105754174341656e-15
0.6715,1.800333e-06,3.057109e-06,3.2854273e-06,3.0934673e-06,5.621257866756064e-15
0.672,1.5979889e-06,1.6156865e-06,8.0023534e-07,4.353644e-06,4.776076512611252e-15
0.6725,1.1051138e-06,1.6833624e-06,3.2854948e-06,4.2987735e-06,7.78676926502345e-15
0.673,1.5535142e-06,2.03961e-06,9.397188e-07,3.4207437e-06,7.577285645938861e-15
0.6735,2.3197113e-06,1.7424804e-06,3.1048814e-06,1.7474987e-06,5.485002514842342e-15
0.674,1.4235094e-06,3.1061059e-06,2.094342e-06,1.6147748e-06,6.9111740328492275e-15
0.6745,1.7314317e-06,2.3794087e-06,3.47261e-06,1.9707913e-06,1.0288890619768585e-14
0.675,9.320748e-07,3.2470607e-06,1.5172866e-06,1.3590981e-06,1.5701269574066404e-15
0.6755,2.3442024e-06,1.5559867e-06,3.3361966e-06,2.3669786e-06,9.398533920861291e-15
0.676,1.9052966e-06,2.9437863e-06,3.1739473e-06,3.5652954e-06,9.550018107349067e-15
0.6765,1.7678494e-06,1.0202672e-06,2.7293543e-06,2.5863953e-06,5.908720773519621e-15
0.677,1.7608461e-06,4.037309e-06,2.5658137e-06,9.800347e-07,8.891726864426329e-15
0.6775,1.3211933e-06,2.5752192e-06,1.0821567e-06,2.5113015e-06,3.53349844155449e-15
0.678,2.766065e-06,3.4292593e-06,2.6028024e-06,5.2022447e-06,3.421708966738714e-15
0.6785,1.2140232e-06,1.0618842e-06,1.3902871e-06,1.8500342e-06,4.287257030070266e-15
0.679,1.2892949e-06,1.6122041e-06,1.7640106e-06,1.7966021e-06,7.327361077373936e-15
0.6795,2.7625708e-06,1.7632797e-06,2.793163e-06,1.3560312e-06,5.7985285303567295e-15
0.68,9.685755e-07,1.3467221e-06,2.31913e-06,3.257197e-06,8.955961843495306e-15
0.6805,2.2278887e-06,3.5454711e-06,2.1297194e-06,3.9128868e-06,9.058939424469955e-15
0.681,1.2999556e-06,1.8608273e-06,1.6727839e-06,3.0323663e-06,6.5525215496986014e-15
0.6815,1.4319272e-06,3.167934e-06,1.9417878e-06,3.3589629e-06,5.4728488497465784e-15
0.682,9.593617e-07,3.301778e-06,3.849146e-06,8.01509e-07,5.413942738141765e-15
0.6825,1.998659e-06,2.5919135e-06,2.323339e-06,2.153134e-06,2.8198302283374708e-15
0.683,1.7126129e-06,6.1301404e-07,1.4555162e-06,2.4997594e-06,5.5987199789656294e-15
0.6835,8.3236694e-07,1.732265e-06,9.2579273e-07,2.509082e-06,8.299128870273904e-15
0.684,1.0947284e-06,1.9234947e-06,8.5041125e-07,1.8453466e-06,5.942854765534898e-15
0.6845,2.1872277e-06,1.8071613e-06,6.400565e-07,2.716286e-06,7.799838382269164e-15
0.685,4.36543e-07,2.9193734e-06,2.951032e-06,1.9848492e-06,2.9054997376066946e-15
0.6855,1.9604408e-06,2.1663773e-06,2.6475468e-06,1.9711397e-06,5.9742385558645625e-15
0.686,4.035712e-07,8.627325e-07,3.3797726e-06,5.348234e-06,1.4035274473154683e-15
0.6865,1.6778907e-06,4.3168707e-06,2.8482664e-06,2.6955404e-06,5.5465509240120014e-15
0.687,2.2708998e-07,2.917252e-06,1.5199184e-06,1.8878109e-06,7.644431747656282e-15
0.6875,1.564338e-06,1.9676058e-06,3.8123683e-06,1.4652519e-06,2.883651032308684e-15
0.688,5.9720946e-07,1.9914326e-06,1.2580675e-06,4.489378e-06,8.258904605478629e-15
0.6885,1.3305963e-06,2.610507e-06,1.2392177e-06,2.6786392e-06,4.975690142820154e-15
0.689,8.2092583e-07,2.358956e-06,1.1162949e-06,4.4188286e-07,3.7896526229063764e-15
0.6895,2.182397e-07,2.8793409e-06,2.645701e-06,1.0314884e-06,1.3386505774902546e-14
0.69,1.9222643e-06,3.0407134e-06,1.3702588e-06,2.9732041e-06,7.066397303726754e-15
0.6905,5.218732e-07,3.9060556e-06,1.6205997e-06,2.7338708e-06,5.92888997260158e-15
0.691,7.576182e-07,1.8420609e-06,3.3601375e-06,1.3129521e-06,4.071658748137585e-15
0.6915,8.674809e-07,2.419645e-06,1.92173e-06,4.2921893e-06,7.443308506584873e-15
0.692,8.92897e-07,3.7571986e-06,1.693758e-06,4.396387e-06,5.488660691835955e-15
0.6925,1.6475557e-06,2.3318562e-06,3.1548261e-06,1.8315135e-06,7.117992991917306e-15
0.693,1.6626985e-06,4.2962984e-06,2.2337829e-06,3.0204753e-06,8.55542826060892e-15
0.6935,1.7606756e-06,7.8206256e-07,3.0118044e-06,2.6264229e-06,1.0065022873632547e-14
0.694,7.8490547e-07,3.7653547e-07,1.2693131e-06,1.2796155e-06,3.788305633604016e-15
0.6945,5.552557e-07,2.0842758e-06,4.0733353e-06,2.984118e-06,7.751623450214844e-15
0.695,2.1699393e-06,1.4717538e-06,4.2300403e-06,3.057029e-06,2.6536710890118785e-15
0.6955,2.2192978e-06,2.194626e-06,1.6571806e-06,1.426183e-06,9.576528340521089e-15
0.696,1.5831213e-06,3.5930825e-06,2.281776e-06,1.8012819e-06,6.729238994524353e-15
0.6965,1.5830774e-06,2.9576793e-06,1.4289584e-06,4.691105e-06,3.021280782121672e-15
0.697,1.0447031e-06,1.8417595e-06,1.9057181e-06,1.0176523e-06,4.37326506316933e-15
0.6975,1.8117784e-06,2.6407033e-06,2.1511414e-06,1.4330751e-06,4.0150960884508555e-15
0.698,8.286657e-07,3.98675e-06,1.1846189e-06,2.096512e-06,6.817088055619056e-15
0.6985,1.8306798e-06,2.1005492e-06,3.5952276e-06,2.5490053e-06,6.778954876456618e-15
0.699,1.4213289e-06,3.772702e-06,4.3495058e-07,4.935902e-06,6.913088746139646e-15
0.6995,2.2181844e-06,2.9556375e-06,2.5367012e-06,1.5650221e-06,4.53708161901332e-15
0.7,1.7520789e-06,4.1747207e-06,1.8587668e-06,1.6593617e-06,6.099804781679519e-15
0.7005,1.6118242e-06,3.1576753e-06,3.8881467e-06,2.1712372e-06,3.174951547492149e-15
0.701,1.1887588e-06,2.187491e-06,2.014249e-06,3.7355937e-06,8.144464461559265e-15
0.7015,5.404368e-07,2.019822e-06,2.254167e-06,1.5770303e-06,9.148999369547182e-15
0.702,4.5701282e-07,1.5326164e-06,1.5011025e-06,2.6768305e-06,7.9085493437772e-15
0.7025,2.1774474e-06,7.2160134e-07,4.4911617e-06,4.50788e-06,5.741464057287685e-15
0.703,1.8163876e-06,4.8011475e-06,3.062107e-06,1.4861912e-06,8.668908756180583e-15
0.7035,1.4151642e-06,1.6911023e-06,3.8190024e-06,3.489068e-07,4.849706081181762e-15
0.704,1.5902103e-06,3.7851337e-06,1.1687679e-06,3.1525751e-06,4.963206056642269e-15
0.7045,9.880099e-07,2.3253958e-06,1.091758e-06,1.6869849e-06,6.353056639015146e-15
0.705,1.3429349e-06,2.238912e-06,1.8130495e-06,3.9935844e-06,3.9889165723970745e-15
0.7055,1.0377257e-06,3.111762e-06,3.1214288e-06,1.2123173e-06,4.354707407440192e-15
0.706,6.7305183e-07,2.4143624e-06,1.7081177e-06,8.5214947e-07,3.206820158825575e-15
0.7065,1.2821765e-06,2.357936e-06,1.2534703e-06,4.930417e-06,1.654514029736499e-14
0.707,8.5601465e-07,2.0294628e-06,1.2410082e-06,1.8535181e-06,9.426154719625402e-15
0.7075,1.0563284e-06,1.9108995e-06,1.3595217e-06,1.9703018e-06,1.3185972618330764e-14
0.708,1.0039571e-06,1.7416718e-06,2.1684134e-06,1.2247327e-06,8.06059381211135e-15
0.7085,4.3687666e-07,2.7755889e-06,1.4660804e-06,2.43272e-06,1.4060986660221505e-14
0.709,8.816433e-07,2.007458e-06,4.1902745e-06,2.0567988e-06,4.646800637480796e-15
0.7095,1.5023593e-06,6.908179e-07,2.4836263e-06,3.271123e-06,1.841933275130387e-15
0.71,1.1916853e-06,1.986758e-06,2.6772373e-06,3.7830503e-06,8.010741897413916e-15
0.7105,1.0956471e-06,1.5280968e-06,9.996003e-07,2.0652938e-06,6.603960811865867e-15
0.711,1.5046853e-06,2.6573628e-06,3.8538446e-06,2.891255e-06,6.518779691394527e-15
0.7115,8.9945513e-07,1.5968769e-06,1.9878394e-06,2.1080305e-06,3.015155005880379e-15
0.712,1.3675216e-06,1.7870564e-06,1.9707877e-06,3.2145203e-06,3.703159674658233e-15
0.7125,1.4213435e-06,2.3959794e-06,1.4769449e-06,2.7927977e-06,2.594812341110196e-15
0.713,2.296e-06,3.385838e-06,1.8566153e-06,1.980068e-06,5.683390419044337e-15
0.7135,1.2785509e-06,1.5391536e-06,1.9003509e-06,4.168299e-06,1.4142412266816946e-14
0.714,1.8451886e-06,3.54604e-06,1.0018191e-06,1.3907276e-06,5.987039147438196e-15
0.7145,1.2566769e-06,1.3991242e-06,1.7318714e-06,1.2916394e-06,2.2705350195792517e-15
0.715,1.0748996e-06,4.8999523e-06,1.4180395e-06,3.033727e-06,9.26903255184363e-15
0.7155,1.3175526e-06,6.843187e-07,2.74586e-06,2.2631905e-06,9.600219889704847e-15
0.716,1.2321648e-06,2.1704636e-06,3.159749e-06,2.3597236e-06,9.026495546737319e-15
0.7165,1.4424909e-06,2.1620328e-06,2.804587e-06,8.763166e-07,5.564491073036461e-15
0.717,1.6254564e-06,2.2036722e-06,3.0686263e-06,2.8075272e-06,1.2204786540646792e-14
0.7175,1.285155e-06,3.3780907e-06,1.6768938e-06,3.524101e-06,7.682881705945872e-15
0.718,1.8750611e-06,5.0633053e-06,1.5468524e-06,2.414244e-06,2.4924445086331347e-15
0.7185,1.4552493e-06,3.0175954e-06,2.19042e-06,2.4793478e-06,5.820470607583998e-15
0.719,1.0091343e-06,1.6341928e-06,2.1226704e-06,1.482208e-06,3.0732328983132737e-15
0.7195,9.3667165e-07,2.4902138e-06,2.088928e-06,1.279084e-06,9.232766132341506e-15
0.72,1.1941632e-06,2.028902e-06,1.7684107e-06,2.0153889e-06,1.1599174267292727e-14
0.7205,1.2509878e-06,1.8834502e-06,2.0118223e-06,1.5672231e-06,1.0507455941564563e-14
0.721,2.0014345e-06,2.3383432e-06,1.9490353e-06,6.717309e-07,5.805097053013851e-15
0.7215,1.6711903e-06,2.1910314e-06,6.5700436e-07,2.8778272e-06,4.52041112178401e-15
0.722,1.5927523e-06,5.167472e-06,2.1513479e-06,2.56333e-06,1.1887165753354066e-14
0.7225,8.005128e-07,2.3275404e-06,2.118482e-06,1.0627153e-06,1.7054304968819274e-14
0.723,9.304877e-07,1.8325135e-06,2.8624197e-06,1.1109504e-06,6.43576331012817e-15
0.7235,1.0396698e-06,3.9431805e-07,1.9399e-06,1.844425e-06,1.089617583024766e-14
0.724,1.3339661e-06,2.2393674e-06,2.0294046e-06,2.0402215e-06,8.000974955310038e-15
0.7245,1.0568275e-06,5.544774e-06,3.752135e-06,1.1449739e-06,5.724112241900151e-15
0.725,1.7767409e-06,1.0284231e-06,1.4526913e-06,2.2506736e-06,8.586123501512914e-15
0.7255,2.0676132e-06,2.4039873e-06,2.9421399e-06,2.7290314e-06,6.416522420995081e-15
0.726,6.6539985e-07,4.0605546e-06,2.0872267e-06,2.3594862e-06,1.0781210246333025e-14
0.7265,1.8956714e-06,3.516818e-06,1.9965332e-06,2.6581088e-06,9.59367767325495e-15
0.727,1.321507e-06,1.3710891e-06,3.6553736e-06,2.1419262e-06,3.817072859571627e-15
0.7275,2.067828e-06,3.2369578e-06,1.1972969e-06,2.0162804e-06,7.723833630868743e-15
0.728,1.397694e-06,8.208238e-06,3.2789328e-06,4.111479e-06,5.833691154775012e-15
0.7285,1.6256614e-06,3.4318073e-06,2.3986704e-06,3.481929e-06,7.072608660146608e-15
0.729,9.254329e-07,2.8520278e-06,3.2577361e-06,4.2993547e-06,4.710604467289944e-15
0.7295,1.0324902e-06,4.3312934e-06,3.5262585e-07,2.3661107e-06,6.502391531359798e-15
0.73,7.362139e-07,2.3835717e-06,3.8281777e-07,1.0429549e-06,5.514425906467412e-15
0.7305,1.4080612e-06,2.034104e-06,2.1999283e-06,4.235901e-06,7.621015952410609e-15
0.731,5.877937e-07,2.6576963e-06,1.6518123e-06,2.2314364e-06,6.029032376624539e-15
0.7315,1.919938e-06,1.6471555e-06,3.3958959e-06,2.3755144e-06,6.666020255660799e-15
0.732,7.2420255e-07,1.233043e-06,2.4056953e-06,1.3062775e-06,7.920217762449813e-15
0.7325,9.36879e-07,2.6064363e-06,1.8434127e-06,3.4589782e-06,1.3169165121759221e-14
0.733,1.7906832e-06,1.7986633e-06,1.2748986e-06,1.2918005e-06,9.103998041667934e-15
0.7335,8.690073e-07,7.3357955e-07,3.3643641e-06,1.5669308e-06,5.925929145204076e-15
0.734,7.054091e-07,2.1504736e-06,3.7513064e-06,3.2599803e-06,1.1020885967142009e-14
0.7345,7.4356643e-07,2.505667e-06,2.2150164e-06,2.0490147e-06,1.0765192414889853e-14
0.735,4.1509833e-07,3.731908e-06,2.8110717e-06,2.8281947e-06,1.7461235347704385e-14
0.7355,1.9547801e-06,3.0024269e-06,2.6552514e-06,2.262285e-06,2.7200464103316335e-15
0.736,1.9861075e-06,4.590158e-06,4.8058496e-06,2.0647822e-06,1.0130594991238521e-14
0.7365,1.6321363e-06,2.3502803e-06,2.530391e-06,1.8381439e-06,3.989471777117382e-15
0.737,1.2821928e-06,5.3268054e-06,3.2357143e-06,6.1409683e-06,1.071868440035688e-14
0.7375,1.6179258e-06,3.2088483e-06,1.0358183e-06,3.4121895e-06,1.0246733020439737e-14
0.738,8.618232e-07,2.5609738e-06,2.2254173e-06,4.0049367e-06,7.192711626230242e-15
0.7385,1.0994594e-06,1.381254e-06,3.2559633e-06,2.7629658e-06,7.45855892633667e-15
0.739,1.0359255e-06,1.5896298e-06,1.5614255e-06,3.0662043e-06,1.8343894894033213e-15
0.7395,1.1995203e-06,1.7050968e-06,8.80052e-07,4.71813e-06,8.872932696613852e-15
0.74,1.7839745e-06,2.1386281e-06,3.4472928e-06,1.8948375e-06,4.5196441632222304e-15
0.7405,1.5472114e-06,1.3658156e-06,2.026777e-06,2.8148481e-06,6.35063097490511e-15
0.741,1.20137e-06,1.0894165e-06,2.9885653e-06,1.7033744e-06,2.086658193924118e-15
0.7415,1.4357793e-06,1.4451053e-06,3.05906e-06,2.8204654e-06,5.574657440832794e-15
0.742,1.3861284e-06,1.1520306e-06,1.1638178e-06,2.8565794e-06,4.012577019208141e-15
0.7425,1.6774234e-06,2.3897671e-06,2.595541e-06,2.136687e-06,5.0206146149789415e-15
0.743,1.3654701e-06,1.0696774e-06,3.9779125e-06,2.0773764e-06,3.794299872214038e-15
0.7435,5.567533e-07,1.839509e-06,2.6502291e-06,1.6116348e-06,5.722766247044874e-15
0.744,1.8700215e-06,2.9486725e-06,2.2429094e-06,2.1969772e-06,6.037204569296916e-15
0.7445,1.133762e-06,1.2894671e-06,2.5905745e-06,1.5599405e-06,9.553725552076524e-15
0.745,1.4261586e-06,2.5195773e-06,2.6468758e-06,2.006317e-06,1.3695513413371938e-14
0.7455,1.20137e-06,2.8524366e-06,3.0204915e-06,1.967321e-06,1.0997514220022968e-14
0.746,1.5932401e-06,1.0081161e-06,2.7637536e-06,2.5739607e-06,5.7423864495365076e-15
0.7465,1.0293672e-06,4.851747e-06,2.7039757e-06,1.595277e-06,9.031273637576108e-15
0.747,1.7532785e-06,2.8695886e-06,1.8905105e-06,4.928887e-06,8.853985117241729e-15
0.7475,1.0574577e-06,2.477405e-06,1.5125963e-06,2.6112193e-06,5.430171067337229e-15
0.748,7.362139e-07,1.9528056e-06,4.7354756e-06,3.8938197e-06,1.3229834214604202e-15
0.7485,8.679846e-07,2.563652e-06,3.1472155e-06,4.3966047e-06,1.7305239702024545e-14
0.749,4.0122603e-07,2.2976435e-06,2.7836072e-06,2.384084e-06,7.56989756821848e-15
0.7495,1.4652471e-06,1.2091996e-06,1.1340558e-06,2.554153e-06,3.396629320202206e-15
0.75,2.0190937e-06,3.4289935e-06,4.419595e-06,3.7587704e-06,8.055813764361257e-15
0.7505,1.8879248e-06,4.6959244e-06,1.4067201e-06,1.5962728e-06,3.2258618500352913e-15
0.751,7.2404924e-07,6.795975e-07,2.3443652e-06,2.5020872e-06,1.0034475520946559e-14
0.7515,2.1753654e-06,1.3196785e-06,1.6148349e-06,1.7236504e-06,1.0963698300895172e-14
0.752,7.841183e-07,1.7636368e-06,3.0169608e-06,2.5337588e-06,6.2901752580903e-15
0.7525,7.2817755e-07,3.0438175e-06,6.210335e-06,1.435563e-06,1.4825219231211096e-14
0.753,8.560065e-07,1.3981556e-06,2.4408812e-06,4.3470595e-06,1.3414875847488985e-15
0.7535,1.5525837e-06,3.3414171e-06,3.928936e-06,2.8198356e-06,4.757146962048553e-15
0.754,2.415689e-06,2.6085786e-06,3.0729648e-06,1.5995773e-06,2.132668787380004e-15
0.7545,1.5172866e-06,3.321081e-06,2.358718e-06,3.1456084e-06,7.898204939774627e-15
0.755,5.146836e-07,1.7938578e-06,7.633119e-07,3.7373761e-06,8.589173538689256e-15
0.7555,1.3959453e-06,2.7525837e-06,8.2805417e-07,4.4544927e-06,9.24239830246315e-15
0.756,1.2446707e-06,4.1176727e-06,1.4745375e-06,2.0975106e-06,3.3693028157463263e-15
0.7565,1.818186e-06,5.063885e-06,6.4196166e-07,2.240183e-06,1.2349079124714032e-14
0.757,1.5882149e-06,1.7096769e-06,1.2331104e-06,2.8105533e-06,8.247283350287847e-15
0.7575,1.406799e-06,2.4903475e-06,2.1441108e-06,2.2325999e-06,7.720641304371205e-15
0.758,1.20727e-06,1.2231893e-06,1.6203257e-06,3.3485574e-06,6.44694570659875e-15
0.7585,1.5779057e-06,1.2798581e-06,1.678482e-06,2.6439827e-06,9.610485791935275e-15
0.759,7.5629816e-07,2.091879e-06,2.1704604e-06,3.0093545e-06,1.0146399835372794e-14
0.7595,1.4642618e-06,1.3700967e-06,1.2672122e-06,1.2143532e-06,9.918492907659914e-15
0.76,1.3660391e-06,1.7528985e-06,2.4691003e-06,5.3612184e-06,4.463041323674983e-15
0.7605,5.670279e-07,2.103008e-06,2.1333135e-06,9.87274e-07,5.945656340154264e-15
0.761,1.1872402e-06,4.2832885e-06,1.7661491e-06,3.9165134e-06,4.7480696664033085e-15
0.7615,2.6676407e-06,2.544098e-06,1.5428279e-06,9.2299473e-07,5.6936150927091966e-15
0.762,1.2990531e-06,2.3294594e-06,2.1432822e-06,2.6127354e-06,5.030731578329716e-15
0.7625,8.601469e-07,3.3668134e-06,2.3541947e-06,3.5987152e-06,6.30876357606852e-15
0.763,2.2643883e-06,2.654436e-06,4.9829628e-06,2.611835e-06,8.061358356722016e-15
0.7635,1.047012e-06,1.9423164e-06,3.7441966e-06,2.7368844e-06,6.412679328685964e-15
0.764,1.5966509e-06,2.8874917e-06,7.052517e-07,2.924666e-06,9.193424303459782e-15
0.7645,9.4243217e-07,1.9829465e-06,1.3407733e-06,2.3852187e-06,3.66205343881779e-15
0.765,1.6737791e-06,3.5174396e-06,2.629369e-06,2.318397e-06,1.3280165571685598e-14
0.7655,1.305192e-06,3.2477694e-06,6.6906046e-07,2.277737e-06,7.695855875066547e-15
0.766,7.5937464e-07,3.500562e-06,2.41454e-06,1.9279987e-06,4.6922522443102824e-15
0.7665,1.1278712e-06,4.0134846e-06,5.4135326e-06,2.2067118e-06,9.258221629066814e-15
0.767,1.5974852e-06,5.5635287e-06,3.4110317e-06,1.3460689e-06,6.5002586283855235e-15
0.7675,5.2047517e-07,5.5621717e-06,6.165552e-07,1.7868981e-06,8.551780667921017e-15
0.768,6.9574224e-07,4.2942497e-06,2.6232817e-06,3.3733877e-06,7.481453496197086e-15
0.7685,2.158612e-06,4.266661e-06,2.4321325e-06,1.5882324e-06,1.1898695813903072e-14
0.769,1.2263394e-06,1.8759972e-06,2.0595971e-06,4.5095803e-06,1.0925406890420803e-14
0.7695,1.0189606e-06,1.8708414e-06,1.6410231e-06,2.2000418e-06,8.1531501406827e-15
0.77,1.2339206e-06,2.4843775e-06,1.8410021e-06,2.7587103e-06,9.015393787353515e-15
0.7705,1.977087e-06,3.7995405e-06,3.2285695e-06,1.4029379e-06,8.15843973306311e-15
0.771,1.4064833e-06,1.8057632e-06,1.9831425e-06,3.1024183e-06,2.766661520853722e-15
0.7715,1.296658e-06,3.6759084e-06,2.515429e-06,3.8473067e-06,3.535759671556655e-15
0.772,4.3495058e-07,4.3390023e-06,2.7528056e-06,6.237192e-07,1.0387558938088464e-14
0.7725,1.3516593e-06,2.3509385e-06,9.176018e-07,3.467503e-06,1.1040440924541484e-14
0.773,1.0220068e-06,8.2833066e-07,5.3769863e-06,5.03398e-06,7.153834721756797e-15
0.7735,1.135621e-06,4.1168164e-06,2.9114901e-06,1.6599042e-06,6.712260032732436e-15
0.774,1.4868342e-06,1.8551684e-06,3.206486e-06,3.934826e-06,7.317372065289299e-15
0.7745,2.0082873e-06,1.4616484e-06,1.6742434e-06,1.5447607e-06,1.0566529774716596e-14
0.775,1.1819918e-06,2.0925424e-06,2.7275232e-06,1.3848224e-06,4.496060575246782e-15
0.7755,1.9288802e-06,2.6245193e-06,2.0036382e-06,3.9486426e-06,1.0415406877291602e-14
0.776,1.2921979e-06,1.4206843e-06,3.7117952e-06,3.838803e-06,9.212844458750145e-15
0.7765,1.747189e-06,2.7181068e-06,3.2098083e-07,1.776323e-06,1.2562702131738167e-14
0.777,1.4070358e-06,2.29668e-06,1.0272079e-06,1.7765261e-06,6.24198150805748e-15
0.7775,7.800014e-07,3.2370801e-06,1.5242948e-06,2.493737e-06,8.542947950478668e-15
0.778,8.960543e-07,1.5649811e-06,8.1071084e-07,3.8925473e-06,1.5095767419900182e-14
0.7785,1.6388568e-06,1.0812907e-06,1.9588085e-06,2.2265554e-06,8.577505777526671e-15
0.779,8.221337e-07,3.3757647e-06,2.3038565e-06,2.7637468e-06,5.294262369644526e-15
0.7795,1.4280258e-06,1.2745121e-06,2.8789723e-06,3.8395783e-06,1.1499788484546843e-14
0.78,5.3974304e-07,4.0184814e-06,2.0535508e-06,3.1046602e-06,8.548717289613705e-15
0.7805,1.7973049e-06,3.1730815e-06,2.375976e-06,1.2300075e-06,1.1846136900603148e-14
0.781,9.2579273e-07,3.967838e-06,2.8247823e-06,2.2455013e-06,1.5100665727558131e-15
0.7815,1.0362469e-06,1.5001083e-06,9.0198193e-07,3.173445e-06,9.020348568124845e-15
0.782,8.760058e-07,2.7896629e-06,9.902267e-07,4.3053337e-06,3.911074787101517e-15
0.7825,9.629425e-07,2.631176e-06,2.2852767e-06,1.548015e-06,7.976819157699594e-15
0.783,1.9424165e-06,2.4535498e-06,2.6636008e-06,1.8286357e-06,3.5427249768480108e-15
0.7835,1.4067201e-06,3.0251308e-06,2.9188025e-06,1.3138872e-06,8.973768638575134e-15
0.784,1.2102091e-06,1.5451515e-06,2.2634074e-06,3.149175e-06,2.475075345743422e-15
0.7845,1.0962233e-06,4.1489184e-06,1.4575743e-06,3.7734824e-06,6.2055905781812305e-15
0.785,2.162466e-06,2.4028382e-06,1.5242948e-06,1.6438748e-06,5.714144372096617e-15
0.7855,1.0545139e-06,8.5418884e-07,1.5792419e-06,1.8357821e-06,1.061236166797681e-14
0.786,1.2189842e-06,5.410912e-07,3.2570545e-06,5.2715172e-06,4.144047795104697e-15
0.7865,8.0189847e-07,1.4882384e-06,2.915758e-06,2.5512916e-06,5.713065722842628e-15
0.787,6.6104747e-07,3.6875558e-06,4.411549e-06,3.2186745e-06,1.1340725767878531e-14
0.7875,1.7195191e-06,1.7922519e-06,4.17573e-06,3.6417648e-06,1.0561862708197816e-14
0.788,1.3605013e-06,3.826093e-06,5.092972e-06,3.3977956e-06,4.93518798514289e-15
0.7885,1.4379427e-06,2.3729983e-06,1.7068173e-06,3.7631721e-06,1.1931669685718947e-14
0.789,1.4382515e-06,1.7165546e-06,2.1704604e-06,2.2846268e-06,1.0362610227312915e-14
0.7895,7.957834e-07,4.3030523e-06,4.656035e-06,3.9833562e-06,8.627118726136546e-15
0.79,1.6293451e-06,2.8501295e-06,2.5175466e-06,2.3871205e-06,6.6093246725072846e-15
0.7905,5.031211e-07,2.2568865e-06,1.2200767e-06,2.2241481e-06,9.994474079390603e-15
0.791,1.4167862e-06,3.7793543e-06,1.5008067e-06,3.1232444e-06,8.74701453884153e-15
0.7915,1.222985e-06,2.6342834e-06,4.1684916e-06,3.3009862e-06,1.111609937126711e-14
0.792,1.0306607e-06,2.1679334e-06,4.8136058e-06,7.042572e-07,9.64441354329676e-15
0.7925,1.0062422e-06,3.7992354e-06,1.8371385e-06,2.603157e-06,1.1246318122292226e-14
0.793,1.2127751e-06,2.1482267e-06,5.685921e-07,4.3335285e-06,1.0956528854960848e-14
0.7935,1.0207024e-06,1.3211079e-06,3.9930665e-06,8.441626e-07,7.578847845246988e-15
0.794,1.8267147e-06,3.7759157e-06,1.7244191e-06,3.3014417e-06,9.623943170110443e-15
0.7945,1.6869272e-06,9.548959e-07,1.564551e-06,3.833125e-06,7.659734318226236e-15
0.795,6.474722e-07,5.6956715e-06,5.4829793e-06,2.6618575e-06,1.1138807353091815e-14
0.7955,1.4793484e-06,2.7186172e-06,2.3602236e-06,2.8002812e-06,9.426440760019688e-15
0.796,1.6093254e-06,2.898623e-06,2.3245811e-06,7.583803e-07,6.143707791072001e-15
0.7965,2.248644e-06,2.8907725e-06,2.59879e-06,2.7742017e-06,6.432590432257512e-15
0.797,1.5781167e-06,3.269795e-06,2.3647349e-06,1.7868117e-06,4.409207097724319e-15
0.7975,1.3397793e-06,3.5487706e-06,3.3442402e-06,2.6272066e-06,1.3337471054414258e-14
0.798,1.910373e-06,2.5395361e-06,2.069921e-06,2.4604415e-06,7.481453496197086e-15
0.7985,8.80052e-07,2.9417083e-06,1.3565787e-06,2.9060632e-06,7.243088545993918e-15
0.799,2.3048199e-06,2.644434e-06,3.05906e-06,2.1231253e-06,1.8875097518170322e-14
0.7995,7.6563555e-07,4.158799e-06,1.8980126e-06,1.9216586e-06,1.2825358657371927e-14
0.8,2.0744214e-06,2.5645613e-06,2.3990406e-06,2.6937623e-06,9.700325502316601e-15
0.8005,2.248644e-06,2.6546163e-06,3.0210795e-06,2.3751122e-06,9.048147369487752e-15
0.801,1.8098624e-06,3.4054697e-06,2.393852e-06,2.8702195e-06,7.667976971155076e-15
0.8015,9.870824e-07,1.2187622e-06,2.9212358e-06,1.5285111e-06,1.0312531734986694e-14
0.802,3.6863437e-07,3.8782346e-06,2.1140752e-06,1.1144301e-06,8.297013916595377e-15
0.8025,3.4240261e-07,2.571271e-06,1.9147847e-06,1.3876194e-06,4.577566798522238e-15
0.803,9.794043e-07,1.5057041e-06,3.2955493e-06,2.9803953e-06,6.743176967498694e-15
0.8035,2.3245811e-06,2.5047168e-06,3.8337416e-06,1.3545068e-06,5.954201744674112e-15
0.804,2.2759298e-06,2.318322e-06,1.1006704e-06,3.1521224e-06,4.191000011072726e-15
0.8045,1.3194051e-06,3.037108e-06,1.2215318e-06,1.4720035e-06,8.109949319989728e-15
0.805,1.1422496e-06,3.4001841e-06,1.2345502e-06,1.4702773e-06,1.0639621229123487e-14
0.8055,1.0154679e-06,2.6685407e-06,6.529362e-07,3.493147e-06,1.007508279255788e-14
0.806,1.3927604e-06,4.246576e-06,1.4984375e-06,2.9804098e-06,1.5673915391695715e-14
0.8065,1.0115243e-06,2.4659423e-06,1.4167862e-06,1.9217343e-06,7.468261590855958e-15
0.807,5.654593e-07,2.5745503e-06,2.468381e-06,3.2208015e-06,1.473044645427811e-14
0.8075,1.2689632e-06,3.6576585e-06,2.4093847e-06,2.2862184e-06,7.6926519382603e-15
0.808,9.0640225e-07,2.0140872e-06,2.6049345e-06,3.892217e-06,1.1803007539152216e-14
0.8085,1.0119633e-06,2.442768e-06,3.5141475e-06,1.976408e-06,9.52287287184887e-15
0.809,1.7174517e-06,2.8210288e-06,2.185955e-06,1.369053e-06,8.340908377814074e-15
0.8095,8.7194076e-07,1.685627e-06,1.8029789e-06,2.341342e-06,3.638416147960553e-15
0.81,1.5335894e-06,1.8947047e-06,2.7033186e-06,4.6263985e-06,1.3476410984077356e-14
0.8105,1.5242948e-06,3.50034e-06,2.4292092e-06,2.5935005e-06,5.141902982024065e-15
0.811,6.556511e-07,1.4398187e-06,1.3513308e-06,2.5806853e-06,7.488040733657386e-15
0.8115,1.5408118e-06,2.2308736e-06,1.3565787e-06,2.0069429e-06,1.2863743655007717e-14
0.812,4.702727e-07,1.6658838e-06,3.414155e-06,2.7405158e-06,6.11026247635183e-15
0.8125,1.8448576e-06,1.2962137e-06,2.0716366e-06,4.479776e-06,6.7769090170840996e-15
0.813,7.4505806e-07,4.5696984e-06,1.8621087e-06,2.0832476e-06,4.176637770298237e-15
0.8135,1.180488e-06,3.8773114e-06,2.6232817e-06,1.8910032e-06,6.956413311085781e-15
0.814,8.9058597e-07,1.6030007e-06,2.134146e-06,4.6595223e-06,1.942097114741681e-15
0.8145,1.8630624e-06,2.498051e-06,3.3079236e-06,2.3663863e-06,1.2688154098343337e-14
0.815,1.7814212e-06,1.7002104e-06,1.7881393e-07,1.5043394e-06,4.961343107790912e-15
0.8155,9.0835994e-07,2.9015134e-06,1.4029267e-06,4.406634e-06,8.20382700113664e-15
0.816,2.0895657e-06,3.5385826e-06,2.0177736e-06,2.1415624e-06,9.71556162506068e-15
0.8165,1.230226e-06,3.764116e-06,3.019315e-06,1.8489246e-06,1.005472303868835e-14
0.817,1.6312518e-06,5.508902e-06,2.3023138e-06,1.6858801e-06,6.56183134351048e-15
0.8175,1.0241771e-06,3.1434918e-06,1.2113095e-06,2.6581297e-06,1.055310639537755e-14
0.818,1.3411045e-06,2.3980947e-06,2.6178589e-06,1.3703461e-06,7.140037534908895e-15
0.8185,8.6169433e-07,2.8515972e-06,8.1071084e-07,7.970837e-07,8.772869659673793e-15
0.819,1.5370604e-06,9.690124e-07,6.336061e-07,2.2238469e-06,1.1264250806162926e-14
0.8195,9.555351e-07,1.0291784e-06,1.6268901e-06,1.3040964e-06,1.1335697856308467e-14
0.82,1.2633514e-06,4.350683e-06,2.2751492e-06,3.9757124e-06,3.0384433154848642e-15
0.8205,5.2302863e-07,2.1880428e-06,1.6104289e-06,2.11381e-06,4.897895812212364e-15
0.821,5.9679104e-07,2.987778e-06,3.002205e-06,2.4596854e-06,1.0896034427063925e-14
0.8215,1.9325605e-06,2.3305108e-06,7.0776593e-07,1.9458714e-06,8.499009243565388e-15
0.822,1.765143e-06,2.1757385e-06,1.8659206e-06,3.387844e-06,5.670838371828306e-15
0.8225,1.462441e-06,4.738735e-06,1.0062422e-06,6.3390445e-07,7.911653679006726e-15
0.823,1.2334706e-06,1.0039018e-06,1.2502776e-06,1.089219e-06,6.0860072864280506e-15
0.8235,9.504091e-07,2.863006e-06,3.0450915e-06,1.6115928e-06,5.9332046901727276e-15
0.824,1.4246009e-06,3.1179056e-06,3.079317e-06,3.6472475e-06,1.2568219914004312e-14
0.8245,1.712013e-06,2.0540374e-06,3.374381e-06,1.9230617e-06,1.1685987324683123e-14
0.825,2.0647654e-07,2.0124912e-06,8.678567e-07,1.955072e-06,1.699774655726772e-14
0.8255,1.0864571e-06,3.471339e-06,2.1165945e-06,4.0737823e-06,1.2593081189792732e-14
0.826,1.2054294e-06,4.8727993e-06,7.468441e-07,2.9885548e-06,1.2075429928141126e-14
0.8265,9.2579273e-07,2.2927582e-06,2.8115455e-06,2.2183854e-06,1.2821994502756446e-14
0.827,5.4056517e-07,4.807832e-06,3.3722747e-06,2.7174594e-06,1.1957467920563633e-15
0.8275,1.0379597e-06,1.0238789e-06,2.689484e-06,3.5455905e-06,4.950150691486844e-15
0.828,1.1995203e-06,4.9583055e-06,1.372202e-06,3.3585206e-06,5.2357345670335654e-15
0.8285,7.5629816e-07,2.0561747e-06,3.32346e-06,1.6684363e-06,1.2235141303529399e-14
0.829,2.0405344e-06,1.5342454e-06,1.1006704e-06,5.5526334e-06,1.4057370193527075e-14
0.8295,1.9231159e-06,2.2224003e-06,2.5069405e-06,1.1009809e-06,9.556305548221874e-15
0.83,1.2363474e-06,1.3107306e-06,4.0023974e-06,7.453397e-07,1.4743828647775484e-14
0.8305,2.0887155e-06,2.5629809e-06,1.5172866e-06,3.92887e-06,5.950836838078908e-15
0.831,1.0241771e-06,3.9233037e-06,3.2993203e-06,1.7687952e-06,4.432905188312947e-15
0.8315,2.6656008e-07,5.0303283e-06,1.7691639e-06,5.742508e-07,8.279167657000278e-15
0.832,1.8002675e-06,3.456132e-06,5.1259995e-06,3.5202338e-06,6.0044490637300816e-15
0.8325,1.5184569e-06,3.135681e-06,1.9588085e-06,3.953262e-06,8.220337487034722e-15
0.833,2.005632e-06,3.801768e-06,1.5497208e-06,2.5555614e-06,1.0072023804512949e-14
0.8335,6.9574224e-07,3.1923325e-06,1.7731755e-06,2.8704062e-06,1.1151525731356497e-14
0.834,1.9113027e-06,2.8643606e-06,2.422619e-06,1.0153125e-06,9.079595039620807e-15
0.8345,2.1867677e-06,1.8361865e-06,7.3726875e-07,1.223178e-06,3.3125788218758983e-15
0.835,8.960543e-07,3.3553763e-06,1.5462782e-06,1.4299535e-06,9.669303217308112e-15
0.8355,8.580792e-07,3.658586e-06,2.358718e-06,2.0790358e-06,1.6004164306952966e-14
0.836,1.8306002e-06,1.1879471e-06,9.3865486e-07,2.7591716e-06,1.0854098111501502e-14
0.8365,1.6774234e-06,2.7309097e-06,2.2142142e-06,3.676152e-06,9.550499576785473e-15
0.837,1.1774746e-06,8.29695e-07,4.234867e-06,2.6850144e-06,7.513511730867176e-15
0.8375,1.246008e-06,1.2954694e-06,2.1199487e-06,2.973305e-06,9.778159688976012e-15
0.838,9.61096e-07,1.5429584e-06,3.3974648e-06,1.0151758e-06,1.3389584260279294e-14
0.8385,1.6995165e-06,4.5989714e-06,1.7921086e-06,2.5100842e-06,3.58724037616909e-15
0.839,1.8284156e-06,2.8379964e-06,4.010821e-06,2.524827e-06,5.658054251028562e-15
0.8395,9.0835994e-07,3.855897e-06,2.0613213e-06,1.772972e-06,1.6159466794040887e-14
0.84,8.7244996e-07,4.2040506e-06,2.3767236e-06,1.2748782e-06,1.700644615622454e-14
0.8405,1.9956433e-06,2.8030477e-06,3.0515016e-06,2.7153285e-06,1.6189472992030383e-14
0.841,9.0835994e-07,2.7012568e-06,2.5295133e-06,3.4645645e-06,4.768792382073734e-15
0.8415,1.2273348e-06,4.1930953e-06,1.3747886e-06,3.699746e-06,4.701109581559699e-15
0.842,8.678567e-07,1.9167733e-06,1.2629998e-06,1.5091105e-06,1.2006845148878198e-14
0.8425,2.095508e-06,1.2364429e-06,4.4300327e-06,3.7857656e-06,1.0804158623295597e-14
0.843,1.1561611e-06,4.331917e-06,2.1948758e-06,6.8096944e-07,6.639096555949766e-15
0.8435,9.629425e-07,3.864554e-06,2.35193e-06,1.2137187e-06,4.6497009778816265e-15
0.844,1.222985e-06,4.1201592e-06,1.1816161e-06,3.902736e-06,8.907421104502249e-15
0.8445,4.8514664e-07,4.7904393e-07,2.348907e-06,2.1176595e-06,5.828406534472336e-15
0.845,9.991559e-07,4.712663e-06,1.279766e-06,9.004594e-07,5.8297281386557744e-15
0.8455,1.4108182e-06,1.1823029e-06,1.9147847e-06,2.7347926e-06,1.570298519797104e-14
0.846,1.0666568e-06,3.9994875e-06,3.1017332e-06,2.9851967e-06,1.6994845701328212e-14
0.8465,1.6657339e-06,4.255032e-06,2.9736684e-06,3.2485086e-06,1.5276866495354658e-14
0.847,9.834766e-07,1.3884005e-06,2.342091e-06,3.5694327e-06,6.101178080101948e-15
0.8475,9.834766e-07,1.8991062e-06,2.3990406e-06,1.4584e-06,7.213032780298073e-15
0.848,2.3849307e-06,5.068138e-06,1.8000208e-06,1.982404e-06,1.856738061820076e-14
0.8485,1.4205426e-06,1.7754751e-06,2.954491e-06,3.222697e-06,1.3959261067163763e-14
0.849,5.462856e-07,2.029532e-06,1.855419e-06,2.584914e-06,6.3428626160647376e-15
0.8495,1.8196508e-06,3.873098e-06,1.3953089e-06,4.063481e-06,1.3125540984252137e-14
0.85,1.5949116e-06,2.3284376e-06,1.1387451e-06,9.5317216e-07,1.2636074453618513e-14
0.8505,2.2839158e-06,3.358998e-06,3.3917086e-06,1.911778e-06,9.30486785698309e-15
0.851,1.974165e-06,2.3132973e-06,2.5069405e-06,1.540984e-06,1.2468155522574926e-14
0.8515,1.0293672e-06,2.6548018e-06,2.6421737e-06,2.5176596e-06,1.00315577409576e-14
0.852,8.4293697e-07,4.4465487e-06,3.0862316e-06,1.9130553e-06,1.1316108502057125e-14
0.8525,2.0544157e-06,1.2757746e-06,4.5549805e-06,4.560483e-06,1.3404879878435487e-14
0.853,1.3017851e-06,4.4979515e-06,1.6037969e-06,1.938763e-06,9.913365344737192e-15
0.8535,1.1059032e-06,3.3488018e-06,2.1090277e-06,1.815654e-06,6.362507892888165e-15
0.854,8.34465e-07,3.4571597e-06,3.6940457e-06,2.0662142e-06,9.0639698364289e-15
0.8545,1.6646671e-06,1.4431065e-06,1.6442674e-06,1.3036946e-06,7.566843917688191e-15
0.855,1.1924653e-06,2.2893425e-06,2.8882125e-06,1.5249593e-06,6.4669895568461916e-15
0.8555,1.903853e-06,1.8728098e-06,1.7367365e-06,2.6618372e-06,7.468261590855958e-15
0.856,1.3331336e-06,2.381868e-06,2.3299242e-06,2.3574526e-06,1.0442000203194632e-14
0.8565,1.4082977e-06,1.0414452e-06,1.5508666e-06,3.2023552e-06,8.516394833594071e-15
0.857,2.032029e-06,6.8994195e-06,2.375976e-06,2.6399669e-06,3.0531133177191805e-15
0.8575,1.8773097e-06,4.3314362e-06,2.5182521e-06,3.0101683e-06,7.904444881446953e-15
0.858,2.088928e-06,1.8124523e-06,1.6984709e-06,2.7852127e-06,1.0615410091846425e-14
0.8585,8.0851675e-07,5.5616574e-06,1.6388568e-06,1.9717188e-06,8.01982456483796e-15
0.859,1.4016599e-06,9.10483e-07,6.4196166e-07,1.7345757e-06,1.0839645031971952e-14
0.8595,1.2894457e-06,2.7137462e-06,2.1892033e-06,1.2375704e-06,7.611761036380994e-15
0.86,1.2502776e-06,4.201508e-06,1.0150305e-06,2.943926e-06,1.4049037820314456e-14
0.8605,8.8458194e-07,4.6103237e-06,3.8165595e-07,1.8938815e-06,9.363465920498083e-15
0.861,2.4343226e-06,5.8111614e-06,1.4745375e-06,1.5475936e-06,1.2594182277699124e-14
0.8615,2.941838e-06,1.8046292e-06,2.2150164e-06,7.295865e-07,8.540783443552203e-15
0.862,5.2725693e-07,2.149583e-06,1.6388568e-06,2.9014684e-06,8.822999375504586e-15
0.8625,1.973265e-06,5.250545e-06,7.839767e-07,2.9094017e-06,7.349517099256398e-15
0.863,1.5817707e-06,2.7518936e-06,2.6042524e-06,3.4584682e-06,1.362029755883396e-14
0.8635,1.6627987e-06,1.9132774e-06,2.2899358e-06,4.243078e-06,1.3973409403786259e-14
0.864,9.277095e-07,1.7437582e-06,2.3245811e-06,2.6658436e-06,4.895142527860245e-15
0.8645,1.1995203e-06,2.2990453e-06,2.6313949e-06,1.3307957e-06,8.847413536604755e-15
0.865,2.1266417e-06,1.5169389e-06,1.7570737e-06,2.1437224e-06,8.064415810340398e-15
0.8655,1.9698862e-06,1.227664e-06,4.267043e-06,1.2662823e-06,6.538132047736672e-15
0.866,1.5949116e-06,1.2357201e-06,1.3539573e-06,1.6381538e-06,8.984278753090009e-15
0.8665,2.0793395e-06,1.9528056e-06,2.0036382e-06,1.1576366e-06,4.103697288266033e-15
0.867,8.194284e-07,3.273401e-06,1.1573129e-06,3.1983413e-06,8.410809590834668e-15
0.8675,1.0897222e-06,3.1544917e-06,3.8337416e-06,2.37e-06,9.122257452905157e-15
0.868,1.9131605e-06,5.203592e-06,2.366237e-06,2.5644918e-06,1.5200555809444854e-14
0.8685,1.5324307e-06,2.967268e-06,2.8931286e-06,1.6288478e-06,8.087309868639295e-15
0.869,1.2449383e-06,4.5564566e-06,1.6963779e-06,1.6748412e-06,9.033192694489373e-15
0.8695,2.0769887e-06,1.040477e-06,2.8216364e-06,1.0127121e-06,1.7771979811370865e-14
0.87,1.6900834e-06,1.1862637e-06,1.7078577e-06,2.4668857e-06,1.1833156005424223e-14
0.8705,7.996802e-07,1.761763e-06,3.2428434e-06,3.486208e-06,1.2870090119382821e-14
0.871,1.1530842e-06,2.003517e-06,1.6858739e-06,1.9577144e-06,1.547658960157339e-14
0.8715,1.3879694e-06,1.031448e-06,2.5581435e-06,2.025575e-06,6.7327154657742476e-15
0.872,1.9983117e-06,2.0845953e-06,3.067758e-06,2.3442653e-06,5.968481433611406e-15
0.8725,9.329603e-07,2.0388911e-06,2.8442098e-06,2.0648395e-06,1.4449223177572885e-14
0.873,9.615579e-07,1.0260335e-06,1.9369218e-06,2.0606142e-06,1.1538977907390451e-14
0.8735,1.6301625e-06,3.1645416e-06,1.0392425e-06,3.958832e-06,9.834877937167981e-15
0.874,3.2756807e-06,2.336648e-06,2.535125e-06,3.0209767e-06,1.7229931669847855e-14
0.8745,9.834766e-07,2.367902e-06,2.5344243e-06,1.8323175e-06,1.6796687387140013e-14
0.875,9.902267e-07,2.0768819e-06,5.206117e-06,1.3618586e-06,4.766287785270008e-15
0.8755,1.034102e-06,2.3605057e-06,2.2053719e-06,2.575698e-06,1.5292591736883868e-14
0.876,1.5370604e-06,1.3484522e-06,3.6157967e-06,1.640081e-06,1.4214757307157084e-14
0.8765,1.0464818e-06,3.0658482e-06,2.0656255e-06,3.3580511e-06,1.538259975424448e-14
0.877,9.4666365e-07,3.009721e-06,2.999245e-06,2.9342864e-06,1.4652105011663784e-14
0.8775,9.0444036e-07,7.0683393e-07,2.5062318e-06,9.475611e-07,1.3071078655814159e-14
0.878,1.9983117e-06,3.0000708e-06,3.0016133e-06,3.837264e-06,1.2780711743687704e-14
0.8785,1.0528279e-06,3.4495106e-06,1.3799473e-06,3.3178735e-06,6.033183701574236e-15
0.879,9.629425e-07,5.3184963e-06,1.4514679e-06,1.6338753e-06,4.674240008932635e-15
0.8795,9.991559e-07,5.1053094e-06,2.5323207e-06,9.638591e-07,1.0167636791644152e-14
0.88,1.3863687e-06,2.244669e-06,2.2045663e-06,2.864722e-06,5.239338191350139e-15
0.8805,1.596025e-06,5.3680915e-06,2.1532048e-06,2.7026263e-06,1.261764926295015e-14
0.881,1.6742434e-06,3.362557e-06,1.1816161e-06,4.2655665e-06,4.8049222471686705e-15
0.8815,1.5462782e-06,3.9655783e-06,9.3865486e-07,3.472854e-06,1.3422224451626808e-14
0.882,2.1064993e-06,2.4891804e-06,1.8167199e-06,3.6693552e-06,9.902791085360078e-15
0.8825,1.074538e-06,4.2323827e-06,2.112394e-06,2.1707833e-06,7.181349572247798e-15
0.883,1.4793484e-06,2.8035997e-06,1.5949116e-06,1.9237482e-06,9.646170688990899e-15
0.8835,2.2774902e-06,1.5367544e-06,1.8284156e-06,5.7064466e-07,4.541833379632371e-15
0.884,1.5859764e-06,3.0717813e-06,2.2938111e-06,1.7893749e-06,6.206583631568637e-15
0.8845,1.246008e-06,3.650931e-06,1.6742434e-06,9.2948045e-07,1.3318078484911577e-14
0.885,1.545129e-06,2.5259226e-06,1.2054294e-06,2.0563805e-06,1.37138386378631e-14
0.8855,9.253129e-07,1.3803948e-06,2.4138042e-06,2.7392266e-06,1.706848863152559e-14
0.886,8.0189847e-07,3.0830012e-07,3.2760872e-06,1.7025809e-06,2.2013793740257103e-14
0.8865,1.4155319e-06,2.0809007e-06,2.095508e-06,2.936754e-06,3.5416647405986393e-15
0.887,2.05182e-06,3.3596748e-06,2.7294761e-06,1.9389502e-06,3.0282846668030173e-15
0.8875,2.636116e-06,2.5022666e-06,1.0662403e-06,1.5374621e-06,1.5439692269908393e-14
0.888,1.7489673e-06,3.3765045e-06,3.0334022e-06,2.6869268e-06,1.0894903135525075e-14
0.8885,1.1006704e-06,4.1409144e-06,2.2751492e-06,2.7900933e-06,8.527468680459503e-15
0.889,2.0819007e-06,2.5882164e-06,2.375976e-06,1.6333104e-06,1.0215899517046397e-14
0.8895,1.2345502e-06,2.487088e-06,3.897615e-06,2.184022e-06,7.932900887495037e-15
0.89,1.1740754e-06,3.1550107e-06,4.0447803e-06,2.9534228e-06,4.215924841687874e-15
0.8905,1.4453358e-06,2.8491238e-06,3.516674e-06,8.0955454e-07,9.17288181256793e-15
0.891,7.725645e-07,1.4155515e-06,1.4354699e-06,1.195216e-06,9.529514223229922e-15
0.8915,1.5781167e-06,3.8643543e-06,2.2914867e-06,1.3982065e-06,1.0017427135514736e-14
0.892,1.7691639e-06,5.639992e-06,3.993511e-06,4.0511486e-06,8.5968050988104e-15
0.8925,2.360976e-06,3.2271787e-06,3.0204915e-06,1.6128539e-06,1.518770920568077e-14
0.893,1.6774234e-06,4.5857414e-06,4.7958597e-06,2.2461522e-06,9.738697424109396e-15
0.8935,3.7266013e-06,1.2180275e-06,3.7418238e-06,4.42389e-07,1.2484340977578819e-14
0.894,1.0860483e-06,2.1622125e-06,3.5004728e-06,3.1878255e-06,3.55750803843812e-15
0.8945,1.1634362e-06,3.9894658e-06,1.3381209e-06,2.0337782e-06,8.88404989055886e-15
0.895,4.3392836e-07,1.4724136e-06,2.123298e-06,2.759193e-06,3.8603206521856025e-15
0.8955,1.8010073e-06,1.6441534e-06,8.760058e-07,7.8323285e-07,6.909201297295819e-15
0.896,4.1295309e-07,3.218239e-06,8.513246e-07,2.3470748e-06,1.3024316796428008e-14
0.8965,1.0876827e-06,3.4187694e-06,1.2113095e-06,8.5106376e-07,3.730028218559188e-15
0.897,8.6169433e-07,4.4541216e-06,9.3105433e-07,2.6367352e-06,5.294426066684096e-15
0.8975,1.8506258e-06,1.0387951e-06,9.83025e-07,2.6602486e-06,1.7830943050078864e-14
0.898,1.4155319e-06,3.2122134e-06,1.926807e-06,1.8679508e-06,1.4099941686235801e-14
0.8985,1.3552686e-06,1.1161209e-06,2.2969066e-06,6.9559263e-07,9.204813501717147e-15
0.899,8.596304e-07,5.024946e-06,2.9084379e-06,3.7321915e-06,1.3769563162174884e-14
0.8995,5.840039e-07,5.3898757e-06,3.4616908e-06,5.4161123e-06,2.7465751399097684e-15
0.9,1.1309186e-06,1.748622e-06,1.9304914e-06,5.0842777e-06,1.819064619363506e-14
0.9005,1.5125963e-06,3.370235e-06,1.3167096e-06,2.5465247e-06,1.2169174083594078e-14
0.901,9.902267e-07,5.5361625e-07,3.4508978e-06,4.198123e-06,1.2582830335030495e-14
0.9015,6.951036e-07,1.9763886e-06,1.678482e-06,1.7203472e-06,1.4301449191532696e-14
0.902,2.1031235e-06,3.8977932e-06,2.3176935e-06,3.118972e-06,9.713113158031535e-15
0.9025,1.4354699e-06,4.5674974e-06,3.1091693e-06,6.6680573e-06,1.0589988839778866e-14
0.903,1.3914845e-06,1.1938146e-06,1.5554414e-06,1.8862959e-06,1.4451309007926192e-14
0.9035,1.5359043e-06,3.7862221e-06,1.8782557e-06,1.9280212e-06,1.1805259109216924e-14
0.904,1.7026492e-06,2.621768e-06,4.3392836e-07,2.051087e-06,6.304870073613491e-15
0.9045,8.513246e-07,2.910861e-06,1.1816161e-06,1.9947365e-06,1.6052707764081803e-14
0.905,6.529362e-07,2.5849247e-06,2.296133e-06,1.7752953e-06,9.965449934465525e-15
0.9055,1.7771782e-06,3.7647924e-06,7.348554e-07,1.5399739e-06,9.655151094423226e-15
0.906,7.633119e-07,3.876966e-06,1.1980385e-06,2.7514036e-06,1.506043722972493e-14
0.9065,2.3481507e-06,2.428592e-06,3.890773e-06,4.0506775e-06,8.283074811858872e-15
0.907,3.625609e-07,8.626601e-07,1.1198696e-06,3.6536192e-06,1.1024555163742976e-14
0.9075,9.702933e-07,3.880036e-06,1.6942823e-06,1.6055526e-06,1.1853548172541405e-14
0.908,1.1198696e-06,5.282006e-06,3.596092e-06,1.3556833e-06,8.299984562561166e-15
0.9085,1.7161584e-06,3.3563688e-06,4.064058e-06,1.8716572e-06,1.1736055491339157e-14
0.909,2.455393e-06,1.1826492e-06,2.2254173e-06,2.5427255e-06,7.618791753281866e-15
0.9095,1.2054294e-06,1.939317e-06,2.9466646e-06,1.6426683e-06,1.1805626172317117e-14
0.91,3.7170557e-06,1.686483e-06,1.6442674e-06,1.7475583e-06,1.4050161882615942e-14
0.9105,1.2516975e-06,2.9806606e-06,1.987616e-06,1.7889502e-06,7.442027601248822e-15
0.911,9.902267e-07,2.8707948e-06,2.5713032e-06,1.1082285e-06,5.412835399120699e-15
0.9115,7.468441e-07,1.6751923e-06,2.342091e-06,3.062875e-06,7.0370648072944705e-15
0.912,1.7275067e-06,3.2407627e-06,1.987616e-06,2.0412722e-06,3.875084925958764e-15
0.9125,1.1801118e-06,2.2958068e-06,2.7242647e-06,4.4721546e-06,8.22914201679411e-15
0.913,1.4167862e-06,4.239819e-06,1.3058724e-06,1.2863597e-06,1.0151874495729555e-14
0.9135,9.000104e-07,5.6323433e-06,3.1970544e-06,1.1959647e-06,8.80879941237079e-15
0.914,1.6431867e-06,2.2840375e-06,3.465281e-06,1.8444712e-06,1.536288034363313e-14
0.9145,2.3699874e-06,2.5749518e-06,2.0018645e-06,2.9813193e-06,6.500791919735644e-15
0.915,1.9341685e-06,2.2783797e-06,2.35193e-06,1.7419148e-06,5.3783008110122676e-15
0.9155,1.0876827e-06,1.5068235e-06,1.1198696e-06,2.693068e-06,1.0227327033230284e-14
0.916,1.4853401e-06,2.8717543e-06,2.8566735e-06,2.334738e-06,9.259480087199694e-15
0.9165,3.3484869e-06,3.90082e-06,9.629425e-07,5.081751e-06,5.468499979471878e-15
0.917,2.7033186e-06,2.979571e-06,1.712013e-06,1.3335655e-06,1.5242031904821218e-14
0.9175,1.6984709e-06,1.9021647e-06,2.1299802e-06,1.162965e-06,2.0283401695672832e-14
0.918,2.5259997e-06,1.4954338e-06,1.6995165e-06,3.8759786e-06,1.981900185122332e-14
0.9185,1.3812339e-06,4.6397217e-06,2.4277463e-06,2.2171018e-06,1.7303303117684262e-14
0.919,8.760058e-07,1.7105858e-06,2.2821653e-06,4.3794244e-06,1.0197001479578594e-14
0.9195,1.441644e-06,4.8007646e-06,1.1022831e-06,2.536639e-06,7.075018178040001e-15
0.92,1.569086e-06,2.7521223e-06,1.3247794e-06,2.6863322e-06,1.1359874265618978e-14
0.9205,2.1499025e-06,2.805616e-06,3.328267e-06,5.5877777e-06,1.2327546031420505e-14
0.921,3.424026e-06,2.7130448e-06,2.6340938e-06,2.089902e-06,8.34267458883769e-15
0.9215,2.0578714e-06,2.2177996e-06,1.4180395e-06,1.6565085e-06,6.323415194844039e-15
0.922,1.8970765e-06,3.575256e-06,3.514653e-06,2.3296561e-06,7.070007637735832e-15
0.9225,1.922192e-06,2.363916e-06,1.9240395e-06,1.8061646e-06,9.327370518254872e-15
0.923,1.5588637e-06,1.7994964e-06,1.279766e-06,2.3147074e-06,1.3486353934997388e-14
0.9235,1.0409503e-06,2.3560128e-06,2.0239265e-06,1.6146555e-06,1.3996848106587842e-14
0.924,1.7970578e-06,4.210817e-06,2.6562548e-06,4.219914e-06,9.61025533053715e-15
0.9245,6.556511e-07,3.405869e-06,3.477562e-06,2.1838662e-06,5.737017725055424e-15
0.925,1.0115243e-06,1.6138076e-06,3.954174e-06,3.5599476e-06,1.2176317561183921e-14
0.9255,1.4155319e-06,1.7731286e-06,1.4267813e-06,4.296326e-06,8.753881503152464e-15
0.926,1.0272079e-06,2.2361705e-06,1.6312518e-06,1.3735325e-06,6.415862053331358e-15
0.9265,1.1980385e-06,2.178502e-06,3.264681e-07,2.7841836e-06,3.570450320041996e-15
0.927,2.40274e-06,8.192675e-07,2.5518864e-06,2.8427974e-06,8.717592857752796e-15
0.9275,1.5184569e-06,3.6248607e-06,3.2614146e-06,2.202621e-06,6.356693399653606e-15
0.928,2.2142142e-06,2.3281991e-06,2.3299242e-06,1.1967825e-06,1.127983314796803e-14
0.9285,1.855419e-06,2.9180796e-06,9.000104e-07,2.369475e-06,7.076964251555973e-15
0.929,9.629425e-07,1.9807233e-06,1.279766e-06,1.5783684e-06,1.3805909011006219e-14
0.9295,1.2054294e-06,3.6182907e-06,2.8159648e-06,2.692324e-06,6.735861340753108e-15
0.93,1.4267813e-06,1.7011652e-06,4.335188e-06,2.2919166e-06,4.367073239745375e-15
0.9305,1.6603933e-06,2.3367995e-06,3.0689157e-06,1.2370615e-06,6.488871305255753e-15
0.931,1.5859764e-06,3.65315e-06,3.234616e-06,2.2001939e-06,9.124284020788476e-15
0.9315,1.9442448e-06,9.936405e-07,3.2120213e-06,2.101767e-06,1.1397407304339352e-14
0.932,2.2429094e-06,3.026094e-06,3.0931308e-06,2.3219507e-06,1.594494407599416e-14
0.9325,1.7078577e-06,4.1863595e-06,2.0793395e-06,1.7390483e-06,2.0842071831096482e-14
0.933,5.2302863e-07,3.303297e-06,1.5554414e-06,1.0694665e-06,8.631448522507568e-15
0.9335,7.725645e-07,2.838329e-06,3.1376057e-06,2.9606504e-06,6.549433723106928e-15
0.934,1.1246182e-06,3.0300353e-06,3.8545363e-06,1.5932487e-06,7.869672422386555e-15
0.9345,8.9208066e-07,2.3497578e-06,1.2516975e-06,1.4715698e-06,9.818571652549442e-15
0.935,2.1655442e-06,2.5632623e-06,2.9980604e-06,2.6882822e-06,8.304484922052414e-15
0.9355,2.0853108e-06,3.719504e-06,1.4465643e-06,1.996884e-06,8.762369723022508e-15
0.936,1.7761785e-06,1.6482294e-06,3.969866e-06,6.00942e-07,5.769956272854718e-15
0.9365,9.000104e-07,2.8421523e-06,2.0946602e-06,2.1282992e-06,4.797461120989437e-15
0.937,1.7448999e-06,1.5454748e-06,1.2402924e-06,1.2016039e-06,1.0256351827939373e-14
0.9375,1.8970765e-06,1.9933923e-06,4.502025e-06,1.344964e-06,2.8186603567273276e-15
0.938,1.5125963e-06,2.595041e-06,8.6990116e-07,2.3337695e-06,5.757392244657089e-15
0.9385,1.1876141e-06,1.6862197e-06,1.3539573e-06,7.07712e-07,1.3823948578094108e-14
0.939,8.678567e-07,2.0997325e-06,1.067905e-06,3.1362044e-06,9.527119018415766e-15
0.9395,6.529362e-07,1.7962082e-06,2.271242e-06,1.5212053e-06,2.60976218367326e-15
0.94,4.3392836e-07,1.6547167e-06,2.2413249e-06,1.2411704e-06,1.2097865506848134e-14
0.9405,1.1496128e-06,1.4543955e-06,3.0445083e-06,8.419094e-07,1.2904999579661096e-14
0.941,1.470919e-06,1.9013767e-06,2.342091e-06,1.0712089e-06,8.385124308305375e-15
0.9415,1.9194176e-06,4.5180323e-06,3.7697288e-07,1.7689678e-06,1.4174813499659194e-14
0.942,1.7398023e-06,3.4759673e-06,2.9622968e-06,2.3288733e-06,8.100254445962785e-15
0.9425,4.3392836e-07,2.1998399e-06,3.0660203e-06,1.5828144e-06,1.2876792419079079e-14
0.943,1.6603933e-06,4.5110114e-06,7.5629816e-07,3.5406024e-06,1.6830501365689455e-14
0.9435,6.4196166e-07,7.353934e-07,3.19038e-06,2.588798e-06,1.3062117138704697e-14
0.944,3.0369138e-06,3.2060402e-06,3.2614146e-06,2.07356e-06,1.2811415694315237e-14
0.9445,9.480699e-07,2.5214686e-06,3.674277e-07,1.8973873e-06,1.5201949459685235e-14
0.945,1.2728069e-06,2.7127685e-06,3.399033e-06,1.0136504e-06,1.2792761291696907e-14
0.9455,2.1399644e-06,1.976687e-06,3.465281e-06,2.13335e-06,1.2450966842598365e-14
0.946,1.0460573e-06,2.2981328e-06,1.6399404e-06,2.3424975e-06,6.4186831492395505e-15
0.9465,1.6214217e-06,1.7567776e-06,1.8322976e-06,6.387895e-07,1.022671500042924e-14
0.947,1.5125963e-06,1.1725022e-06,3.6675024e-06,1.1194605e-06,6.931562558948541e-15
0.9475,8.940697e-07,1.6830069e-06,1.7130503e-06,2.1713913e-06,1.2610320521230429e-14
0.948,1.7202938e-06,1.3541264e-06,2.5629997e-06,9.435084e-07,5.169396789216492e-15
0.9485,9.902267e-07,2.9219507e-06,1.7078577e-06,2.2712604e-06,5.792343254260848e-15
0.949,2.557449e-06,3.1274717e-06,1.7691639e-06,2.009738e-06,7.915547592855536e-15
0.9495,1.6312518e-06,1.9441197e-06,2.3849307e-06,9.911303e-07,1.499592422235041e-14
0.95,2.6656008e-07,1.9054487e-06,1.5508666e-06,1.6608028e-06,3.0591630858400564e-15
0.9505,6.078505e-07,1.6687637e-06,2.5372262e-06,2.968676e-06,7.775525243622074e-15
0.951,7.5394576e-07,4.898863e-07,1.6614628e-06,2.1975054e-06,5.698483974385144e-15
0.9515,1.7026492e-06,2.5917207e-06,1.689032e-06,1.7594534e-06,7.298819288467585e-15
0.952,9.176018e-07,5.56154e-06,3.2657688e-06,1.4808954e-06,8.559524319283254e-15
0.9525,1.0612305e-06,3.096449e-06,2.2876072e-06,1.7718328e-06,3.2728049099669922e-15
0.953,3.0045708e-06,9.465463e-07,2.5974225e-06,2.916186e-06,1.0464993089230197e-14
0.9535,1.2171613e-06,2.8101977e-06,2.390139e-06,1.9672893e-06,1.6733919174481574e-14
0.954,4.4794783e-06,2.3905627e-06,4.0262926e-06,2.4666092e-06,1.1242344424468546e-14
0.9545,3.1455218e-06,2.1429455e-06,1.0272079e-06,1.1662063e-06,2.9857569436542617e-15
0.955,1.2171613e-06,2.6960242e-06,1.6225168e-06,1.1199764e-06,9.86990766578198e-15
0.9555,2.4115955e-06,4.4882345e-06,1.4367068e-06,7.0714066e-07,1.2452327962373347e-14
0.956,1.359195e-06,2.3926575e-06,1.6582522e-06,1.3408315e-06,6.437379080603478e-15
0.9565,1.8078983e-06,2.0329712e-06,3.830497e-06,2.1339736e-06,4.86095148110924e-15
0.957,2.668265e-06,3.8925878e-06,2.0230486e-06,1.928309e-06,1.3051732958081592e-14
0.9575,2.2563331e-06,2.535675e-06,2.503395e-06,2.6998102e-06,1.4885271470616575e-14
0.958,1.3381209e-06,1.5549818e-06,3.7857162e-06,1.8558724e-06,5.902482725259545e-15
0.9585,1.0185246e-06,1.8210117e-06,1.4167862e-06,2.2903848e-06,5.529980653579024e-15
0.959,2.1916362e-06,2.7868882e-06,2.498423e-06,2.2908355e-06,8.654934409282078e-15
0.9595,2.1031235e-06,5.546408e-06,2.8134402e-06,1.6858626e-06,7.541553047860125e-15
0.96,1.7641364e-06,1.3237419e-06,4.9543614e-06,1.3829862e-06,9.679973367643287e-15
0.9605,2.559532e-06,3.2370865e-06,1.5826128e-06,2.5212298e-06,4.594029897875403e-15
0.961,1.3126561e-06,1.5909258e-06,3.1998313e-06,1.3521534e-06,1.877065070118717e-14
0.9615,1.1309186e-06,1.6197646e-06,1.4913078e-06,1.1040082e-06,6.848600403997082e-15
0.962,1.279766e-06,3.1410914e-06,3.156796e-06,2.3841917e-06,6.940448042097717e-15
0.9625,1.7233887e-06,1.0838227e-06,2.4669412e-06,1.2838963e-06,9.968541626264062e-15
0.963,9.156639e-07,3.3821964e-06,2.8417105e-06,1.2886773e-06,8.594374045102951e-15
0.9635,4.298152e-07,3.1945879e-06,3.9685237e-06,1.7593627e-06,6.35548137733442e-15
0.964,8.0851675e-07,1.0814383e-06,1.0062422e-06,1.5856581e-06,7.682631023787944e-15
0.9645,2.3602236e-06,9.762322e-07,3.1764298e-06,1.7077805e-06,7.978364229460286e-15
0.965,1.4217926e-06,2.860453e-06,4.3282166e-06,2.2198424e-06,5.3323221327068565e-15
0.9655,1.6528874e-06,2.036194e-06,2.5295133e-06,1.5984751e-06,8.371884049372655e-15
0.966,1.9956433e-06,3.6954054e-06,3.024018e-06,1.4966212e-06,1.2032482204904515e-14
0.9665,1.625798e-06,3.1457182e-06,1.7530252e-06,1.592823e-06,4.35187599790324e-15
0.967,2.7346778e-06,2.1002975e-06,2.6569235e-06,1.4248943e-06,9.309503074677273e-16
0.9675,2.4079095e-06,2.6670684e-06,1.3220949e-06,2.414078e-06,6.45894369934905e-15
0.968,2.7131573e-06,3.8963562e-06,2.3053979e-06,2.208205e-06,3.6465587487420564e-15
0.9685,1.1198696e-06,2.4518638e-06,1.5577237e-06,1.5042344e-06,1.3345901346287653e-14
0.969,1.0662403e-06,1.186562e-06,3.3495478e-06,1.5237541e-06,6.883830408693917e-15
0.9695,1.5312711e-06,8.694943e-07,2.2437011e-06,4.3308003e-07,8.146344189372164e-15
0.97,1.9524502e-06,1.8966118e-06,3.6978906e-06,1.1738448e-06,8.92612580010499e-15
0.9705,1.5554414e-06,2.1227652e-06,2.4805847e-06,2.1700832e-06,9.423212085903505e-15
0.971,7.1773496e-07,1.1565271e-06,2.3722348e-06,1.1662598e-06,1.2403854639155382e-14
0.9715,9.702933e-07,2.1535207e-06,2.0870139e-06,1.2518971e-06,7.61150801189088e-15
0.972,2.6441899e-06,1.5600607e-06,1.056197e-06,1.5331957e-06,5.584598387299587e-15
0.9725,2.2618372e-06,1.638878e-06,1.8206267e-06,1.1988318e-06,1.1549121361752261e-14
0.973,4.298152e-07,1.2573835e-06,1.3513308e-06,1.7417395e-06,4.183640918457415e-15
0.9735,2.3306864e-06,8.784895e-07,2.026558e-06,2.1743708e-06,6.5505510578078555e-15
0.974,1.2215318e-06,2.4076705e-06,2.2182219e-06,2.6436442e-07,4.114196530943865e-15
0.9745,3.998401e-07,4.0392197e-06,2.8666054e-06,1.7396397e-06,7.93561952978933e-15
0.975,1.7398023e-06,1.2203155e-06,1.925885e-06,1.5830774e-06,6.872237924887627e-15
0.9755,1.1995203e-06,6.1502277e-07,2.076775e-06,2.6249263e-06,2.38374992562561e-15
0.976,1.0409503e-06,8.5429446e-07,4.0254104e-06,1.5311623e-06,1.2817788067831002e-14
0.9765,5.840039e-07,2.8077372e-06,2.9206276e-06,3.4258155e-06,8.100825053849325e-15
0.977,1.328796e-06,1.6018272e-06,2.7469919e-06,2.2039562e-06,9.714292860886145e-15
0.9775,1.8858066e-06,2.4370916e-06,1.8235514e-06,3.083078e-06,4.86633687656182e-15
0.978,2.0997422e-06,2.8495256e-06,1.6137345e-06,1.0606681e-06,6.231111271582837e-15
0.9785,3.0257797e-06,3.6641484e-06,1.2644055e-06,1.7231512e-06,1.0950796953519667e-14
0.979,8.34465e-07,4.7516205e-06,1.5242948e-06,1.6482389e-06,7.978364229460286e-15
0.9795,1.7357135e-06,2.7143872e-06,2.2134118e-06,3.4542502e-06,7.450911770040543e-15
0.98,1.1680078e-06,1.955937e-06,4.503209e-06,2.0926095e-06,1.0381624207021787e-14
0.9805,1.470919e-06,1.5241856e-06,3.0764313e-06,1.6504645e-06,1.113552171707305e-14
0.981,2.0861626e-06,1.7774788e-06,1.964242e-06,2.130779e-06,8.599078688138837e-15
0.9815,1.6900834e-06,4.2498623e-06,2.360976e-06,3.6497142e-06,5.697943192986594e-15
0.982,2.0379211e-06,4.474308e-06,2.5733748e-06,2.509234e-06,6.2222033166756914e-15
0.9825,1.0392425e-06,2.9251596e-06,2.0578714e-06,2.2704262e-06,1.3816618488604243e-14
0.983,2.8210068e-06,1.8101423e-06,2.7210026e-06,8.5909954e-07,1.2734335527125287e-14
0.9835,1.4612258e-06,2.272134e-06,1.2171613e-06,3.5274393e-06,1.048852317647241e-14
0.984,1.1935821e-06,2.467751e-06,1.6356018e-06,1.183353e-06,1.5124140240256997e-14
0.9845,2.9706803e-06,1.9998565e-06,2.2373586e-06,2.6364983e-06,6.2602822320023834e-15
0.985,7.1773496e-07,2.7414999e-06,5.339525e-07,1.3171641e-06,7.550791991682857e-15
0.9855,1.3902072e-06,1.3802942e-06,9.83025e-07,2.4035485e-06,1.159854329713212e-14
0.986,2.0621828e-06,2.937327e-06,4.1788126e-06,1.0611128e-06,7.438494264988549e-15
0.9865,1.1309186e-06,4.8205457e-06,7.3726875e-07,2.4168207e-06,3.626964556229158e-15
0.987,1.0272079e-06,4.070624e-06,1.8322976e-06,4.0354425e-06,4.992301495735844e-15
0.9875,1.8352036e-06,4.077961e-06,4.4771978e-06,1.6341418e-06,3.641194080264903e-15
0.988,1.4367068e-06,2.4895003e-06,3.680798e-06,1.4015263e-06,7.106850230486134e-15
0.9885,1.7068173e-06,1.1619144e-06,2.8631953e-06,2.6187313e-06,1.0657598921528215e-14
0.989,1.7068173e-06,1.588726e-06,2.3344942e-06,1.5979194e-06,1.0773168553431315e-14
0.9895,2.2492363e-06,2.1291785e-06,3.036036e-06,4.032214e-06,7.26374602973252e-15
0.99,1.2388592e-06,1.4043603e-06,8.8808923e-07,2.2870765e-06,5.43506333790246e-15
0.9905,2.230998e-06,2.5111137e-06,2.40274e-06,1.0814705e-06,2.9893669801409084e-15
0.991,1.8010073e-06,3.6619622e-06,1.7532785e-06,1.0451431e-06,4.425687238657764e-15
0.9915,2.8931286e-06,1.6296016e-06,2.8387396e-06,2.6663008e-06,6.1830178227210886e-15
0.992,1.3500156e-06,3.0328622e-06,1.468804e-06,1.2027208e-06,1.0761470579986525e-14
0.9925,1.3799473e-06,3.707785e-06,6.0565475e-07,3.2541834e-06,1.13954807734591e-14
0.993,2.0724938e-06,3.4326408e-06,3.891001e-06,1.4484099e-06,9.980898816611703e-15
0.9935,2.8516945e-06,4.8129973e-06,4.9514924e-06,1.5113893e-06,6.368135620493285e-15
0.994,1.013279e-06,2.7046615e-06,2.6394832e-06,3.5601383e-07,5.8666121806522764e-15
0.9945,1.7761785e-06,3.2351825e-06,1.3126561e-06,1.831987e-06,1.6604145323111654e-14
0.995,7.1525574e-07,2.7437977e-06,2.6066386e-06,1.5831092e-06,5.721217961485797e-15
0.9955,3.079317e-06,1.3118154e-06,1.6649338e-06,2.4543112e-06,6.128709053923509e-15
0.996,1.5542989e-06,2.1639842e-06,8.476652e-07,1.5698109e-06,1.487759858346756e-14
0.9965,1.7731755e-06,2.407625e-06,2.7618248e-06,1.9434772e-06,5.614315616512778e-15
0.997,2.0724938e-06,1.5687365e-06,1.4987339e-06,2.8279567e-06,5.197412182997936e-15
0.9975,1.1135066e-06,2.1906742e-06,3.904559e-06,2.6156765e-06,9.420810297539422e-16
0.998,2.2681115e-06,2.053544e-06,1.0202672e-06,9.842736e-07,1.3901366954828928e-14
0.9985,2.9640953e-06,4.1778635e-06,3.1354818e-06,2.814935e-06,1.3350563507489061e-14
0.999,2.0405344e-06,1.3536716e-06,1.9815743e-06,3.6351885e-06,9.425442134826045e-15
0.9995,3.1831337e-06,3.990996e-06,4.1580383e-06,3.1054378e-06,6.491720008680576e-15
